{
  "type": "FeatureCollection",
  "features": [
    {
      "type": "Feature",
      "id": 10,
      "geometry": {
        "type": "LineString",
        "coordinates": [
          [
            103.889288792,
            1.33394395700004
          ],
          [
            103.889356796,
            1.33389894400004
          ],
          [
            103.889400954,
            1.33389061200006
          ],
          [
            103.889445114,
            1.33388228000007
          ],
          [
            103.889488723,
            1.33388483200003
          ],
          [
            103.889531818,
            1.33389761700005
          ],
          [
            103.889574913,
            1.33391040200007
          ],
          [
            103.889618008,
            1.33392318700002
          ],
          [
            103.889661102,
            1.33393597300005
          ],
          [
            103.889704196,
            1.33394875800001
          ],
          [
            103.889747291,
            1.33396154300004
          ],
          [
            103.889790385,
            1.33397432900007
          ],
          [
            103.88983348,
            1.33398711400003
          ],
          [
            103.889876575,
            1.33399989800005
          ],
          [
            103.88991967,
            1.33401268400006
          ],
          [
            103.889962764,
            1.33402546900004
          ],
          [
            103.890005859,
            1.33403825400007
          ],
          [
            103.890048953,
            1.33405103900003
          ],
          [
            103.890092047,
            1.33406382500005
          ],
          [
            103.890135142,
            1.33407661000006
          ],
          [
            103.890178236,
            1.33408939500004
          ],
          [
            103.890221332,
            1.33410218000005
          ],
          [
            103.890264426,
            1.33411496500004
          ],
          [
            103.890307521,
            1.33412775000004
          ],
          [
            103.890350615,
            1.33414053600005
          ],
          [
            103.89039371,
            1.33415332100003
          ],
          [
            103.890436804,
            1.33416610600005
          ],
          [
            103.890479899,
            1.33417889100002
          ],
          [
            103.890522993,
            1.33419167600003
          ],
          [
            103.890566088,
            1.33420446100007
          ],
          [
            103.890609183,
            1.33421724600004
          ],
          [
            103.890652162,
            1.33423034300006
          ],
          [
            103.890693088,
            1.33424899800002
          ],
          [
            103.890734015,
            1.33426765300003
          ],
          [
            103.890774941,
            1.33428630800006
          ],
          [
            103.890815867,
            1.33430496300002
          ],
          [
            103.890856793,
            1.33432361700005
          ],
          [
            103.89089772,
            1.33434227200007
          ],
          [
            103.890938646,
            1.33436092700002
          ],
          [
            103.890979573,
            1.33437958200005
          ],
          [
            103.891020499,
            1.33439823700008
          ],
          [
            103.891061426,
            1.33441689100004
          ],
          [
            103.891102352,
            1.33443554600006
          ],
          [
            103.891143278,
            1.33445420100002
          ],
          [
            103.891184204,
            1.33447285600004
          ],
          [
            103.891225131,
            1.33449151000001
          ],
          [
            103.891266057,
            1.33451016500003
          ],
          [
            103.891306983,
            1.33452882000006
          ],
          [
            103.891347909,
            1.33454747400002
          ],
          [
            103.891388836,
            1.33456613000004
          ],
          [
            103.891429762,
            1.33458478400006
          ],
          [
            103.891470689,
            1.33460343900003
          ],
          [
            103.891511616,
            1.33462209400005
          ],
          [
            103.891552542,
            1.33464074800002
          ],
          [
            103.891593468,
            1.33465940400002
          ],
          [
            103.891634394,
            1.33467805800005
          ],
          [
            103.891675321,
            1.33469671300002
          ],
          [
            103.891716247,
            1.33471536800003
          ],
          [
            103.891757173,
            1.33473402200002
          ],
          [
            103.891798099,
            1.33475267800002
          ],
          [
            103.891839026,
            1.33477133200005
          ],
          [
            103.891879952,
            1.33478998700002
          ],
          [
            103.891920879,
            1.33480864100006
          ],
          [
            103.891961805,
            1.33482729600007
          ],
          [
            103.892002732,
            1.33484595100003
          ],
          [
            103.892043658,
            1.33486460600004
          ],
          [
            103.892084584,
            1.33488326100007
          ],
          [
            103.89212551,
            1.33490191500005
          ],
          [
            103.892166437,
            1.33492057000006
          ],
          [
            103.892205763,
            1.33494235400003
          ],
          [
            103.892244634,
            1.33496503000002
          ],
          [
            103.892283504,
            1.33498770500006
          ],
          [
            103.892322375,
            1.33501038100008
          ],
          [
            103.892361245,
            1.33503305600005
          ],
          [
            103.892400115,
            1.33505573200006
          ],
          [
            103.892438987,
            1.33507840700002
          ],
          [
            103.892477857,
            1.33510108200005
          ],
          [
            103.892516727,
            1.33512375800005
          ],
          [
            103.892555598,
            1.33514643300004
          ],
          [
            103.892594468,
            1.33516910900004
          ],
          [
            103.892633339,
            1.33519178400007
          ],
          [
            103.892672209,
            1.33521446000004
          ],
          [
            103.89271108,
            1.33523713500006
          ],
          [
            103.89274995,
            1.33525981100007
          ],
          [
            103.89278882,
            1.33528248600003
          ],
          [
            103.892827692,
            1.33530516100008
          ],
          [
            103.892866562,
            1.33532783700001
          ],
          [
            103.892905432,
            1.33535051200003
          ],
          [
            103.892944303,
            1.33537318800006
          ],
          [
            103.892983173,
            1.33539586300002
          ],
          [
            103.893022044,
            1.33541853900004
          ],
          [
            103.893060915,
            1.33544121400005
          ],
          [
            103.893099785,
            1.33546389000003
          ],
          [
            103.893138655,
            1.33548656500005
          ],
          [
            103.893177526,
            1.33550924100005
          ],
          [
            103.893216397,
            1.33553191700001
          ],
          [
            103.893255267,
            1.33555459200005
          ],
          [
            103.893294138,
            1.33557726800006
          ],
          [
            103.893333008,
            1.33559994300003
          ],
          [
            103.893371878,
            1.33562261900005
          ],
          [
            103.893410749,
            1.33564529400007
          ],
          [
            103.89344962,
            1.33566797000003
          ],
          [
            103.89348849,
            1.33569064500005
          ],
          [
            103.89352736,
            1.33571332100006
          ],
          [
            103.893566231,
            1.33573599600004
          ],
          [
            103.893605102,
            1.33575867100006
          ],
          [
            103.893643972,
            1.33578134700001
          ],
          [
            103.893682843,
            1.33580402200004
          ],
          [
            103.89372171,
            1.33582670400006
          ],
          [
            103.893759563,
            1.33585106000003
          ],
          [
            103.893797416,
            1.33587541700006
          ],
          [
            103.893835269,
            1.33589977300004
          ],
          [
            103.893873122,
            1.33592412900002
          ],
          [
            103.893910977,
            1.33594848600007
          ],
          [
            103.89394883,
            1.33597284200005
          ],
          [
            103.893986683,
            1.33599719800003
          ],
          [
            103.894024536,
            1.33602155500005
          ],
          [
            103.894062389,
            1.33604591100002
          ],
          [
            103.894100243,
            1.33607026700002
          ],
          [
            103.894138096,
            1.33609462300006
          ],
          [
            103.894173015,
            1.33612306700007
          ],
          [
            103.894207874,
            1.33615159500004
          ],
          [
            103.894242731,
            1.33618012200004
          ],
          [
            103.89427759,
            1.33620865000006
          ],
          [
            103.894312448,
            1.33623717800002
          ],
          [
            103.894347306,
            1.33626570600006
          ],
          [
            103.894382164,
            1.33629423400003
          ],
          [
            103.894417023,
            1.33632276200006
          ],
          [
            103.89445188,
            1.33635128900005
          ],
          [
            103.894486739,
            1.33637981800008
          ],
          [
            103.894521597,
            1.33640834600004
          ],
          [
            103.894556455,
            1.33643687300002
          ],
          [
            103.894591313,
            1.33646540100004
          ],
          [
            103.894626172,
            1.33649393000007
          ],
          [
            103.894661029,
            1.33652245700005
          ],
          [
            103.894695888,
            1.33655098500003
          ],
          [
            103.894730746,
            1.33657951300005
          ],
          [
            103.894765497,
            1.33660817000003
          ],
          [
            103.894799462,
            1.33663776800006
          ],
          [
            103.894833428,
            1.33666736600003
          ],
          [
            103.894867394,
            1.33669696400005
          ],
          [
            103.89490136,
            1.33672656200002
          ],
          [
            103.894935326,
            1.33675616000005
          ],
          [
            103.894969291,
            1.33678575800006
          ],
          [
            103.895003258,
            1.33681535600005
          ],
          [
            103.895037224,
            1.33684495400006
          ],
          [
            103.895071189,
            1.33687455200003
          ],
          [
            103.895105155,
            1.33690415100005
          ],
          [
            103.895139122,
            1.33693374900002
          ],
          [
            103.895173087,
            1.33696334700004
          ],
          [
            103.895207053,
            1.33699294500003
          ],
          [
            103.895241019,
            1.33702254300004
          ],
          [
            103.895274985,
            1.33705214100006
          ],
          [
            103.895308951,
            1.33708173900004
          ],
          [
            103.89533943,
            1.33711472600002
          ],
          [
            103.895367635,
            1.33714992400007
          ],
          [
            103.895395839,
            1.33718512100006
          ],
          [
            103.895424043,
            1.33722031900005
          ],
          [
            103.895452248,
            1.33725551600004
          ],
          [
            103.895480452,
            1.33729071400006
          ],
          [
            103.895508657,
            1.33732591200004
          ],
          [
            103.895536862,
            1.33736110900002
          ],
          [
            103.895565066,
            1.33739630700007
          ],
          [
            103.895593271,
            1.33743150400006
          ],
          [
            103.895621475,
            1.33746670200003
          ],
          [
            103.895649679,
            1.33750190000005
          ],
          [
            103.895675787,
            1.33753860100006
          ],
          [
            103.8956996,
            1.33757694500002
          ],
          [
            103.895723412,
            1.33761529000003
          ],
          [
            103.895747224,
            1.33765363400004
          ],
          [
            103.895767261,
            1.33769313100002
          ],
          [
            103.895768623,
            1.33773832800005
          ],
          [
            103.895769985,
            1.33778352500002
          ],
          [
            103.895771347,
            1.33782872300002
          ],
          [
            103.895772708,
            1.33787392000005
          ],
          [
            103.89576913,
            1.33791697000003
          ],
          [
            103.895735501,
            1.33794695600005
          ],
          [
            103.895701872,
            1.33797694200006
          ],
          [
            103.895668244,
            1.33800692700004
          ],
          [
            103.895634615,
            1.33803691300004
          ],
          [
            103.895600987,
            1.33806689900007
          ],
          [
            103.895567359,
            1.33809688500002
          ],
          [
            103.89553373,
            1.33812687100005
          ],
          [
            103.895500101,
            1.33815685600006
          ],
          [
            103.895466472,
            1.33818684200002
          ],
          [
            103.895432844,
            1.33821682700005
          ],
          [
            103.895399215,
            1.33824681300006
          ],
          [
            103.895365587,
            1.33827679800005
          ],
          [
            103.895331959,
            1.33830678400005
          ],
          [
            103.89529833,
            1.33833677000007
          ],
          [
            103.895264701,
            1.33836675600003
          ],
          [
            103.895231073,
            1.33839674200004
          ],
          [
            103.895197444,
            1.33842672700006
          ],
          [
            103.895163816,
            1.33845671300003
          ],
          [
            103.895130187,
            1.33848669900004
          ],
          [
            103.895096559,
            1.33851668500006
          ],
          [
            103.89506293,
            1.33854667000002
          ],
          [
            103.895029301,
            1.33857665600005
          ],
          [
            103.894995673,
            1.33860664200005
          ],
          [
            103.894962044,
            1.33863662800007
          ],
          [
            103.894928416,
            1.33866661400004
          ],
          [
            103.894894787,
            1.33869659900005
          ],
          [
            103.894861159,
            1.33872658500009
          ],
          [
            103.89482753,
            1.33875657100003
          ],
          [
            103.894793901,
            1.33878655700005
          ],
          [
            103.894760273,
            1.33881654200007
          ],
          [
            103.894722213,
            1.33884032300005
          ],
          [
            103.894683257,
            1.33886284800008
          ],
          [
            103.894644299,
            1.33888537400002
          ],
          [
            103.894605343,
            1.33890789900005
          ],
          [
            103.894566386,
            1.33893042400005
          ],
          [
            103.89452743,
            1.33895294900002
          ],
          [
            103.894488473,
            1.33897547400005
          ],
          [
            103.894449516,
            1.33899800000005
          ],
          [
            103.894409247,
            1.33901789200007
          ],
          [
            103.89436802,
            1.33903586600006
          ],
          [
            103.894326794,
            1.33905384000001
          ],
          [
            103.894285568,
            1.33907181400002
          ],
          [
            103.894244342,
            1.33908978800002
          ],
          [
            103.894203116,
            1.33910776200001
          ],
          [
            103.89416189,
            1.33912573500004
          ],
          [
            103.894120663,
            1.33914371000002
          ],
          [
            103.894079438,
            1.33916168300006
          ],
          [
            103.894038212,
            1.33917965800003
          ],
          [
            103.893996985,
            1.33919763100004
          ],
          [
            103.893955759,
            1.33921560500005
          ],
          [
            103.893914534,
            1.33923357900006
          ],
          [
            103.893873307,
            1.33925155300005
          ],
          [
            103.893832081,
            1.33926952800004
          ],
          [
            103.893790855,
            1.33928750100004
          ],
          [
            103.893749629,
            1.33930547500006
          ],
          [
            103.893708403,
            1.33932344900005
          ],
          [
            103.893667177,
            1.33934142300007
          ],
          [
            103.89362595,
            1.33935939700007
          ],
          [
            103.893584725,
            1.33937737100006
          ],
          [
            103.893543498,
            1.33939534400002
          ],
          [
            103.893502272,
            1.33941331900007
          ],
          [
            103.893461046,
            1.33943129200003
          ],
          [
            103.89341982,
            1.33944926700002
          ],
          [
            103.893378594,
            1.33946724000004
          ],
          [
            103.893337368,
            1.33948521400003
          ],
          [
            103.893296141,
            1.33950318800003
          ],
          [
            103.893254916,
            1.33952116200003
          ],
          [
            103.89321369,
            1.33953913600004
          ],
          [
            103.893172463,
            1.33955711000005
          ],
          [
            103.893133244,
            1.33957882900007
          ],
          [
            103.893095674,
            1.33960362600004
          ],
          [
            103.893058104,
            1.33962842200004
          ],
          [
            103.893020534,
            1.33965321900006
          ],
          [
            103.892982964,
            1.33967801500006
          ],
          [
            103.892945394,
            1.33970281200004
          ],
          [
            103.892907823,
            1.33972760900002
          ],
          [
            103.892870253,
            1.33975240600006
          ],
          [
            103.892832683,
            1.33977720200006
          ],
          [
            103.892795113,
            1.33980199800003
          ],
          [
            103.892757542,
            1.33982679500003
          ],
          [
            103.892721413,
            1.33985353400004
          ],
          [
            103.892687101,
            1.33988272500006
          ],
          [
            103.892652789,
            1.33991191600008
          ],
          [
            103.892618477,
            1.33994110600003
          ],
          [
            103.892584164,
            1.33997029700003
          ],
          [
            103.892549853,
            1.33999948800004
          ],
          [
            103.89251554,
            1.34002867900006
          ],
          [
            103.892481228,
            1.34005787000006
          ],
          [
            103.892446916,
            1.34008706000004
          ],
          [
            103.892412603,
            1.34011625100003
          ],
          [
            103.892378292,
            1.34014544200005
          ],
          [
            103.892343979,
            1.34017463300006
          ],
          [
            103.892309667,
            1.34020382400009
          ],
          [
            103.892275355,
            1.34023301500002
          ],
          [
            103.892241043,
            1.34026220600002
          ],
          [
            103.892206731,
            1.34029139600005
          ],
          [
            103.892172419,
            1.34032058700007
          ],
          [
            103.892142047,
            1.34035370200007
          ],
          [
            103.892113404,
            1.34038853900005
          ],
          [
            103.89208476,
            1.34042337600005
          ],
          [
            103.892056116,
            1.34045821200004
          ],
          [
            103.892027472,
            1.34049304900003
          ],
          [
            103.891998828,
            1.34052788500003
          ],
          [
            103.891970185,
            1.34056272200007
          ],
          [
            103.891941541,
            1.34059755800009
          ],
          [
            103.891912897,
            1.34063239500006
          ],
          [
            103.891884253,
            1.34066723200005
          ],
          [
            103.891855609,
            1.34070206800004
          ],
          [
            103.891828471,
            1.34073794900006
          ],
          [
            103.891806563,
            1.34077742600003
          ],
          [
            103.89178505,
            1.34081712300002
          ],
          [
            103.891763936,
            1.34085703700003
          ],
          [
            103.891743222,
            1.34089716200003
          ],
          [
            103.891722911,
            1.34093749600003
          ],
          [
            103.891703006,
            1.34097803300005
          ],
          [
            103.891683507,
            1.34101877100004
          ],
          [
            103.891664417,
            1.34105970400002
          ],
          [
            103.891645738,
            1.34110082800004
          ],
          [
            103.891627472,
            1.34114214100004
          ],
          [
            103.89160962,
            1.34118363600004
          ],
          [
            103.891592184,
            1.34122531000003
          ],
          [
            103.891575167,
            1.34126715900004
          ],
          [
            103.89155857,
            1.34130917800006
          ],
          [
            103.891542394,
            1.34135136400005
          ],
          [
            103.891526641,
            1.34139371100003
          ],
          [
            103.891511313,
            1.34143621600001
          ],
          [
            103.891496412,
            1.34147887400006
          ],
          [
            103.891481939,
            1.34152168200006
          ],
          [
            103.891467894,
            1.34156463400007
          ],
          [
            103.89145428,
            1.34160772600006
          ],
          [
            103.8914411,
            1.34165095400005
          ],
          [
            103.891428351,
            1.34169431400006
          ],
          [
            103.891416038,
            1.34173780000004
          ],
          [
            103.891404161,
            1.34178141000005
          ],
          [
            103.891392722,
            1.34182513800004
          ],
          [
            103.89138172,
            1.34186897900002
          ],
          [
            103.891371158,
            1.34191293000002
          ],
          [
            103.891361037,
            1.34195698600008
          ],
          [
            103.891351357,
            1.34200114200007
          ],
          [
            103.89134212,
            1.34204539300004
          ],
          [
            103.891333327,
            1.34208973700004
          ],
          [
            103.891324978,
            1.34213416700004
          ],
          [
            103.891317074,
            1.34217868000006
          ],
          [
            103.891309616,
            1.34222327100001
          ],
          [
            103.891302606,
            1.34226793500005
          ],
          [
            103.891296043,
            1.34231266700004
          ],
          [
            103.891289927,
            1.34235746500001
          ],
          [
            103.891284261,
            1.34240232200006
          ],
          [
            103.891279044,
            1.34244723500005
          ],
          [
            103.891274278,
            1.34249219700007
          ],
          [
            103.891269961,
            1.34253720500003
          ],
          [
            103.891266096,
            1.34258225600007
          ],
          [
            103.891262681,
            1.34262734400004
          ],
          [
            103.891259719,
            1.34267246300004
          ],
          [
            103.891261165,
            1.34271759100006
          ],
          [
            103.891264058,
            1.34276271500004
          ],
          [
            103.891266952,
            1.34280783900003
          ],
          [
            103.891269845,
            1.34285296400003
          ],
          [
            103.891272629,
            1.34289808200003
          ],
          [
            103.891264672,
            1.34294258500006
          ],
          [
            103.891256713,
            1.34298708800003
          ],
          [
            103.891248755,
            1.34303159100007
          ],
          [
            103.891240797,
            1.34307609400003
          ],
          [
            103.891232839,
            1.34312059800003
          ],
          [
            103.891224881,
            1.34316510100007
          ],
          [
            103.891216923,
            1.34320960400003
          ],
          [
            103.891208965,
            1.34325410700005
          ],
          [
            103.891201006,
            1.34329861000003
          ],
          [
            103.891193049,
            1.34334311300008
          ],
          [
            103.89118509,
            1.34338761700008
          ],
          [
            103.891177132,
            1.34343212000005
          ],
          [
            103.891169175,
            1.34347662300008
          ],
          [
            103.891161216,
            1.34352112600002
          ],
          [
            103.891153258,
            1.34356562900006
          ],
          [
            103.891144198,
            1.34360990600003
          ],
          [
            103.891134194,
            1.34365399000006
          ],
          [
            103.891124191,
            1.34369807200005
          ],
          [
            103.891114187,
            1.34374215600007
          ],
          [
            103.891104184,
            1.34378623800007
          ],
          [
            103.89109418,
            1.34383032200003
          ],
          [
            103.891084177,
            1.34387440500006
          ],
          [
            103.891074173,
            1.34391848800004
          ],
          [
            103.89106417,
            1.34396257100002
          ],
          [
            103.891054167,
            1.34400665400005
          ],
          [
            103.891044163,
            1.34405073700003
          ],
          [
            103.89103416,
            1.34409482100005
          ],
          [
            103.891024156,
            1.34413890300005
          ],
          [
            103.891014153,
            1.34418298700005
          ],
          [
            103.891004149,
            1.34422707000005
          ],
          [
            103.890994146,
            1.34427115300002
          ],
          [
            103.890984143,
            1.34431523600005
          ],
          [
            103.890974139,
            1.34435931900003
          ],
          [
            103.890964136,
            1.34440340200006
          ],
          [
            103.890954132,
            1.34444748600003
          ],
          [
            103.890944129,
            1.34449156800002
          ],
          [
            103.890934125,
            1.34453565200004
          ],
          [
            103.890924122,
            1.34457973400003
          ],
          [
            103.890914118,
            1.34462381800006
          ],
          [
            103.890904116,
            1.34466790100004
          ],
          [
            103.890894112,
            1.34471198400008
          ],
          [
            103.890884108,
            1.34475606700006
          ],
          [
            103.890874105,
            1.34480015000003
          ],
          [
            103.890864101,
            1.34484423300006
          ],
          [
            103.890854098,
            1.34488831700002
          ],
          [
            103.890844094,
            1.34493239900007
          ],
          [
            103.890834091,
            1.34497648300004
          ],
          [
            103.890824088,
            1.34502056500004
          ],
          [
            103.890814085,
            1.34506464900005
          ],
          [
            103.890804081,
            1.34510873200003
          ],
          [
            103.890794077,
            1.34515281500006
          ],
          [
            103.890784074,
            1.34519689800003
          ],
          [
            103.89077407,
            1.34524098200006
          ],
          [
            103.890764067,
            1.34528506400005
          ],
          [
            103.890754063,
            1.34532914800007
          ],
          [
            103.890744061,
            1.34537323000006
          ],
          [
            103.890734057,
            1.34541731400002
          ],
          [
            103.890724054,
            1.34546139700006
          ],
          [
            103.89071405,
            1.34550548000003
          ],
          [
            103.890704046,
            1.34554956300002
          ],
          [
            103.890694043,
            1.34559364600004
          ],
          [
            103.890684039,
            1.34563772900002
          ],
          [
            103.890674036,
            1.34568181300004
          ],
          [
            103.890664033,
            1.34572589500004
          ],
          [
            103.89065403,
            1.34576997900007
          ],
          [
            103.890644026,
            1.34581406100005
          ],
          [
            103.890634022,
            1.34585814500001
          ],
          [
            103.890624019,
            1.34590222800006
          ],
          [
            103.890614015,
            1.34594631100002
          ],
          [
            103.890604012,
            1.34599039400008
          ],
          [
            103.890594008,
            1.34603447700003
          ],
          [
            103.890583023,
            1.34607830900007
          ],
          [
            103.890570924,
            1.34612185700006
          ],
          [
            103.890558824,
            1.34616540400003
          ],
          [
            103.890546725,
            1.34620895200004
          ],
          [
            103.890534626,
            1.34625249900006
          ],
          [
            103.890522526,
            1.34629604800006
          ],
          [
            103.890510427,
            1.34633959500007
          ],
          [
            103.890498327,
            1.34638314200004
          ],
          [
            103.890486228,
            1.34642669000005
          ],
          [
            103.890474129,
            1.34647023700005
          ],
          [
            103.890462029,
            1.34651378600005
          ],
          [
            103.89044993,
            1.34655733300002
          ],
          [
            103.890437831,
            1.34660088100003
          ],
          [
            103.890425731,
            1.34664442800003
          ],
          [
            103.890413632,
            1.34668797600004
          ],
          [
            103.890401533,
            1.34673152300006
          ],
          [
            103.890389433,
            1.34677507100003
          ],
          [
            103.890377334,
            1.34681861900003
          ],
          [
            103.890365235,
            1.34686216600005
          ],
          [
            103.890348587,
            1.34690410100006
          ],
          [
            103.89033089,
            1.34694566400004
          ],
          [
            103.890313193,
            1.34698722600006
          ],
          [
            103.890295496,
            1.34702878900003
          ],
          [
            103.890277799,
            1.34707035100008
          ],
          [
            103.890260102,
            1.34711191400003
          ],
          [
            103.890242405,
            1.34715347600007
          ],
          [
            103.890224708,
            1.34719503900003
          ],
          [
            103.890207011,
            1.34723660100001
          ],
          [
            103.890185041,
            1.34727577700005
          ],
          [
            103.890159365,
            1.34731288400007
          ],
          [
            103.89013369,
            1.34734999100005
          ],
          [
            103.890108015,
            1.34738709700003
          ],
          [
            103.89008234,
            1.34742420500004
          ],
          [
            103.890056664,
            1.34746131200005
          ],
          [
            103.890030989,
            1.34749841800005
          ],
          [
            103.890005314,
            1.34753552600005
          ],
          [
            103.889979638,
            1.34757263300003
          ],
          [
            103.889953964,
            1.34760973900006
          ],
          [
            103.889929308,
            1.34764743200002
          ],
          [
            103.889910672,
            1.34768857600005
          ],
          [
            103.889892037,
            1.34772972100008
          ],
          [
            103.8898734,
            1.34777086600007
          ],
          [
            103.889854765,
            1.34781201100002
          ],
          [
            103.889836129,
            1.34785315600005
          ],
          [
            103.889817493,
            1.34789430100005
          ],
          [
            103.889798858,
            1.34793544500008
          ],
          [
            103.889780222,
            1.34797659000004
          ],
          [
            103.889761586,
            1.34801773500004
          ],
          [
            103.88974295,
            1.34805887900006
          ],
          [
            103.889724315,
            1.34810002500006
          ],
          [
            103.889707085,
            1.34814177700001
          ],
          [
            103.88969091,
            1.34818396200006
          ],
          [
            103.889675445,
            1.34822641600004
          ],
          [
            103.889660695,
            1.34826912800003
          ],
          [
            103.889646665,
            1.34831208400004
          ],
          [
            103.889633358,
            1.34835527300004
          ],
          [
            103.889620778,
            1.34839868200004
          ],
          [
            103.889608929,
            1.34844229800008
          ],
          [
            103.889597814,
            1.34848611100005
          ],
          [
            103.889587436,
            1.34853010500007
          ],
          [
            103.889577798,
            1.34857427000002
          ],
          [
            103.889568904,
            1.34861859200003
          ],
          [
            103.889560755,
            1.34866306000003
          ],
          [
            103.889553353,
            1.34870766000004
          ],
          [
            103.889546702,
            1.34875238000006
          ],
          [
            103.889540803,
            1.34879720600003
          ],
          [
            103.889535657,
            1.34884212600001
          ],
          [
            103.889531266,
            1.34888712700006
          ],
          [
            103.889527632,
            1.34893219700006
          ],
          [
            103.889524755,
            1.34897732100007
          ],
          [
            103.889522636,
            1.34902248900005
          ],
          [
            103.889521276,
            1.34906768500002
          ],
          [
            103.889520675,
            1.34911289900003
          ],
          [
            103.889520833,
            1.34915811600007
          ],
          [
            103.889521751,
            1.34920332500007
          ],
          [
            103.889523427,
            1.34924851100004
          ],
          [
            103.889525863,
            1.34929366200004
          ],
          [
            103.889529055,
            1.34933876600008
          ],
          [
            103.889533006,
            1.34938380800003
          ],
          [
            103.889537711,
            1.34942877800006
          ],
          [
            103.889543171,
            1.34947365900006
          ],
          [
            103.889549384,
            1.34951844300002
          ],
          [
            103.889556348,
            1.34956311400002
          ],
          [
            103.889564062,
            1.34960766000006
          ],
          [
            103.889572522,
            1.34965206900005
          ],
          [
            103.889581727,
            1.34969632700006
          ],
          [
            103.889591673,
            1.34974042300007
          ],
          [
            103.889602359,
            1.34978434300005
          ],
          [
            103.889610455,
            1.34982880600006
          ],
          [
            103.889618141,
            1.34987335800003
          ],
          [
            103.889625828,
            1.34991791000003
          ],
          [
            103.889633513,
            1.34996246100006
          ],
          [
            103.8896412,
            1.35000701300004
          ],
          [
            103.889648885,
            1.35005156400007
          ],
          [
            103.889656572,
            1.35009611600002
          ],
          [
            103.889664258,
            1.35014066700006
          ],
          [
            103.889671944,
            1.35018521900003
          ],
          [
            103.88967963,
            1.35022977000004
          ],
          [
            103.889687317,
            1.35027432200006
          ],
          [
            103.889695002,
            1.35031887300004
          ],
          [
            103.889702688,
            1.35036342600006
          ],
          [
            103.889710375,
            1.35040797700003
          ],
          [
            103.88971806,
            1.35045252900006
          ],
          [
            103.889725747,
            1.35049708000002
          ],
          [
            103.889733432,
            1.35054163200004
          ],
          [
            103.889741119,
            1.35058618300006
          ],
          [
            103.889748805,
            1.35063073500005
          ],
          [
            103.889756491,
            1.35067528600006
          ],
          [
            103.889764177,
            1.35071983800001
          ],
          [
            103.889771864,
            1.35076438900005
          ],
          [
            103.889785933,
            1.35080701900005
          ],
          [
            103.889803819,
            1.35084850000004
          ],
          [
            103.889821706,
            1.35088998000004
          ],
          [
            103.889839592,
            1.35093146000002
          ],
          [
            103.889857479,
            1.35097294000002
          ],
          [
            103.889875366,
            1.35101442100006
          ],
          [
            103.889893252,
            1.35105590100005
          ],
          [
            103.889911139,
            1.35109738100002
          ],
          [
            103.889929025,
            1.35113886100005
          ],
          [
            103.889946912,
            1.35118034200002
          ],
          [
            103.889964798,
            1.35122182200007
          ],
          [
            103.889982684,
            1.35126330200007
          ],
          [
            103.890000571,
            1.35130478200005
          ],
          [
            103.890018458,
            1.35134626300004
          ],
          [
            103.890036344,
            1.35138774300002
          ],
          [
            103.890054231,
            1.35142922300002
          ],
          [
            103.890072118,
            1.35147070300007
          ],
          [
            103.890090004,
            1.35151218400007
          ],
          [
            103.890107891,
            1.35155366400005
          ],
          [
            103.890125777,
            1.35159514400005
          ],
          [
            103.890143663,
            1.35163662400003
          ],
          [
            103.89016155,
            1.35167810500007
          ],
          [
            103.890179437,
            1.35171958500005
          ],
          [
            103.890197323,
            1.35176106500005
          ],
          [
            103.89021521,
            1.35180254500005
          ],
          [
            103.890233097,
            1.35184402600004
          ],
          [
            103.890250983,
            1.35188550600002
          ],
          [
            103.89026887,
            1.35192698600003
          ],
          [
            103.890286757,
            1.35196846600008
          ],
          [
            103.890304643,
            1.35200994700005
          ],
          [
            103.890322529,
            1.35205142700006
          ],
          [
            103.890340416,
            1.35209290700003
          ],
          [
            103.890358302,
            1.35213438800002
          ],
          [
            103.890376189,
            1.35217586800006
          ],
          [
            103.890394076,
            1.35221734900004
          ],
          [
            103.890411962,
            1.35225882900005
          ],
          [
            103.890429849,
            1.35230030900004
          ],
          [
            103.890447736,
            1.35234179000003
          ],
          [
            103.890465622,
            1.35238327000007
          ],
          [
            103.890483509,
            1.35242475000006
          ],
          [
            103.890501395,
            1.35246623000005
          ],
          [
            103.890519281,
            1.35250771100004
          ],
          [
            103.890537168,
            1.35254919100003
          ],
          [
            103.890555055,
            1.35259067100004
          ],
          [
            103.890572784,
            1.35263221900004
          ],
          [
            103.890590425,
            1.35267380600004
          ],
          [
            103.890608066,
            1.35271539300004
          ],
          [
            103.890625707,
            1.35275697900005
          ],
          [
            103.890643348,
            1.35279856600005
          ],
          [
            103.890660989,
            1.35284015200004
          ],
          [
            103.89067863,
            1.35288173900005
          ],
          [
            103.89069627,
            1.35292332600005
          ],
          [
            103.890713912,
            1.35296491300005
          ],
          [
            103.890731553,
            1.35300649900006
          ],
          [
            103.890749193,
            1.35304808600006
          ],
          [
            103.890766835,
            1.35308967300006
          ],
          [
            103.890784476,
            1.35313126000006
          ],
          [
            103.890802116,
            1.35317284600006
          ],
          [
            103.890819758,
            1.35321443200008
          ],
          [
            103.890837399,
            1.35325601900007
          ],
          [
            103.890855039,
            1.35329760600007
          ],
          [
            103.890872681,
            1.35333919300005
          ],
          [
            103.890890322,
            1.35338077900001
          ],
          [
            103.890907962,
            1.35342236600006
          ],
          [
            103.890925603,
            1.35346395300008
          ],
          [
            103.890943245,
            1.35350554000007
          ],
          [
            103.890960885,
            1.35354712600002
          ],
          [
            103.890978526,
            1.35358871300001
          ],
          [
            103.890996168,
            1.35363029900002
          ],
          [
            103.891013808,
            1.35367188600002
          ],
          [
            103.891031449,
            1.35371347200004
          ],
          [
            103.89104909,
            1.35375505900003
          ],
          [
            103.891066731,
            1.35379664600003
          ],
          [
            103.891084372,
            1.35383823300003
          ],
          [
            103.891102013,
            1.35387981900004
          ],
          [
            103.891119654,
            1.35392140600004
          ],
          [
            103.891137295,
            1.35396299300003
          ],
          [
            103.891154936,
            1.35400458000003
          ],
          [
            103.891172577,
            1.35404616600004
          ],
          [
            103.891190218,
            1.35408775200005
          ],
          [
            103.891207859,
            1.35412933900005
          ],
          [
            103.8912255,
            1.35417092600005
          ],
          [
            103.891243141,
            1.35421251300005
          ],
          [
            103.891260782,
            1.35425409900005
          ],
          [
            103.891278423,
            1.35429568600005
          ],
          [
            103.891296064,
            1.35433727300005
          ],
          [
            103.891313705,
            1.35437886000005
          ],
          [
            103.891331346,
            1.35442044600006
          ],
          [
            103.891348987,
            1.35446203300006
          ],
          [
            103.891366628,
            1.35450361900006
          ],
          [
            103.891384269,
            1.35454520600007
          ],
          [
            103.89140191,
            1.35458679200001
          ],
          [
            103.891419551,
            1.35462837900007
          ],
          [
            103.891437192,
            1.35466996600007
          ],
          [
            103.891454833,
            1.35471155300007
          ],
          [
            103.891472474,
            1.35475313900002
          ],
          [
            103.891490114,
            1.35479472600002
          ],
          [
            103.891507756,
            1.35483631300002
          ],
          [
            103.891525397,
            1.35487790000002
          ],
          [
            103.891543037,
            1.35491948600002
          ],
          [
            103.891560679,
            1.35496107200003
          ],
          [
            103.89157832,
            1.35500265900004
          ],
          [
            103.89159596,
            1.35504424600003
          ],
          [
            103.891613602,
            1.35508583200005
          ],
          [
            103.891631243,
            1.35512741900004
          ],
          [
            103.891648883,
            1.35516900600004
          ],
          [
            103.891666525,
            1.35521059300004
          ],
          [
            103.891684166,
            1.35525217900004
          ],
          [
            103.891701806,
            1.35529376600004
          ],
          [
            103.891719448,
            1.35533535300004
          ],
          [
            103.891737089,
            1.35537693900005
          ],
          [
            103.891754729,
            1.35541852600004
          ],
          [
            103.891772371,
            1.35546011200006
          ],
          [
            103.891804777,
            1.35553650700007
          ]
        ]
      },
      "properties": {
        "OBJECTID": 10,
        "pcn_loop": "Central Urban Loop",
        "pcn": "Hougang Avenue 3 Park Connector",
        "descriptionHTML": "The 4.4-kilometre Hougang Ave 3 Park Connector is the final piece to the Central Urban Loop (CUL). This park connector connects residents at Hougang and MacPherson to the North-Eastern Riverine Loop via the Serangoon Park Connector, linking them to rustic green pockets such as Coney Island. The Hougang Ave 3 Park Connector also provides Punggol residents with easier access to the Eastern Coastal Loop via the Pelton Canal and Kallang Park Connectors, with a cycling track passing Kallang Riverside Park.",
        "address": "",
        "Shape__Length": 3166.913585075006
      }
    },
    {
      "type": "Feature",
      "id": 11,
      "geometry": {
        "type": "LineString",
        "coordinates": [
          [
            103.890487143,
            1.35232012400006
          ],
          [
            103.890529886,
            1.35230619300005
          ],
          [
            103.890572629,
            1.35229226300004
          ],
          [
            103.890615372,
            1.35227833200003
          ],
          [
            103.890658115,
            1.35226440100007
          ],
          [
            103.890700857,
            1.35225047000005
          ],
          [
            103.890743601,
            1.35223654000004
          ],
          [
            103.890791263,
            1.35222100500003
          ],
          [
            103.890806002,
            1.35225816800006
          ],
          [
            103.890822658,
            1.35230016500002
          ],
          [
            103.890839314,
            1.35234216000002
          ],
          [
            103.89085597,
            1.35238415700008
          ],
          [
            103.890872626,
            1.35242615200002
          ],
          [
            103.890889282,
            1.35246814900005
          ],
          [
            103.890905938,
            1.35251014400008
          ],
          [
            103.890922594,
            1.35255214100005
          ],
          [
            103.89093925,
            1.35259413700005
          ],
          [
            103.890955906,
            1.35263613300003
          ],
          [
            103.890972562,
            1.35267812900002
          ],
          [
            103.890989218,
            1.35272012500007
          ],
          [
            103.891005874,
            1.35276212100007
          ],
          [
            103.89102253,
            1.35280411700005
          ],
          [
            103.891039187,
            1.35284611300004
          ],
          [
            103.891055842,
            1.35288810900004
          ],
          [
            103.891072498,
            1.35293010500002
          ],
          [
            103.891089154,
            1.35297210100003
          ],
          [
            103.89110581,
            1.35301409700002
          ],
          [
            103.891122467,
            1.35305609300002
          ],
          [
            103.891139123,
            1.35309808900008
          ],
          [
            103.891155779,
            1.35314008500006
          ],
          [
            103.891172434,
            1.35318208100004
          ],
          [
            103.891189496,
            1.35322391000004
          ],
          [
            103.891206865,
            1.35326561300006
          ],
          [
            103.891224234,
            1.35330731500004
          ],
          [
            103.891241604,
            1.35334901800007
          ],
          [
            103.891258972,
            1.35339072000005
          ],
          [
            103.891276341,
            1.35343242300007
          ],
          [
            103.89129371,
            1.35347412500005
          ],
          [
            103.891311079,
            1.35351582800007
          ],
          [
            103.891328448,
            1.35355753000005
          ],
          [
            103.891345817,
            1.35359923300006
          ],
          [
            103.891363186,
            1.35364093500005
          ],
          [
            103.891380556,
            1.35368263800007
          ],
          [
            103.891397924,
            1.35372434000003
          ],
          [
            103.891415293,
            1.35376604300007
          ],
          [
            103.891432662,
            1.35380774400004
          ],
          [
            103.891450031,
            1.35384944700006
          ],
          [
            103.8914674,
            1.35389115000003
          ],
          [
            103.891484769,
            1.35393285200007
          ],
          [
            103.891502138,
            1.35397455500003
          ],
          [
            103.891519508,
            1.35401625700006
          ],
          [
            103.891536876,
            1.35405796000003
          ],
          [
            103.891554245,
            1.35409966200006
          ],
          [
            103.891571615,
            1.35414136500003
          ],
          [
            103.891588983,
            1.35418306700007
          ],
          [
            103.891606352,
            1.35422477000003
          ],
          [
            103.891623721,
            1.35426647200006
          ],
          [
            103.89164109,
            1.35430817500003
          ],
          [
            103.89165846,
            1.35434987700005
          ],
          [
            103.891675828,
            1.35439158000002
          ],
          [
            103.891693197,
            1.35443328200007
          ],
          [
            103.891710567,
            1.35447498500002
          ],
          [
            103.891727935,
            1.35451668700005
          ],
          [
            103.891745304,
            1.35455839000001
          ],
          [
            103.891762674,
            1.35460009200006
          ],
          [
            103.891780042,
            1.35464179400004
          ],
          [
            103.891797412,
            1.35468349600006
          ],
          [
            103.89181478,
            1.35472519900003
          ],
          [
            103.891832149,
            1.35476690100004
          ],
          [
            103.891849519,
            1.35480860400003
          ],
          [
            103.891866887,
            1.35485030600006
          ],
          [
            103.891884257,
            1.35489200900003
          ],
          [
            103.891901626,
            1.35493371100005
          ],
          [
            103.891918994,
            1.35497541400001
          ],
          [
            103.891936364,
            1.35501711600004
          ],
          [
            103.891953732,
            1.35505881900001
          ],
          [
            103.891971102,
            1.35510052100004
          ],
          [
            103.891988471,
            1.35514222400007
          ],
          [
            103.892005839,
            1.35518392700004
          ],
          [
            103.892023209,
            1.35522562900007
          ],
          [
            103.892040578,
            1.35526733200004
          ],
          [
            103.892057947,
            1.35530903400007
          ],
          [
            103.892075316,
            1.35535073700004
          ],
          [
            103.892092685,
            1.35539243900007
          ],
          [
            103.892110054,
            1.35543414100004
          ],
          [
            103.892127423,
            1.35547584300001
          ],
          [
            103.892144792,
            1.35551754600003
          ],
          [
            103.892179053,
            1.35554660600007
          ],
          [
            103.892213735,
            1.35557535100001
          ],
          [
            103.892247288,
            1.35560486300004
          ],
          [
            103.892260839,
            1.35564797600005
          ],
          [
            103.89227439,
            1.35569108800006
          ],
          [
            103.892287942,
            1.35573420000001
          ],
          [
            103.892301492,
            1.35577731200003
          ],
          [
            103.892315044,
            1.35582042500004
          ],
          [
            103.892328595,
            1.35586353700006
          ],
          [
            103.892342146,
            1.35590665000006
          ],
          [
            103.892355698,
            1.35594976100004
          ],
          [
            103.892369249,
            1.35599287400005
          ],
          [
            103.892382801,
            1.35603598600004
          ],
          [
            103.892396351,
            1.35607909900005
          ],
          [
            103.892409903,
            1.35612221000003
          ],
          [
            103.892423454,
            1.35616532300002
          ],
          [
            103.892437005,
            1.35620843500005
          ],
          [
            103.892450557,
            1.35625154800006
          ],
          [
            103.892464108,
            1.35629466000005
          ],
          [
            103.89247766,
            1.35633777200007
          ],
          [
            103.89249121,
            1.35638088500002
          ],
          [
            103.892504761,
            1.35642399700004
          ],
          [
            103.892518313,
            1.35646711000003
          ],
          [
            103.892531864,
            1.35651022100006
          ],
          [
            103.892545416,
            1.35655333400007
          ],
          [
            103.892558967,
            1.35659644600003
          ],
          [
            103.892572518,
            1.35663955900004
          ],
          [
            103.892586069,
            1.35668267100003
          ],
          [
            103.89259962,
            1.35672578300005
          ],
          [
            103.892613172,
            1.35676889500006
          ],
          [
            103.892626723,
            1.35681200800002
          ],
          [
            103.892640275,
            1.35685512000004
          ],
          [
            103.892653826,
            1.35689823200004
          ],
          [
            103.892667377,
            1.35694134400006
          ],
          [
            103.892680928,
            1.35698445700006
          ],
          [
            103.892694479,
            1.35702756900003
          ],
          [
            103.892708031,
            1.35707068100005
          ],
          [
            103.892721582,
            1.35711379300005
          ],
          [
            103.892735134,
            1.35715690600006
          ],
          [
            103.892748685,
            1.35720001800006
          ],
          [
            103.892762236,
            1.35724313100007
          ],
          [
            103.892775787,
            1.35728624300004
          ],
          [
            103.892789338,
            1.35732935500004
          ],
          [
            103.89280289,
            1.35737246800003
          ],
          [
            103.892816441,
            1.35741558000006
          ],
          [
            103.892829993,
            1.35745869200002
          ],
          [
            103.892843544,
            1.35750180400004
          ],
          [
            103.892857095,
            1.35754491700003
          ],
          [
            103.892870646,
            1.35758802900005
          ],
          [
            103.892884197,
            1.35763114200005
          ],
          [
            103.892897749,
            1.35767425300003
          ],
          [
            103.8929113,
            1.35771736600002
          ],
          [
            103.892924852,
            1.35776047800004
          ],
          [
            103.892938403,
            1.35780359100005
          ],
          [
            103.892951955,
            1.35784670200007
          ],
          [
            103.892965505,
            1.357889815
          ],
          [
            103.892979056,
            1.35793292700002
          ],
          [
            103.892990798,
            1.35797653300005
          ],
          [
            103.893000719,
            1.35802063500006
          ],
          [
            103.89301064,
            1.35806473700006
          ],
          [
            103.89302056,
            1.35810884000005
          ],
          [
            103.89303048,
            1.35815294200007
          ],
          [
            103.893040402,
            1.35819704400006
          ],
          [
            103.893050322,
            1.35824114500001
          ],
          [
            103.893060242,
            1.35828524700002
          ],
          [
            103.893070164,
            1.35832934900001
          ],
          [
            103.893080084,
            1.35837345100004
          ],
          [
            103.893090004,
            1.35841755300003
          ],
          [
            103.893099926,
            1.35846165500003
          ],
          [
            103.893109846,
            1.35850575700004
          ],
          [
            103.893119766,
            1.35854986000004
          ],
          [
            103.893129688,
            1.35859396200004
          ],
          [
            103.893139608,
            1.35863806400004
          ],
          [
            103.893149529,
            1.35868216600005
          ],
          [
            103.89315945,
            1.35872626800006
          ],
          [
            103.89316937,
            1.35877037000006
          ],
          [
            103.893179291,
            1.35881447200006
          ],
          [
            103.893189211,
            1.35885857400005
          ],
          [
            103.893199132,
            1.35890267600005
          ],
          [
            103.893209053,
            1.35894677800007
          ],
          [
            103.893218973,
            1.35899088100007
          ],
          [
            103.893228894,
            1.35903498300008
          ],
          [
            103.893238815,
            1.35907908500007
          ],
          [
            103.893248735,
            1.35912318700002
          ],
          [
            103.893258656,
            1.35916728800003
          ],
          [
            103.893268577,
            1.35921139000004
          ],
          [
            103.893278497,
            1.35925549200004
          ],
          [
            103.893288418,
            1.35929959400003
          ],
          [
            103.893298339,
            1.35934369600005
          ],
          [
            103.893308259,
            1.35938779900005
          ],
          [
            103.89331818,
            1.35943190100006
          ],
          [
            103.893328101,
            1.35947600300005
          ],
          [
            103.893338021,
            1.35952010500006
          ],
          [
            103.893347943,
            1.35956420700005
          ],
          [
            103.893357863,
            1.35960830900007
          ],
          [
            103.893367783,
            1.35965241100007
          ],
          [
            103.893377705,
            1.35969651300007
          ],
          [
            103.893387625,
            1.35974061500001
          ],
          [
            103.893397545,
            1.35978471700003
          ],
          [
            103.893407467,
            1.35982882000009
          ],
          [
            103.893417387,
            1.35987292200001
          ],
          [
            103.893427307,
            1.35991702400001
          ],
          [
            103.893437229,
            1.35996112600004
          ],
          [
            103.893447149,
            1.36000522800005
          ],
          [
            103.893457069,
            1.36004932900004
          ],
          [
            103.893466991,
            1.36009343100005
          ],
          [
            103.893476911,
            1.36013753300006
          ],
          [
            103.893486831,
            1.36018163500005
          ],
          [
            103.893496753,
            1.36022573700007
          ],
          [
            103.893506673,
            1.36026984000005
          ],
          [
            103.893516593,
            1.36031394200005
          ],
          [
            103.893526515,
            1.36035804400006
          ],
          [
            103.893536435,
            1.36040214600007
          ],
          [
            103.893546356,
            1.36044624800007
          ],
          [
            103.893556277,
            1.36049035000003
          ],
          [
            103.893566197,
            1.36053445200002
          ],
          [
            103.893576118,
            1.36057855400003
          ],
          [
            103.893586039,
            1.36062265600002
          ],
          [
            103.893595959,
            1.36066675800002
          ],
          [
            103.893611869,
            1.36070871700003
          ],
          [
            103.893633193,
            1.36074851400001
          ],
          [
            103.893656195,
            1.36078735200005
          ],
          [
            103.893680832,
            1.36082516200002
          ],
          [
            103.893707058,
            1.36086187200006
          ],
          [
            103.893734825,
            1.36089741600007
          ],
          [
            103.893764084,
            1.36093172700003
          ],
          [
            103.893794778,
            1.36096474300007
          ],
          [
            103.893826852,
            1.36099640200008
          ],
          [
            103.893860246,
            1.36102664600002
          ],
          [
            103.8938949,
            1.36105542100005
          ],
          [
            103.893930749,
            1.36108267200007
          ],
          [
            103.893967727,
            1.36110834800007
          ],
          [
            103.894006455,
            1.36113090200006
          ],
          [
            103.894049077,
            1.36114520000006
          ],
          [
            103.8940917,
            1.36115949800005
          ],
          [
            103.894134323,
            1.36117379700004
          ],
          [
            103.894176947,
            1.36118809400005
          ],
          [
            103.89421957,
            1.36120239300005
          ],
          [
            103.894262193,
            1.36121669100002
          ],
          [
            103.894304816,
            1.36123098900004
          ],
          [
            103.894347439,
            1.36124528700003
          ],
          [
            103.894390062,
            1.36125958500003
          ],
          [
            103.894432686,
            1.36127388400006
          ],
          [
            103.894475309,
            1.36128818200006
          ],
          [
            103.894517932,
            1.36130248000005
          ],
          [
            103.894560555,
            1.36131677800007
          ],
          [
            103.894603178,
            1.36133107600005
          ],
          [
            103.894645801,
            1.36134537400006
          ],
          [
            103.894688425,
            1.36135967300004
          ],
          [
            103.894731048,
            1.36137397000005
          ],
          [
            103.894773671,
            1.36138826900003
          ],
          [
            103.894816294,
            1.36140256700002
          ],
          [
            103.89485891,
            1.36141688400004
          ],
          [
            103.894901278,
            1.36143193200006
          ],
          [
            103.894943645,
            1.36144698100003
          ],
          [
            103.894986013,
            1.36146202900005
          ],
          [
            103.89502838,
            1.36147707700008
          ],
          [
            103.895070748,
            1.36149212600003
          ],
          [
            103.895113114,
            1.36150717400005
          ],
          [
            103.895155482,
            1.36152222300007
          ],
          [
            103.895197849,
            1.36153727100001
          ],
          [
            103.895263256,
            1.36156050400006
          ],
          [
            103.895261797,
            1.36158108000007
          ],
          [
            103.895258597,
            1.36162618200006
          ],
          [
            103.895255397,
            1.36167128600004
          ],
          [
            103.895252197,
            1.36171638900004
          ],
          [
            103.895248998,
            1.36176149200002
          ],
          [
            103.895245379,
            1.36181250500004
          ],
          [
            103.895279416,
            1.36183175300003
          ],
          [
            103.895318585,
            1.36185390200006
          ],
          [
            103.895357754,
            1.36187605300004
          ],
          [
            103.895396923,
            1.36189820200002
          ],
          [
            103.895436092,
            1.36192035200003
          ],
          [
            103.895475261,
            1.36194250100004
          ]
        ]
      },
      "properties": {
        "OBJECTID": 11,
        "pcn_loop": "Central Urban Loop",
        "pcn": "Hougang Avenue 3 Park Connector",
        "descriptionHTML": "The 4.4-kilometre Hougang Ave 3 Park Connector is the final piece to the Central Urban Loop (CUL). This park connector connects residents at Hougang and MacPherson to the North-Eastern Riverine Loop via the Serangoon Park Connector, linking them to rustic green pockets such as Coney Island. The Hougang Ave 3 Park Connector also provides Punggol residents with easier access to the Eastern Coastal Loop via the Pelton Canal and Kallang Park Connectors, with a cycling track passing Kallang Riverside Park.",
        "address": "",
        "Shape__Length": 1306.818889929983
      }
    },
    {
      "type": "Feature",
      "id": 12,
      "geometry": {
        "type": "LineString",
        "coordinates": [
          [
            103.870292686,
            1.31564280300006
          ],
          [
            103.871582491,
            1.31647707500002
          ],
          [
            103.871871938,
            1.31666424900004
          ],
          [
            103.872080073,
            1.31679905800006
          ],
          [
            103.872169397,
            1.31686757200004
          ],
          [
            103.872205306,
            1.31690205100005
          ],
          [
            103.872231232,
            1.31692489300002
          ],
          [
            103.872304614,
            1.31700755700005
          ],
          [
            103.872350746,
            1.31706807500007
          ],
          [
            103.87238388,
            1.31712777600006
          ],
          [
            103.87243574,
            1.31723586900005
          ],
          [
            103.872458892,
            1.31729161200002
          ],
          [
            103.872487485,
            1.31735098300004
          ],
          [
            103.872529412,
            1.31745238900004
          ],
          [
            103.872542731,
            1.31748782300002
          ],
          [
            103.872571169,
            1.31751803200006
          ],
          [
            103.872576532,
            1.31753580900004
          ],
          [
            103.872598147,
            1.31765341000004
          ],
          [
            103.87260726,
            1.31773901000002
          ],
          [
            103.872618667,
            1.31799879500004
          ],
          [
            103.872626818,
            1.31817498400005
          ],
          [
            103.872650672,
            1.31831640300003
          ],
          [
            103.872668458,
            1.31839015400004
          ],
          [
            103.872728325,
            1.31853356800003
          ],
          [
            103.872769092,
            1.31860915800006
          ],
          [
            103.87281779,
            1.31868184200004
          ],
          [
            103.872864598,
            1.31873432300005
          ],
          [
            103.87292379,
            1.31878555200006
          ],
          [
            103.873007837,
            1.31884416700007
          ],
          [
            103.873037026,
            1.31886523300004
          ],
          [
            103.873057101,
            1.31888208800007
          ],
          [
            103.873081581,
            1.31890075300003
          ],
          [
            103.873120742,
            1.31891835100003
          ],
          [
            103.873238788,
            1.31896276000004
          ],
          [
            103.873278647,
            1.31897466800005
          ],
          [
            103.873340153,
            1.31899304300004
          ],
          [
            103.873352607,
            1.31899431300008
          ],
          [
            103.873366267,
            1.31899433800004
          ],
          [
            103.873383198,
            1.31899246100004
          ],
          [
            103.873400509,
            1.31899102100004
          ],
          [
            103.873414662,
            1.31899124900001
          ],
          [
            103.873429307,
            1.31899278100001
          ],
          [
            103.873443917,
            1.31899564000003
          ],
          [
            103.873464349,
            1.31899886700006
          ],
          [
            103.873646978,
            1.31901719900003
          ],
          [
            103.873655371,
            1.31901724100004
          ],
          [
            103.87366991,
            1.31901858700007
          ],
          [
            103.873682814,
            1.31902073100002
          ],
          [
            103.873698362,
            1.31902457700004
          ],
          [
            103.8737081,
            1.31902778500006
          ],
          [
            103.873719437,
            1.31903154900003
          ],
          [
            103.873730945,
            1.31903411700007
          ],
          [
            103.873744459,
            1.31903562800005
          ],
          [
            103.873755423,
            1.31903546600006
          ],
          [
            103.873822917,
            1.31903387400007
          ],
          [
            103.87384193,
            1.31903135900006
          ],
          [
            103.87386579,
            1.31902914800002
          ],
          [
            103.873962379,
            1.319030444
          ],
          [
            103.874035086,
            1.31903765500005
          ],
          [
            103.874049967,
            1.31904660900004
          ],
          [
            103.87421937,
            1.31908677100005
          ],
          [
            103.874238225,
            1.31909478700004
          ],
          [
            103.874314791,
            1.31910913000007
          ],
          [
            103.874305876,
            1.31914699600003
          ],
          [
            103.874244676,
            1.31947161200003
          ],
          [
            103.874239358,
            1.31948902200003
          ],
          [
            103.874316833,
            1.31951231000005
          ],
          [
            103.87453706,
            1.31955616200003
          ],
          [
            103.874560274,
            1.31956211800002
          ],
          [
            103.874579519,
            1.31956720300002
          ],
          [
            103.874602002,
            1.31957432500007
          ],
          [
            103.874624764,
            1.31958693800003
          ],
          [
            103.874663833,
            1.31961231600008
          ],
          [
            103.874686641,
            1.31962957300003
          ],
          [
            103.87471928,
            1.31965810200005
          ],
          [
            103.87474561,
            1.31968466100005
          ],
          [
            103.874829438,
            1.31976366700007
          ],
          [
            103.874865093,
            1.31979345300003
          ],
          [
            103.874888782,
            1.31982260000005
          ],
          [
            103.875030685,
            1.31995299200001
          ],
          [
            103.875050013,
            1.31997124800006
          ],
          [
            103.875527839,
            1.32062282300006
          ],
          [
            103.875886621,
            1.32043724900006
          ],
          [
            103.87614798,
            1.32030206500002
          ],
          [
            103.881276125,
            1.32231366300004
          ],
          [
            103.881334581,
            1.32233659300004
          ],
          [
            103.881369272,
            1.32210565000002
          ],
          [
            103.881377718,
            1.32204942400005
          ],
          [
            103.881588515,
            1.32208128200006
          ],
          [
            103.881535978,
            1.32243342400005
          ],
          [
            103.881577996,
            1.32244943300002
          ],
          [
            103.882479968,
            1.32279308100005
          ],
          [
            103.882830997,
            1.32295663800005
          ],
          [
            103.883286294,
            1.32323157000008
          ],
          [
            103.883664032,
            1.32354618900007
          ],
          [
            103.883976892,
            1.32387417900002
          ],
          [
            103.88429495,
            1.32432296800006
          ],
          [
            103.884510466,
            1.32474008100007
          ],
          [
            103.884687167,
            1.32524023400002
          ],
          [
            103.884797783,
            1.32597239300003
          ],
          [
            103.884938991,
            1.32717373500003
          ],
          [
            103.885225828,
            1.32714748400003
          ],
          [
            103.885252366,
            1.32737325200002
          ],
          [
            103.88498212,
            1.32739318500006
          ]
        ]
      },
      "properties": {
        "OBJECTID": 12,
        "pcn_loop": "Central Urban Loop",
        "pcn": "Pelton Canal Park Connector",
        "descriptionHTML": "Pelton Canal Park Connector links Kallang Park Connector to Balam Park Connector. It runs along Pelton Canal, passing through the industrial estates of Geylang Bahru and Kallang Way as well as residential areas in Upper Boon Keng, Paya Lebar Way and Circuit Road. It includes a wide shared track for both joggers and cyclists. You can dine at popular eateries such as Upper Boon Keng Food Centre and Circuit Road Food Centre. This park connector also allows convenient access to Kallang Riverside Park and Bishan-Ang Mo Kio Park.",
        "address": "Balam Park Connector starts at junction of Merpati Road and Circuit Road and runs along Pelton Canal before ending at Kallang PC (Upper Boon Keng Estate).",
        "Shape__Length": 2481.749600080114
      }
    },
    {
      "type": "Feature",
      "id": 13,
      "geometry": {
        "type": "LineString",
        "coordinates": [
          [
            103.889268479,
            1.33391560700005
          ],
          [
            103.889288793,
            1.33394395700004
          ],
          [
            103.889265085,
            1.33397761800006
          ],
          [
            103.889215132,
            1.33407723900005
          ],
          [
            103.889190266,
            1.33413131300006
          ],
          [
            103.889105289,
            1.33442962700002
          ],
          [
            103.889086448,
            1.33447863900005
          ],
          [
            103.889024541,
            1.33466923200006
          ],
          [
            103.888977269,
            1.33480723600009
          ],
          [
            103.888900905,
            1.33499477600002
          ],
          [
            103.888862375,
            1.33509854300007
          ],
          [
            103.888814458,
            1.33521092800003
          ],
          [
            103.888735504,
            1.33538707700007
          ],
          [
            103.888670658,
            1.33553003800006
          ],
          [
            103.888607405,
            1.33570712500006
          ],
          [
            103.888572577,
            1.33578255700006
          ],
          [
            103.888519952,
            1.33589113700003
          ],
          [
            103.888435459,
            1.33606363800003
          ],
          [
            103.888388897,
            1.33615459700006
          ],
          [
            103.888362166,
            1.33618037200006
          ],
          [
            103.888273793,
            1.33636758600004
          ],
          [
            103.888193955,
            1.33653700900003
          ],
          [
            103.888124638,
            1.33668396200005
          ],
          [
            103.888037295,
            1.33686691700008
          ],
          [
            103.887980933,
            1.33698862200003
          ],
          [
            103.887877993,
            1.33720702300007
          ],
          [
            103.887755652,
            1.33746616200005
          ],
          [
            103.887627864,
            1.33773723100006
          ],
          [
            103.887534455,
            1.33793584700004
          ],
          [
            103.887453525,
            1.33810842900005
          ],
          [
            103.887352115,
            1.338323912
          ],
          [
            103.887274851,
            1.33848276400004
          ],
          [
            103.887178887,
            1.33866657400006
          ],
          [
            103.887076532,
            1.33885176600006
          ],
          [
            103.887047692,
            1.33892968400005
          ],
          [
            103.886980331,
            1.33903834400006
          ],
          [
            103.886868977,
            1.33921572700006
          ]
        ]
      },
      "properties": {
        "OBJECTID": 13,
        "pcn_loop": "Central Urban Loop",
        "pcn": "Paya Lebar Park Connector",
        "descriptionHTML": "Situated between Kim Chuan Road and Airport Road, Paya Lebar Park Connector serves as a convenient commuting route to the numerous industrial buildings and offices located nearby. It includes a wide shared track for both joggers and cyclists. You can enjoy dining at eateries such as Bread Talk or Sakae Sushi that can be found adjacent to the park connector. Paya Lebar Park Connector also links to the Balam Park Connector at Paya Lebar Road and the Pelton Canal Park Connector located further south.",
        "address": "",
        "Shape__Length": 651.3745412094986
      }
    },
    {
      "type": "Feature",
      "id": 14,
      "geometry": {
        "type": "LineString",
        "coordinates": [
          [
            103.870877248,
            1.31075545800007
          ],
          [
            103.870581294,
            1.31113399000003
          ],
          [
            103.870558827,
            1.31117017000001
          ],
          [
            103.870531866,
            1.31121991600002
          ],
          [
            103.870509399,
            1.31125609400003
          ],
          [
            103.870500413,
            1.31126514000004
          ],
          [
            103.87046896,
            1.31129679700006
          ],
          [
            103.870401562,
            1.31136915600005
          ],
          [
            103.870365617,
            1.31140533600006
          ],
          [
            103.870320685,
            1.31144603800005
          ],
          [
            103.870001667,
            1.31176713200006
          ],
          [
            103.869947747,
            1.31182140200002
          ],
          [
            103.869916295,
            1.31185758100001
          ],
          [
            103.869889336,
            1.31188923800005
          ],
          [
            103.869857883,
            1.31191637300003
          ],
          [
            103.869835417,
            1.31194350700001
          ],
          [
            103.869785991,
            1.31200682100007
          ],
          [
            103.869763525,
            1.31202491100004
          ],
          [
            103.869732072,
            1.31206109100003
          ],
          [
            103.86967366,
            1.31213797100002
          ],
          [
            103.869651193,
            1.31216510600007
          ],
          [
            103.869637713,
            1.31218319600003
          ],
          [
            103.86961974,
            1.31221485200005
          ],
          [
            103.869597273,
            1.31224650900003
          ],
          [
            103.869579299,
            1.31227364300001
          ],
          [
            103.869570312,
            1.31230077700007
          ],
          [
            103.869565817,
            1.31231886600004
          ],
          [
            103.86954335,
            1.31236861100007
          ],
          [
            103.869529868,
            1.31240026700004
          ],
          [
            103.869516388,
            1.31242740200001
          ],
          [
            103.869502907,
            1.31246810300007
          ],
          [
            103.869498412,
            1.31248167000006
          ],
          [
            103.869493918,
            1.31249975900004
          ],
          [
            103.869475942,
            1.31256759300004
          ],
          [
            103.86946246,
            1.31262186000003
          ],
          [
            103.869444484,
            1.31268065000006
          ],
          [
            103.869395046,
            1.31292033100005
          ],
          [
            103.869386056,
            1.31298816500003
          ],
          [
            103.869377067,
            1.31302434300006
          ],
          [
            103.869363585,
            1.31306956500004
          ],
          [
            103.869359091,
            1.31309669900002
          ],
          [
            103.869350103,
            1.31312835600005
          ],
          [
            103.869331832,
            1.31319744500007
          ],
          [
            103.869327337,
            1.31323814500008
          ],
          [
            103.869707853,
            1.31333641400003
          ],
          [
            103.869650088,
            1.31356898500007
          ],
          [
            103.869394472,
            1.31351215700006
          ],
          [
            103.869600536,
            1.31408806700004
          ],
          [
            103.869726815,
            1.31448345700003
          ],
          [
            103.869794526,
            1.31474636400003
          ],
          [
            103.869813785,
            1.31494501700006
          ],
          [
            103.869853097,
            1.31509066500007
          ],
          [
            103.869874144,
            1.31525305800006
          ],
          [
            103.869958212,
            1.31535685700004
          ],
          [
            103.870163718,
            1.31556384100004
          ],
          [
            103.870292686,
            1.31564280300006
          ],
          [
            103.870044481,
            1.31607336100007
          ],
          [
            103.870031168,
            1.31605049800003
          ],
          [
            103.870022231,
            1.31604131400007
          ],
          [
            103.86995045,
            1.31599511600007
          ],
          [
            103.86985609,
            1.31594868200005
          ],
          [
            103.869833606,
            1.31593935900001
          ],
          [
            103.869770483,
            1.31592961200006
          ],
          [
            103.869671142,
            1.31592858100003
          ],
          [
            103.869594052,
            1.31595959600003
          ],
          [
            103.86953507,
            1.31598625400005
          ],
          [
            103.869507791,
            1.31600415200006
          ],
          [
            103.869489496,
            1.31602668600003
          ],
          [
            103.869452906,
            1.31607175800003
          ],
          [
            103.869407004,
            1.31614400400002
          ],
          [
            103.869223599,
            1.31641367200007
          ],
          [
            103.869145671,
            1.31652649200003
          ],
          [
            103.8690906,
            1.31661227900002
          ],
          [
            103.868966817,
            1.31679280000001
          ],
          [
            103.868783411,
            1.31706247000004
          ],
          [
            103.868728386,
            1.31714371100003
          ],
          [
            103.868668798,
            1.31722945100006
          ],
          [
            103.868563358,
            1.31738289200006
          ],
          [
            103.868196547,
            1.31792222900002
          ],
          [
            103.868095667,
            1.31807117200003
          ],
          [
            103.868031472,
            1.31816595300006
          ],
          [
            103.867980963,
            1.31824724100005
          ],
          [
            103.867971792,
            1.31826078100003
          ],
          [
            103.867953217,
            1.31831058600004
          ],
          [
            103.867902241,
            1.31843732200001
          ],
          [
            103.867851218,
            1.31856860100004
          ],
          [
            103.867846562,
            1.31858218800005
          ],
          [
            103.868197566,
            1.31883279300007
          ],
          [
            103.868029206,
            1.31916464200002
          ],
          [
            103.867902932,
            1.31911522000007
          ],
          [
            103.867811735,
            1.31917876600004
          ],
          [
            103.867736507,
            1.31932309100006
          ],
          [
            103.867730674,
            1.31950954800004
          ],
          [
            103.867717547,
            1.31961232100001
          ],
          [
            103.867714632,
            1.31973417800003
          ],
          [
            103.867702962,
            1.31980611900002
          ],
          [
            103.867701505,
            1.31991623200002
          ],
          [
            103.867695671,
            1.31999551300004
          ],
          [
            103.867691297,
            1.32009681600004
          ],
          [
            103.867692756,
            1.32015847900004
          ],
          [
            103.867689839,
            1.32022307800001
          ],
          [
            103.867686923,
            1.32028621000006
          ],
          [
            103.867684007,
            1.32035815100005
          ],
          [
            103.867679631,
            1.32041394100003
          ],
          [
            103.867681091,
            1.32046826200002
          ],
          [
            103.867676716,
            1.32054901200007
          ],
          [
            103.867676716,
            1.32058571600004
          ],
          [
            103.867675258,
            1.32061948400008
          ],
          [
            103.867662119,
            1.32089430500002
          ],
          [
            103.867660675,
            1.32092926800005
          ],
          [
            103.867659219,
            1.32120675100003
          ],
          [
            103.867654845,
            1.32129777800003
          ],
          [
            103.867647552,
            1.32137118700007
          ],
          [
            103.867612558,
            1.32246497300001
          ],
          [
            103.867616934,
            1.32252663600001
          ],
          [
            103.8676111,
            1.32259857500003
          ],
          [
            103.867615478,
            1.32267638900003
          ],
          [
            103.867609644,
            1.32273805200004
          ],
          [
            103.867597976,
            1.32288927300005
          ],
          [
            103.867589228,
            1.32320346200003
          ],
          [
            103.867592147,
            1.32328567900004
          ],
          [
            103.867593606,
            1.32333266000006
          ],
          [
            103.867589231,
            1.32340900500004
          ],
          [
            103.867581939,
            1.32355435300001
          ],
          [
            103.867576105,
            1.32364538000007
          ],
          [
            103.867577565,
            1.32369236100004
          ],
          [
            103.867579024,
            1.32374962000006
          ],
          [
            103.86757319,
            1.32382890100008
          ],
          [
            103.867573191,
            1.32388909600006
          ],
          [
            103.867570274,
            1.32395222800004
          ],
          [
            103.867578584,
            1.32403744200007
          ],
          [
            103.867426167,
            1.32382628300006
          ],
          [
            103.867079542,
            1.32322508900005
          ]
        ]
      },
      "properties": {
        "OBJECTID": 14,
        "pcn_loop": "Central Urban Loop",
        "pcn": "Kallang Park Connector",
        "descriptionHTML": "Stretching along the Kallang River, the Kallang Park Connector links Bishan-Ang Mo Kio Park to Kallang Riverside Park where you have the chance to see foraging birds, monitor lizards and squirrels along the riverbank. It takes you through several residential estates in the Central region – Bishan, Toa Payoh, Potong Pasir, Serangoon, Bendemeer, Upper Boon Keng and Kallang. Enjoy the lush greenery at Kolam Ayer Waterfront, part of PUB’s Active, Beautiful, Clean Waters programme, along Kallang River. This park connector also meets Whampoa Park Connector from Bendemeer Road, providing you with easy accessibility to Toa Payoh Town Park.",
        "address": "Kallang Park Connector starts at Bishan Road and runs along Kallang River before ending at Sims Ave",
        "Shape__Length": 1931.4340762298807
      }
    },
    {
      "type": "Feature",
      "id": 15,
      "geometry": {
        "type": "LineString",
        "coordinates": [
          [
            103.867570543,
            1.32432643500005
          ],
          [
            103.867650278,
            1.32445182500003
          ],
          [
            103.867790719,
            1.32437549300004
          ],
          [
            103.867578584,
            1.32403744200007
          ]
        ]
      },
      "properties": {
        "OBJECTID": 15,
        "pcn_loop": "Central Urban Loop",
        "pcn": "Kallang Park Connector",
        "descriptionHTML": "Stretching along the Kallang River, the Kallang Park Connector links Bishan-Ang Mo Kio Park to Kallang Riverside Park where you have the chance to see foraging birds, monitor lizards and squirrels along the riverbank. It takes you through several residential estates in the Central region – Bishan, Toa Payoh, Potong Pasir, Serangoon, Bendemeer, Upper Boon Keng and Kallang. Enjoy the lush greenery at Kolam Ayer Waterfront, part of PUB’s Active, Beautiful, Clean Waters programme, along Kallang River. This park connector also meets Whampoa Park Connector from Bendemeer Road, providing you with easy accessibility to Toa Payoh Town Park.",
        "address": "Kallang Park Connector starts at Bishan Road and runs along Kallang River before ending at Sims Ave",
        "Shape__Length": 78.77547227912031
      }
    },
    {
      "type": "Feature",
      "id": 16,
      "geometry": {
        "type": "LineString",
        "coordinates": [
          [
            103.867570543,
            1.32432643500005
          ],
          [
            103.867518084,
            1.32444569800003
          ],
          [
            103.867508142,
            1.32448470700006
          ],
          [
            103.867501165,
            1.32450577100002
          ],
          [
            103.867494355,
            1.32452000700005
          ],
          [
            103.867480875,
            1.32456070300005
          ],
          [
            103.867464426,
            1.32459657400005
          ],
          [
            103.867412648,
            1.32470490300005
          ],
          [
            103.867406881,
            1.32471999600005
          ],
          [
            103.867394202,
            1.32474503800005
          ],
          [
            103.867385216,
            1.32477216900002
          ],
          [
            103.867371284,
            1.32479968100005
          ],
          [
            103.86732138,
            1.32489822100006
          ],
          [
            103.867166896,
            1.32510888000007
          ],
          [
            103.866683511,
            1.32557534200004
          ],
          [
            103.866623712,
            1.32568067100004
          ],
          [
            103.866597319,
            1.32571215300005
          ]
        ]
      },
      "properties": {
        "OBJECTID": 16,
        "pcn_loop": "Central Urban Loop",
        "pcn": "Kallang Park Connector",
        "descriptionHTML": "Stretching along the Kallang River, the Kallang Park Connector links Bishan-Ang Mo Kio Park to Kallang Riverside Park where you have the chance to see foraging birds, monitor lizards and squirrels along the riverbank. It takes you through several residential estates in the Central region – Bishan, Toa Payoh, Potong Pasir, Serangoon, Bendemeer, Upper Boon Keng and Kallang. Enjoy the lush greenery at Kolam Ayer Waterfront, part of PUB’s Active, Beautiful, Clean Waters programme, along Kallang River. This park connector also meets Whampoa Park Connector from Bendemeer Road, providing you with easy accessibility to Toa Payoh Town Park.",
        "address": "Kallang Park Connector starts at Bishan Road and runs along Kallang River before ending at Sims Ave",
        "Shape__Length": 191.52581844779303
      }
    },
    {
      "type": "Feature",
      "id": 17,
      "geometry": {
        "type": "LineString",
        "coordinates": [
          [
            103.866597319,
            1.32571215300005
          ],
          [
            103.866217662,
            1.32526418600002
          ],
          [
            103.866429167,
            1.32509091100008
          ],
          [
            103.866441458,
            1.32508102700007
          ],
          [
            103.866465797,
            1.32505909400003
          ],
          [
            103.866505329,
            1.32502075500002
          ],
          [
            103.866534382,
            1.32499257800004
          ],
          [
            103.86656178,
            1.32496664700005
          ],
          [
            103.86659245,
            1.32493778700006
          ],
          [
            103.866629961,
            1.32490246500005
          ],
          [
            103.866664812,
            1.32486919400003
          ],
          [
            103.86669892,
            1.32483388300006
          ],
          [
            103.866732242,
            1.32479906000003
          ],
          [
            103.866764685,
            1.32476219500006
          ],
          [
            103.866796837,
            1.32472535000004
          ],
          [
            103.866820362,
            1.32469365600003
          ],
          [
            103.866851269,
            1.32465121400001
          ],
          [
            103.866874431,
            1.32461688700005
          ],
          [
            103.866893652,
            1.32458705100003
          ],
          [
            103.866916849,
            1.32454903400002
          ],
          [
            103.866929656,
            1.32452700200002
          ],
          [
            103.866949173,
            1.32448735200007
          ],
          [
            103.866968187,
            1.32444638200008
          ],
          [
            103.866983038,
            1.32441066900001
          ],
          [
            103.866999198,
            1.32436847600007
          ],
          [
            103.867011874,
            1.32433192300004
          ],
          [
            103.867025104,
            1.32428870900003
          ],
          [
            103.867036849,
            1.32424604900006
          ],
          [
            103.867048354,
            1.32419671300004
          ],
          [
            103.867053132,
            1.32417224700003
          ],
          [
            103.867059785,
            1.32411967500002
          ],
          [
            103.867068326,
            1.32404329200005
          ],
          [
            103.867074147,
            1.32398399700002
          ],
          [
            103.867079683,
            1.32390749700005
          ],
          [
            103.867083723,
            1.32384790000003
          ],
          [
            103.867084383,
            1.32383481600004
          ],
          [
            103.867085558,
            1.32381095900007
          ],
          [
            103.867085011,
            1.32379363000007
          ],
          [
            103.867084048,
            1.32378042100003
          ],
          [
            103.867080871,
            1.32356564500003
          ],
          [
            103.867570543,
            1.32432643500005
          ]
        ]
      },
      "properties": {
        "OBJECTID": 17,
        "pcn_loop": "Central Urban Loop",
        "pcn": "Kallang Park Connector",
        "descriptionHTML": "Stretching along the Kallang River, the Kallang Park Connector links Bishan-Ang Mo Kio Park to Kallang Riverside Park where you have the chance to see foraging birds, monitor lizards and squirrels along the riverbank. It takes you through several residential estates in the Central region – Bishan, Toa Payoh, Potong Pasir, Serangoon, Bendemeer, Upper Boon Keng and Kallang. Enjoy the lush greenery at Kolam Ayer Waterfront, part of PUB’s Active, Beautiful, Clean Waters programme, along Kallang River. This park connector also meets Whampoa Park Connector from Bendemeer Road, providing you with easy accessibility to Toa Payoh Town Park.",
        "address": "Kallang Park Connector starts at Bishan Road and runs along Kallang River before ending at Sims Ave",
        "Shape__Length": 390.6227507294715
      }
    },
    {
      "type": "Feature",
      "id": 18,
      "geometry": {
        "type": "LineString",
        "coordinates": [
          [
            103.866597319,
            1.32571215300005
          ],
          [
            103.866459375,
            1.32587669600001
          ],
          [
            103.866062878,
            1.32539840800006
          ],
          [
            103.865831085,
            1.32560380200004
          ],
          [
            103.865726281,
            1.32572160500007
          ],
          [
            103.865426695,
            1.32606965100006
          ],
          [
            103.865274538,
            1.32631738700007
          ],
          [
            103.865268525,
            1.32632717700006
          ],
          [
            103.865585851,
            1.32677335300001
          ],
          [
            103.865593088,
            1.32689471500003
          ],
          [
            103.86601031,
            1.32744083900007
          ],
          [
            103.866097131,
            1.32756705500003
          ],
          [
            103.865802913,
            1.32781949100006
          ],
          [
            103.865392936,
            1.32814232000003
          ],
          [
            103.86558346,
            1.32838989700003
          ],
          [
            103.865718515,
            1.32863504600005
          ],
          [
            103.865667872,
            1.32873699100002
          ],
          [
            103.86569199,
            1.32885349900005
          ],
          [
            103.865585879,
            1.32892631700003
          ],
          [
            103.865728505,
            1.32939282600006
          ],
          [
            103.865740231,
            1.32943118200005
          ]
        ]
      },
      "properties": {
        "OBJECTID": 18,
        "pcn_loop": "Central Urban Loop",
        "pcn": "Kallang Park Connector",
        "descriptionHTML": "Stretching along the Kallang River, the Kallang Park Connector links Bishan-Ang Mo Kio Park to Kallang Riverside Park where you have the chance to see foraging birds, monitor lizards and squirrels along the riverbank. It takes you through several residential estates in the Central region – Bishan, Toa Payoh, Potong Pasir, Serangoon, Bendemeer, Upper Boon Keng and Kallang. Enjoy the lush greenery at Kolam Ayer Waterfront, part of PUB’s Active, Beautiful, Clean Waters programme, along Kallang River. This park connector also meets Whampoa Park Connector from Bendemeer Road, providing you with easy accessibility to Toa Payoh Town Park.",
        "address": "Kallang Park Connector starts at Bishan Road and runs along Kallang River before ending at Sims Ave",
        "Shape__Length": 664.1948222934627
      }
    },
    {
      "type": "Feature",
      "id": 19,
      "geometry": {
        "type": "LineString",
        "coordinates": [
          [
            103.853455446,
            1.35042703100004
          ],
          [
            103.855001718,
            1.35142137600006
          ]
        ]
      },
      "properties": {
        "OBJECTID": 19,
        "pcn_loop": "Central Urban Loop",
        "pcn": "Kallang Park Connector",
        "descriptionHTML": "Stretching along the Kallang River, the Kallang Park Connector links Bishan-Ang Mo Kio Park to Kallang Riverside Park where you have the chance to see foraging birds, monitor lizards and squirrels along the riverbank. It takes you through several residential estates in the Central region – Bishan, Toa Payoh, Potong Pasir, Serangoon, Bendemeer, Upper Boon Keng and Kallang. Enjoy the lush greenery at Kolam Ayer Waterfront, part of PUB’s Active, Beautiful, Clean Waters programme, along Kallang River. This park connector also meets Whampoa Park Connector from Bendemeer Road, providing you with easy accessibility to Toa Payoh Town Park.",
        "address": "Kallang Park Connector starts at Bishan Road and runs along Kallang River before ending at Sims Ave",
        "Shape__Length": 204.66532464836163
      }
    },
    {
      "type": "Feature",
      "id": 20,
      "geometry": {
        "type": "LineString",
        "coordinates": [
          [
            103.855001718,
            1.35142137600006
          ],
          [
            103.85504791,
            1.35137229400004
          ],
          [
            103.855264536,
            1.35114046600006
          ],
          [
            103.855389078,
            1.35100709900007
          ],
          [
            103.85542331,
            1.35097008900004
          ],
          [
            103.855538102,
            1.35082751300007
          ],
          [
            103.855652768,
            1.35070355900007
          ],
          [
            103.855878962,
            1.35045953600007
          ],
          [
            103.856081803,
            1.35023916200002
          ],
          [
            103.85609025,
            1.35022739400007
          ],
          [
            103.856159134,
            1.35011614300005
          ],
          [
            103.856393666,
            1.34974049100003
          ],
          [
            103.856559668,
            1.34947458600005
          ],
          [
            103.856595203,
            1.34941767600003
          ],
          [
            103.856622432,
            1.34937375800007
          ],
          [
            103.8566347,
            1.34935044400003
          ],
          [
            103.856649067,
            1.34931349300007
          ],
          [
            103.856655282,
            1.34928696400004
          ],
          [
            103.856660964,
            1.34924440500003
          ],
          [
            103.856677485,
            1.34911275600005
          ],
          [
            103.856697346,
            1.34895863500001
          ],
          [
            103.856709381,
            1.34886519400004
          ],
          [
            103.85671521,
            1.34878978200004
          ],
          [
            103.856719612,
            1.34871535800004
          ],
          [
            103.856718417,
            1.34867456800004
          ],
          [
            103.856715354,
            1.34861508700004
          ],
          [
            103.8567177,
            1.34858561600003
          ],
          [
            103.856718817,
            1.34857685700006
          ],
          [
            103.856753346,
            1.34844159800001
          ],
          [
            103.856767978,
            1.34838648100004
          ],
          [
            103.856784492,
            1.34827669000002
          ],
          [
            103.85681023,
            1.34807313200004
          ],
          [
            103.85684285,
            1.34780709000006
          ],
          [
            103.856872721,
            1.34755971100004
          ],
          [
            103.856915385,
            1.34721802500006
          ],
          [
            103.856963844,
            1.34683485200002
          ],
          [
            103.85700921,
            1.34648134500003
          ],
          [
            103.857083724,
            1.34590928900008
          ],
          [
            103.857163303,
            1.34530349300007
          ],
          [
            103.857185175,
            1.34513793600007
          ],
          [
            103.857186561,
            1.34508865500004
          ],
          [
            103.857181996,
            1.34491652900005
          ],
          [
            103.857230772,
            1.34471630100005
          ],
          [
            103.857249364,
            1.34455506900002
          ],
          [
            103.857248536,
            1.34447390600008
          ],
          [
            103.857244902,
            1.34430660000003
          ],
          [
            103.85724868,
            1.34426137500003
          ],
          [
            103.857264772,
            1.34418799100007
          ],
          [
            103.857295585,
            1.34403488400005
          ],
          [
            103.857329257,
            1.34381947300005
          ],
          [
            103.857369672,
            1.34345525900005
          ]
        ]
      },
      "properties": {
        "OBJECTID": 20,
        "pcn_loop": "Central Urban Loop",
        "pcn": "Kallang Park Connector",
        "descriptionHTML": "Stretching along the Kallang River, the Kallang Park Connector links Bishan-Ang Mo Kio Park to Kallang Riverside Park where you have the chance to see foraging birds, monitor lizards and squirrels along the riverbank. It takes you through several residential estates in the Central region – Bishan, Toa Payoh, Potong Pasir, Serangoon, Bendemeer, Upper Boon Keng and Kallang. Enjoy the lush greenery at Kolam Ayer Waterfront, part of PUB’s Active, Beautiful, Clean Waters programme, along Kallang River. This park connector also meets Whampoa Park Connector from Bendemeer Road, providing you with easy accessibility to Toa Payoh Town Park.",
        "address": "Kallang Park Connector starts at Bishan Road and runs along Kallang River before ending at Sims Ave",
        "Shape__Length": 957.6896005416634
      }
    },
    {
      "type": "Feature",
      "id": 21,
      "geometry": {
        "type": "LineString",
        "coordinates": [
          [
            103.850171918,
            1.35706989300007
          ],
          [
            103.850362887,
            1.35688987800006
          ]
        ]
      },
      "properties": {
        "OBJECTID": 21,
        "pcn_loop": "Central Urban Loop",
        "pcn": "Kallang Park Connector",
        "descriptionHTML": "Stretching along the Kallang River, the Kallang Park Connector links Bishan-Ang Mo Kio Park to Kallang Riverside Park where you have the chance to see foraging birds, monitor lizards and squirrels along the riverbank. It takes you through several residential estates in the Central region – Bishan, Toa Payoh, Potong Pasir, Serangoon, Bendemeer, Upper Boon Keng and Kallang. Enjoy the lush greenery at Kolam Ayer Waterfront, part of PUB’s Active, Beautiful, Clean Waters programme, along Kallang River. This park connector also meets Whampoa Park Connector from Bendemeer Road, providing you with easy accessibility to Toa Payoh Town Park.",
        "address": "Kallang Park Connector starts at Bishan Road and runs along Kallang River before ending at Sims Ave",
        "Shape__Length": 29.218502176755102
      }
    },
    {
      "type": "Feature",
      "id": 22,
      "geometry": {
        "type": "LineString",
        "coordinates": [
          [
            103.865740231,
            1.32943118200005
          ],
          [
            103.865881246,
            1.32935767100003
          ],
          [
            103.865851687,
            1.32936017500004
          ],
          [
            103.865832943,
            1.32936414400006
          ],
          [
            103.865808471,
            1.32937192100006
          ],
          [
            103.865787069,
            1.32937843600007
          ],
          [
            103.865740623,
            1.32938897500003
          ],
          [
            103.865728505,
            1.32939282600006
          ],
          [
            103.865697448,
            1.32940256400001
          ],
          [
            103.865660597,
            1.32941490200005
          ],
          [
            103.865618169,
            1.32942483700004
          ],
          [
            103.86559238,
            1.32943058100004
          ],
          [
            103.865542758,
            1.32944881000003
          ],
          [
            103.865528653,
            1.32945368300005
          ],
          [
            103.865505744,
            1.32946160000006
          ],
          [
            103.865463435,
            1.32947807800003
          ],
          [
            103.865446816,
            1.32948398500002
          ],
          [
            103.865424577,
            1.32949192900003
          ],
          [
            103.865383654,
            1.32950835000003
          ],
          [
            103.865368806,
            1.32951365500002
          ],
          [
            103.865349477,
            1.32952137600006
          ],
          [
            103.865335105,
            1.32952750000005
          ],
          [
            103.865319604,
            1.32953399000008
          ],
          [
            103.865304524,
            1.32954030400003
          ],
          [
            103.865241566,
            1.32956810400003
          ],
          [
            103.865227146,
            1.32957592700005
          ],
          [
            103.865209788,
            1.32958534200003
          ],
          [
            103.865182345,
            1.32959828300004
          ],
          [
            103.865170868,
            1.32960451000003
          ],
          [
            103.865157872,
            1.32961160600007
          ],
          [
            103.865116468,
            1.32963211600002
          ],
          [
            103.865086627,
            1.32964985800004
          ],
          [
            103.865051173,
            1.32966830600002
          ],
          [
            103.865029338,
            1.32968413700007
          ],
          [
            103.86501286,
            1.32969392700004
          ],
          [
            103.864997688,
            1.32970319700006
          ],
          [
            103.864932123,
            1.32973865600008
          ],
          [
            103.864920634,
            1.32974567600007
          ],
          [
            103.864906253,
            1.32975446300002
          ],
          [
            103.864886785,
            1.32976599500006
          ],
          [
            103.864845491,
            1.32978816100007
          ],
          [
            103.864826033,
            1.32979968600006
          ],
          [
            103.864777572,
            1.32982929200006
          ],
          [
            103.864718429,
            1.32986163300006
          ],
          [
            103.864675568,
            1.32988770900004
          ],
          [
            103.86461494,
            1.32992036100006
          ],
          [
            103.864555356,
            1.32995631900008
          ],
          [
            103.86446924,
            1.33000256000001
          ],
          [
            103.864408808,
            1.33003918800005
          ],
          [
            103.864091244,
            1.33022785900004
          ],
          [
            103.864027028,
            1.330271077
          ],
          [
            103.863975803,
            1.33022558800008
          ],
          [
            103.863569028,
            1.33041665000009
          ],
          [
            103.863575057,
            1.33060164100004
          ],
          [
            103.86380437,
            1.33110779200007
          ],
          [
            103.863869309,
            1.33122577000005
          ],
          [
            103.863990478,
            1.33144428500003
          ],
          [
            103.864102167,
            1.33164976900002
          ],
          [
            103.86413722,
            1.33171159400007
          ],
          [
            103.864153289,
            1.33174150200004
          ],
          [
            103.864161428,
            1.33175834100006
          ],
          [
            103.864187845,
            1.33181420300003
          ],
          [
            103.864291946,
            1.33199516800005
          ],
          [
            103.864333067,
            1.33223979300004
          ],
          [
            103.864335982,
            1.33225311600005
          ],
          [
            103.864338663,
            1.33226638500003
          ],
          [
            103.864360125,
            1.33236897900002
          ],
          [
            103.864363622,
            1.33238663100001
          ],
          [
            103.864368554,
            1.33241324400006
          ],
          [
            103.864372448,
            1.33244088900006
          ],
          [
            103.86438732,
            1.33252335300005
          ],
          [
            103.864403158,
            1.33260352800005
          ],
          [
            103.864405465,
            1.33261649100006
          ],
          [
            103.864420578,
            1.33269872600005
          ],
          [
            103.864425286,
            1.33272543800006
          ],
          [
            103.864431905,
            1.33276141400005
          ],
          [
            103.864437272,
            1.33279056300004
          ],
          [
            103.864454125,
            1.33288232500007
          ],
          [
            103.864459021,
            1.33290902900006
          ],
          [
            103.864465351,
            1.33294412000004
          ],
          [
            103.864482027,
            1.33303518500001
          ],
          [
            103.864490747,
            1.33308372900006
          ],
          [
            103.864493162,
            1.33309707300003
          ],
          [
            103.864496458,
            1.33311831300006
          ],
          [
            103.864532756,
            1.33335384700006
          ],
          [
            103.864535697,
            1.33347661800002
          ],
          [
            103.864485462,
            1.33412527200004
          ],
          [
            103.864385754,
            1.33490809400007
          ],
          [
            103.864252808,
            1.33573775200005
          ],
          [
            103.864155563,
            1.33624269500006
          ],
          [
            103.864132655,
            1.33630636400005
          ],
          [
            103.864123464,
            1.33633820800004
          ],
          [
            103.864114252,
            1.33636991900004
          ],
          [
            103.864095824,
            1.33643803500008
          ],
          [
            103.864086649,
            1.33646532600005
          ],
          [
            103.864077373,
            1.33651539500002
          ],
          [
            103.864063612,
            1.33655633100003
          ],
          [
            103.864045405,
            1.33657902500005
          ],
          [
            103.864022489,
            1.33664269800004
          ],
          [
            103.864008727,
            1.33668363400006
          ],
          [
            103.86400414,
            1.33669728000008
          ],
          [
            103.863985831,
            1.33674275100002
          ],
          [
            103.863930905,
            1.33687916400004
          ],
          [
            103.863912555,
            1.33693374700002
          ],
          [
            103.863898835,
            1.33696557300003
          ],
          [
            103.863866927,
            1.33701554000004
          ],
          [
            103.863853226,
            1.33704281000007
          ],
          [
            103.863835061,
            1.33705639400005
          ],
          [
            103.863816874,
            1.33707453300001
          ],
          [
            103.863794142,
            1.33709720600006
          ],
          [
            103.863766863,
            1.33712441600003
          ],
          [
            103.863753181,
            1.33714713100006
          ],
          [
            103.863657685,
            1.33724691800007
          ],
          [
            103.863623587,
            1.33728092900002
          ],
          [
            103.863609947,
            1.33729453400002
          ],
          [
            103.863548588,
            1.33735119900006
          ],
          [
            103.863380366,
            1.33751898800005
          ],
          [
            103.863339468,
            1.33755524600002
          ],
          [
            103.863275796,
            1.33762328900002
          ],
          [
            103.86324395,
            1.33765958800006
          ],
          [
            103.863216712,
            1.33767768700005
          ],
          [
            103.863189433,
            1.33770489500006
          ],
          [
            103.863153081,
            1.33773661900005
          ],
          [
            103.863143927,
            1.33775935500005
          ],
          [
            103.863130327,
            1.33776384900006
          ],
          [
            103.863098563,
            1.33778192700002
          ],
          [
            103.863066778,
            1.33780456000006
          ],
          [
            103.863048613,
            1.33781814300004
          ],
          [
            103.862844265,
            1.33796754700005
          ],
          [
            103.862812459,
            1.33799473600003
          ],
          [
            103.862780673,
            1.33801736900006
          ],
          [
            103.862762548,
            1.33802184200004
          ],
          [
            103.862748929,
            1.33803089100007
          ],
          [
            103.862730723,
            1.33805358600004
          ],
          [
            103.86270799,
            1.33807626000002
          ],
          [
            103.862698897,
            1.33808533000006
          ],
          [
            103.862589924,
            1.33816227800001
          ],
          [
            103.862539994,
            1.33819394000006
          ],
          [
            103.862526395,
            1.33819843400005
          ],
          [
            103.862503703,
            1.33821199800001
          ],
          [
            103.86248097,
            1.33823467200006
          ],
          [
            103.861617855,
            1.33885170600007
          ],
          [
            103.860859483,
            1.33936199500004
          ],
          [
            103.860418947,
            1.33967963500003
          ]
        ]
      },
      "properties": {
        "OBJECTID": 22,
        "pcn_loop": "Central Urban Loop",
        "pcn": "Kallang Park Connector",
        "descriptionHTML": "Stretching along the Kallang River, the Kallang Park Connector links Bishan-Ang Mo Kio Park to Kallang Riverside Park where you have the chance to see foraging birds, monitor lizards and squirrels along the riverbank. It takes you through several residential estates in the Central region – Bishan, Toa Payoh, Potong Pasir, Serangoon, Bendemeer, Upper Boon Keng and Kallang. Enjoy the lush greenery at Kolam Ayer Waterfront, part of PUB’s Active, Beautiful, Clean Waters programme, along Kallang River. This park connector also meets Whampoa Park Connector from Bendemeer Road, providing you with easy accessibility to Toa Payoh Town Park.",
        "address": "Kallang Park Connector starts at Bishan Road and runs along Kallang River before ending at Sims Ave",
        "Shape__Length": 1560.786078421488
      }
    },
    {
      "type": "Feature",
      "id": 23,
      "geometry": {
        "type": "LineString",
        "coordinates": [
          [
            103.860418947,
            1.33967963500003
          ],
          [
            103.859774305,
            1.338952063
          ]
        ]
      },
      "properties": {
        "OBJECTID": 23,
        "pcn_loop": "Central Urban Loop",
        "pcn": "Kallang Park Connector",
        "descriptionHTML": "Stretching along the Kallang River, the Kallang Park Connector links Bishan-Ang Mo Kio Park to Kallang Riverside Park where you have the chance to see foraging birds, monitor lizards and squirrels along the riverbank. It takes you through several residential estates in the Central region – Bishan, Toa Payoh, Potong Pasir, Serangoon, Bendemeer, Upper Boon Keng and Kallang. Enjoy the lush greenery at Kolam Ayer Waterfront, part of PUB’s Active, Beautiful, Clean Waters programme, along Kallang River. This park connector also meets Whampoa Park Connector from Bendemeer Road, providing you with easy accessibility to Toa Payoh Town Park.",
        "address": "Kallang Park Connector starts at Bishan Road and runs along Kallang River before ending at Sims Ave",
        "Shape__Length": 108.22714697313376
      }
    },
    {
      "type": "Feature",
      "id": 24,
      "geometry": {
        "type": "LineString",
        "coordinates": [
          [
            103.860418947,
            1.33967963500003
          ],
          [
            103.860056324,
            1.33994109900005
          ],
          [
            103.859906491,
            1.34004519700006
          ],
          [
            103.859770279,
            1.34014024400004
          ],
          [
            103.859611353,
            1.34025341100003
          ],
          [
            103.859416117,
            1.34038919100005
          ],
          [
            103.859370713,
            1.34042087300002
          ],
          [
            103.85924814,
            1.34050231600002
          ],
          [
            103.859039283,
            1.34064714500004
          ],
          [
            103.858980259,
            1.34068787700004
          ],
          [
            103.858866739,
            1.34076936100007
          ],
          [
            103.858354298,
            1.34112442000002
          ],
          [
            103.858004936,
            1.34137742100005
          ],
          [
            103.857779129,
            1.34160469100003
          ],
          [
            103.857630012,
            1.34175906300003
          ],
          [
            103.857523499,
            1.34193916300006
          ],
          [
            103.857455333,
            1.34216643200004
          ],
          [
            103.85741169,
            1.34248552000001
          ],
          [
            103.857407044,
            1.34251283300006
          ],
          [
            103.857397436,
            1.34264034200003
          ],
          [
            103.857374033,
            1.34287451200004
          ],
          [
            103.857365235,
            1.34297130100003
          ],
          [
            103.857365871,
            1.34312267300004
          ],
          [
            103.857369672,
            1.34345525900005
          ]
        ]
      },
      "properties": {
        "OBJECTID": 24,
        "pcn_loop": "Central Urban Loop",
        "pcn": "Kallang Park Connector",
        "descriptionHTML": "Stretching along the Kallang River, the Kallang Park Connector links Bishan-Ang Mo Kio Park to Kallang Riverside Park where you have the chance to see foraging birds, monitor lizards and squirrels along the riverbank. It takes you through several residential estates in the Central region – Bishan, Toa Payoh, Potong Pasir, Serangoon, Bendemeer, Upper Boon Keng and Kallang. Enjoy the lush greenery at Kolam Ayer Waterfront, part of PUB’s Active, Beautiful, Clean Waters programme, along Kallang River. This park connector also meets Whampoa Park Connector from Bendemeer Road, providing you with easy accessibility to Toa Payoh Town Park.",
        "address": "Kallang Park Connector starts at Bishan Road and runs along Kallang River before ending at Sims Ave",
        "Shape__Length": 581.9647512775599
      }
    },
    {
      "type": "Feature",
      "id": 25,
      "geometry": {
        "type": "LineString",
        "coordinates": [
          [
            103.867144838,
            1.32089274000004
          ],
          [
            103.867143778,
            1.32092162100002
          ],
          [
            103.867143082,
            1.32100719300006
          ],
          [
            103.867139455,
            1.32111719200003
          ],
          [
            103.867137576,
            1.32117780500004
          ],
          [
            103.867133949,
            1.32128780400006
          ],
          [
            103.867130906,
            1.32138598400007
          ],
          [
            103.867126121,
            1.32153113500005
          ],
          [
            103.867123042,
            1.32161785600005
          ],
          [
            103.867121321,
            1.32166633800004
          ],
          [
            103.867116535,
            1.32181149000006
          ],
          [
            103.867112832,
            1.32191580700005
          ],
          [
            103.867110345,
            1.32198584200007
          ],
          [
            103.867106423,
            1.32210480100003
          ],
          [
            103.867104176,
            1.32217052500005
          ],
          [
            103.867101865,
            1.32224463900006
          ],
          [
            103.867111022,
            1.32225846700003
          ],
          [
            103.867107101,
            1.32237742700003
          ],
          [
            103.867105157,
            1.32243800100002
          ],
          [
            103.867102145,
            1.32252933000006
          ],
          [
            103.867100202,
            1.32258990300005
          ],
          [
            103.867096315,
            1.32271105100006
          ],
          [
            103.867092522,
            1.32282608700006
          ],
          [
            103.867089734,
            1.32291298600007
          ],
          [
            103.867085941,
            1.32302802100001
          ],
          [
            103.867082941,
            1.32312154000005
          ],
          [
            103.867080114,
            1.32320726300003
          ],
          [
            103.867079542,
            1.32322508900005
          ]
        ]
      },
      "properties": {
        "OBJECTID": 25,
        "pcn_loop": "Central Urban Loop",
        "pcn": "Whampoa Park Connector",
        "descriptionHTML": "Starting from Toa Payoh Town Park, Whampoa Park Connector runs along Sungei Whampoa and joins up with Kallang Park Connector at Bendemeer Road. It contains two PUB Active, Beautiful, Clean Water programme features on both banks of the Kallang River – River Vista and Kolam Ayer Waterfront. The park connector takes you through Jalan Rajah, Kim Keat, Whampoa, St George’s and Bendemeer residential estates. You can also enjoy a wide range of food outlets along Balestier Road, with some operating around the clock.",
        "address": "Whampoa Park Connector starts at Jalan Rajah, across Toa Payoh Town Park and runs along Sungei Whampoa before ending at Bendemeer Road",
        "Shape__Length": 260.14793201880025
      }
    },
    {
      "type": "Feature",
      "id": 26,
      "geometry": {
        "type": "LineString",
        "coordinates": [
          [
            103.867662119,
            1.32089430500002
          ],
          [
            103.867144838,
            1.32089274000004
          ]
        ]
      },
      "properties": {
        "OBJECTID": 26,
        "pcn_loop": "Central Urban Loop",
        "pcn": "Whampoa Park Connector",
        "descriptionHTML": "Starting from Toa Payoh Town Park, Whampoa Park Connector runs along Sungei Whampoa and joins up with Kallang Park Connector at Bendemeer Road. It contains two PUB Active, Beautiful, Clean Water programme features on both banks of the Kallang River – River Vista and Kolam Ayer Waterfront. The park connector takes you through Jalan Rajah, Kim Keat, Whampoa, St George’s and Bendemeer residential estates. You can also enjoy a wide range of food outlets along Balestier Road, with some operating around the clock.",
        "address": "Whampoa Park Connector starts at Jalan Rajah, across Toa Payoh Town Park and runs along Sungei Whampoa before ending at Bendemeer Road",
        "Shape__Length": 57.583721192228836
      }
    },
    {
      "type": "Feature",
      "id": 27,
      "geometry": {
        "type": "LineString",
        "coordinates": [
          [
            103.849405928,
            1.32992774600005
          ],
          [
            103.849400963,
            1.32985702300004
          ],
          [
            103.849460255,
            1.32985166700007
          ],
          [
            103.849425083,
            1.32939537600003
          ],
          [
            103.849152044,
            1.32940162400008
          ],
          [
            103.84912519,
            1.32906831800006
          ],
          [
            103.849132893,
            1.32906646300005
          ],
          [
            103.849136334,
            1.32906608500002
          ],
          [
            103.849143711,
            1.32906459200006
          ],
          [
            103.849149381,
            1.32906276500004
          ],
          [
            103.849157674,
            1.32905893000002
          ],
          [
            103.84916496,
            1.32905459000006
          ],
          [
            103.849175409,
            1.32905003400002
          ],
          [
            103.849187622,
            1.32904653700007
          ],
          [
            103.849201045,
            1.32904466000001
          ],
          [
            103.849358679,
            1.32903380600005
          ],
          [
            103.849493987,
            1.32896389200004
          ],
          [
            103.849572089,
            1.32892963200004
          ],
          [
            103.849587968,
            1.32894165700004
          ],
          [
            103.849605366,
            1.32895132100002
          ],
          [
            103.849623939,
            1.32895843200003
          ],
          [
            103.84964332,
            1.32896285100002
          ],
          [
            103.84971105,
            1.32894466900006
          ],
          [
            103.849729976,
            1.32887549100007
          ],
          [
            103.849735231,
            1.32886106400002
          ],
          [
            103.849738426,
            1.32884603900002
          ],
          [
            103.849739498,
            1.32883071100001
          ],
          [
            103.849738589,
            1.32881659500003
          ],
          [
            103.849706847,
            1.32881610500004
          ],
          [
            103.849652526,
            1.32871049900007
          ],
          [
            103.849560623,
            1.32875610700005
          ],
          [
            103.849491677,
            1.32862119400006
          ],
          [
            103.849570573,
            1.32858029200004
          ],
          [
            103.849823119,
            1.32844993600004
          ],
          [
            103.85016289,
            1.32827772200006
          ],
          [
            103.850200635,
            1.32825816400002
          ],
          [
            103.850321555,
            1.32819545500007
          ],
          [
            103.850482309,
            1.32811210700005
          ],
          [
            103.850609086,
            1.32804636100001
          ],
          [
            103.850764895,
            1.32796555100004
          ],
          [
            103.85084066,
            1.32792627800007
          ],
          [
            103.850892814,
            1.32789918700007
          ],
          [
            103.850951737,
            1.32786857100007
          ],
          [
            103.851113059,
            1.32778502900003
          ],
          [
            103.851211323,
            1.32773428400004
          ],
          [
            103.851250793,
            1.32771349300003
          ],
          [
            103.851424045,
            1.32762350200005
          ],
          [
            103.851484951,
            1.32759143300006
          ],
          [
            103.851572226,
            1.32754614100002
          ],
          [
            103.851693034,
            1.32748320000006
          ],
          [
            103.851892617,
            1.32737962900004
          ],
          [
            103.852021678,
            1.32731238800005
          ],
          [
            103.852095224,
            1.32727425700006
          ],
          [
            103.852236271,
            1.32720166300004
          ],
          [
            103.85229313,
            1.32717263400002
          ],
          [
            103.85231697,
            1.32716046200004
          ],
          [
            103.852420471,
            1.32710674100001
          ],
          [
            103.852570391,
            1.32702899400005
          ],
          [
            103.852691864,
            1.32696594500005
          ],
          [
            103.852776697,
            1.32692191600006
          ],
          [
            103.852884964,
            1.32686572200004
          ],
          [
            103.853026204,
            1.32679237600008
          ],
          [
            103.853089842,
            1.32675935400005
          ],
          [
            103.853198335,
            1.32670308600007
          ],
          [
            103.853373901,
            1.32661202000003
          ],
          [
            103.853479733,
            1.32655714200005
          ],
          [
            103.853562305,
            1.32651431800001
          ],
          [
            103.853654854,
            1.32646630900006
          ],
          [
            103.853726707,
            1.32642903700001
          ],
          [
            103.853834306,
            1.32637306000003
          ],
          [
            103.85387846,
            1.32634994700003
          ],
          [
            103.853902884,
            1.32633589500005
          ],
          [
            103.853958382,
            1.32630259800002
          ],
          [
            103.854031734,
            1.32625724500003
          ],
          [
            103.854087515,
            1.32622273600004
          ],
          [
            103.854130743,
            1.32619599300006
          ],
          [
            103.854220244,
            1.32614067200007
          ],
          [
            103.854235256,
            1.32613138500005
          ],
          [
            103.854275394,
            1.32609935500004
          ],
          [
            103.854299262,
            1.32608457800006
          ],
          [
            103.854321125,
            1.32607104100001
          ],
          [
            103.854340307,
            1.32605573400002
          ],
          [
            103.854404579,
            1.32598324500002
          ],
          [
            103.854419187,
            1.32597414100006
          ],
          [
            103.854440635,
            1.32596058500007
          ],
          [
            103.854507653,
            1.32591882300005
          ],
          [
            103.854578814,
            1.32587384700003
          ],
          [
            103.854652519,
            1.32582828200004
          ],
          [
            103.854751663,
            1.32576729600004
          ],
          [
            103.854823611,
            1.32572281600005
          ],
          [
            103.854913753,
            1.32566736700004
          ],
          [
            103.855010713,
            1.32560742600002
          ],
          [
            103.855083139,
            1.32556166700005
          ],
          [
            103.855250484,
            1.32545821200005
          ],
          [
            103.855458272,
            1.32532552200007
          ],
          [
            103.855523554,
            1.32528528000004
          ],
          [
            103.855590574,
            1.32524170700002
          ],
          [
            103.855699718,
            1.32517443300002
          ],
          [
            103.855784584,
            1.32511925700005
          ],
          [
            103.855880594,
            1.32506008000007
          ],
          [
            103.855964375,
            1.32500560900007
          ],
          [
            103.855993767,
            1.32498277600006
          ],
          [
            103.856104427,
            1.32489890600004
          ],
          [
            103.856262547,
            1.32477606800005
          ],
          [
            103.856401339,
            1.32466870700005
          ],
          [
            103.856602256,
            1.32451262200005
          ],
          [
            103.856724078,
            1.32441696700004
          ],
          [
            103.856812368,
            1.32434764200001
          ],
          [
            103.856939569,
            1.32424620900001
          ],
          [
            103.856962524,
            1.32422720500006
          ],
          [
            103.856819238,
            1.32402129500001
          ],
          [
            103.856938271,
            1.32391860500008
          ],
          [
            103.857203516,
            1.32426749200004
          ],
          [
            103.857270724,
            1.32421585800005
          ],
          [
            103.857428565,
            1.32409525200006
          ],
          [
            103.857540275,
            1.32400942900007
          ],
          [
            103.857628939,
            1.32394168100007
          ],
          [
            103.857734547,
            1.32386054700004
          ],
          [
            103.857796296,
            1.32381239600005
          ],
          [
            103.857823787,
            1.32379221200005
          ],
          [
            103.857857305,
            1.32376760100005
          ],
          [
            103.85788938,
            1.32374258800007
          ],
          [
            103.858242159,
            1.32412309300003
          ],
          [
            103.858566846,
            1.32375841100004
          ],
          [
            103.858266977,
            1.32345035700006
          ],
          [
            103.85829731,
            1.32342679100002
          ],
          [
            103.858334783,
            1.32339663900008
          ],
          [
            103.858453941,
            1.32330406300001
          ],
          [
            103.85857754,
            1.32321114600006
          ],
          [
            103.858669692,
            1.32313955200004
          ],
          [
            103.858798002,
            1.32304092900005
          ],
          [
            103.858924747,
            1.32294349100005
          ],
          [
            103.859146093,
            1.32277275600005
          ],
          [
            103.859215663,
            1.32272006000004
          ],
          [
            103.859396692,
            1.32258395500003
          ],
          [
            103.85947523,
            1.32252391800007
          ],
          [
            103.859710764,
            1.32234450400007
          ],
          [
            103.85977505,
            1.32229437900002
          ],
          [
            103.859822495,
            1.32225738400006
          ],
          [
            103.859905653,
            1.32219366800007
          ],
          [
            103.859972527,
            1.32214152400009
          ],
          [
            103.860035443,
            1.32210025800002
          ],
          [
            103.860112304,
            1.32205237700003
          ],
          [
            103.860198211,
            1.32201602800007
          ],
          [
            103.860298806,
            1.32197237600007
          ],
          [
            103.860350112,
            1.32195307600005
          ],
          [
            103.860479354,
            1.32190904900004
          ],
          [
            103.860714713,
            1.32183000400006
          ],
          [
            103.86079198,
            1.32180368300003
          ],
          [
            103.860867364,
            1.32177800200002
          ],
          [
            103.860959909,
            1.32175312300006
          ],
          [
            103.861069708,
            1.32172254400006
          ],
          [
            103.861124447,
            1.32170838800004
          ],
          [
            103.861225687,
            1.32168197400005
          ],
          [
            103.861299848,
            1.32166287600006
          ],
          [
            103.861489363,
            1.32161289300006
          ],
          [
            103.861605252,
            1.32158316100003
          ],
          [
            103.861703034,
            1.32155751100003
          ],
          [
            103.861789764,
            1.32153526000006
          ],
          [
            103.861853951,
            1.32151842400002
          ],
          [
            103.861938548,
            1.32149672100006
          ],
          [
            103.861987764,
            1.32148381100006
          ],
          [
            103.862050556,
            1.32147565400004
          ],
          [
            103.862120214,
            1.32146588200002
          ],
          [
            103.862195952,
            1.32145604300007
          ],
          [
            103.862326615,
            1.32143771300002
          ],
          [
            103.862459621,
            1.32141960000006
          ],
          [
            103.862497939,
            1.32141422400003
          ],
          [
            103.862551264,
            1.32140674400004
          ],
          [
            103.862596446,
            1.32139996400002
          ],
          [
            103.862632171,
            1.32139495400002
          ],
          [
            103.862660112,
            1.32138963500006
          ],
          [
            103.862682915,
            1.32138408500003
          ],
          [
            103.862919548,
            1.32137137400001
          ],
          [
            103.863333651,
            1.32190654800007
          ],
          [
            103.863470114,
            1.32184497700006
          ],
          [
            103.863076084,
            1.32130089300006
          ],
          [
            103.863108317,
            1.32130003600003
          ],
          [
            103.863153954,
            1.32129883300006
          ],
          [
            103.863263603,
            1.32129591900002
          ],
          [
            103.86339063,
            1.32129238900007
          ],
          [
            103.863450686,
            1.32129008300007
          ],
          [
            103.863547116,
            1.32128661400002
          ],
          [
            103.863614513,
            1.32127311100004
          ],
          [
            103.863661684,
            1.32126822700008
          ],
          [
            103.863718356,
            1.32125573600007
          ],
          [
            103.863745847,
            1.32124947300003
          ],
          [
            103.863787823,
            1.32124114900006
          ],
          [
            103.863804147,
            1.32123694400002
          ],
          [
            103.86386612,
            1.32121453300005
          ],
          [
            103.864010246,
            1.32116343800004
          ],
          [
            103.864053117,
            1.32114613600003
          ],
          [
            103.864075227,
            1.32113450700008
          ],
          [
            103.864133624,
            1.32110662000002
          ],
          [
            103.864214935,
            1.32106385500003
          ],
          [
            103.864290133,
            1.32102213800003
          ],
          [
            103.864337843,
            1.32099357900005
          ],
          [
            103.864428933,
            1.32093792500007
          ],
          [
            103.864492058,
            1.32089826200006
          ],
          [
            103.864582607,
            1.32084416500004
          ],
          [
            103.864709292,
            1.32076661700006
          ],
          [
            103.86478371,
            1.32072215800002
          ],
          [
            103.864867151,
            1.32067269200008
          ],
          [
            103.864946885,
            1.32062386300003
          ],
          [
            103.865013389,
            1.32058461200006
          ],
          [
            103.865049654,
            1.32056177500005
          ],
          [
            103.865075506,
            1.32054676400003
          ],
          [
            103.86510053,
            1.32053099600007
          ],
          [
            103.865225401,
            1.32044782700006
          ],
          [
            103.865256141,
            1.32043405300004
          ],
          [
            103.865277911,
            1.32042253900004
          ],
          [
            103.86529608,
            1.32041295000005
          ],
          [
            103.865370962,
            1.32037747000004
          ],
          [
            103.865434905,
            1.32034515100002
          ],
          [
            103.865455971,
            1.32033450200004
          ],
          [
            103.865475013,
            1.32032632600003
          ],
          [
            103.865543766,
            1.32029375000008
          ],
          [
            103.865653246,
            1.32024673900001
          ],
          [
            103.865748579,
            1.32020156900006
          ],
          [
            103.865812828,
            1.32017362500004
          ],
          [
            103.865928671,
            1.32012388200006
          ],
          [
            103.866080644,
            1.32005827900002
          ],
          [
            103.866206202,
            1.32000436400005
          ],
          [
            103.866308185,
            1.31996057300007
          ],
          [
            103.866500997,
            1.31987711400005
          ],
          [
            103.866580236,
            1.31984309000006
          ],
          [
            103.866666778,
            1.31980592800006
          ],
          [
            103.866782193,
            1.31975597200005
          ],
          [
            103.866821293,
            1.31973909700002
          ],
          [
            103.866852392,
            1.31972524100007
          ],
          [
            103.866924552,
            1.31969356500002
          ],
          [
            103.866969233,
            1.31967365700007
          ],
          [
            103.867015165,
            1.31966518000006
          ],
          [
            103.867056706,
            1.31965774200005
          ],
          [
            103.867097416,
            1.31965610300006
          ],
          [
            103.867140026,
            1.31965676000004
          ],
          [
            103.867156934,
            1.31968131700006
          ],
          [
            103.867173447,
            1.31972613100004
          ],
          [
            103.867178282,
            1.31981377400006
          ],
          [
            103.867173887,
            1.31995943000004
          ],
          [
            103.86717825,
            1.32003850600005
          ],
          [
            103.867169602,
            1.32006439300005
          ],
          [
            103.86717201,
            1.32009274600004
          ],
          [
            103.867170401,
            1.32014474400006
          ],
          [
            103.867166006,
            1.32029040000003
          ],
          [
            103.867164775,
            1.32033012200004
          ],
          [
            103.867161788,
            1.32042072300004
          ],
          [
            103.867156646,
            1.32056504100006
          ],
          [
            103.867153493,
            1.32066064700007
          ],
          [
            103.86715047,
            1.32073564300003
          ],
          [
            103.86714799,
            1.32079713400003
          ],
          [
            103.867144838,
            1.32089274000004
          ]
        ]
      },
      "properties": {
        "OBJECTID": 27,
        "pcn_loop": "Central Urban Loop",
        "pcn": "Whampoa Park Connector",
        "descriptionHTML": "Starting from Toa Payoh Town Park, Whampoa Park Connector runs along Sungei Whampoa and joins up with Kallang Park Connector at Bendemeer Road. It contains two PUB Active, Beautiful, Clean Water programme features on both banks of the Kallang River – River Vista and Kolam Ayer Waterfront. The park connector takes you through Jalan Rajah, Kim Keat, Whampoa, St George’s and Bendemeer residential estates. You can also enjoy a wide range of food outlets along Balestier Road, with some operating around the clock.",
        "address": "Whampoa Park Connector starts at Jalan Rajah, across Toa Payoh Town Park and runs along Sungei Whampoa before ending at Bendemeer Road",
        "Shape__Length": 2961.6450508905195
      }
    },
    {
      "type": "Feature",
      "id": 28,
      "geometry": {
        "type": "LineString",
        "coordinates": [
          [
            103.850171918,
            1.35706989300007
          ],
          [
            103.85015582,
            1.35707071500001
          ],
          [
            103.850087045,
            1.35713085800005
          ],
          [
            103.850053619,
            1.35715857200004
          ],
          [
            103.849995798,
            1.35720945300005
          ],
          [
            103.849934737,
            1.35726480700003
          ],
          [
            103.849872293,
            1.35732117100001
          ],
          [
            103.849821851,
            1.35736665800003
          ],
          [
            103.849769899,
            1.35741351900003
          ],
          [
            103.849716355,
            1.35746189500002
          ],
          [
            103.849669455,
            1.35750406200004
          ],
          [
            103.84962371,
            1.35754506700003
          ],
          [
            103.849556626,
            1.35760520500002
          ],
          [
            103.849517783,
            1.35764010100008
          ],
          [
            103.84945921,
            1.35769288300002
          ],
          [
            103.849403439,
            1.35774321400003
          ],
          [
            103.849364009,
            1.35778135700002
          ],
          [
            103.849332807,
            1.35780884100004
          ],
          [
            103.84929828,
            1.35783925300006
          ],
          [
            103.849283457,
            1.35785126600007
          ],
          [
            103.849247835,
            1.35788537500002
          ],
          [
            103.849208147,
            1.35792351600002
          ],
          [
            103.849150876,
            1.35798023200005
          ],
          [
            103.849113815,
            1.35801762300002
          ],
          [
            103.849065797,
            1.35806585200004
          ],
          [
            103.84902392,
            1.35810809000003
          ],
          [
            103.848973752,
            1.35815871000005
          ],
          [
            103.848928609,
            1.35820425400003
          ],
          [
            103.848874849,
            1.35825832400008
          ],
          [
            103.848820005,
            1.35831345200005
          ],
          [
            103.848765656,
            1.35836857700001
          ],
          [
            103.848716682,
            1.35841864400004
          ],
          [
            103.848683687,
            1.35845817200003
          ],
          [
            103.848644175,
            1.35851547500004
          ],
          [
            103.84861819,
            1.35855544300006
          ],
          [
            103.848589985,
            1.35860413400008
          ],
          [
            103.84855827,
            1.35866776400007
          ],
          [
            103.848532436,
            1.35872883500003
          ],
          [
            103.848513431,
            1.35878194500003
          ],
          [
            103.848492014,
            1.35884906600007
          ],
          [
            103.848471255,
            1.35891570000008
          ],
          [
            103.848455638,
            1.35896887900003
          ],
          [
            103.848440954,
            1.35902179600003
          ],
          [
            103.848426442,
            1.35908008800004
          ],
          [
            103.84841274,
            1.35914413600005
          ],
          [
            103.848402618,
            1.35918864700004
          ],
          [
            103.848396458,
            1.35921152300006
          ],
          [
            103.848387983,
            1.35923647500004
          ],
          [
            103.848370826,
            1.35926862800005
          ],
          [
            103.848351546,
            1.35929455400003
          ],
          [
            103.848324776,
            1.35932126500007
          ],
          [
            103.848295432,
            1.35934424900006
          ],
          [
            103.848253285,
            1.35937437200004
          ],
          [
            103.848211962,
            1.35940303700004
          ],
          [
            103.848167546,
            1.35943394600003
          ],
          [
            103.848119246,
            1.35946756600003
          ],
          [
            103.848075084,
            1.35949822300005
          ],
          [
            103.848051679,
            1.35951463900005
          ],
          [
            103.847956461,
            1.35958013700002
          ],
          [
            103.847908601,
            1.35961364400002
          ],
          [
            103.847862157,
            1.35964601500006
          ],
          [
            103.847814159,
            1.35967911900002
          ],
          [
            103.847779847,
            1.35970307500001
          ],
          [
            103.847752632,
            1.35972106500004
          ],
          [
            103.847729223,
            1.35973526300005
          ],
          [
            103.84770383,
            1.35974828100007
          ],
          [
            103.847675555,
            1.35976011400003
          ],
          [
            103.847645197,
            1.35976951900006
          ],
          [
            103.847420381,
            1.35981829500001
          ],
          [
            103.847362142,
            1.35983082700006
          ],
          [
            103.847300354,
            1.35984380500004
          ],
          [
            103.847217381,
            1.35986168300001
          ],
          [
            103.847161209,
            1.35987374300003
          ],
          [
            103.84708544,
            1.35989028100005
          ],
          [
            103.847026168,
            1.35990388300007
          ],
          [
            103.846986938,
            1.35991474300005
          ],
          [
            103.846960142,
            1.35992367400006
          ],
          [
            103.846909713,
            1.35994249200007
          ],
          [
            103.846866001,
            1.35996186600004
          ],
          [
            103.846806599,
            1.35999295800003
          ],
          [
            103.846758834,
            1.36002258000003
          ],
          [
            103.846726898,
            1.36004471800004
          ],
          [
            103.846687279,
            1.36007577000002
          ],
          [
            103.846650413,
            1.36010724200003
          ],
          [
            103.846623108,
            1.36013083300003
          ],
          [
            103.846591038,
            1.36017076100006
          ],
          [
            103.846556733,
            1.36021698200006
          ],
          [
            103.846530124,
            1.36025915700001
          ],
          [
            103.84651154,
            1.36029424100001
          ],
          [
            103.84649423,
            1.36033361000006
          ],
          [
            103.84647212,
            1.36039281600005
          ],
          [
            103.846458784,
            1.36043164600005
          ],
          [
            103.846444017,
            1.36047580700005
          ],
          [
            103.846431101,
            1.36051491600005
          ],
          [
            103.846414292,
            1.36056604800006
          ],
          [
            103.846397328,
            1.36061841000004
          ],
          [
            103.84638025,
            1.36067158100001
          ],
          [
            103.846369955,
            1.36070105800008
          ],
          [
            103.846354688,
            1.36073946700003
          ],
          [
            103.846334771,
            1.36078080000004
          ],
          [
            103.84630369,
            1.36083335000005
          ],
          [
            103.846273845,
            1.36087420000008
          ],
          [
            103.84626161,
            1.36089226400003
          ],
          [
            103.846236048,
            1.36092060800007
          ],
          [
            103.84620869,
            1.36094818900005
          ],
          [
            103.846171574,
            1.36097778500004
          ],
          [
            103.846144954,
            1.36099739300005
          ],
          [
            103.846126807,
            1.36101016100002
          ],
          [
            103.846088472,
            1.36103551700007
          ],
          [
            103.84603654,
            1.36106732300002
          ],
          [
            103.846005252,
            1.36108383700002
          ],
          [
            103.845977418,
            1.36109643500002
          ],
          [
            103.84594865,
            1.36110817100006
          ],
          [
            103.845910422,
            1.36112072100001
          ],
          [
            103.84586924,
            1.36113105000002
          ],
          [
            103.845823904,
            1.36113968800004
          ],
          [
            103.845799945,
            1.36114260300007
          ],
          [
            103.845759199,
            1.36114543500003
          ],
          [
            103.84571074,
            1.36114744800006
          ],
          [
            103.84569296,
            1.36114811300007
          ],
          [
            103.845672776,
            1.36114879800004
          ],
          [
            103.84565039,
            1.36114973300004
          ],
          [
            103.845632032,
            1.36115072900003
          ],
          [
            103.845612796,
            1.36115210200006
          ],
          [
            103.845595675,
            1.36115381600005
          ],
          [
            103.845581106,
            1.36115557800002
          ],
          [
            103.84556602,
            1.36115764800007
          ],
          [
            103.845547824,
            1.36116019300005
          ],
          [
            103.845528714,
            1.36116288500006
          ],
          [
            103.845516105,
            1.36116467200002
          ],
          [
            103.845500702,
            1.36116687400004
          ],
          [
            103.845485051,
            1.36116916500005
          ],
          [
            103.845472171,
            1.36117128800003
          ],
          [
            103.845456178,
            1.36117445200007
          ],
          [
            103.845440271,
            1.36117803700007
          ],
          [
            103.845424538,
            1.36118208500005
          ],
          [
            103.845406048,
            1.36118708900007
          ],
          [
            103.845386485,
            1.36119363500006
          ],
          [
            103.845369818,
            1.36120058300003
          ],
          [
            103.845354498,
            1.36120811400002
          ],
          [
            103.845340229,
            1.36121543800005
          ],
          [
            103.845324302,
            1.36122507400007
          ],
          [
            103.845307029,
            1.36123682200001
          ],
          [
            103.8452889,
            1.36124950700003
          ],
          [
            103.845275908,
            1.36125901000002
          ],
          [
            103.845264169,
            1.36126795000007
          ],
          [
            103.845250732,
            1.36127864800005
          ],
          [
            103.845238292,
            1.36128873100006
          ],
          [
            103.845225736,
            1.36129867900006
          ],
          [
            103.845080519,
            1.36141835100005
          ],
          [
            103.845018996,
            1.36146888500002
          ],
          [
            103.84495661,
            1.36152053100004
          ],
          [
            103.844859812,
            1.36160024300005
          ],
          [
            103.844766317,
            1.36167683300005
          ],
          [
            103.844666797,
            1.36175903300005
          ],
          [
            103.844604068,
            1.36181063900005
          ],
          [
            103.844579517,
            1.36183079500005
          ],
          [
            103.84444614,
            1.36193689700002
          ],
          [
            103.844462652,
            1.36195635100006
          ],
          [
            103.84447599,
            1.36196988900001
          ],
          [
            103.844488699,
            1.36198568100002
          ],
          [
            103.844876623,
            1.36246440100007
          ],
          [
            103.844899557,
            1.36249232700005
          ],
          [
            103.844930056,
            1.36252946700005
          ],
          [
            103.844696889,
            1.36274729100007
          ],
          [
            103.844443986,
            1.36295803700005
          ],
          [
            103.844424356,
            1.36297161400006
          ],
          [
            103.84427972,
            1.36302840400004
          ],
          [
            103.844247536,
            1.36303925500005
          ],
          [
            103.844205331,
            1.36304946700004
          ],
          [
            103.844159966,
            1.36305869200002
          ],
          [
            103.844112169,
            1.36306600100006
          ],
          [
            103.844059582,
            1.36307026000002
          ],
          [
            103.844016038,
            1.36307192200009
          ],
          [
            103.843972012,
            1.36307046500001
          ],
          [
            103.84393162,
            1.36306726700003
          ],
          [
            103.84387964,
            1.36306398300006
          ],
          [
            103.843846532,
            1.36306246300006
          ],
          [
            103.843835944,
            1.36309601200002
          ],
          [
            103.843829803,
            1.36311941500002
          ],
          [
            103.843818348,
            1.36316857200006
          ],
          [
            103.843809935,
            1.36320424600007
          ],
          [
            103.843798781,
            1.36323969800003
          ],
          [
            103.843784547,
            1.36327613500002
          ],
          [
            103.843771727,
            1.36330558200006
          ],
          [
            103.843755313,
            1.36333833200006
          ],
          [
            103.843739917,
            1.36336510400002
          ],
          [
            103.843714106,
            1.36340288800005
          ],
          [
            103.843706801,
            1.36341758600003
          ],
          [
            103.843701638,
            1.36342982800006
          ],
          [
            103.843690556,
            1.36343628600002
          ],
          [
            103.843654466,
            1.36346592500009
          ],
          [
            103.843613945,
            1.36349532500004
          ],
          [
            103.843579685,
            1.36351947900005
          ],
          [
            103.843538333,
            1.36354850800006
          ],
          [
            103.843505555,
            1.36357155400003
          ],
          [
            103.843487919,
            1.36358066400004
          ],
          [
            103.84346846,
            1.36358532900004
          ],
          [
            103.843439115,
            1.36365939500006
          ],
          [
            103.843340956,
            1.36371814900002
          ],
          [
            103.843315629,
            1.36373330900005
          ],
          [
            103.843280515,
            1.36375432700003
          ],
          [
            103.84325054,
            1.36377210100005
          ],
          [
            103.843162176,
            1.36382449600005
          ]
        ]
      },
      "properties": {
        "OBJECTID": 28,
        "pcn_loop": "Central Urban Loop",
        "pcn": "Bishan Ang Mo Kio Park",
        "descriptionHTML": "As one of the largest urban parks in central Singapore, Bishan-Ang Mo Kio Park is a great place for families to have a fun day out. Under the PUB’s Active, Beautiful and Clean Waters (ABC) Programme, the old concrete canal has been de-concretised and naturalised into a beautiful 3 km meandering river with lush banks of wildflowers. Aside from its unique waterways, the park features lush greenery, Pond Gardens and River Plains, making it a popular choice with nearby residents for recreational activities.",
        "address": "",
        "Shape__Length": 1227.0310202769747
      }
    },
    {
      "type": "Feature",
      "id": 29,
      "geometry": {
        "type": "LineString",
        "coordinates": [
          [
            103.844407853,
            1.37715109300007
          ],
          [
            103.844407968,
            1.37706227500007
          ],
          [
            103.844409041,
            1.37622955100005
          ],
          [
            103.844396386,
            1.37578868100008
          ],
          [
            103.844403135,
            1.37572234100002
          ],
          [
            103.844405389,
            1.37565569300005
          ],
          [
            103.844404036,
            1.37560404500004
          ],
          [
            103.844399981,
            1.37555254200004
          ],
          [
            103.84439793,
            1.37553460700001
          ],
          [
            103.844387481,
            1.37546857500006
          ],
          [
            103.844372585,
            1.37540341400005
          ],
          [
            103.84435331,
            1.37533942600003
          ],
          [
            103.844329748,
            1.37527690800004
          ],
          [
            103.84431619,
            1.37523100000003
          ],
          [
            103.844307981,
            1.37518382500002
          ],
          [
            103.844305233,
            1.37513601200004
          ],
          [
            103.844308476,
            1.37508408800005
          ],
          [
            103.844318154,
            1.37503298000008
          ],
          [
            103.844334114,
            1.37498349500003
          ],
          [
            103.844428016,
            1.37476370900003
          ],
          [
            103.84443774,
            1.37471636900004
          ],
          [
            103.844441001,
            1.37466814000003
          ],
          [
            103.844440026,
            1.37464172800002
          ],
          [
            103.844439721,
            1.37460291600007
          ],
          [
            103.844438937,
            1.37450325400005
          ],
          [
            103.844438999,
            1.37434886900006
          ],
          [
            103.844423312,
            1.37433750900005
          ],
          [
            103.84442663,
            1.37431640200003
          ],
          [
            103.844454208,
            1.37421415700003
          ],
          [
            103.844581792,
            1.37376570300007
          ],
          [
            103.8446899,
            1.37338285200001
          ],
          [
            103.844809608,
            1.37296135800006
          ],
          [
            103.844824187,
            1.37291029800003
          ],
          [
            103.844894524,
            1.37266284600002
          ],
          [
            103.8450963,
            1.37195364200005
          ],
          [
            103.845105862,
            1.37193161800006
          ],
          [
            103.845117778,
            1.37189194900001
          ],
          [
            103.845122705,
            1.37186970200002
          ],
          [
            103.845131088,
            1.37183185300006
          ]
        ]
      },
      "properties": {
        "OBJECTID": 29,
        "pcn_loop": "Central Urban Loop",
        "pcn": "Ang Mo Kio Town Garden West",
        "descriptionHTML": "Built on a hillock with lush and spreading greenery, Ang Mo Kio Town Garden West is a great place for nature lovers and fitness enthusiasts alike. Recreational runners looking for a challenge can jog on the many footpaths meandering through the forest and flowing over the hilly terrain. Nature lovers can enjoy the secondary forest which has plants such as Dillenia and Vitex growing plentiful. Visitors can also climb a 120-step staircase to the plaza area to enjoy a bird’s eye view of Ang Mo Kio Town Garden West.",
        "address": "",
        "Shape__Length": 608.2909945538131
      }
    },
    {
      "type": "Feature",
      "id": 30,
      "geometry": {
        "type": "LineString",
        "coordinates": [
          [
            103.88498212,
            1.32739318500006
          ],
          [
            103.885058836,
            1.32844682900002
          ],
          [
            103.88505886,
            1.32959481700003
          ],
          [
            103.885085269,
            1.32986816600004
          ],
          [
            103.885141434,
            1.33007918700003
          ],
          [
            103.885228248,
            1.33029950400004
          ],
          [
            103.885356353,
            1.33054598400002
          ],
          [
            103.885559363,
            1.33081083600007
          ],
          [
            103.885742434,
            1.33097252000004
          ],
          [
            103.885961209,
            1.33111544400003
          ],
          [
            103.886048677,
            1.33118513000004
          ],
          [
            103.886651211,
            1.33152751700003
          ],
          [
            103.887110387,
            1.33180396600005
          ],
          [
            103.887325501,
            1.33190018300007
          ],
          [
            103.888226646,
            1.33208155600004
          ],
          [
            103.888938398,
            1.33224072900002
          ],
          [
            103.88896682,
            1.33224708500007
          ],
          [
            103.888853458,
            1.33273810100007
          ],
          [
            103.888793909,
            1.33297790300002
          ],
          [
            103.888750254,
            1.33306301400004
          ],
          [
            103.888712204,
            1.33310546400002
          ],
          [
            103.888700979,
            1.33311912400004
          ],
          [
            103.88874615,
            1.33320227300004
          ],
          [
            103.888796149,
            1.33335241500003
          ],
          [
            103.889153881,
            1.33341559900003
          ],
          [
            103.889105021,
            1.33371620500004
          ],
          [
            103.889268479,
            1.33391560700005
          ]
        ]
      },
      "properties": {
        "OBJECTID": 30,
        "pcn_loop": "Central Urban Loop",
        "pcn": "Balam Park Connector",
        "descriptionHTML": "Balam Park Connector starts near the junction of Merpati Road and Circuit Road, and ends at Paya Lebar Road. Winding through the housing estates of Circuit Road along Pelton Canal, Balam Park Connector serves as a recreational corridor for the nearby residents. You can observe the beauty of the Rain Garden, a project by PUB, along the park connector and also enjoy a wide variety of local fare from the renowned Circuit Road Food Centre at Blk 79, which is located at the corner of Merpati Road and Circuit Road.",
        "address": "Balam Park Connector starts at junction of Merpati Road and Circuit Road and runs along Pelton Canal before ending at Paya Lebar Road.",
        "Shape__Length": 1047.158954505242
      }
    },
    {
      "type": "Feature",
      "id": 31,
      "geometry": {
        "type": "LineString",
        "coordinates": [
          [
            103.876383731,
            1.37913121900005
          ],
          [
            103.876323002,
            1.37909378900003
          ],
          [
            103.876261702,
            1.37907966200003
          ],
          [
            103.875915973,
            1.37903807500004
          ],
          [
            103.875876881,
            1.37903255100002
          ],
          [
            103.875770283,
            1.37901707800007
          ],
          [
            103.875715293,
            1.37901110800005
          ],
          [
            103.875630069,
            1.37900381700007
          ],
          [
            103.875116144,
            1.37898080100007
          ],
          [
            103.87462827,
            1.37895810500004
          ],
          [
            103.874531969,
            1.37896922700001
          ],
          [
            103.874486153,
            1.37897451700007
          ],
          [
            103.874353689,
            1.37898970600003
          ],
          [
            103.87422092,
            1.37898354000003
          ],
          [
            103.87395567,
            1.37892701100003
          ],
          [
            103.871729013,
            1.37882231900004
          ],
          [
            103.871493134,
            1.37881122900006
          ],
          [
            103.87121919,
            1.37885004100001
          ],
          [
            103.870967515,
            1.37883695200003
          ],
          [
            103.870821492,
            1.37880715900008
          ],
          [
            103.868828551,
            1.37872244200002
          ],
          [
            103.868532512,
            1.37875257400003
          ],
          [
            103.868417368,
            1.37874674300002
          ],
          [
            103.868156034,
            1.37869278600004
          ],
          [
            103.867286575,
            1.37865427300006
          ],
          [
            103.865995818,
            1.37859247500005
          ],
          [
            103.865812474,
            1.37858347300006
          ],
          [
            103.865296226,
            1.37853840400005
          ],
          [
            103.864762189,
            1.37843998700004
          ],
          [
            103.864498539,
            1.37838341800004
          ],
          [
            103.863656636,
            1.37816793900003
          ],
          [
            103.863441986,
            1.37812467100002
          ],
          [
            103.86253952,
            1.37789045700003
          ],
          [
            103.861543142,
            1.37761550800008
          ],
          [
            103.860320141,
            1.37724330800006
          ],
          [
            103.860170966,
            1.37722499800003
          ],
          [
            103.859966473,
            1.37716396000007
          ],
          [
            103.859823338,
            1.37709489900004
          ],
          [
            103.859450003,
            1.37703164100001
          ],
          [
            103.85929341,
            1.37704878800003
          ],
          [
            103.859264531,
            1.37704071200004
          ],
          [
            103.859235819,
            1.37695819800005
          ],
          [
            103.859217497,
            1.37694645400006
          ],
          [
            103.858935756,
            1.37687357400005
          ],
          [
            103.858922344,
            1.37685402600004
          ],
          [
            103.858816508,
            1.37682960800003
          ],
          [
            103.858782939,
            1.37683609500004
          ],
          [
            103.858052324,
            1.37661102300007
          ],
          [
            103.858051822,
            1.37658936100008
          ],
          [
            103.857963,
            1.37656382000005
          ],
          [
            103.857938296,
            1.37657688300003
          ],
          [
            103.857792576,
            1.37653500000004
          ],
          [
            103.85771667,
            1.37659330500003
          ],
          [
            103.857679836,
            1.37658586200007
          ],
          [
            103.857577332,
            1.37650599300002
          ],
          [
            103.857476028,
            1.37644951900006
          ],
          [
            103.856944305,
            1.37624347100006
          ],
          [
            103.856625101,
            1.37614896400003
          ],
          [
            103.856179167,
            1.37604118600007
          ],
          [
            103.85598505,
            1.37601119400006
          ],
          [
            103.855883897,
            1.37603406900006
          ],
          [
            103.85570954,
            1.37601578200001
          ],
          [
            103.855600421,
            1.37596946600007
          ],
          [
            103.855297827,
            1.37595716200001
          ],
          [
            103.854625328,
            1.37602271500003
          ],
          [
            103.853154339,
            1.37614867200006
          ],
          [
            103.853072427,
            1.37614602600007
          ],
          [
            103.85063624,
            1.37640757700005
          ],
          [
            103.849431295,
            1.37654125000005
          ],
          [
            103.84891581,
            1.37662948500002
          ],
          [
            103.848136667,
            1.37679959600006
          ],
          [
            103.847990132,
            1.37686466900004
          ],
          [
            103.847928905,
            1.37687654300004
          ],
          [
            103.847890257,
            1.37688329900003
          ],
          [
            103.847783556,
            1.37683183500007
          ],
          [
            103.84755179,
            1.37687950900003
          ],
          [
            103.847399393,
            1.37702491000004
          ],
          [
            103.847272064,
            1.37705359200004
          ],
          [
            103.846483488,
            1.37717233200004
          ],
          [
            103.845393457,
            1.37739177100001
          ],
          [
            103.844877451,
            1.37745891500003
          ],
          [
            103.844846061,
            1.37744956100004
          ],
          [
            103.844830418,
            1.37742061800002
          ],
          [
            103.844843237,
            1.37713466900005
          ],
          [
            103.844407853,
            1.37715109300007
          ]
        ]
      },
      "properties": {
        "OBJECTID": 31,
        "pcn_loop": "Central Urban Loop",
        "pcn": "Ang Mo Kio Ave 5 Park Connector",
        "descriptionHTML": "Ang Mo Kio Ave 5 Park Connector starts at the junction of Ang Mo Kio Ave 5 and Ang Mo Kio Ave 6, and ends at Yio Chu Kang Road. It stretches along Ang Mo Kio Ave 5 passing through various educational institutions such as Anderson Junior College, Nanyang Polytechnic and Ang Mo Kio ITE College. Through this park connector, you are linked to Buangkok estate and further northeast towards Punggol Park, Punggol Waterway Park and Punggol Point Park, located along the scenic North Eastern Riverine Loop.",
        "address": "Ang Mo Kio Ave 5 Park Connector starts at cross junction of Ang Mo Kio Ave 6 and Ang Mo Kio Ave 5 and runs along Ang Mo Kio Ave 5 before ending at Yio Chu Kang Road",
        "Shape__Length": 3676.3507820667724
      }
    },
    {
      "type": "Feature",
      "id": 32,
      "geometry": {
        "type": "LineString",
        "coordinates": [
          [
            103.845131088,
            1.37183185300006
          ],
          [
            103.845220095,
            1.37179961000005
          ],
          [
            103.845232198,
            1.37169318900004
          ],
          [
            103.84519979,
            1.37157375700002
          ],
          [
            103.845217237,
            1.37153679400005
          ],
          [
            103.845219685,
            1.37151689200004
          ],
          [
            103.845230121,
            1.37143203200004
          ],
          [
            103.845237917,
            1.37136862900006
          ],
          [
            103.845247065,
            1.37129594400004
          ],
          [
            103.845256492,
            1.37121758800004
          ],
          [
            103.84526736,
            1.37112973500006
          ],
          [
            103.845275153,
            1.37106583800006
          ],
          [
            103.845283419,
            1.37099727000002
          ],
          [
            103.84528971,
            1.37093864500001
          ],
          [
            103.845290562,
            1.37093326600005
          ],
          [
            103.845296771,
            1.37091086700001
          ],
          [
            103.845306671,
            1.37088985500002
          ],
          [
            103.845309697,
            1.37088194300003
          ],
          [
            103.845311539,
            1.37087367000005
          ],
          [
            103.845312157,
            1.37086521500003
          ],
          [
            103.845311672,
            1.37085772500007
          ],
          [
            103.845310226,
            1.37085036100006
          ],
          [
            103.845305535,
            1.37083264300002
          ],
          [
            103.845303306,
            1.37081444500006
          ],
          [
            103.845303157,
            1.37080661600004
          ],
          [
            103.845303311,
            1.37080165000003
          ],
          [
            103.845306615,
            1.37076364300002
          ],
          [
            103.845311782,
            1.37070759800003
          ],
          [
            103.845313542,
            1.37068850400005
          ],
          [
            103.845313787,
            1.37068438300001
          ],
          [
            103.84531391,
            1.37068109000005
          ],
          [
            103.84531422,
            1.37067327700003
          ],
          [
            103.845313112,
            1.37065856600002
          ],
          [
            103.845309813,
            1.37064419000006
          ],
          [
            103.845304397,
            1.37063048000003
          ],
          [
            103.845299371,
            1.37060937700005
          ],
          [
            103.845297683,
            1.37058774300004
          ],
          [
            103.845297683,
            1.37058745500001
          ],
          [
            103.845301503,
            1.37055936100006
          ],
          [
            103.845305662,
            1.37054508400006
          ],
          [
            103.845308234,
            1.37053795100008
          ],
          [
            103.845309909,
            1.37053220200004
          ],
          [
            103.845312741,
            1.37051865000005
          ],
          [
            103.845313351,
            1.37051476400007
          ],
          [
            103.845314011,
            1.37050382600006
          ],
          [
            103.845314537,
            1.37048581900006
          ],
          [
            103.845314122,
            1.37048272200002
          ],
          [
            103.845299645,
            1.37041299800006
          ],
          [
            103.845295505,
            1.37039870800002
          ],
          [
            103.845292538,
            1.37039162500004
          ],
          [
            103.845286416,
            1.37037979500006
          ],
          [
            103.845284256,
            1.37037573900003
          ],
          [
            103.845283497,
            1.37037236600001
          ],
          [
            103.845281162,
            1.37036474500008
          ],
          [
            103.845279748,
            1.37035689800006
          ],
          [
            103.845279274,
            1.37034893800006
          ],
          [
            103.845279771,
            1.37034078400006
          ],
          [
            103.845281255,
            1.37033275300008
          ],
          [
            103.845284507,
            1.37032345000005
          ],
          [
            103.845287346,
            1.37031317200007
          ],
          [
            103.845289903,
            1.37029951100003
          ],
          [
            103.845294231,
            1.37024669400006
          ],
          [
            103.845292444,
            1.37022224600002
          ],
          [
            103.84528813,
            1.37019021700007
          ],
          [
            103.845277773,
            1.37013162600004
          ],
          [
            103.845277525,
            1.37009253500002
          ],
          [
            103.845281287,
            1.37008031300007
          ],
          [
            103.84528699,
            1.37006887800004
          ],
          [
            103.84529448,
            1.37005854000006
          ],
          [
            103.845303849,
            1.37004774100006
          ],
          [
            103.84530862,
            1.37003984600005
          ],
          [
            103.845312113,
            1.37003129900006
          ],
          [
            103.845314243,
            1.37002231100007
          ],
          [
            103.845314959,
            1.37001309800007
          ],
          [
            103.845314196,
            1.37000359200006
          ],
          [
            103.845311928,
            1.36999433200003
          ],
          [
            103.845308213,
            1.36998555800006
          ],
          [
            103.845303148,
            1.36997749700004
          ],
          [
            103.845296862,
            1.36997035900003
          ],
          [
            103.845289521,
            1.36996432900003
          ],
          [
            103.845281678,
            1.36995810600007
          ],
          [
            103.845274683,
            1.36995093200005
          ],
          [
            103.845268649,
            1.36994292200007
          ],
          [
            103.84525486,
            1.36991123500007
          ],
          [
            103.845246173,
            1.36987776700004
          ],
          [
            103.845242803,
            1.36984334100003
          ],
          [
            103.845242707,
            1.36983657600006
          ],
          [
            103.845244983,
            1.36980377600001
          ],
          [
            103.845251767,
            1.36977161400004
          ],
          [
            103.845262927,
            1.36974071300005
          ],
          [
            103.845278247,
            1.36971167400001
          ],
          [
            103.845282132,
            1.36970319500006
          ],
          [
            103.845284511,
            1.36969417200002
          ],
          [
            103.845285311,
            1.36968487000007
          ],
          [
            103.845285241,
            1.36968211600003
          ],
          [
            103.845283232,
            1.36966154100002
          ],
          [
            103.845268208,
            1.36951265300008
          ],
          [
            103.845247198,
            1.36935234200006
          ],
          [
            103.845244136,
            1.36932903300003
          ],
          [
            103.845242227,
            1.36931449000002
          ],
          [
            103.84522322,
            1.36925697600004
          ],
          [
            103.845314356,
            1.36914036200005
          ],
          [
            103.845280595,
            1.36894995900003
          ],
          [
            103.845197608,
            1.36890889400007
          ],
          [
            103.845193891,
            1.36883951200002
          ],
          [
            103.845183118,
            1.36879638800003
          ],
          [
            103.845157706,
            1.36869465800003
          ],
          [
            103.845134192,
            1.36860052700005
          ],
          [
            103.845117347,
            1.36853309400004
          ],
          [
            103.845099096,
            1.36846917500003
          ],
          [
            103.845079364,
            1.36840040200001
          ],
          [
            103.845076788,
            1.36839216100003
          ],
          [
            103.845062777,
            1.36834733200004
          ],
          [
            103.845039838,
            1.36827393700002
          ],
          [
            103.84502166,
            1.36822359400002
          ],
          [
            103.845014345,
            1.36820348500003
          ],
          [
            103.845010397,
            1.36818846600005
          ],
          [
            103.845009091,
            1.36817453400004
          ],
          [
            103.845008371,
            1.36815764500005
          ],
          [
            103.845007227,
            1.36814838600003
          ],
          [
            103.845003378,
            1.36813981000007
          ],
          [
            103.844991849,
            1.36810880600006
          ],
          [
            103.84495856,
            1.36802977900004
          ],
          [
            103.844955213,
            1.36802247100008
          ],
          [
            103.844952768,
            1.36801467400005
          ],
          [
            103.844951008,
            1.36800603300002
          ],
          [
            103.844950225,
            1.36800036700004
          ],
          [
            103.844949187,
            1.36798060000007
          ],
          [
            103.844950752,
            1.36795650900007
          ],
          [
            103.8449004,
            1.36785884900007
          ],
          [
            103.844876434,
            1.36781268600004
          ],
          [
            103.844865178,
            1.36779100400003
          ],
          [
            103.844826725,
            1.36771693400004
          ],
          [
            103.844814497,
            1.36769338100004
          ],
          [
            103.844809507,
            1.36768452100005
          ],
          [
            103.844749553,
            1.36757891900004
          ],
          [
            103.844743715,
            1.36756888700005
          ],
          [
            103.844736015,
            1.36755833700005
          ],
          [
            103.844728695,
            1.36755130100004
          ],
          [
            103.844719829,
            1.36754506900006
          ],
          [
            103.844706792,
            1.36753812200004
          ],
          [
            103.844697323,
            1.36753012100008
          ],
          [
            103.844591144,
            1.36736815200003
          ],
          [
            103.844570552,
            1.36734475900005
          ],
          [
            103.84448011,
            1.36721486400005
          ],
          [
            103.844215932,
            1.36684907700005
          ],
          [
            103.844117535,
            1.36672165400006
          ],
          [
            103.844061164,
            1.36664347700004
          ],
          [
            103.844058432,
            1.36663959400005
          ],
          [
            103.844045219,
            1.36662136700006
          ],
          [
            103.84403242,
            1.36660361800005
          ],
          [
            103.844017342,
            1.36658270800007
          ],
          [
            103.844004258,
            1.36656456200006
          ],
          [
            103.843988928,
            1.36654338000004
          ],
          [
            103.843976683,
            1.36652640000004
          ],
          [
            103.843963524,
            1.36650815000007
          ],
          [
            103.843948592,
            1.36648744200004
          ],
          [
            103.843933647,
            1.36646671800002
          ],
          [
            103.843923031,
            1.36645191800004
          ],
          [
            103.843909948,
            1.36643385100006
          ],
          [
            103.843899546,
            1.36641934800003
          ],
          [
            103.843887831,
            1.36640310300004
          ],
          [
            103.843871489,
            1.36638043900007
          ],
          [
            103.843866649,
            1.36637185100004
          ],
          [
            103.843857154,
            1.36635435200002
          ],
          [
            103.843849484,
            1.36633991200005
          ],
          [
            103.84383829,
            1.36631818100006
          ],
          [
            103.843831428,
            1.36630447600004
          ],
          [
            103.84382621,
            1.36629509700002
          ],
          [
            103.843825193,
            1.36629351100003
          ],
          [
            103.84382263,
            1.36628956300006
          ],
          [
            103.843818478,
            1.36628372000006
          ],
          [
            103.843806361,
            1.36626828300006
          ],
          [
            103.843794618,
            1.36625339100004
          ],
          [
            103.843779603,
            1.36623435000007
          ],
          [
            103.843769387,
            1.36622139200004
          ],
          [
            103.843755491,
            1.36620376900004
          ],
          [
            103.843748382,
            1.36619506900008
          ],
          [
            103.843746391,
            1.36619223200005
          ],
          [
            103.843741438,
            1.36618423300007
          ],
          [
            103.843739304,
            1.36618133000006
          ],
          [
            103.843737314,
            1.36617894700004
          ],
          [
            103.843736132,
            1.36617765400006
          ],
          [
            103.843733102,
            1.36617467900003
          ],
          [
            103.843731073,
            1.36617299900006
          ],
          [
            103.843726942,
            1.36617001200004
          ],
          [
            103.843721669,
            1.36616604200002
          ],
          [
            103.843718288,
            1.36616352500004
          ],
          [
            103.843714897,
            1.36616058700003
          ],
          [
            103.843712625,
            1.36615846400001
          ],
          [
            103.843710758,
            1.36615659200002
          ],
          [
            103.84370825,
            1.36615386800002
          ],
          [
            103.843705831,
            1.36615098800006
          ],
          [
            103.843702794,
            1.36614695600003
          ],
          [
            103.843675802,
            1.36610795600005
          ],
          [
            103.843646651,
            1.36606591100002
          ],
          [
            103.843625916,
            1.36603594700005
          ],
          [
            103.843596693,
            1.36599371800002
          ],
          [
            103.843556028,
            1.36593495500006
          ],
          [
            103.843529537,
            1.36589788400006
          ],
          [
            103.843495269,
            1.36585049500007
          ],
          [
            103.843463564,
            1.36580659400003
          ],
          [
            103.843427669,
            1.36575606700007
          ],
          [
            103.843415537,
            1.36574358200005
          ],
          [
            103.84337785,
            1.36570158000006
          ],
          [
            103.843363637,
            1.36566678300004
          ],
          [
            103.843359769,
            1.36563405000003
          ],
          [
            103.843313412,
            1.36553692700005
          ],
          [
            103.843279453,
            1.36546577900003
          ],
          [
            103.843254587,
            1.36541368200005
          ],
          [
            103.843231966,
            1.36536628200001
          ],
          [
            103.843204136,
            1.36530517500006
          ],
          [
            103.843190081,
            1.36527431200004
          ],
          [
            103.843182315,
            1.36525694100004
          ],
          [
            103.843178596,
            1.36524617000003
          ],
          [
            103.843173006,
            1.36522951900002
          ],
          [
            103.843167339,
            1.36521116100006
          ],
          [
            103.843155448,
            1.36518505200007
          ],
          [
            103.843138302,
            1.36514713500003
          ],
          [
            103.843127405,
            1.36512343300005
          ],
          [
            103.843116342,
            1.36509912300004
          ],
          [
            103.843114649,
            1.36509135500006
          ],
          [
            103.843112866,
            1.36508041400002
          ],
          [
            103.843111474,
            1.36506742500006
          ],
          [
            103.843110592,
            1.36505400700001
          ],
          [
            103.843109868,
            1.36503411300002
          ],
          [
            103.843106246,
            1.36502204500004
          ],
          [
            103.843094267,
            1.36499542000007
          ],
          [
            103.843089596,
            1.36498729600003
          ],
          [
            103.843084309,
            1.36497966000007
          ],
          [
            103.843078474,
            1.36497271000006
          ],
          [
            103.843072633,
            1.36496688700002
          ],
          [
            103.843052257,
            1.36494601900004
          ],
          [
            103.843034356,
            1.36492296600005
          ],
          [
            103.843019159,
            1.36489802300002
          ],
          [
            103.843011006,
            1.36488111700003
          ],
          [
            103.842959235,
            1.36476759400005
          ],
          [
            103.842912194,
            1.36466420600005
          ],
          [
            103.842889311,
            1.36461391200005
          ],
          [
            103.842861632,
            1.36447600500003
          ],
          [
            103.842862875,
            1.36447592700004
          ]
        ]
      },
      "properties": {
        "OBJECTID": 32,
        "pcn_loop": "Central Urban Loop",
        "pcn": "Ang Mo Kio Park Connector",
        "descriptionHTML": "Ang Mo Kio Park Connector runs from the cross junction of Ang Mo Kio Ave 1 and Marymount Road, along Ang Mo Kio Ave 6 before ending at Ang Mo Kio Town Garden West. It passes through the Ang Mo Kio heartlands to connect residents to Bishan-Ang Mo Kio Park and Ang Mo Kio Town Garden West.",
        "address": "Ang Mo Kio Park Connector starts at Ang Mo Kio Ave 1 and runs along Ang Mo Kio Ave 6 before ending at Ang Mo Kio St 12",
        "Shape__Length": 917.3226846124677
      }
    },
    {
      "type": "Feature",
      "id": 33,
      "geometry": {
        "type": "LineString",
        "coordinates": [
          [
            103.879792422,
            1.35325762000002
          ],
          [
            103.879836056,
            1.35325459000007
          ],
          [
            103.879894736,
            1.35323641700006
          ],
          [
            103.879945893,
            1.35317584300004
          ],
          [
            103.880013599,
            1.35309861000007
          ],
          [
            103.880063252,
            1.35308498000006
          ],
          [
            103.881250409,
            1.35319096100004
          ],
          [
            103.881521242,
            1.35319852700008
          ],
          [
            103.882977728,
            1.35333478800004
          ],
          [
            103.884580162,
            1.35347256000005
          ],
          [
            103.884683983,
            1.35347861500003
          ],
          [
            103.884870241,
            1.35335850500008
          ],
          [
            103.884921412,
            1.35338183300007
          ],
          [
            103.884938319,
            1.35339106200007
          ],
          [
            103.88499608,
            1.35342259000004
          ],
          [
            103.885019314,
            1.35343343500005
          ],
          [
            103.885054664,
            1.35344392900004
          ],
          [
            103.885091107,
            1.35344945700006
          ],
          [
            103.885103378,
            1.35345096400004
          ],
          [
            103.88511524,
            1.35345446400004
          ],
          [
            103.885126377,
            1.35345986300006
          ],
          [
            103.885149408,
            1.35347901400006
          ],
          [
            103.885174138,
            1.35349588300005
          ],
          [
            103.885186782,
            1.35350224500008
          ],
          [
            103.8852039,
            1.35351250600007
          ],
          [
            103.885214399,
            1.35352123900003
          ],
          [
            103.885226014,
            1.35352839900002
          ],
          [
            103.885238515,
            1.35353384200004
          ],
          [
            103.885251652,
            1.35353746100002
          ],
          [
            103.885270899,
            1.35354052300005
          ],
          [
            103.885289428,
            1.35354658900007
          ],
          [
            103.88530678,
            1.35355550900005
          ],
          [
            103.885322525,
            1.35356706300006
          ],
          [
            103.885339027,
            1.35358349600005
          ],
          [
            103.885358054,
            1.35359688200003
          ],
          [
            103.885379057,
            1.35360683400005
          ],
          [
            103.885418773,
            1.35362040300004
          ],
          [
            103.885451992,
            1.35363406900007
          ],
          [
            103.885481446,
            1.35364816100002
          ],
          [
            103.885514552,
            1.35366751500003
          ],
          [
            103.885538823,
            1.35368197200005
          ],
          [
            103.885576543,
            1.35370195000008
          ],
          [
            103.885621918,
            1.35372416000008
          ],
          [
            103.885641172,
            1.35373228000002
          ],
          [
            103.885684113,
            1.35374910300003
          ],
          [
            103.885704511,
            1.35375715400004
          ],
          [
            103.885760779,
            1.35378596500003
          ],
          [
            103.885783843,
            1.35379908500005
          ],
          [
            103.885805244,
            1.35381321900008
          ],
          [
            103.885848241,
            1.35384140100007
          ],
          [
            103.885893618,
            1.35386551000006
          ],
          [
            103.885940994,
            1.35388534300006
          ],
          [
            103.885976827,
            1.35389764200005
          ],
          [
            103.886011045,
            1.35391394700001
          ],
          [
            103.886043206,
            1.35393405000001
          ],
          [
            103.886070753,
            1.35395568100005
          ],
          [
            103.886100635,
            1.35397390000003
          ],
          [
            103.88613244,
            1.35398845800006
          ],
          [
            103.886165724,
            1.35399915000004
          ],
          [
            103.886209412,
            1.35401512800006
          ],
          [
            103.886251388,
            1.35403522300003
          ],
          [
            103.886291269,
            1.35405925400004
          ],
          [
            103.886328693,
            1.35408700000003
          ],
          [
            103.886346926,
            1.35409966300006
          ],
          [
            103.886377341,
            1.35411742300004
          ],
          [
            103.886409306,
            1.35413217100005
          ],
          [
            103.886442527,
            1.35414376900007
          ],
          [
            103.886475143,
            1.35415478700002
          ],
          [
            103.886505945,
            1.35417021400001
          ],
          [
            103.886534345,
            1.35418975800008
          ],
          [
            103.886578186,
            1.35421704800007
          ],
          [
            103.886624206,
            1.35424042300002
          ],
          [
            103.886672062,
            1.35425970800002
          ],
          [
            103.886713002,
            1.35427357600001
          ],
          [
            103.886751833,
            1.35429262300005
          ],
          [
            103.88678791,
            1.35431653400003
          ],
          [
            103.886829397,
            1.35434376600006
          ],
          [
            103.886873088,
            1.35436724600002
          ],
          [
            103.886918651,
            1.35438679400005
          ],
          [
            103.886965737,
            1.35440225900004
          ],
          [
            103.886989489,
            1.35441079800006
          ],
          [
            103.88700816,
            1.35441894700006
          ],
          [
            103.887025463,
            1.35442973100004
          ],
          [
            103.887041031,
            1.35444292400008
          ],
          [
            103.88707896,
            1.35447051200003
          ],
          [
            103.88711936,
            1.35449428100004
          ],
          [
            103.887161853,
            1.35451401200002
          ],
          [
            103.887206041,
            1.35452951700005
          ],
          [
            103.887243861,
            1.35454115900006
          ],
          [
            103.887271012,
            1.35455391100004
          ],
          [
            103.887331636,
            1.35458883800006
          ],
          [
            103.887372438,
            1.35461155400003
          ],
          [
            103.887419923,
            1.35463412200006
          ],
          [
            103.887435381,
            1.35464402100007
          ],
          [
            103.887451414,
            1.35465791600006
          ],
          [
            103.887469193,
            1.35467154800004
          ],
          [
            103.887501346,
            1.35469120300006
          ],
          [
            103.88752475,
            1.35470293100003
          ],
          [
            103.887555295,
            1.35471445300005
          ],
          [
            103.887587016,
            1.35472363700006
          ],
          [
            103.887612225,
            1.35473179200006
          ],
          [
            103.887678384,
            1.35476375100006
          ],
          [
            103.887698177,
            1.35477595900005
          ],
          [
            103.887724874,
            1.35479505300003
          ],
          [
            103.887754148,
            1.35480983300004
          ],
          [
            103.887785317,
            1.35481995400004
          ],
          [
            103.887828726,
            1.35483583300003
          ],
          [
            103.887870143,
            1.35485641000002
          ],
          [
            103.887909067,
            1.35488143400005
          ],
          [
            103.887954823,
            1.35490923700008
          ],
          [
            103.888012546,
            1.35493850200004
          ],
          [
            103.888091052,
            1.35497493300005
          ],
          [
            103.888165087,
            1.35500755800007
          ],
          [
            103.888242561,
            1.35504632300007
          ],
          [
            103.888322025,
            1.35508279300006
          ],
          [
            103.888342926,
            1.35509404100003
          ],
          [
            103.888411695,
            1.35513085600007
          ],
          [
            103.888468677,
            1.35516614400006
          ],
          [
            103.888491722,
            1.35517946000004
          ],
          [
            103.888512586,
            1.35518845800005
          ],
          [
            103.888558397,
            1.35520707700003
          ],
          [
            103.888604117,
            1.35523120000005
          ],
          [
            103.888662636,
            1.35526751100003
          ],
          [
            103.888699957,
            1.35529181100002
          ],
          [
            103.888736638,
            1.35531019200004
          ],
          [
            103.888800857,
            1.35534055300007
          ],
          [
            103.888838702,
            1.35535694900005
          ],
          [
            103.888861944,
            1.35536700500005
          ],
          [
            103.888882259,
            1.35538249700005
          ],
          [
            103.888904767,
            1.35539453300004
          ],
          [
            103.888928893,
            1.35540280800006
          ],
          [
            103.888953992,
            1.35541040100003
          ],
          [
            103.888977722,
            1.35542160300003
          ],
          [
            103.888999572,
            1.35543617200006
          ],
          [
            103.889019073,
            1.35545379600004
          ],
          [
            103.88906001,
            1.35548288200004
          ],
          [
            103.88910437,
            1.35550634200007
          ],
          [
            103.889151393,
            1.35552377200002
          ],
          [
            103.889200273,
            1.35553487700003
          ],
          [
            103.889250176,
            1.35553946600002
          ],
          [
            103.889285698,
            1.35554495600006
          ],
          [
            103.889320519,
            1.35555390200006
          ],
          [
            103.889354311,
            1.35556621500005
          ],
          [
            103.889377249,
            1.35557506600002
          ],
          [
            103.889401341,
            1.35557989700003
          ],
          [
            103.889425898,
            1.35558056800004
          ],
          [
            103.889450216,
            1.35557706100002
          ],
          [
            103.889503097,
            1.35556896700008
          ],
          [
            103.889556471,
            1.35556542800003
          ],
          [
            103.889609951,
            1.35556647000003
          ],
          [
            103.889663149,
            1.35557208700004
          ],
          [
            103.889704379,
            1.35557440400003
          ],
          [
            103.889745639,
            1.35557270700003
          ],
          [
            103.889786544,
            1.35556701100006
          ],
          [
            103.889809593,
            1.35556113200003
          ],
          [
            103.889833286,
            1.35555911200004
          ],
          [
            103.88985699,
            1.35556100500003
          ],
          [
            103.889880069,
            1.35556676200002
          ],
          [
            103.889930662,
            1.35555466000005
          ],
          [
            103.890077177,
            1.35556257900002
          ],
          [
            103.890091763,
            1.35557884900004
          ],
          [
            103.890171699,
            1.35557089100007
          ],
          [
            103.890451068,
            1.35556427300003
          ],
          [
            103.890846437,
            1.35555458000004
          ],
          [
            103.890867055,
            1.35555369700005
          ],
          [
            103.891347679,
            1.35554532400005
          ],
          [
            103.891699394,
            1.35553650900004
          ],
          [
            103.891716562,
            1.35553650900004
          ]
        ]
      },
      "properties": {
        "OBJECTID": 33,
        "pcn_loop": "Central Urban Loop",
        "pcn": "Jalan Pelikat Park Connector",
        "descriptionHTML": "Jalan Pelikat Park Connector stretches from Kampong Sireh to Hougang Ave 3, connecting Upper Serangoon to Hougang. It serves as a recreation/exercise area for both private and public residential areas in between the two estates.",
        "address": "Jalan Pelikat Park Connector starts at Kg Sireh runs along Jalan Pelikat and Hougang Street 22 before ending at Hougang Ave 3.",
        "Shape__Length": 1403.6240215960302
      }
    },
    {
      "type": "Feature",
      "id": 166,
      "geometry": {
        "type": "LineString",
        "coordinates": [
          [
            103.865709861,
            1.32868118400006
          ],
          [
            103.865879673,
            1.32864570600002
          ],
          [
            103.866056377,
            1.32858791100005
          ],
          [
            103.866175443,
            1.32855002700007
          ],
          [
            103.866262378,
            1.32852053300007
          ],
          [
            103.866401827,
            1.32847492300004
          ],
          [
            103.866553479,
            1.32842532200004
          ],
          [
            103.866672122,
            1.32838651700007
          ],
          [
            103.866806943,
            1.32834242000007
          ],
          [
            103.866926127,
            1.32831108500005
          ],
          [
            103.867054508,
            1.32827088400007
          ],
          [
            103.867158245,
            1.32823780300004
          ],
          [
            103.867241343,
            1.32821130300005
          ],
          [
            103.867320998,
            1.32818590100004
          ],
          [
            103.867394003,
            1.32816130800007
          ],
          [
            103.867498706,
            1.32812823600004
          ],
          [
            103.867588762,
            1.32810005000004
          ],
          [
            103.867668231,
            1.32807486100006
          ],
          [
            103.8677517,
            1.32804840500005
          ],
          [
            103.867807689,
            1.32802006100006
          ],
          [
            103.867858138,
            1.32799452100005
          ],
          [
            103.867915895,
            1.32796528200003
          ],
          [
            103.867991972,
            1.32788871100009
          ],
          [
            103.868035494,
            1.32783430400002
          ],
          [
            103.868123639,
            1.32776780500005
          ],
          [
            103.868174531,
            1.32772941100006
          ],
          [
            103.868290193,
            1.32764215300006
          ],
          [
            103.868410394,
            1.32757017600004
          ],
          [
            103.86853364,
            1.32751198200002
          ],
          [
            103.868626454,
            1.32745684900004
          ],
          [
            103.868656602,
            1.32741967800008
          ],
          [
            103.868669259,
            1.32730849900002
          ],
          [
            103.868690489,
            1.32720909000005
          ],
          [
            103.868621409,
            1.32711177600005
          ],
          [
            103.868533442,
            1.326982566
          ],
          [
            103.868483515,
            1.32692035300005
          ],
          [
            103.868457361,
            1.32677917900002
          ],
          [
            103.868436434,
            1.32657384000003
          ],
          [
            103.868433582,
            1.32641308000006
          ],
          [
            103.86842407,
            1.32627190500004
          ],
          [
            103.868392844,
            1.32607335300002
          ],
          [
            103.868364629,
            1.32591059200007
          ],
          [
            103.86833372,
            1.32572634800004
          ],
          [
            103.868302812,
            1.32553731600006
          ],
          [
            103.868268671,
            1.32535836900008
          ],
          [
            103.868216915,
            1.32526242700004
          ],
          [
            103.86820059,
            1.32519491200003
          ],
          [
            103.868182494,
            1.32512304600004
          ],
          [
            103.868179165,
            1.32508526600003
          ],
          [
            103.868129533,
            1.32498083900004
          ],
          [
            103.868063968,
            1.32490365400002
          ],
          [
            103.868008,
            1.32476683800008
          ],
          [
            103.867942373,
            1.32463355700003
          ],
          [
            103.867889504,
            1.32452618400003
          ],
          [
            103.867841785,
            1.32444806300003
          ],
          [
            103.867806254,
            1.32438989300003
          ],
          [
            103.867753395,
            1.32430335800007
          ],
          [
            103.867726575,
            1.32425945000004
          ],
          [
            103.867702659,
            1.32422029600003
          ],
          [
            103.867671727,
            1.32416965800008
          ],
          [
            103.867646442,
            1.32412826100005
          ],
          [
            103.867627648,
            1.32409749300006
          ],
          [
            103.867586438,
            1.32403002800004
          ]
        ]
      },
      "properties": {
        "OBJECTID": 166,
        "pcn_loop": "Central Urban Loop",
        "pcn": "Woodsville Park Connector",
        "descriptionHTML": "",
        "address": "",
        "Shape__Length": 768.707560957765
      }
    },
    {
      "type": "Feature",
      "id": 170,
      "geometry": {
        "type": "LineString",
        "coordinates": [
          [
            103.868029595,
            1.32792530700005
          ],
          [
            103.868091981,
            1.32808304000003
          ],
          [
            103.868145238,
            1.32825608600007
          ],
          [
            103.868241629,
            1.32850413100003
          ],
          [
            103.868294924,
            1.32863067800002
          ],
          [
            103.868247471,
            1.32879178500001
          ],
          [
            103.868272006,
            1.32879867600001
          ],
          [
            103.868293689,
            1.32880614100001
          ],
          [
            103.8683148,
            1.32882164600005
          ],
          [
            103.868327924,
            1.32884346900005
          ],
          [
            103.868349607,
            1.32889917300002
          ],
          [
            103.868366154,
            1.32894281700004
          ],
          [
            103.868388979,
            1.32900081900004
          ],
          [
            103.86841865,
            1.32908064200007
          ],
          [
            103.868435198,
            1.32913577200003
          ],
          [
            103.86845631,
            1.32922363500007
          ],
          [
            103.868485682,
            1.32934788600004
          ],
          [
            103.868504419,
            1.32942401200006
          ],
          [
            103.868521058,
            1.32949161100003
          ],
          [
            103.868541955,
            1.32957651400005
          ],
          [
            103.868559091,
            1.32964613400003
          ],
          [
            103.868577993,
            1.32972293100005
          ],
          [
            103.868600702,
            1.32981519600003
          ],
          [
            103.868615106,
            1.32987416800006
          ],
          [
            103.868630634,
            1.32993774100004
          ],
          [
            103.86864045,
            1.32998220700006
          ],
          [
            103.868653121,
            1.33003544800004
          ],
          [
            103.868669017,
            1.33010224500004
          ],
          [
            103.868679202,
            1.33014503600003
          ],
          [
            103.868691516,
            1.33019677900005
          ],
          [
            103.868702771,
            1.33024406900006
          ],
          [
            103.868710954,
            1.33027845400005
          ],
          [
            103.86872448,
            1.33033719600008
          ],
          [
            103.868735333,
            1.33038432600005
          ],
          [
            103.868748752,
            1.33042874200003
          ],
          [
            103.868758442,
            1.33047283600007
          ],
          [
            103.868763017,
            1.33050971400007
          ],
          [
            103.868771577,
            1.33054531900008
          ],
          [
            103.868779628,
            1.33057962500003
          ],
          [
            103.868791811,
            1.33063153300003
          ],
          [
            103.868801004,
            1.33067070400005
          ],
          [
            103.868808867,
            1.33070420900003
          ],
          [
            103.868824644,
            1.33076813600006
          ],
          [
            103.868834915,
            1.33080546400002
          ],
          [
            103.868814458,
            1.33083171300007
          ],
          [
            103.868766529,
            1.33084779300004
          ],
          [
            103.868718601,
            1.33086387400004
          ],
          [
            103.868657738,
            1.33088990800007
          ],
          [
            103.868587747,
            1.33092206900006
          ],
          [
            103.868608698,
            1.33098393200004
          ],
          [
            103.868630584,
            1.33104855900006
          ],
          [
            103.868666561,
            1.33116412500005
          ],
          [
            103.868702087,
            1.33127824100006
          ],
          [
            103.868738778,
            1.33139610400002
          ],
          [
            103.868779946,
            1.33152834800006
          ],
          [
            103.868813327,
            1.33163557500007
          ],
          [
            103.86885607,
            1.33177287600006
          ],
          [
            103.868901202,
            1.33191785200007
          ],
          [
            103.868933156,
            1.33202581500005
          ],
          [
            103.86895484,
            1.33209702400006
          ],
          [
            103.868969676,
            1.33214756000007
          ],
          [
            103.868985653,
            1.33219809700006
          ],
          [
            103.868995093,
            1.33225445000004
          ],
          [
            103.868997678,
            1.33228142600006
          ]
        ]
      },
      "properties": {
        "OBJECTID": 170,
        "pcn_loop": "Central Urban Loop",
        "pcn": "Potong Pasir Park Connector",
        "descriptionHTML": "",
        "address": "",
        "Shape__Length": 528.8245812813512
      }
    },
    {
      "type": "Feature",
      "id": 204,
      "geometry": {
        "type": "LineString",
        "coordinates": [
          [
            103.84976119,
            1.32869905700006
          ],
          [
            103.849875981,
            1.32863766400004
          ],
          [
            103.850036429,
            1.32855185300002
          ],
          [
            103.850207779,
            1.32846020900006
          ],
          [
            103.850347928,
            1.32839491100002
          ],
          [
            103.850445789,
            1.32834234300003
          ],
          [
            103.850622378,
            1.32825650800003
          ],
          [
            103.850978991,
            1.32806986800006
          ],
          [
            103.851422903,
            1.32783556200006
          ],
          [
            103.851608343,
            1.32773908200004
          ],
          [
            103.851860539,
            1.32760872000006
          ],
          [
            103.852023155,
            1.32752372700003
          ],
          [
            103.852347245,
            1.32735431300007
          ],
          [
            103.852529261,
            1.32726013100005
          ],
          [
            103.852778604,
            1.32712689800008
          ],
          [
            103.852965184,
            1.32703041900005
          ],
          [
            103.853423931,
            1.32678003200005
          ],
          [
            103.853643034,
            1.32666689900003
          ],
          [
            103.853831326,
            1.32656869700002
          ],
          [
            103.853939736,
            1.32651299200006
          ],
          [
            103.854068687,
            1.32644178000005
          ],
          [
            103.854171392,
            1.32637803500007
          ],
          [
            103.854284938,
            1.32631027000002
          ],
          [
            103.854379654,
            1.32625111900006
          ],
          [
            103.854456682,
            1.32620288000003
          ],
          [
            103.854486277,
            1.32618338900003
          ]
        ]
      },
      "properties": {
        "OBJECTID": 204,
        "pcn_loop": "Central Urban Loop",
        "pcn": "Whampoa Park Connector",
        "descriptionHTML": "Starting from Toa Payoh Town Park, Whampoa Park Connector runs along Sungei Whampoa and joins up with Kallang Park Connector at Bendemeer Road. It contains two PUB Active, Beautiful, Clean Water programme features on both banks of the Kallang River – River Vista and Kolam Ayer Waterfront. The park connector takes you through Jalan Rajah, Kim Keat, Whampoa, St George’s and Bendemeer residential estates. You can also enjoy a wide range of food outlets along Balestier Road, with some operating around the clock.",
        "address": "Whampoa Park Connector starts at Jalan Rajah, across Toa Payoh Town Park and runs along Sungei Whampoa before ending at Bendemeer Road",
        "Shape__Length": 596.1105424442068
      }
    },
    {
      "type": "Feature",
      "id": 205,
      "geometry": {
        "type": "LineString",
        "coordinates": [
          [
            103.852651374,
            1.36035216000004
          ],
          [
            103.852748082,
            1.36057805500009
          ],
          [
            103.852847643,
            1.36081061400005
          ],
          [
            103.85294202,
            1.36103106500001
          ],
          [
            103.85305195,
            1.36128784200001
          ],
          [
            103.853150289,
            1.36151754500003
          ],
          [
            103.853216862,
            1.36196260500004
          ],
          [
            103.853273925,
            1.36244595100004
          ],
          [
            103.85322638,
            1.36299151100006
          ],
          [
            103.853131285,
            1.36339350200006
          ],
          [
            103.853002905,
            1.36384335000003
          ],
          [
            103.852703349,
            1.36440326800005
          ],
          [
            103.852570213,
            1.36462819300005
          ],
          [
            103.852422812,
            1.36491054500003
          ],
          [
            103.852056686,
            1.36551353300006
          ],
          [
            103.851837962,
            1.36590595500007
          ],
          [
            103.851509877,
            1.36649937200002
          ],
          [
            103.851205564,
            1.36705450400008
          ],
          [
            103.850977331,
            1.36746128300007
          ],
          [
            103.850744342,
            1.36786806000002
          ],
          [
            103.850563656,
            1.36819348200004
          ],
          [
            103.850435275,
            1.36855240400005
          ],
          [
            103.850303915,
            1.36895148000002
          ]
        ]
      },
      "properties": {
        "OBJECTID": 205,
        "pcn_loop": "Central Urban Loop",
        "pcn": "Ang Mo Kio Avenue 8 Linear Park",
        "descriptionHTML": "Ang Mo Kio Avenue 8 Linear Park is part of the Ang Mo Kio Walking and Cycling Town. Phase 1 of the linear park is completed and connects people from the Ang Mo Kio MRT Station to Bishan - Ang Mo Kio Park. About 1km long, it was previously an underused concrete space but is now lined with shrubs and butterfly-attracting plants. There is also a bicycle self-service station for cyclists to carry out basic maintenance on their bikes.  A special feature of this linear park is a large outdoor terrarium across the road from Teck Ghee Primary School. Measuring about 4m long, the terrarium is a microcosm of a rainforest environment, with plants that are representative of the forest understorey, including those that grow on substrates such as barks and trees. This is the first time that a large terrarium is displayed in an outdoor setting.",
        "address": "",
        "Shape__Length": 1049.1482545696003
      }
    },
    {
      "type": "Feature",
      "id": 206,
      "geometry": {
        "type": "LineString",
        "coordinates": [
          [
            103.842458337,
            1.36381699700007
          ],
          [
            103.842435595,
            1.36380009700001
          ],
          [
            103.842365099,
            1.36389920000005
          ],
          [
            103.842307493,
            1.36396921900007
          ],
          [
            103.842192766,
            1.36407763700003
          ],
          [
            103.842151984,
            1.36411258800005
          ],
          [
            103.842038296,
            1.36416597600002
          ],
          [
            103.841936691,
            1.36418896500003
          ],
          [
            103.841733108,
            1.36423210200007
          ],
          [
            103.841531831,
            1.36424513600003
          ],
          [
            103.841061093,
            1.36436477700005
          ],
          [
            103.840694963,
            1.36447006100003
          ],
          [
            103.840637818,
            1.36451980500003
          ],
          [
            103.840473603,
            1.36459971900008
          ],
          [
            103.840358163,
            1.36466733600003
          ],
          [
            103.840125266,
            1.36473079200003
          ],
          [
            103.840020646,
            1.36475690600003
          ],
          [
            103.83990092,
            1.36479224800007
          ],
          [
            103.83980172,
            1.36482142700003
          ],
          [
            103.839610879,
            1.36488718700002
          ],
          [
            103.839404735,
            1.36496383900003
          ],
          [
            103.839176359,
            1.36504875700006
          ],
          [
            103.838951138,
            1.36513825900004
          ],
          [
            103.838879312,
            1.36516726500003
          ],
          [
            103.83888893,
            1.36518275700007
          ],
          [
            103.838818887,
            1.36520372000007
          ],
          [
            103.83874568,
            1.36520999000005
          ],
          [
            103.838666973,
            1.36524098400002
          ],
          [
            103.838586601,
            1.36528794300006
          ],
          [
            103.838509837,
            1.36532923500004
          ],
          [
            103.838424718,
            1.36535064700008
          ],
          [
            103.83834352,
            1.36532821500003
          ],
          [
            103.838211777,
            1.36537762800004
          ],
          [
            103.838075489,
            1.36539433700006
          ],
          [
            103.837884733,
            1.36540338700007
          ],
          [
            103.837711955,
            1.36540789300006
          ],
          [
            103.837513564,
            1.36545989100005
          ],
          [
            103.837340981,
            1.36551201600003
          ],
          [
            103.837165815,
            1.36555956000007
          ],
          [
            103.837052166,
            1.36558059100003
          ],
          [
            103.836931315,
            1.36560011800003
          ],
          [
            103.836757489,
            1.36562941000005
          ],
          [
            103.836625218,
            1.36569814200004
          ],
          [
            103.836484189,
            1.36580988200006
          ],
          [
            103.836428738,
            1.36583990900005
          ],
          [
            103.836349507,
            1.36586651700002
          ],
          [
            103.836190511,
            1.36589547400006
          ],
          [
            103.836019271,
            1.36592792500005
          ],
          [
            103.835885532,
            1.36603314300003
          ],
          [
            103.835819806,
            1.36608782900004
          ],
          [
            103.835660747,
            1.36617610800004
          ],
          [
            103.835470417,
            1.36623970300007
          ],
          [
            103.835263434,
            1.36627930200006
          ],
          [
            103.83519507,
            1.36637781100006
          ],
          [
            103.835023217,
            1.36648095300006
          ],
          [
            103.834783823,
            1.36657870300007
          ],
          [
            103.834578641,
            1.36665626700005
          ],
          [
            103.834435668,
            1.36672195100006
          ],
          [
            103.834273713,
            1.36678992000003
          ],
          [
            103.834122567,
            1.36682715400002
          ],
          [
            103.833923178,
            1.36686828200002
          ],
          [
            103.833698267,
            1.36694430600005
          ],
          [
            103.833547048,
            1.36697040100005
          ],
          [
            103.833378247,
            1.36694593700003
          ],
          [
            103.833199012,
            1.36701772600002
          ],
          [
            103.832934103,
            1.36713004800003
          ],
          [
            103.832828207,
            1.36715580300006
          ],
          [
            103.832642242,
            1.36726094600003
          ],
          [
            103.832565062,
            1.36728676200006
          ],
          [
            103.832474677,
            1.36730685900005
          ],
          [
            103.832262422,
            1.36734483400003
          ],
          [
            103.832137508,
            1.36734847900003
          ],
          [
            103.832019548,
            1.36737911800003
          ],
          [
            103.831958017,
            1.36741386100005
          ],
          [
            103.831878133,
            1.36744934400001
          ],
          [
            103.831808779,
            1.36746568400002
          ],
          [
            103.831673139,
            1.36746620400004
          ],
          [
            103.8315672,
            1.36746733100006
          ],
          [
            103.831379587,
            1.36751053500007
          ],
          [
            103.831283711,
            1.36750943500004
          ],
          [
            103.831159977,
            1.36748421600003
          ],
          [
            103.831063371,
            1.36744317900001
          ],
          [
            103.830890727,
            1.36738139700005
          ],
          [
            103.830791065,
            1.36737491600007
          ],
          [
            103.830650284,
            1.36740222300004
          ],
          [
            103.830586463,
            1.36743300800003
          ],
          [
            103.830480709,
            1.36747159600002
          ],
          [
            103.830384911,
            1.36750826800005
          ],
          [
            103.830309283,
            1.36757159900003
          ],
          [
            103.830204518,
            1.36760800200005
          ],
          [
            103.83012383,
            1.36763342500008
          ],
          [
            103.830081272,
            1.36762547200004
          ],
          [
            103.829970627,
            1.36758027700006
          ],
          [
            103.829907288,
            1.36750946700006
          ],
          [
            103.82982333,
            1.36746495100004
          ],
          [
            103.829673651,
            1.36747523400004
          ],
          [
            103.829581235,
            1.36750457500005
          ],
          [
            103.829519338,
            1.36753981000002
          ],
          [
            103.829427111,
            1.36756159200006
          ],
          [
            103.829368164,
            1.36754933100001
          ],
          [
            103.829270471,
            1.36749097200004
          ],
          [
            103.829225762,
            1.36747026000005
          ],
          [
            103.829126297,
            1.36746895900006
          ],
          [
            103.829027392,
            1.36748057500005
          ],
          [
            103.828912504,
            1.36747417100002
          ],
          [
            103.828822389,
            1.36749420500006
          ],
          [
            103.828767394,
            1.36754469200002
          ],
          [
            103.828640742,
            1.36765122800005
          ]
        ]
      },
      "properties": {
        "OBJECTID": 206,
        "pcn_loop": "Central Urban Loop",
        "pcn": "Bishan Ang Mo Kio Park",
        "descriptionHTML": "As one of the largest urban parks in central Singapore, Bishan-Ang Mo Kio Park is a great place for families to have a fun day out. Under the PUB’s Active, Beautiful and Clean Waters (ABC) Programme, the old concrete canal has been de-concretised and naturalised into a beautiful 3 km meandering river with lush banks of wildflowers. Aside from its unique waterways, the park features lush greenery, Pond Gardens and River Plains, making it a popular choice with nearby residents for recreational activities.",
        "address": "",
        "Shape__Length": 1661.3222847462457
      }
    },
    {
      "type": "Feature",
      "id": 207,
      "geometry": {
        "type": "LineString",
        "coordinates": [
          [
            103.869038848,
            1.30504179100006
          ],
          [
            103.869059059,
            1.30513707500005
          ],
          [
            103.869085688,
            1.30524235800004
          ],
          [
            103.869168424,
            1.30540123900005
          ],
          [
            103.869227385,
            1.30551417800007
          ],
          [
            103.869296807,
            1.30564626000005
          ],
          [
            103.869343983,
            1.30573682800001
          ],
          [
            103.869388102,
            1.30580896900005
          ],
          [
            103.869447063,
            1.30591520900002
          ],
          [
            103.869506975,
            1.30601953300004
          ],
          [
            103.86967625,
            1.30620425600006
          ],
          [
            103.869789417,
            1.30633155100003
          ],
          [
            103.869896078,
            1.30643189500005
          ],
          [
            103.870028454,
            1.30654904400007
          ],
          [
            103.870201911,
            1.30667193600003
          ],
          [
            103.870441557,
            1.30682411400006
          ],
          [
            103.87064982,
            1.30700787900002
          ],
          [
            103.870843346,
            1.30722514200005
          ],
          [
            103.870985362,
            1.30764116800002
          ],
          [
            103.871050032,
            1.30790533300006
          ],
          [
            103.871088075,
            1.30819629700004
          ],
          [
            103.871012002,
            1.30850257700007
          ],
          [
            103.870929842,
            1.30868175100005
          ],
          [
            103.870805839,
            1.30890150800001
          ],
          [
            103.870714548,
            1.30903531600005
          ],
          [
            103.870634668,
            1.30913007200005
          ],
          [
            103.870623259,
            1.30931383900002
          ],
          [
            103.870594734,
            1.30953206300006
          ],
          [
            103.87057417,
            1.30973621000004
          ],
          [
            103.870743658,
            1.30972852600008
          ],
          [
            103.870828153,
            1.30969977600005
          ],
          [
            103.87085397,
            1.30976925000004
          ],
          [
            103.870874418,
            1.30984310700005
          ],
          [
            103.870892735,
            1.30991931500005
          ],
          [
            103.870950497,
            1.30994599600007
          ],
          [
            103.871078876,
            1.30993163800003
          ],
          [
            103.871223898,
            1.30992445700001
          ],
          [
            103.871346573,
            1.30993701700004
          ],
          [
            103.871505237,
            1.30992319800002
          ],
          [
            103.871625582,
            1.30994899700006
          ],
          [
            103.871803888,
            1.30994899500008
          ],
          [
            103.871963176,
            1.30998727700006
          ],
          [
            103.872167636,
            1.31009255700007
          ],
          [
            103.872292842,
            1.31016399800006
          ],
          [
            103.872498505,
            1.31021693900005
          ],
          [
            103.872622718,
            1.31024891300006
          ],
          [
            103.872770784,
            1.31028702700007
          ],
          [
            103.872742629,
            1.31035662700002
          ],
          [
            103.872713848,
            1.31042777500004
          ],
          [
            103.8726661,
            1.31054580800003
          ],
          [
            103.87263754,
            1.31061641000001
          ],
          [
            103.872603776,
            1.31069987200004
          ],
          [
            103.872561231,
            1.31080504500005
          ],
          [
            103.872523076,
            1.31089936400002
          ],
          [
            103.872493484,
            1.31097251700002
          ],
          [
            103.872444369,
            1.31109392800005
          ],
          [
            103.872396991,
            1.31121104700001
          ],
          [
            103.872356253,
            1.31131175100007
          ],
          [
            103.872324483,
            1.31139028800002
          ],
          [
            103.872292122,
            1.31147028500005
          ],
          [
            103.872255555,
            1.31156068000006
          ],
          [
            103.872226589,
            1.31163228500001
          ],
          [
            103.872193657,
            1.31171369000004
          ],
          [
            103.872175267,
            1.31170004100006
          ],
          [
            103.872134796,
            1.31166365500007
          ],
          [
            103.872072957,
            1.31160805700005
          ],
          [
            103.872067524,
            1.31160133400004
          ],
          [
            103.872018391,
            1.31154054400001
          ],
          [
            103.871917478,
            1.31145336300007
          ],
          [
            103.871855248,
            1.31139960200004
          ],
          [
            103.871749975,
            1.31128427300007
          ],
          [
            103.871680871,
            1.31123113800005
          ],
          [
            103.871632455,
            1.31119390900005
          ],
          [
            103.871572078,
            1.31114748500005
          ],
          [
            103.871493323,
            1.31108692800006
          ],
          [
            103.871443529,
            1.31105524700006
          ],
          [
            103.871348096,
            1.31099452800003
          ],
          [
            103.871264611,
            1.31094141000005
          ],
          [
            103.871157948,
            1.31087354600003
          ],
          [
            103.871071526,
            1.31081856100007
          ],
          [
            103.870972345,
            1.31075545600005
          ]
        ]
      },
      "properties": {
        "OBJECTID": 207,
        "pcn_loop": "Central Urban Loop",
        "pcn": "Kallang Riverside Park",
        "descriptionHTML": "Built on both sides of the Kallang River, Kallang Riverside Park is a haven for water sports enthusiasts and adrenaline junkies alike. With its fitness equipment, jogging cum cycling tracks and water sports facilities, the park provides endless hours of fun both on land and in water. Dragon boat teams and canoeists can practise and display their skills in the Kallang River while fitness enthusiasts jog and cycle on the tracks, which come complete with distance markers. Alternatively, head down to the café for an outdoor dining experience or cheer on the competitors in the water sports tournaments that are regularly held at the park. Designated fishing zones allow anglers to cast their rods to hook their next big catch.",
        "address": "",
        "Shape__Length": 1236.4500082967393
      }
    },
    {
      "type": "Feature",
      "id": 217,
      "geometry": {
        "type": "LineString",
        "coordinates": [
          [
            103.844486263,
            1.37583291000002
          ],
          [
            103.844387546,
            1.37595598900003
          ],
          [
            103.844323794,
            1.37608885600001
          ],
          [
            103.844143336,
            1.37605467700007
          ],
          [
            103.843876394,
            1.37597627800004
          ],
          [
            103.84363091,
            1.37585604700007
          ],
          [
            103.843760526,
            1.37560010700001
          ],
          [
            103.843865496,
            1.37532644900006
          ],
          [
            103.843946772,
            1.37503817300005
          ],
          [
            103.843974982,
            1.37477332900005
          ],
          [
            103.84397035,
            1.37445859100007
          ],
          [
            103.843979383,
            1.37418616600007
          ],
          [
            103.84403041,
            1.37392513300005
          ],
          [
            103.844085982,
            1.37362343000007
          ],
          [
            103.844091293,
            1.37333760300004
          ],
          [
            103.844035597,
            1.37311317300002
          ],
          [
            103.843855754,
            1.37286609900002
          ],
          [
            103.843519119,
            1.37272805000004
          ],
          [
            103.84322055,
            1.37267818600003
          ],
          [
            103.842792606,
            1.37270690100007
          ],
          [
            103.842458774,
            1.37260042600001
          ],
          [
            103.842140052,
            1.37240873300004
          ],
          [
            103.841913119,
            1.37231970800002
          ],
          [
            103.841712617,
            1.37234711300003
          ],
          [
            103.841565682,
            1.37250185000004
          ],
          [
            103.841565829,
            1.37279304700008
          ],
          [
            103.841510148,
            1.37318452500005
          ],
          [
            103.841362883,
            1.37364797400005
          ],
          [
            103.841118724,
            1.37402500200005
          ],
          [
            103.840963942,
            1.37435525700004
          ],
          [
            103.840955382,
            1.37481250100007
          ],
          [
            103.84108657,
            1.37526934500004
          ],
          [
            103.841366129,
            1.37554955500002
          ],
          [
            103.841689533,
            1.37565997600006
          ],
          [
            103.842241042,
            1.37566440600005
          ],
          [
            103.84266547,
            1.37562415300005
          ],
          [
            103.843031326,
            1.37564557100007
          ],
          [
            103.843304297,
            1.37571483700003
          ],
          [
            103.84363091,
            1.37585604700007
          ]
        ]
      },
      "properties": {
        "OBJECTID": 217,
        "pcn_loop": "Central Urban Loop",
        "pcn": "Ang Mo Kio Town Garden West",
        "descriptionHTML": "Built on a hillock with lush and spreading greenery, Ang Mo Kio Town Garden West is a great place for nature lovers and fitness enthusiasts alike. Recreational runners looking for a challenge can jog on the many footpaths meandering through the forest and flowing over the hilly terrain. Nature lovers can enjoy the secondary forest which has plants such as Dillenia and Vitex growing plentiful. Visitors can also climb a 120-step staircase to the plaza area to enjoy a bird’s eye view of Ang Mo Kio Town Garden West.",
        "address": "",
        "Shape__Length": 1367.7797328268869
      }
    },
    {
      "type": "Feature",
      "id": 218,
      "geometry": {
        "type": "LineString",
        "coordinates": [
          [
            103.849501025,
            1.32992774500002
          ],
          [
            103.849505445,
            1.33006463800006
          ],
          [
            103.849577837,
            1.33005868400005
          ],
          [
            103.849594913,
            1.33025557600008
          ],
          [
            103.849639098,
            1.33025207000002
          ],
          [
            103.849648365,
            1.33036247000007
          ],
          [
            103.84964835,
            1.33034332900006
          ],
          [
            103.849642375,
            1.33040425200006
          ],
          [
            103.849571256,
            1.33041979300004
          ],
          [
            103.849530714,
            1.33044796900003
          ],
          [
            103.849478934,
            1.33048395400003
          ],
          [
            103.849464282,
            1.33046856800007
          ],
          [
            103.849412114,
            1.33045864900004
          ],
          [
            103.849360244,
            1.33045370900003
          ],
          [
            103.849329131,
            1.33044206700004
          ],
          [
            103.849295453,
            1.33044070800002
          ],
          [
            103.849258453,
            1.33059792600005
          ],
          [
            103.84921612,
            1.33077782000002
          ],
          [
            103.849030832,
            1.33073651000006
          ],
          [
            103.848769668,
            1.33068270200005
          ],
          [
            103.848527924,
            1.33063134000002
          ],
          [
            103.848351487,
            1.33059368800003
          ],
          [
            103.848099001,
            1.33053761300004
          ],
          [
            103.84807938,
            1.33053505800006
          ],
          [
            103.848052103,
            1.33059174800007
          ],
          [
            103.848007286,
            1.33058251700003
          ]
        ]
      },
      "properties": {
        "OBJECTID": 218,
        "pcn_loop": "Central Urban Loop",
        "pcn": "Toa Payoh Town Park",
        "descriptionHTML": "Developed in the seventies, Toa Payoh Town Park was a popular venue for wedding couples, especially those who wished to capture the style and fashion of the seventies. With a large pavilion, landscaped pond, rustic-looking gazebos and amenities such as open-concept restrooms, the park still retains its charm and beauty, and is a great place for families to gather for recreation.",
        "address": "",
        "Shape__Length": 293.7752690289472
      }
    },
    {
      "type": "Feature",
      "id": 254,
      "geometry": {
        "type": "LineString",
        "coordinates": [
          [
            103.81922055,
            1.33047671500002
          ],
          [
            103.819206977,
            1.33057221100005
          ],
          [
            103.819158477,
            1.33071936800007
          ],
          [
            103.819146506,
            1.33075178700005
          ],
          [
            103.819124968,
            1.33077760000004
          ],
          [
            103.818443532,
            1.33108886800005
          ],
          [
            103.817740562,
            1.33140156400003
          ],
          [
            103.817665816,
            1.33142745800006
          ],
          [
            103.81760118,
            1.33143939800004
          ],
          [
            103.817504217,
            1.33144049300005
          ],
          [
            103.817400498,
            1.33141916900006
          ],
          [
            103.817292811,
            1.33136614500006
          ],
          [
            103.817040512,
            1.33123971700007
          ],
          [
            103.816912959,
            1.33118215200005
          ],
          [
            103.816862474,
            1.33115936800003
          ],
          [
            103.816731671,
            1.33110033500003
          ],
          [
            103.816584377,
            1.33109915700004
          ],
          [
            103.816456712,
            1.33109723500006
          ],
          [
            103.816271612,
            1.33111614200003
          ],
          [
            103.816190386,
            1.33112494400006
          ],
          [
            103.816112537,
            1.33110942500002
          ],
          [
            103.816030026,
            1.33109297700002
          ],
          [
            103.815924102,
            1.33107186100006
          ],
          [
            103.815858177,
            1.33105871900006
          ],
          [
            103.815740419,
            1.33090834700005
          ],
          [
            103.815570542,
            1.33068901500006
          ],
          [
            103.815475039,
            1.33055101200005
          ],
          [
            103.815341876,
            1.33035858900006
          ],
          [
            103.815304873,
            1.33030511900006
          ],
          [
            103.815219938,
            1.33018034400005
          ],
          [
            103.815053747,
            1.32991353100006
          ],
          [
            103.814982753,
            1.32979955500001
          ],
          [
            103.814915068,
            1.32969089000004
          ],
          [
            103.814801939,
            1.32951221600007
          ],
          [
            103.814708543,
            1.32937915100007
          ],
          [
            103.814563246,
            1.32917213900004
          ],
          [
            103.814432143,
            1.32890037200001
          ],
          [
            103.814333585,
            1.32869606900005
          ],
          [
            103.814213896,
            1.32833766300007
          ],
          [
            103.814201598,
            1.32828688400003
          ],
          [
            103.814140129,
            1.32794312700002
          ],
          [
            103.81413028,
            1.32779323200002
          ],
          [
            103.814098866,
            1.32735238000003
          ],
          [
            103.814071117,
            1.32691169400004
          ],
          [
            103.814053793,
            1.32662311900002
          ],
          [
            103.814033773,
            1.32628963900004
          ],
          [
            103.814003771,
            1.32578987900007
          ],
          [
            103.813972728,
            1.32534011300003
          ],
          [
            103.813926107,
            1.32506365400007
          ],
          [
            103.813886609,
            1.32482942700004
          ],
          [
            103.813844564,
            1.32458009900004
          ],
          [
            103.813820744,
            1.32441425400003
          ],
          [
            103.813808267,
            1.32435154900002
          ],
          [
            103.813793862,
            1.32427943200002
          ],
          [
            103.813806829,
            1.32422928200002
          ],
          [
            103.813811398,
            1.32421101400007
          ],
          [
            103.813814287,
            1.32418191100004
          ]
        ]
      },
      "properties": {
        "OBJECTID": 254,
        "pcn_loop": "Central Urban Loop",
        "pcn": "Adam Park Connector",
        "descriptionHTML": "Adam Park Connector starts for Kheam Hock Park, a cozy respite nestled within the Kheam Hock residential estate along Kheam Hock Road. The park connector leads visitors past the Pan Island Expressway and along Adam Road towards Adam Food Centre, where visitors may stop for local favourite dishes.",
        "address": "Adam Park Connector starts at Kheam Hock Park and runs along the Pan Island Expressway and Adam Road, ending at Adam Food Centre.",
        "Shape__Length": 1245.8943479495263
      }
    },
    {
      "type": "Feature",
      "id": 258,
      "geometry": {
        "type": "LineString",
        "coordinates": [
          [
            103.827811999,
            1.37765801200005
          ],
          [
            103.82774065,
            1.37819450900002
          ],
          [
            103.827716144,
            1.37837877500004
          ],
          [
            103.827689311,
            1.37847854700003
          ],
          [
            103.82760958,
            1.37864703000003
          ],
          [
            103.827475774,
            1.37883647100004
          ],
          [
            103.827316202,
            1.37906239300002
          ],
          [
            103.827239654,
            1.37912806900005
          ],
          [
            103.82690651,
            1.37928970000008
          ],
          [
            103.826576356,
            1.37944685800004
          ],
          [
            103.826322939,
            1.37956518600005
          ],
          [
            103.826253408,
            1.37959668700005
          ],
          [
            103.826175999,
            1.37962854800003
          ],
          [
            103.826095979,
            1.37966051300002
          ],
          [
            103.826039578,
            1.37968304400003
          ],
          [
            103.825928851,
            1.37968950300005
          ],
          [
            103.825751413,
            1.37968726100007
          ],
          [
            103.825689598,
            1.37967768900005
          ],
          [
            103.825526979,
            1.37963413900008
          ],
          [
            103.825396693,
            1.37958006200005
          ],
          [
            103.825235024,
            1.37950684200007
          ],
          [
            103.825128988,
            1.37943936400007
          ],
          [
            103.824993473,
            1.37935465800005
          ],
          [
            103.824782428,
            1.37916423900004
          ],
          [
            103.824646481,
            1.37900891900004
          ],
          [
            103.824536538,
            1.37888573500005
          ],
          [
            103.824477285,
            1.37882009000002
          ],
          [
            103.824423054,
            1.37876001000007
          ],
          [
            103.82439681,
            1.37873093500002
          ],
          [
            103.82432383,
            1.37868256600006
          ],
          [
            103.824258474,
            1.37863924900006
          ],
          [
            103.824229483,
            1.37862003500004
          ],
          [
            103.82413926,
            1.37861342100006
          ],
          [
            103.824021609,
            1.37861755900002
          ],
          [
            103.82392501,
            1.37864047300008
          ],
          [
            103.823848906,
            1.37865838900007
          ],
          [
            103.823729921,
            1.37872078600003
          ],
          [
            103.823669924,
            1.37875184100004
          ],
          [
            103.823564684,
            1.37884355800002
          ],
          [
            103.823530432,
            1.37887340800005
          ],
          [
            103.823476985,
            1.37893356500006
          ],
          [
            103.823423987,
            1.37899321800004
          ],
          [
            103.823353507,
            1.37907254500003
          ],
          [
            103.823274806,
            1.37916112700003
          ],
          [
            103.823209102,
            1.37923507800002
          ],
          [
            103.823105888,
            1.37935125000007
          ],
          [
            103.823034981,
            1.37942909500004
          ],
          [
            103.822954978,
            1.37951549900004
          ],
          [
            103.822900658,
            1.37957416400007
          ],
          [
            103.822793056,
            1.37964203500007
          ],
          [
            103.822728681,
            1.37968185600004
          ],
          [
            103.822694218,
            1.37968607400007
          ],
          [
            103.822628732,
            1.37969408900004
          ],
          [
            103.822587948,
            1.37969312200005
          ],
          [
            103.822485379,
            1.37967445200006
          ],
          [
            103.822434272,
            1.37966436500005
          ],
          [
            103.822186704,
            1.37960356300005
          ],
          [
            103.822147412,
            1.37959200300002
          ],
          [
            103.822102566,
            1.37958478600006
          ],
          [
            103.822050081,
            1.37957043600005
          ],
          [
            103.821939276,
            1.37954181700007
          ],
          [
            103.82167861,
            1.37954810400003
          ],
          [
            103.821464401,
            1.37961703700007
          ],
          [
            103.821364351,
            1.37967657900003
          ],
          [
            103.821291785,
            1.37971976400007
          ],
          [
            103.821225141,
            1.37978619600005
          ],
          [
            103.821151047,
            1.37986005500004
          ],
          [
            103.82107054,
            1.37999655300007
          ],
          [
            103.82100991,
            1.38009935000003
          ],
          [
            103.82094925,
            1.38024785200003
          ],
          [
            103.820927828,
            1.38030050000003
          ],
          [
            103.820908305,
            1.38034809100004
          ],
          [
            103.820823256,
            1.38039098100006
          ],
          [
            103.820722137,
            1.38043554600006
          ],
          [
            103.820655642,
            1.38046051300006
          ],
          [
            103.820539995,
            1.38049371900008
          ],
          [
            103.820485337,
            1.38050941400006
          ],
          [
            103.820317345,
            1.38050805600004
          ],
          [
            103.82024662,
            1.38050743300005
          ],
          [
            103.820084951,
            1.38050444100002
          ],
          [
            103.819925653,
            1.38049858200003
          ],
          [
            103.819769398,
            1.38048966000002
          ],
          [
            103.819686128,
            1.38048589500003
          ],
          [
            103.81948705,
            1.38043490500006
          ],
          [
            103.819304816,
            1.38038846100004
          ],
          [
            103.819124424,
            1.38034062000001
          ],
          [
            103.818976836,
            1.38030487000002
          ],
          [
            103.81876893,
            1.38025188300002
          ],
          [
            103.818754016,
            1.38024639600006
          ],
          [
            103.818515323,
            1.38015779900006
          ],
          [
            103.818307581,
            1.38007837400004
          ],
          [
            103.818105996,
            1.38005354200005
          ],
          [
            103.81797876,
            1.38009726900004
          ],
          [
            103.817907352,
            1.38012158000003
          ],
          [
            103.817875566,
            1.38013321900008
          ],
          [
            103.817812824,
            1.38015507600006
          ],
          [
            103.817752567,
            1.38027137700003
          ],
          [
            103.817725638,
            1.38032334900002
          ],
          [
            103.817746407,
            1.38053019200002
          ],
          [
            103.817786023,
            1.38067985700007
          ],
          [
            103.817801194,
            1.38073198300003
          ],
          [
            103.817903425,
            1.38091084600007
          ],
          [
            103.818000271,
            1.38109080500003
          ],
          [
            103.818104445,
            1.38128073900001
          ],
          [
            103.818255955,
            1.38155698100007
          ],
          [
            103.818385389,
            1.38179134000006
          ],
          [
            103.818506249,
            1.38200446100005
          ],
          [
            103.818574045,
            1.38212401100003
          ],
          [
            103.818736723,
            1.38242788800005
          ],
          [
            103.818934052,
            1.38276587200006
          ],
          [
            103.819150995,
            1.38314034700006
          ],
          [
            103.819260042,
            1.38333428600004
          ],
          [
            103.819330545,
            1.38357392800003
          ],
          [
            103.819351207,
            1.38380285000004
          ],
          [
            103.819373522,
            1.38410217300004
          ],
          [
            103.819400655,
            1.38449006300004
          ],
          [
            103.819427369,
            1.38492300000007
          ],
          [
            103.819438302,
            1.38511817200004
          ],
          [
            103.819447738,
            1.38528662300007
          ],
          [
            103.819407946,
            1.38541469700003
          ],
          [
            103.819313019,
            1.38565791900003
          ],
          [
            103.819130674,
            1.38606489000005
          ],
          [
            103.819030256,
            1.38629278900004
          ],
          [
            103.818937086,
            1.38650954100006
          ],
          [
            103.818845953,
            1.38660877800002
          ],
          [
            103.818775964,
            1.38664863400003
          ],
          [
            103.818646145,
            1.38672256100006
          ],
          [
            103.818397248,
            1.38669818000004
          ],
          [
            103.818179524,
            1.38666045500003
          ],
          [
            103.818026637,
            1.38661577300008
          ],
          [
            103.817911422,
            1.38656276500006
          ],
          [
            103.817632291,
            1.38644051300002
          ],
          [
            103.817380937,
            1.38633672400005
          ],
          [
            103.817210433,
            1.38640245300007
          ],
          [
            103.817068795,
            1.38646329900006
          ],
          [
            103.816938311,
            1.386506401
          ],
          [
            103.816814036,
            1.38659910600007
          ],
          [
            103.816765689,
            1.38668030200005
          ],
          [
            103.816697448,
            1.38687689800003
          ],
          [
            103.816704661,
            1.38692659000003
          ],
          [
            103.816730106,
            1.38708943100004
          ],
          [
            103.816780203,
            1.38732241400003
          ],
          [
            103.816881335,
            1.38760591900005
          ],
          [
            103.817058246,
            1.38783018400006
          ],
          [
            103.817241504,
            1.38794599200001
          ],
          [
            103.817569475,
            1.38810477200001
          ],
          [
            103.817796629,
            1.38821474500003
          ],
          [
            103.817905141,
            1.38833030700004
          ],
          [
            103.817982601,
            1.38851141100002
          ],
          [
            103.817979391,
            1.38872993500008
          ],
          [
            103.817944911,
            1.38884739300003
          ],
          [
            103.817798755,
            1.38902910700006
          ],
          [
            103.817733141,
            1.38921921300005
          ],
          [
            103.817687583,
            1.38961900800006
          ],
          [
            103.81766429,
            1.38985788700006
          ],
          [
            103.817832637,
            1.39050904800007
          ],
          [
            103.817979973,
            1.39105674800003
          ]
        ]
      },
      "properties": {
        "OBJECTID": 258,
        "pcn_loop": "Central Urban Loop",
        "pcn": "Old Upper Thomson Park Connector",
        "descriptionHTML": "Located in a rich biodiversity and historical area, Old Upper Thomson Park Connector runs through the the iconic Old Upper Thomson Road which was once used for motor racing during the golden days. Users can enjoy a tranquil walk, filled with flora and fauna while immersing in rich history found at the Upper Peirce Reservoir and Thomson Nature Park.",
        "address": "",
        "Shape__Length": 2995.0534710984525
      }
    },
    {
      "type": "Feature",
      "id": 279,
      "geometry": {
        "type": "LineString",
        "coordinates": [
          [
            103.818252217,
            1.33551614300006
          ],
          [
            103.818776935,
            1.33667940600002
          ],
          [
            103.818986004,
            1.33713678000004
          ],
          [
            103.819392219,
            1.33817368600007
          ],
          [
            103.81967261,
            1.33879852000007
          ],
          [
            103.819874223,
            1.33914146700005
          ],
          [
            103.820155841,
            1.33947465100003
          ],
          [
            103.82066275,
            1.33988934100005
          ],
          [
            103.821077018,
            1.34009937600006
          ],
          [
            103.822175933,
            1.34049285600003
          ],
          [
            103.823709393,
            1.34100641200006
          ],
          [
            103.824844356,
            1.34132838400006
          ],
          [
            103.825626096,
            1.34133913800001
          ],
          [
            103.827150517,
            1.34128401800006
          ],
          [
            103.827148483,
            1.34128409100004
          ],
          [
            103.8273984,
            1.34127505400005
          ],
          [
            103.827690835,
            1.34125410100006
          ],
          [
            103.827811537,
            1.34122626000005
          ],
          [
            103.827930618,
            1.34119207200007
          ],
          [
            103.828047749,
            1.34115163000008
          ],
          [
            103.828162606,
            1.34110504800003
          ],
          [
            103.828274871,
            1.34105245300002
          ],
          [
            103.828384233,
            1.34099399100005
          ],
          [
            103.828490391,
            1.34092982400006
          ],
          [
            103.828562733,
            1.34089162600002
          ],
          [
            103.828562899,
            1.34089153500001
          ],
          [
            103.828580043,
            1.34088199300004
          ],
          [
            103.828643451,
            1.34084501100005
          ],
          [
            103.828704422,
            1.34080814000003
          ],
          [
            103.828720545,
            1.34079839000004
          ],
          [
            103.828759551,
            1.34077655300007
          ],
          [
            103.82879992,
            1.34075738800003
          ],
          [
            103.828849253,
            1.34073826100006
          ],
          [
            103.828899934,
            1.34072312200004
          ],
          [
            103.828951647,
            1.34071206700002
          ],
          [
            103.829004068,
            1.34070516400004
          ],
          [
            103.829047494,
            1.34070263000006
          ],
          [
            103.829083171,
            1.34070268100003
          ],
          [
            103.829118794,
            1.34070464900005
          ],
          [
            103.829118949,
            1.34070466200006
          ],
          [
            103.829124586,
            1.34070515200006
          ],
          [
            103.829285219,
            1.34071978600003
          ],
          [
            103.829299332,
            1.34072107200006
          ],
          [
            103.829370068,
            1.34072751500001
          ],
          [
            103.829404034,
            1.34073061000004
          ],
          [
            103.829405064,
            1.34073070400007
          ],
          [
            103.829530109,
            1.34074209700002
          ],
          [
            103.830537021,
            1.34081680200007
          ]
        ]
      },
      "properties": {
        "OBJECTID": 279,
        "pcn_loop": "Central Urban Loop",
        "pcn": "Lornie Park Connector",
        "descriptionHTML": "Located along Lornie Road, the 1.76 km long Lornie Park Connector is part of the Lornie Nature Corridor that comprises a Nature Way, a Park Connector, and abuts the Central Catchment Nature Reserve.",
        "address": "",
        "Shape__Length": 1705.4349521628774
      }
    },
    {
      "type": "Feature",
      "id": 292,
      "geometry": {
        "type": "LineString",
        "coordinates": [
          [
            103.850362887,
            1.35688987800006
          ],
          [
            103.850382171,
            1.35687169900006
          ],
          [
            103.850476765,
            1.35676515800003
          ],
          [
            103.850581382,
            1.35668163800006
          ],
          [
            103.850724395,
            1.35655431700006
          ],
          [
            103.850938295,
            1.35636388600004
          ],
          [
            103.851076911,
            1.35624047800006
          ],
          [
            103.851122856,
            1.35619204300002
          ],
          [
            103.851193797,
            1.35612818300006
          ],
          [
            103.851260882,
            1.35607880000004
          ],
          [
            103.851329109,
            1.35601826600004
          ],
          [
            103.851512128,
            1.35585511600003
          ],
          [
            103.851535974,
            1.35583508100008
          ],
          [
            103.851657287,
            1.35574627400007
          ],
          [
            103.851757508,
            1.35567227600005
          ],
          [
            103.851797994,
            1.35563648800006
          ],
          [
            103.851943393,
            1.35550271200002
          ],
          [
            103.852079993,
            1.35537545100004
          ],
          [
            103.852173494,
            1.35523589800005
          ],
          [
            103.852285068,
            1.35505976800005
          ],
          [
            103.852424174,
            1.35484229300005
          ],
          [
            103.852563095,
            1.35462491800006
          ],
          [
            103.852682915,
            1.35443759100001
          ],
          [
            103.852880678,
            1.35412840800005
          ],
          [
            103.853070129,
            1.35383221900002
          ],
          [
            103.853289073,
            1.35349032200003
          ],
          [
            103.853341438,
            1.35338188100007
          ],
          [
            103.853388577,
            1.35328254100004
          ],
          [
            103.853414105,
            1.35324525500005
          ],
          [
            103.853452181,
            1.35319892600007
          ],
          [
            103.853548453,
            1.35308283900001
          ],
          [
            103.853592799,
            1.35301586000002
          ],
          [
            103.853733532,
            1.35279778600006
          ],
          [
            103.853763041,
            1.35275772800003
          ],
          [
            103.853794684,
            1.35271894700002
          ],
          [
            103.853839133,
            1.35266975700005
          ],
          [
            103.853948067,
            1.35255240400004
          ],
          [
            103.854034212,
            1.35245960700008
          ],
          [
            103.854190613,
            1.35229133100005
          ],
          [
            103.854278399,
            1.35219687900006
          ],
          [
            103.854415941,
            1.35204889400005
          ],
          [
            103.854506671,
            1.35195127500003
          ],
          [
            103.854651508,
            1.35179591900005
          ],
          [
            103.854783906,
            1.35165429900007
          ],
          [
            103.854993591,
            1.35143001200004
          ],
          [
            103.855001718,
            1.35142137600006
          ]
        ]
      },
      "properties": {
        "OBJECTID": 292,
        "pcn_loop": "Central Urban Loop",
        "pcn": "Kallang Park Connector",
        "descriptionHTML": "Stretching along the Kallang River, the Kallang Park Connector links Bishan-Ang Mo Kio Park to Kallang Riverside Park where you have the chance to see foraging birds, monitor lizards and squirrels along the riverbank. It takes you through several residential estates in the Central region – Bishan, Toa Payoh, Potong Pasir, Serangoon, Bendemeer, Upper Boon Keng and Kallang. Enjoy the lush greenery at Kolam Ayer Waterfront, part of PUB’s Active, Beautiful, Clean Waters programme, along Kallang River. This park connector also meets Whampoa Park Connector from Bendemeer Road, providing you with easy accessibility to Toa Payoh Town Park.",
        "address": "Kallang Park Connector starts at Bishan Road and runs along Kallang River before ending at Sims Ave",
        "Shape__Length": 805.0123348702045
      }
    },
    {
      "type": "Feature",
      "id": 293,
      "geometry": {
        "type": "LineString",
        "coordinates": [
          [
            103.842862875,
            1.36447592700004
          ],
          [
            103.843199838,
            1.36445488700002
          ],
          [
            103.843118409,
            1.36417624900002
          ],
          [
            103.843128207,
            1.36412672100004
          ],
          [
            103.843129716,
            1.36410469000003
          ],
          [
            103.843119564,
            1.36399103100007
          ],
          [
            103.843120491,
            1.36393083300005
          ],
          [
            103.843162176,
            1.36382449600005
          ]
        ]
      },
      "properties": {
        "OBJECTID": 293,
        "pcn_loop": "Central Urban Loop",
        "pcn": "Ang Mo Kio Park Connector",
        "descriptionHTML": "Ang Mo Kio Park Connector runs from the cross junction of Ang Mo Kio Ave 1 and Marymount Road, along Ang Mo Kio Ave 6 before ending at Ang Mo Kio Town Garden West. It passes through the Ang Mo Kio heartlands to connect residents to Bishan-Ang Mo Kio Park and Ang Mo Kio Town Garden West.",
        "address": "Ang Mo Kio Park Connector starts at Ang Mo Kio Ave 1 and runs along Ang Mo Kio Ave 6 before ending at Ang Mo Kio St 12",
        "Shape__Length": 110.1159005266603
      }
    },
    {
      "type": "Feature",
      "id": 294,
      "geometry": {
        "type": "LineString",
        "coordinates": [
          [
            103.843118409,
            1.36417624900002
          ],
          [
            103.842939281,
            1.36419640800005
          ],
          [
            103.842774286,
            1.36421068300006
          ],
          [
            103.842738326,
            1.36410834800006
          ],
          [
            103.84271614,
            1.36403774200004
          ],
          [
            103.842695779,
            1.36397709200003
          ],
          [
            103.842672638,
            1.36392155300007
          ],
          [
            103.842642572,
            1.36385758900001
          ],
          [
            103.84253766,
            1.36381975300003
          ],
          [
            103.842458337,
            1.36381699700007
          ]
        ]
      },
      "properties": {
        "OBJECTID": 294,
        "pcn_loop": "Central Urban Loop",
        "pcn": "Bishan Ang Mo Kio Park",
        "descriptionHTML": "As one of the largest urban parks in central Singapore, Bishan-Ang Mo Kio Park is a great place for families to have a fun day out. Under the PUB’s Active, Beautiful and Clean Waters (ABC) Programme, the old concrete canal has been de-concretised and naturalised into a beautiful 3 km meandering river with lush banks of wildflowers. Aside from its unique waterways, the park features lush greenery, Pond Gardens and River Plains, making it a popular choice with nearby residents for recreational activities.",
        "address": "",
        "Shape__Length": 101.76448356148694
      }
    },
    {
      "type": "Feature",
      "id": 295,
      "geometry": {
        "type": "LineString",
        "coordinates": [
          [
            103.828136708,
            1.36763607600004
          ],
          [
            103.828095258,
            1.36712769700005
          ],
          [
            103.828081303,
            1.36695732400003
          ],
          [
            103.828073268,
            1.36669723800003
          ],
          [
            103.828040833,
            1.36646324200006
          ],
          [
            103.828006908,
            1.36616872100006
          ],
          [
            103.827997119,
            1.36608373500007
          ],
          [
            103.828003014,
            1.36573121300006
          ],
          [
            103.82796762,
            1.36520789800004
          ],
          [
            103.827929871,
            1.36471318700007
          ],
          [
            103.827857019,
            1.36374542500005
          ],
          [
            103.827810821,
            1.36344287600003
          ],
          [
            103.827775976,
            1.36318560800004
          ],
          [
            103.827827207,
            1.36284047700001
          ],
          [
            103.82784746,
            1.36262222800001
          ],
          [
            103.827862437,
            1.36248963300006
          ],
          [
            103.827868304,
            1.36244729300005
          ],
          [
            103.827913441,
            1.36214061600004
          ],
          [
            103.827990712,
            1.36171408100006
          ],
          [
            103.828028175,
            1.36154863000008
          ]
        ]
      },
      "properties": {
        "OBJECTID": 295,
        "pcn_loop": "Central Urban Loop",
        "pcn": "Upper Thomson Park Connector",
        "descriptionHTML": "Located in a rich biodiversity and historical area, Old Upper Thomson Park Connector runs through the the iconic Old Upper Thomson Road which was once used for motor racing during the golden days. Users can enjoy a tranquil walk, filled with flora and fauna while immersing in rich history found at the Upper Peirce Reservoir and Thomson Nature Park.",
        "address": "",
        "Shape__Length": 682.1624176552815
      }
    }
  ]
}