{
  "type": "FeatureCollection",
  "features": [
    {
      "type": "Feature",
      "id": 268,
      "geometry": {
        "type": "LineString",
        "coordinates": [
          [
            103.722092405,
            1.34434756300004
          ],
          [
            103.722208547,
            1.34442971200001
          ],
          [
            103.722318412,
            1.34450554100004
          ],
          [
            103.722406305,
            1.34453398000006
          ],
          [
            103.722487844,
            1.34454403200004
          ],
          [
            103.722541759,
            1.34454404000006
          ],
          [
            103.722609484,
            1.34449651100006
          ],
          [
            103.722745332,
            1.34440130200007
          ],
          [
            103.722878759,
            1.34433157700004
          ],
          [
            103.722892238,
            1.34433157900002
          ],
          [
            103.72291021,
            1.34432706100007
          ],
          [
            103.72299108,
            1.34433611900003
          ],
          [
            103.723143834,
            1.34435423300004
          ],
          [
            103.723233689,
            1.34436781300008
          ],
          [
            103.723260646,
            1.34436781900008
          ],
          [
            103.723337026,
            1.34435878900006
          ],
          [
            103.723480799,
            1.34434977100006
          ],
          [
            103.723570658,
            1.34433622100004
          ],
          [
            103.723717998,
            1.34434205000001
          ],
          [
            103.723986657,
            1.34436478400005
          ],
          [
            103.724230484,
            1.34437388400004
          ],
          [
            103.724361427,
            1.34437616200006
          ],
          [
            103.724469222,
            1.34437707700004
          ],
          [
            103.724523136,
            1.34437708600006
          ],
          [
            103.724586038,
            1.34436805300005
          ],
          [
            103.724887464,
            1.34427848000006
          ],
          [
            103.725133551,
            1.34420123500005
          ],
          [
            103.725302877,
            1.34414898100004
          ],
          [
            103.7253274,
            1.34412400900003
          ],
          [
            103.725408276,
            1.34409237100004
          ],
          [
            103.725511619,
            1.34404717100004
          ],
          [
            103.725646416,
            1.34398388900007
          ],
          [
            103.725709322,
            1.34394772700005
          ],
          [
            103.725808175,
            1.34388443800003
          ],
          [
            103.725893548,
            1.34383019200005
          ],
          [
            103.72597443,
            1.34377142300001
          ],
          [
            103.726059805,
            1.34370813400004
          ],
          [
            103.726082274,
            1.34368100700004
          ],
          [
            103.726145182,
            1.34363127900002
          ],
          [
            103.726203599,
            1.34357250600004
          ],
          [
            103.726244042,
            1.34353181700005
          ],
          [
            103.72629796,
            1.34350921700007
          ],
          [
            103.726463738,
            1.34332018100001
          ],
          [
            103.72666878,
            1.34317602000003
          ],
          [
            103.726800792,
            1.34313362300002
          ],
          [
            103.727011447,
            1.34309971000005
          ],
          [
            103.727238953,
            1.34309406600006
          ],
          [
            103.727491735,
            1.34315061500005
          ],
          [
            103.727643404,
            1.34320433100004
          ],
          [
            103.727738897,
            1.34326087300002
          ],
          [
            103.727795068,
            1.34335133400003
          ],
          [
            103.727852488,
            1.34350044800003
          ],
          [
            103.727865961,
            1.34353662400003
          ],
          [
            103.727865959,
            1.34355018900003
          ],
          [
            103.727865953,
            1.34358184200005
          ],
          [
            103.727865939,
            1.34366323400007
          ],
          [
            103.72786592,
            1.34378080000005
          ],
          [
            103.72786591,
            1.34384410500006
          ],
          [
            103.727865905,
            1.34387123500005
          ],
          [
            103.727879374,
            1.34393002100006
          ],
          [
            103.727888349,
            1.34398880600003
          ],
          [
            103.72789733,
            1.34401593900002
          ],
          [
            103.727897328,
            1.34403402600002
          ],
          [
            103.727892832,
            1.34404759000005
          ],
          [
            103.72787935,
            1.34407019700005
          ],
          [
            103.72786587,
            1.34408602100006
          ],
          [
            103.727834417,
            1.34410184100006
          ],
          [
            103.727802964,
            1.34411992300004
          ],
          [
            103.728475065,
            1.34411743400004
          ],
          [
            103.728482344,
            1.34382732100005
          ],
          [
            103.728550174,
            1.34368836100004
          ],
          [
            103.728665151,
            1.34357398100001
          ],
          [
            103.728941943,
            1.34343847000002
          ],
          [
            103.729293541,
            1.34333307900005
          ],
          [
            103.729398271,
            1.34331049600006
          ],
          [
            103.729727424,
            1.34327286500008
          ],
          [
            103.72977831,
            1.34327171700005
          ],
          [
            103.729804402,
            1.34326763400003
          ],
          [
            103.729875547,
            1.34325650300001
          ],
          [
            103.729922674,
            1.34324830500003
          ],
          [
            103.730065426,
            1.34319819400001
          ],
          [
            103.730161545,
            1.34315335800005
          ],
          [
            103.730250053,
            1.34309028900003
          ],
          [
            103.730367258,
            1.34297148800005
          ],
          [
            103.730415621,
            1.34290904300003
          ],
          [
            103.730490777,
            1.34277844400002
          ],
          [
            103.730525577,
            1.34264498800007
          ],
          [
            103.730555292,
            1.34246633300005
          ],
          [
            103.730592617,
            1.34225681600003
          ],
          [
            103.73062639,
            1.34210438100007
          ],
          [
            103.730661932,
            1.34194386000007
          ],
          [
            103.730698534,
            1.34178580800005
          ],
          [
            103.730750985,
            1.34155937300003
          ],
          [
            103.730778423,
            1.34146863000006
          ],
          [
            103.730784349,
            1.34144943200005
          ],
          [
            103.730790583,
            1.34142924000003
          ],
          [
            103.730826771,
            1.34131203100003
          ],
          [
            103.730877864,
            1.34114405600008
          ],
          [
            103.730912605,
            1.34103083800005
          ],
          [
            103.730981957,
            1.34084784200007
          ],
          [
            103.731037054,
            1.34070254500005
          ],
          [
            103.731075467,
            1.34060055700008
          ],
          [
            103.731080338,
            1.34059316500002
          ],
          [
            103.731092225,
            1.34057512500004
          ],
          [
            103.731112671,
            1.34054445700002
          ],
          [
            103.731220239,
            1.34038309800007
          ],
          [
            103.731369855,
            1.34019068700007
          ],
          [
            103.731459198,
            1.34009717700008
          ],
          [
            103.731580718,
            1.33997838100003
          ],
          [
            103.731687743,
            1.33993462300003
          ],
          [
            103.731716637,
            1.33991295100004
          ],
          [
            103.731776579,
            1.33986799300004
          ],
          [
            103.731891713,
            1.33978182800008
          ],
          [
            103.732000146,
            1.33968237700003
          ],
          [
            103.732074606,
            1.33959688800008
          ],
          [
            103.732082326,
            1.33958308000007
          ],
          [
            103.732111916,
            1.33953014200005
          ],
          [
            103.73213439,
            1.33947541200006
          ],
          [
            103.732161883,
            1.33939208100002
          ],
          [
            103.732201954,
            1.33928562900007
          ],
          [
            103.732266604,
            1.33911393300003
          ],
          [
            103.732343704,
            1.33890914100005
          ],
          [
            103.732421037,
            1.33868191700003
          ],
          [
            103.732552451,
            1.33843639100007
          ],
          [
            103.732565222,
            1.33841641300005
          ],
          [
            103.732597081,
            1.33836657500007
          ],
          [
            103.732623501,
            1.33832524500002
          ],
          [
            103.732711136,
            1.33820496300008
          ],
          [
            103.732742742,
            1.33816221200003
          ],
          [
            103.732807479,
            1.33807464700005
          ],
          [
            103.732819401,
            1.33805846300004
          ],
          [
            103.732886918,
            1.33796684800007
          ],
          [
            103.732952561,
            1.33787816800003
          ],
          [
            103.733062046,
            1.33772785900005
          ],
          [
            103.733073021,
            1.33771434000004
          ],
          [
            103.733085155,
            1.33770491500006
          ],
          [
            103.733100245,
            1.33769832600005
          ],
          [
            103.733123086,
            1.33769581900003
          ],
          [
            103.733135241,
            1.33769813900005
          ],
          [
            103.733201233,
            1.33775101400004
          ],
          [
            103.733245822,
            1.33778081800006
          ],
          [
            103.733320748,
            1.33783279600004
          ],
          [
            103.733387729,
            1.33787905600002
          ],
          [
            103.733428868,
            1.33790973400005
          ],
          [
            103.733454595,
            1.33792935300004
          ],
          [
            103.733479428,
            1.33795491600006
          ],
          [
            103.73356421,
            1.33804341500006
          ],
          [
            103.733610869,
            1.33810392700001
          ],
          [
            103.733664592,
            1.33819541200006
          ],
          [
            103.733696958,
            1.33826853600004
          ],
          [
            103.733701217,
            1.33828190700007
          ],
          [
            103.733729789,
            1.33837164100005
          ],
          [
            103.73375464,
            1.33850251800004
          ],
          [
            103.733758827,
            1.338610032
          ],
          [
            103.733753651,
            1.33874715100005
          ],
          [
            103.733754713,
            1.33888586600005
          ],
          [
            103.733762382,
            1.33905125800004
          ],
          [
            103.733765638,
            1.33909295300002
          ],
          [
            103.733764285,
            1.33909454600007
          ],
          [
            103.733763311,
            1.33910211900008
          ],
          [
            103.733770867,
            1.33922585600004
          ],
          [
            103.733772832,
            1.33922661000003
          ],
          [
            103.733804112,
            1.33942479100005
          ],
          [
            103.733820873,
            1.33942257300003
          ],
          [
            103.733826034,
            1.33942514200005
          ],
          [
            103.733866681,
            1.33941674900007
          ],
          [
            103.733869937,
            1.33941313500003
          ],
          [
            103.73391318,
            1.33940553100005
          ],
          [
            103.733934725,
            1.33940138000002
          ],
          [
            103.733944799,
            1.33939960400004
          ],
          [
            103.733951472,
            1.33939736800006
          ],
          [
            103.733959258,
            1.33943866600003
          ],
          [
            103.733906013,
            1.33944866300006
          ],
          [
            103.73391073,
            1.33947421700002
          ],
          [
            103.733924413,
            1.33953882400005
          ],
          [
            103.733946249,
            1.33953332500005
          ],
          [
            103.73393141,
            1.33946580100007
          ],
          [
            103.734261547,
            1.33939872100007
          ],
          [
            103.734247002,
            1.33933081500004
          ],
          [
            103.734270007,
            1.33932606100006
          ],
          [
            103.73428314,
            1.33940010400005
          ],
          [
            103.734295561,
            1.33944559500001
          ],
          [
            103.734302428,
            1.33951054600005
          ],
          [
            103.734316316,
            1.33956948700005
          ],
          [
            103.734323636,
            1.33960055300003
          ],
          [
            103.734344845,
            1.33966780100008
          ],
          [
            103.73434919,
            1.33968211400003
          ],
          [
            103.734371141,
            1.33975441700006
          ],
          [
            103.734402371,
            1.33984952500002
          ],
          [
            103.734407029,
            1.33986395600004
          ],
          [
            103.734439877,
            1.33995271100003
          ],
          [
            103.734443702,
            1.33996304800007
          ],
          [
            103.734445247,
            1.33996722200003
          ],
          [
            103.734448094,
            1.33996934700003
          ],
          [
            103.734451859,
            1.33996988700006
          ],
          [
            103.734471783,
            1.33997009300003
          ],
          [
            103.734510785,
            1.33996981700005
          ],
          [
            103.734556917,
            1.33996949100002
          ],
          [
            103.734622821,
            1.33996902500007
          ],
          [
            103.734675303,
            1.33996865500007
          ],
          [
            103.73467554,
            1.33996865300003
          ],
          [
            103.734734851,
            1.33996828900006
          ],
          [
            103.734774384,
            1.33996804700007
          ],
          [
            103.734872554,
            1.33996744500007
          ],
          [
            103.734939109,
            1.33996698000004
          ],
          [
            103.734991055,
            1.33996661700006
          ],
          [
            103.735064239,
            1.33996669300005
          ],
          [
            103.73509396,
            1.33996672400002
          ],
          [
            103.735149779,
            1.33996631000002
          ],
          [
            103.735215014,
            1.33996582700007
          ],
          [
            103.735327465,
            1.33996543000005
          ],
          [
            103.735354875,
            1.33996625900003
          ],
          [
            103.735360882,
            1.33996749200002
          ],
          [
            103.735385399,
            1.33997713200006
          ],
          [
            103.735391297,
            1.33998091800003
          ],
          [
            103.735400478,
            1.33998975700008
          ],
          [
            103.735412411,
            1.34000144000002
          ],
          [
            103.735429222,
            1.34002294500005
          ],
          [
            103.735475596,
            1.34008220300007
          ],
          [
            103.735523044,
            1.34014283200002
          ],
          [
            103.735548493,
            1.34017589000007
          ],
          [
            103.735554971,
            1.34018063300004
          ],
          [
            103.735566167,
            1.34018449400002
          ],
          [
            103.73558197,
            1.34018514200005
          ],
          [
            103.735611084,
            1.34017956000002
          ],
          [
            103.735613435,
            1.34017911000007
          ],
          [
            103.735635239,
            1.34017092400007
          ],
          [
            103.735645298,
            1.34016508100007
          ],
          [
            103.735653135,
            1.34016053100003
          ],
          [
            103.735668359,
            1.340148487
          ],
          [
            103.735684888,
            1.34013311000005
          ],
          [
            103.735695888,
            1.34012321300003
          ],
          [
            103.735696628,
            1.34012252500001
          ],
          [
            103.735760905,
            1.34006272200003
          ],
          [
            103.735777882,
            1.34004862200004
          ],
          [
            103.735778449,
            1.34004818500006
          ],
          [
            103.735818002,
            1.34001804500001
          ],
          [
            103.735899936,
            1.33995563100007
          ],
          [
            103.735940769,
            1.33992455000004
          ],
          [
            103.735969584,
            1.33990261800006
          ],
          [
            103.736092539,
            1.33980980000006
          ],
          [
            103.736198691,
            1.33973170200006
          ],
          [
            103.736272712,
            1.33967821900006
          ],
          [
            103.736377376,
            1.33960270800002
          ],
          [
            103.736389836,
            1.33959293000002
          ],
          [
            103.736390169,
            1.33959267500006
          ],
          [
            103.736439044,
            1.33955564300003
          ],
          [
            103.736499788,
            1.33950724000003
          ],
          [
            103.73653348,
            1.33947853000007
          ],
          [
            103.736556773,
            1.33946182800002
          ],
          [
            103.736662557,
            1.33938821900006
          ],
          [
            103.736724087,
            1.33934651400004
          ],
          [
            103.736741477,
            1.33933380300004
          ],
          [
            103.736770565,
            1.33931250300002
          ],
          [
            103.73681777,
            1.33927793600003
          ],
          [
            103.736901851,
            1.33920757700002
          ],
          [
            103.736915296,
            1.33919581700008
          ],
          [
            103.736951186,
            1.33916824800002
          ],
          [
            103.736986858,
            1.33914084500002
          ],
          [
            103.737017436,
            1.33911735800007
          ],
          [
            103.737038686,
            1.33910103300001
          ],
          [
            103.737111769,
            1.33904525800006
          ],
          [
            103.737130351,
            1.33903172300006
          ],
          [
            103.737215066,
            1.33897003500005
          ],
          [
            103.737265305,
            1.33893255900005
          ],
          [
            103.737294402,
            1.33891085600003
          ],
          [
            103.737331589,
            1.33888195400004
          ],
          [
            103.73737215,
            1.33885042900005
          ],
          [
            103.737395753,
            1.33883208500004
          ],
          [
            103.737438551,
            1.33879955700007
          ],
          [
            103.737489886,
            1.33876053900002
          ],
          [
            103.737503495,
            1.33874836800003
          ],
          [
            103.737569519,
            1.33868932100005
          ],
          [
            103.737597265,
            1.33866473500007
          ],
          [
            103.737607597,
            1.33865540000006
          ],
          [
            103.737650074,
            1.33862283600007
          ],
          [
            103.737650196,
            1.33862274300003
          ],
          [
            103.737723502,
            1.33856788100007
          ],
          [
            103.737773337,
            1.33853049800006
          ],
          [
            103.737783671,
            1.33852276100004
          ],
          [
            103.737804438,
            1.33850744400007
          ],
          [
            103.73782007,
            1.33849591400002
          ],
          [
            103.737855704,
            1.33847076400002
          ],
          [
            103.737864941,
            1.33846198000003
          ],
          [
            103.737884994,
            1.33844586400005
          ],
          [
            103.73792247,
            1.33841600400006
          ],
          [
            103.737973336,
            1.33837516500006
          ],
          [
            103.738053496,
            1.33831120900004
          ],
          [
            103.738135487,
            1.33824566100002
          ],
          [
            103.738222293,
            1.33817643900005
          ],
          [
            103.738250408,
            1.33815400600002
          ],
          [
            103.738292614,
            1.33812003400003
          ],
          [
            103.738303288,
            1.33811164600007
          ],
          [
            103.738338645,
            1.33808379900006
          ],
          [
            103.738396026,
            1.33803846600006
          ],
          [
            103.738469764,
            1.33797969000005
          ],
          [
            103.738572375,
            1.33789873500007
          ],
          [
            103.7386587,
            1.33783042100004
          ],
          [
            103.738735984,
            1.33776978800006
          ],
          [
            103.73878066,
            1.33773435900002
          ],
          [
            103.738832492,
            1.33769331700006
          ],
          [
            103.738843846,
            1.33768490600005
          ],
          [
            103.738864878,
            1.33766808500008
          ],
          [
            103.738888102,
            1.33765014500005
          ],
          [
            103.738922067,
            1.33762404100002
          ],
          [
            103.738973203,
            1.33758359500007
          ],
          [
            103.738997787,
            1.33756393400005
          ],
          [
            103.73904306,
            1.33752803800007
          ],
          [
            103.739137578,
            1.33745315000005
          ],
          [
            103.739217933,
            1.33738941500007
          ],
          [
            103.739266908,
            1.33735007000008
          ],
          [
            103.739293894,
            1.33732893200005
          ],
          [
            103.73934448,
            1.33728836200003
          ],
          [
            103.739441992,
            1.33721035800005
          ],
          [
            103.739539982,
            1.33713215600005
          ],
          [
            103.739554913,
            1.33712054900006
          ],
          [
            103.739577351,
            1.33710820300007
          ],
          [
            103.739598329,
            1.33710309600002
          ],
          [
            103.739616197,
            1.33710380000002
          ],
          [
            103.739664243,
            1.33711205700005
          ],
          [
            103.739733667,
            1.33712391200003
          ],
          [
            103.739751097,
            1.33713213800007
          ],
          [
            103.739851407,
            1.33714653000004
          ],
          [
            103.739924099,
            1.33716478900003
          ],
          [
            103.740091522,
            1.33720316300003
          ],
          [
            103.740317104,
            1.33712449100007
          ],
          [
            103.740335099,
            1.33711887200008
          ],
          [
            103.740554868,
            1.33734378200006
          ],
          [
            103.740857956,
            1.33739475900007
          ],
          [
            103.740887216,
            1.33739838400003
          ],
          [
            103.740912601,
            1.33740152900003
          ],
          [
            103.740940606,
            1.33740930300007
          ],
          [
            103.740960725,
            1.33741757100005
          ],
          [
            103.740988358,
            1.33743923400004
          ],
          [
            103.741017768,
            1.33747651300007
          ],
          [
            103.741030358,
            1.33748497200002
          ],
          [
            103.741062805,
            1.33749155600004
          ],
          [
            103.741086548,
            1.33749965300007
          ],
          [
            103.741134912,
            1.33753253000003
          ],
          [
            103.741151156,
            1.33754985600007
          ],
          [
            103.7411628,
            1.33756291600002
          ],
          [
            103.741222294,
            1.33763480900006
          ],
          [
            103.741268225,
            1.33770313700006
          ],
          [
            103.741341096,
            1.33784653800006
          ],
          [
            103.741374199,
            1.33791116800006
          ],
          [
            103.741460963,
            1.33804792000005
          ],
          [
            103.741468161,
            1.33805890500004
          ],
          [
            103.741531295,
            1.33815526200004
          ],
          [
            103.741568944,
            1.33820927300007
          ],
          [
            103.741626678,
            1.33828671900004
          ],
          [
            103.741670306,
            1.33834525200006
          ],
          [
            103.741688917,
            1.33836475600002
          ],
          [
            103.741702096,
            1.33837916900007
          ],
          [
            103.741738256,
            1.33843681300003
          ],
          [
            103.741741672,
            1.33844140500003
          ],
          [
            103.741765557,
            1.33847351400005
          ],
          [
            103.741778999,
            1.33849160300002
          ],
          [
            103.741799764,
            1.33851970500006
          ],
          [
            103.741805809,
            1.33852795000005
          ],
          [
            103.741880949,
            1.33862978300005
          ],
          [
            103.741890864,
            1.33863878300002
          ],
          [
            103.741898569,
            1.33864881900007
          ],
          [
            103.741901628,
            1.33865475600004
          ],
          [
            103.741905681,
            1.33866298600002
          ],
          [
            103.741963195,
            1.33874080200007
          ],
          [
            103.741994677,
            1.33878293900006
          ],
          [
            103.742027323,
            1.33882663200005
          ],
          [
            103.742030607,
            1.33883360600004
          ],
          [
            103.742033509,
            1.33883769000004
          ],
          [
            103.742076095,
            1.33889812900001
          ],
          [
            103.742079549,
            1.33890982700006
          ],
          [
            103.742076648,
            1.33892395100002
          ],
          [
            103.74207436,
            1.33893508300002
          ],
          [
            103.742064439,
            1.33897226900007
          ],
          [
            103.742058239,
            1.33899324500003
          ],
          [
            103.742052727,
            1.33901276100004
          ],
          [
            103.742085215,
            1.33905728300004
          ],
          [
            103.742074717,
            1.33909699000003
          ],
          [
            103.742183303,
            1.33924136300003
          ],
          [
            103.742221496,
            1.33924243200005
          ],
          [
            103.742263868,
            1.33926063000007
          ],
          [
            103.742278186,
            1.33928115000002
          ],
          [
            103.742379468,
            1.33936333500001
          ],
          [
            103.742449193,
            1.33941713600006
          ],
          [
            103.74245873,
            1.33943023900001
          ],
          [
            103.742462576,
            1.33944736400001
          ],
          [
            103.742474881,
            1.33947458700004
          ],
          [
            103.742506563,
            1.33952965200007
          ],
          [
            103.742543038,
            1.33956667800004
          ],
          [
            103.742587072,
            1.33960355600004
          ],
          [
            103.742593022,
            1.33961390000007
          ],
          [
            103.742597311,
            1.33963224200005
          ],
          [
            103.742618967,
            1.33967681000008
          ],
          [
            103.742644752,
            1.33971718300005
          ],
          [
            103.742676283,
            1.33975083400002
          ],
          [
            103.74268187,
            1.33975571300005
          ],
          [
            103.742721288,
            1.33978716900004
          ],
          [
            103.742732739,
            1.33980345800007
          ],
          [
            103.742857051,
            1.33997102500007
          ],
          [
            103.742994316,
            1.34015640100005
          ],
          [
            103.743130358,
            1.34033991400003
          ],
          [
            103.74325684,
            1.34051063400004
          ],
          [
            103.743277062,
            1.34054314000003
          ],
          [
            103.743310446,
            1.34066484700003
          ],
          [
            103.743315492,
            1.34068457800003
          ],
          [
            103.743390152,
            1.34070257300004
          ],
          [
            103.743348799,
            1.34077759300004
          ],
          [
            103.743457295,
            1.34092528400003
          ],
          [
            103.743548867,
            1.34096933900001
          ],
          [
            103.743579019,
            1.34099081300008
          ],
          [
            103.743613439,
            1.34101853700003
          ],
          [
            103.743649311,
            1.34105083100008
          ],
          [
            103.743657008,
            1.34105776200004
          ],
          [
            103.743671088,
            1.34107271400006
          ],
          [
            103.743724481,
            1.34114598700008
          ],
          [
            103.74379509,
            1.34124175700003
          ],
          [
            103.743810652,
            1.34126366900005
          ],
          [
            103.743826765,
            1.34129295800005
          ],
          [
            103.743838053,
            1.34132205800005
          ],
          [
            103.743848789,
            1.34134564200002
          ],
          [
            103.743851513,
            1.34135001000005
          ],
          [
            103.743875996,
            1.34137456600007
          ],
          [
            103.743913203,
            1.34140222600005
          ],
          [
            103.743925026,
            1.34141843000002
          ],
          [
            103.743938417,
            1.34143532600007
          ],
          [
            103.743953421,
            1.34145450600003
          ],
          [
            103.743961854,
            1.34146953100003
          ],
          [
            103.743971914,
            1.34149883200007
          ],
          [
            103.743980991,
            1.34152402800004
          ],
          [
            103.743996094,
            1.34154457200002
          ],
          [
            103.744016794,
            1.34156016900005
          ],
          [
            103.744045718,
            1.34158202800005
          ],
          [
            103.744064631,
            1.34160421300003
          ],
          [
            103.74409502,
            1.34165140000004
          ],
          [
            103.744109186,
            1.34169375400006
          ],
          [
            103.744118655,
            1.34171308000002
          ],
          [
            103.744137181,
            1.34173342600006
          ],
          [
            103.744164002,
            1.34175070500004
          ],
          [
            103.744191653,
            1.34177531200004
          ],
          [
            103.74419481,
            1.34178133800003
          ],
          [
            103.744207255,
            1.34180508600002
          ],
          [
            103.744242019,
            1.34188048700003
          ],
          [
            103.744333059,
            1.34198624400005
          ],
          [
            103.744347099,
            1.34202030600004
          ],
          [
            103.744374946,
            1.34205550400001
          ],
          [
            103.744382592,
            1.34206702100004
          ],
          [
            103.744412587,
            1.34210369600004
          ],
          [
            103.744457008,
            1.34214815200004
          ],
          [
            103.744486059,
            1.34217524100005
          ],
          [
            103.744503154,
            1.34220807200006
          ],
          [
            103.744519069,
            1.34224558900007
          ],
          [
            103.744551505,
            1.34228973900001
          ],
          [
            103.744570202,
            1.34230337600008
          ],
          [
            103.74459378,
            1.34232224700003
          ],
          [
            103.744619815,
            1.34235895600005
          ],
          [
            103.744638792,
            1.34239202500004
          ],
          [
            103.744651393,
            1.34242518700007
          ],
          [
            103.744661485,
            1.34244578100004
          ],
          [
            103.744674808,
            1.34246050000007
          ],
          [
            103.744694157,
            1.34247586700008
          ],
          [
            103.744730777,
            1.34251031800004
          ],
          [
            103.74474612,
            1.34253415200004
          ],
          [
            103.744753172,
            1.34254454500006
          ],
          [
            103.744804193,
            1.34261812400007
          ],
          [
            103.744810372,
            1.34262634500004
          ],
          [
            103.744814298,
            1.34263156900005
          ],
          [
            103.74484573,
            1.34265552800002
          ],
          [
            103.744914074,
            1.34269584000004
          ],
          [
            103.744959895,
            1.34272173400007
          ],
          [
            103.74497443,
            1.34272994700008
          ],
          [
            103.745076104,
            1.34278824400007
          ],
          [
            103.74509098,
            1.34280045300004
          ],
          [
            103.745168625,
            1.34289841100002
          ],
          [
            103.745176692,
            1.34290770600007
          ],
          [
            103.745250791,
            1.34296226400003
          ],
          [
            103.745268318,
            1.34297552500004
          ],
          [
            103.745283381,
            1.34298538700005
          ],
          [
            103.745290761,
            1.34298801200003
          ],
          [
            103.745295467,
            1.34298962400004
          ],
          [
            103.745390316,
            1.34298796700004
          ],
          [
            103.745429195,
            1.34297701900004
          ],
          [
            103.745443442,
            1.34297291600006
          ],
          [
            103.74551957,
            1.34294511100007
          ],
          [
            103.745594044,
            1.34291587500006
          ],
          [
            103.745612921,
            1.34290846300007
          ],
          [
            103.745765073,
            1.34282321000005
          ],
          [
            103.746027512,
            1.34267440000001
          ],
          [
            103.74628957,
            1.34252433700005
          ],
          [
            103.746503871,
            1.34240202900002
          ],
          [
            103.746767093,
            1.34225377700005
          ],
          [
            103.747053448,
            1.34209126600006
          ],
          [
            103.747316459,
            1.34194257800004
          ],
          [
            103.74750793,
            1.34183350600006
          ],
          [
            103.747704997,
            1.34172172100006
          ],
          [
            103.747719763,
            1.34171334600007
          ],
          [
            103.747750947,
            1.34169525400005
          ],
          [
            103.747785044,
            1.34167580800005
          ],
          [
            103.747818873,
            1.34165577600004
          ],
          [
            103.747850238,
            1.34163499000004
          ],
          [
            103.747881947,
            1.34161268300004
          ],
          [
            103.747913067,
            1.34158950500007
          ],
          [
            103.74795919,
            1.34155157200007
          ],
          [
            103.74797372,
            1.34153962400006
          ],
          [
            103.748070351,
            1.34145252400004
          ],
          [
            103.748128804,
            1.34139574100004
          ],
          [
            103.748181214,
            1.34133592100004
          ],
          [
            103.748223611,
            1.34126378600007
          ],
          [
            103.748254547,
            1.34121472700002
          ],
          [
            103.748347127,
            1.34103857300004
          ],
          [
            103.748426738,
            1.34078851900006
          ],
          [
            103.748919453,
            1.34168245800003
          ],
          [
            103.749032707,
            1.34169446000004
          ],
          [
            103.749137022,
            1.34163447100001
          ],
          [
            103.749375459,
            1.34147849900007
          ],
          [
            103.74938231,
            1.34147401600005
          ],
          [
            103.749408891,
            1.34152400200004
          ],
          [
            103.749814924,
            1.34228757700004
          ],
          [
            103.749928575,
            1.34244907500004
          ],
          [
            103.750074229,
            1.34261567100002
          ],
          [
            103.750740862,
            1.34327114800003
          ],
          [
            103.750876032,
            1.34340757800004
          ],
          [
            103.7516881,
            1.34420745100005
          ],
          [
            103.752029267,
            1.34453103400006
          ],
          [
            103.75222617,
            1.34465136200003
          ],
          [
            103.752392519,
            1.34466592700004
          ],
          [
            103.752537718,
            1.34465201400007
          ],
          [
            103.752937839,
            1.34454640000007
          ],
          [
            103.754359765,
            1.34411451000005
          ],
          [
            103.754582216,
            1.34404499800008
          ],
          [
            103.754915355,
            1.34395356600005
          ],
          [
            103.755094366,
            1.34391925600004
          ],
          [
            103.755299388,
            1.34389776700004
          ],
          [
            103.755498895,
            1.34389350200007
          ],
          [
            103.755740781,
            1.34391913500002
          ],
          [
            103.755955105,
            1.34397091200003
          ],
          [
            103.756069453,
            1.34400075400002
          ],
          [
            103.756200183,
            1.34405169100005
          ],
          [
            103.756382174,
            1.34413689100007
          ],
          [
            103.756601362,
            1.34428829600005
          ],
          [
            103.756741879,
            1.34438258500008
          ],
          [
            103.75689989,
            1.34453303100002
          ],
          [
            103.75731504,
            1.34493417300006
          ],
          [
            103.757639944,
            1.34523131500003
          ],
          [
            103.757458133,
            1.34549527700006
          ],
          [
            103.757200602,
            1.34531559600004
          ],
          [
            103.757157822,
            1.34538921500007
          ],
          [
            103.756103469,
            1.34720362700005
          ],
          [
            103.756096551,
            1.34721553100008
          ],
          [
            103.756194195,
            1.34730397100003
          ],
          [
            103.756079346,
            1.34748560100008
          ],
          [
            103.756298088,
            1.34771127400005
          ],
          [
            103.756181225,
            1.34780838400007
          ],
          [
            103.756154729,
            1.34783040300004
          ],
          [
            103.7569357,
            1.34864845600005
          ],
          [
            103.757067636,
            1.34878996100002
          ],
          [
            103.757594601,
            1.34934666200007
          ],
          [
            103.757681693,
            1.34941240700004
          ],
          [
            103.757717557,
            1.34944850400006
          ],
          [
            103.757836441,
            1.34952674500005
          ],
          [
            103.758007661,
            1.34962198300002
          ],
          [
            103.7581581,
            1.34966787000006
          ],
          [
            103.758344554,
            1.34970808900005
          ],
          [
            103.75944823,
            1.34983932100004
          ],
          [
            103.759530187,
            1.34984366400006
          ],
          [
            103.760228513,
            1.34993423600003
          ],
          [
            103.760300277,
            1.34995831400005
          ],
          [
            103.760339387,
            1.35000424000003
          ],
          [
            103.760372803,
            1.35006141600007
          ],
          [
            103.760372801,
            1.35012030500008
          ],
          [
            103.760361989,
            1.35018195600003
          ],
          [
            103.759848752,
            1.35121932000002
          ],
          [
            103.75979118,
            1.35138867500007
          ],
          [
            103.75973759,
            1.35155496000004
          ],
          [
            103.759710525,
            1.35163894000004
          ],
          [
            103.759723113,
            1.35164002900006
          ],
          [
            103.759750358,
            1.35164563500007
          ],
          [
            103.76013445,
            1.35172466500006
          ],
          [
            103.760198104,
            1.35152766200003
          ],
          [
            103.760238339,
            1.35141763800004
          ],
          [
            103.760271616,
            1.35133881300003
          ],
          [
            103.760335623,
            1.35120425600008
          ],
          [
            103.760372075,
            1.35113149700004
          ],
          [
            103.760505906,
            1.35086069600004
          ],
          [
            103.760578636,
            1.35071349800004
          ],
          [
            103.760749559,
            1.35035323300001
          ],
          [
            103.760787264,
            1.35024468500006
          ],
          [
            103.760803277,
            1.35020822800003
          ],
          [
            103.760861499,
            1.35003871100002
          ],
          [
            103.760903886,
            1.34985043300002
          ],
          [
            103.760921164,
            1.34975292500007
          ],
          [
            103.760935394,
            1.34964751900003
          ],
          [
            103.760949774,
            1.34944100400003
          ],
          [
            103.760957574,
            1.34936089100006
          ],
          [
            103.76098851,
            1.34921102300006
          ],
          [
            103.761000444,
            1.34904413100002
          ],
          [
            103.760980569,
            1.34892528100005
          ],
          [
            103.760969216,
            1.34886286600004
          ],
          [
            103.760959202,
            1.34876404200003
          ],
          [
            103.760959271,
            1.34791779900008
          ],
          [
            103.760981483,
            1.34787665400006
          ],
          [
            103.760966637,
            1.34783891200004
          ],
          [
            103.760966411,
            1.34762532900003
          ],
          [
            103.761120522,
            1.34750185100006
          ],
          [
            103.761136154,
            1.34752209800007
          ],
          [
            103.761191461,
            1.34748316600007
          ],
          [
            103.761256349,
            1.34743748800002
          ],
          [
            103.761727014,
            1.34715881900007
          ],
          [
            103.761758561,
            1.34712560500002
          ],
          [
            103.761783803,
            1.34709903100002
          ],
          [
            103.761822279,
            1.34708292300009
          ],
          [
            103.761897489,
            1.34705143500001
          ],
          [
            103.761982547,
            1.34701737700006
          ],
          [
            103.76207329,
            1.34698496600003
          ],
          [
            103.762141247,
            1.34696285800005
          ],
          [
            103.762216705,
            1.34694145200006
          ],
          [
            103.762309962,
            1.34691819100004
          ],
          [
            103.762428277,
            1.34689662800002
          ],
          [
            103.762536024,
            1.34688076100003
          ],
          [
            103.76259315,
            1.34687877800006
          ],
          [
            103.762655893,
            1.34688476900003
          ],
          [
            103.762697992,
            1.34689387700006
          ],
          [
            103.762840416,
            1.34692470800005
          ],
          [
            103.762949773,
            1.34694658500005
          ],
          [
            103.763072494,
            1.34696592500006
          ],
          [
            103.763193426,
            1.34698270100005
          ],
          [
            103.763271558,
            1.34699451800004
          ],
          [
            103.763377859,
            1.347018524
          ],
          [
            103.763378984,
            1.34701897000001
          ],
          [
            103.763505425,
            1.34706913600008
          ],
          [
            103.763552172,
            1.34709440800003
          ],
          [
            103.763616078,
            1.34714577300003
          ],
          [
            103.76377577,
            1.34729440700005
          ],
          [
            103.763925378,
            1.34743401400002
          ],
          [
            103.764039848,
            1.34753571000005
          ],
          [
            103.76415163,
            1.34762727100003
          ],
          [
            103.764325945,
            1.34774482500006
          ],
          [
            103.764395555,
            1.34778920900005
          ],
          [
            103.764456953,
            1.34782035500006
          ],
          [
            103.764603368,
            1.34787389000008
          ],
          [
            103.764688121,
            1.34789289100006
          ],
          [
            103.764768225,
            1.34789940100006
          ],
          [
            103.764826048,
            1.34790018900003
          ],
          [
            103.76489792,
            1.34789227600003
          ],
          [
            103.764956929,
            1.34788434100005
          ],
          [
            103.765078914,
            1.34784806300007
          ],
          [
            103.765194254,
            1.34779022700009
          ],
          [
            103.765302471,
            1.34772272500003
          ],
          [
            103.765324419,
            1.34770796900005
          ],
          [
            103.765379824,
            1.34767072100005
          ],
          [
            103.765624353,
            1.34749122500005
          ],
          [
            103.765748018,
            1.34739914000004
          ],
          [
            103.765788383,
            1.34739395000002
          ],
          [
            103.765802981,
            1.34739375100002
          ],
          [
            103.765826443,
            1.34739501700005
          ],
          [
            103.765857163,
            1.34739464100004
          ],
          [
            103.765909659,
            1.34739196600003
          ],
          [
            103.765974486,
            1.34738870100005
          ],
          [
            103.76600855,
            1.34738672700007
          ],
          [
            103.766027846,
            1.34738478300005
          ],
          [
            103.76603729,
            1.34738122600002
          ],
          [
            103.766051641,
            1.34738103300003
          ],
          [
            103.766082307,
            1.34738067800003
          ],
          [
            103.766122389,
            1.34738026500003
          ],
          [
            103.766173445,
            1.34737952400007
          ],
          [
            103.766223786,
            1.34737814800008
          ],
          [
            103.766297202,
            1.34737622100004
          ],
          [
            103.766396014,
            1.34737425300005
          ],
          [
            103.766401594,
            1.34737414200003
          ],
          [
            103.766412176,
            1.34737360900005
          ],
          [
            103.76641691,
            1.34737536500007
          ],
          [
            103.766421554,
            1.34737696400003
          ],
          [
            103.766422697,
            1.34737728800007
          ],
          [
            103.766588706,
            1.34737326400004
          ],
          [
            103.766731062,
            1.34736905500006
          ],
          [
            103.7668006,
            1.34736965700005
          ],
          [
            103.766889397,
            1.34738003800003
          ],
          [
            103.766970142,
            1.34739545500002
          ],
          [
            103.767094134,
            1.34742584400003
          ],
          [
            103.767202893,
            1.34746267900004
          ],
          [
            103.767266248,
            1.34748967600005
          ],
          [
            103.767385745,
            1.34754238000006
          ],
          [
            103.76748437,
            1.34759015200006
          ],
          [
            103.767543729,
            1.34762212400006
          ],
          [
            103.76759502,
            1.34764975000007
          ],
          [
            103.767675326,
            1.34769553000006
          ],
          [
            103.767749005,
            1.34773907700002
          ],
          [
            103.767805662,
            1.34777176800002
          ],
          [
            103.767804778,
            1.34777348600003
          ],
          [
            103.767828804,
            1.34778769500002
          ],
          [
            103.767889142,
            1.347817258
          ],
          [
            103.767924305,
            1.34784036800005
          ],
          [
            103.767944724,
            1.34785057600005
          ],
          [
            103.768002136,
            1.34788144800007
          ],
          [
            103.768039321,
            1.34789962400003
          ],
          [
            103.768106995,
            1.34793551300004
          ],
          [
            103.76815047,
            1.34795807100007
          ],
          [
            103.768155707,
            1.34796035700003
          ],
          [
            103.768158967,
            1.34795407400003
          ],
          [
            103.768177143,
            1.34796350600003
          ],
          [
            103.768267143,
            1.34801032500007
          ],
          [
            103.768303829,
            1.34803687000005
          ],
          [
            103.768312752,
            1.34804323200005
          ],
          [
            103.76832177,
            1.34802978500004
          ],
          [
            103.768353596,
            1.34805294100004
          ],
          [
            103.768398323,
            1.34808072500004
          ],
          [
            103.768458077,
            1.34811238800006
          ],
          [
            103.768502303,
            1.34813598100004
          ],
          [
            103.768541776,
            1.34815684600004
          ],
          [
            103.768549667,
            1.34816108500005
          ],
          [
            103.768544749,
            1.34817154100006
          ],
          [
            103.768560444,
            1.34817960100002
          ],
          [
            103.768579781,
            1.34818961100006
          ],
          [
            103.768616365,
            1.34820129300003
          ],
          [
            103.768638468,
            1.34820812800005
          ],
          [
            103.768636873,
            1.34821440900002
          ],
          [
            103.768644126,
            1.34821711100005
          ],
          [
            103.768644508,
            1.34821766700002
          ],
          [
            103.76871171,
            1.34825374400004
          ],
          [
            103.768770035,
            1.34828507900005
          ],
          [
            103.768829539,
            1.34831680700007
          ],
          [
            103.768886186,
            1.34834749900006
          ],
          [
            103.768944743,
            1.34837917600003
          ],
          [
            103.768983064,
            1.34840014500003
          ],
          [
            103.769002222,
            1.34841046200006
          ],
          [
            103.769042105,
            1.34843440500004
          ],
          [
            103.76907813,
            1.34845658500007
          ],
          [
            103.769113128,
            1.34847843500007
          ],
          [
            103.769158418,
            1.34850619400003
          ],
          [
            103.769213543,
            1.34854037300005
          ],
          [
            103.769258523,
            1.34856839000003
          ],
          [
            103.76929283,
            1.34858941700003
          ],
          [
            103.769334389,
            1.34861491600004
          ],
          [
            103.769342047,
            1.34861962900003
          ],
          [
            103.769411136,
            1.34865499800003
          ],
          [
            103.769454971,
            1.34867731400003
          ],
          [
            103.769504533,
            1.34870259800005
          ],
          [
            103.7695869,
            1.34874485300001
          ],
          [
            103.769645931,
            1.34877507200002
          ],
          [
            103.7696964,
            1.34880111900002
          ],
          [
            103.769748822,
            1.34882737900006
          ],
          [
            103.769778408,
            1.34884274900004
          ],
          [
            103.76979733,
            1.34885257900003
          ],
          [
            103.769853614,
            1.34887135700006
          ],
          [
            103.769871789,
            1.34887186800006
          ],
          [
            103.769880811,
            1.34887339900005
          ],
          [
            103.769893883,
            1.34888341900006
          ],
          [
            103.769899917,
            1.34888849700007
          ],
          [
            103.769906402,
            1.34889687900004
          ],
          [
            103.769918816,
            1.34891464000003
          ],
          [
            103.769936053,
            1.34894611000004
          ],
          [
            103.769949324,
            1.34897530700005
          ],
          [
            103.76995242,
            1.34898290700004
          ],
          [
            103.769957127,
            1.34900166800003
          ],
          [
            103.769963867,
            1.34902882100004
          ],
          [
            103.769965459,
            1.34903389400005
          ],
          [
            103.770025634,
            1.34900198800005
          ],
          [
            103.770044741,
            1.34898906500007
          ],
          [
            103.77006946,
            1.34897363700002
          ],
          [
            103.77008894,
            1.34896566200006
          ],
          [
            103.770101504,
            1.34897808800002
          ],
          [
            103.770112375,
            1.34899214700005
          ],
          [
            103.770212463,
            1.34903677000003
          ],
          [
            103.770231424,
            1.34904369700007
          ],
          [
            103.77023928,
            1.349046819
          ],
          [
            103.770240114,
            1.34904487500006
          ],
          [
            103.77026432,
            1.349056634
          ],
          [
            103.770292589,
            1.34906896600006
          ],
          [
            103.770300777,
            1.34907420600006
          ],
          [
            103.770451494,
            1.34911647800005
          ],
          [
            103.770462931,
            1.34912122600002
          ],
          [
            103.770474073,
            1.34909360800003
          ],
          [
            103.770484523,
            1.34906857900005
          ],
          [
            103.770560879,
            1.34890145900004
          ],
          [
            103.770554268,
            1.34888956900005
          ],
          [
            103.770565262,
            1.34887219700004
          ],
          [
            103.770597926,
            1.34882066300003
          ],
          [
            103.770656946,
            1.34873251300008
          ],
          [
            103.770685798,
            1.34868976600006
          ],
          [
            103.770697924,
            1.34867318800002
          ],
          [
            103.77071356,
            1.34865871900008
          ],
          [
            103.770726113,
            1.34862838300005
          ],
          [
            103.770741361,
            1.34860413800003
          ],
          [
            103.770750257,
            1.34859064500004
          ],
          [
            103.770755329,
            1.348583204
          ],
          [
            103.770766799,
            1.34856638200006
          ],
          [
            103.770770573,
            1.34855371800006
          ],
          [
            103.770779619,
            1.34854301600007
          ],
          [
            103.770788861,
            1.34853263000002
          ],
          [
            103.770792422,
            1.34853451400004
          ],
          [
            103.770836175,
            1.34848759400006
          ],
          [
            103.770884242,
            1.34843575300004
          ],
          [
            103.770889247,
            1.34843062500003
          ],
          [
            103.770896929,
            1.34843741300007
          ],
          [
            103.770909521,
            1.34842388800007
          ],
          [
            103.770924107,
            1.34840804600003
          ],
          [
            103.770927785,
            1.34840363700004
          ],
          [
            103.770940174,
            1.34841118000003
          ],
          [
            103.770950504,
            1.34841737900007
          ],
          [
            103.770981681,
            1.34836951300003
          ],
          [
            103.770971466,
            1.34836244000006
          ],
          [
            103.770997373,
            1.34832891900003
          ],
          [
            103.771090121,
            1.34819526700006
          ],
          [
            103.771099297,
            1.34818381600008
          ],
          [
            103.77110728,
            1.34818936500007
          ],
          [
            103.771147851,
            1.34813033300002
          ],
          [
            103.771233643,
            1.34799179500004
          ],
          [
            103.771242246,
            1.34798352600006
          ],
          [
            103.77125634,
            1.34795947200008
          ],
          [
            103.771268362,
            1.34793900900006
          ],
          [
            103.771271337,
            1.34792914300003
          ],
          [
            103.771496232,
            1.34756392100008
          ],
          [
            103.771501635,
            1.34755589900005
          ],
          [
            103.771563002,
            1.34744793100003
          ],
          [
            103.771566442,
            1.34744338900004
          ],
          [
            103.77161224,
            1.34733076100003
          ],
          [
            103.771616826,
            1.34731943500004
          ],
          [
            103.771629673,
            1.34732739800005
          ],
          [
            103.77163847,
            1.34730652300004
          ],
          [
            103.771739685,
            1.34715691200004
          ],
          [
            103.77178717,
            1.34708754600006
          ],
          [
            103.771820533,
            1.34703821900007
          ],
          [
            103.771864815,
            1.34697369000004
          ],
          [
            103.771911638,
            1.34690806500003
          ],
          [
            103.771968028,
            1.34683098800002
          ],
          [
            103.771989441,
            1.34680067100004
          ],
          [
            103.772027876,
            1.34674872800002
          ],
          [
            103.772097161,
            1.34667825400004
          ],
          [
            103.772165222,
            1.34660952700005
          ],
          [
            103.772215965,
            1.34656440600003
          ],
          [
            103.772272278,
            1.34651486400001
          ],
          [
            103.772305398,
            1.34648659700002
          ],
          [
            103.77238889,
            1.34641617300002
          ],
          [
            103.772422063,
            1.34639018300004
          ],
          [
            103.772461849,
            1.34635862300007
          ],
          [
            103.772506591,
            1.34632617800003
          ],
          [
            103.772556854,
            1.34629253500003
          ],
          [
            103.77261214,
            1.34625477900004
          ],
          [
            103.772667649,
            1.34621668900007
          ],
          [
            103.772735057,
            1.34616885100007
          ],
          [
            103.772792456,
            1.34613205400007
          ],
          [
            103.772822405,
            1.34611545300003
          ],
          [
            103.77302573,
            1.34600639000007
          ],
          [
            103.773191129,
            1.34591774300003
          ],
          [
            103.773314458,
            1.34585314500003
          ],
          [
            103.773400862,
            1.34580443400005
          ],
          [
            103.773582359,
            1.34571023500007
          ],
          [
            103.77361503,
            1.34567452600004
          ],
          [
            103.773780884,
            1.34557898400002
          ],
          [
            103.773948152,
            1.34548274600007
          ],
          [
            103.774302265,
            1.34527996300007
          ],
          [
            103.774353184,
            1.34525657700003
          ],
          [
            103.774568382,
            1.34515929500002
          ],
          [
            103.774665805,
            1.34510369400004
          ],
          [
            103.774824575,
            1.34501329900007
          ],
          [
            103.774987726,
            1.34491585400001
          ],
          [
            103.775462101,
            1.34458225700007
          ],
          [
            103.775820498,
            1.34432275600006
          ],
          [
            103.776239915,
            1.34395477000004
          ],
          [
            103.77639415,
            1.34381852500008
          ],
          [
            103.776615514,
            1.34358473400004
          ],
          [
            103.776919214,
            1.34327663100005
          ],
          [
            103.777236745,
            1.34287140700008
          ],
          [
            103.777468703,
            1.34258021600003
          ],
          [
            103.777651624,
            1.34240331500007
          ],
          [
            103.778018596,
            1.34197167200006
          ],
          [
            103.777744072,
            1.34164627900003
          ],
          [
            103.777722879,
            1.34139200900004
          ],
          [
            103.777647586,
            1.34138110200007
          ],
          [
            103.777564854,
            1.34132764700006
          ],
          [
            103.776851959,
            1.34045705100004
          ],
          [
            103.776707257,
            1.34034256900002
          ],
          [
            103.776237803,
            1.34013745100003
          ],
          [
            103.77713621,
            1.33895428900008
          ],
          [
            103.777502534,
            1.33839100400006
          ],
          [
            103.777778887,
            1.33813406400002
          ],
          [
            103.779157039,
            1.33767048300006
          ],
          [
            103.779396826,
            1.33773015700005
          ],
          [
            103.783523205,
            1.33619387500006
          ],
          [
            103.783231178,
            1.33567132600006
          ],
          [
            103.786645363,
            1.33456570800006
          ],
          [
            103.786779688,
            1.33447084100004
          ],
          [
            103.787105086,
            1.33435489500004
          ],
          [
            103.787390846,
            1.33429954100006
          ],
          [
            103.78928103,
            1.33361758800003
          ],
          [
            103.789714924,
            1.33346019100002
          ],
          [
            103.790839906,
            1.33305350900001
          ],
          [
            103.792899653,
            1.33236220100002
          ],
          [
            103.795899445,
            1.33130315400007
          ],
          [
            103.797562903,
            1.33071588500007
          ],
          [
            103.802213191,
            1.32907413500004
          ],
          [
            103.803235432,
            1.32869643500004
          ],
          [
            103.808387657,
            1.32524390600001
          ],
          [
            103.810652867,
            1.32365750200006
          ],
          [
            103.811060515,
            1.32337696900003
          ],
          [
            103.811503583,
            1.32318213400003
          ],
          [
            103.811817292,
            1.32308463300006
          ],
          [
            103.812754341,
            1.32297088000006
          ],
          [
            103.813200585,
            1.32288276500003
          ],
          [
            103.813345994,
            1.32286009000007
          ],
          [
            103.813476677,
            1.32291967300006
          ],
          [
            103.813681157,
            1.32395721900002
          ],
          [
            103.813836543,
            1.32405113100003
          ],
          [
            103.813793862,
            1.32427943200002
          ],
          [
            103.813979004,
            1.32537733200007
          ],
          [
            103.81409,
            1.32722621800001
          ],
          [
            103.814137909,
            1.32790791900004
          ],
          [
            103.814206319,
            1.32831497200005
          ],
          [
            103.814333585,
            1.32869606900005
          ],
          [
            103.814563246,
            1.32917213900004
          ],
          [
            103.814818267,
            1.32953548000006
          ],
          [
            103.815232677,
            1.33020079600005
          ],
          [
            103.815584867,
            1.33070971400002
          ],
          [
            103.815858177,
            1.33105871900006
          ],
          [
            103.816190386,
            1.33112494400006
          ],
          [
            103.816447092,
            1.33109712600003
          ],
          [
            103.816731671,
            1.33110033500003
          ],
          [
            103.817040512,
            1.33123971700007
          ],
          [
            103.817131459,
            1.33118442600005
          ],
          [
            103.817219346,
            1.33117263700006
          ],
          [
            103.817338728,
            1.33126591900002
          ],
          [
            103.817635009,
            1.33131737500003
          ],
          [
            103.819033352,
            1.33069596400004
          ],
          [
            103.819418415,
            1.33014315500002
          ],
          [
            103.819654665,
            1.33016075600007
          ],
          [
            103.819685663,
            1.33019684500004
          ],
          [
            103.819636335,
            1.33034562700004
          ],
          [
            103.819632935,
            1.33053987300001
          ],
          [
            103.81995597,
            1.33168961500007
          ],
          [
            103.820128292,
            1.33214027600008
          ],
          [
            103.82031153,
            1.33254728200007
          ],
          [
            103.820362021,
            1.33271676100003
          ],
          [
            103.820333433,
            1.33295828200004
          ],
          [
            103.820102818,
            1.33374551300005
          ],
          [
            103.819963505,
            1.33395480900003
          ],
          [
            103.819230459,
            1.33450515000003
          ],
          [
            103.819147249,
            1.33452907800005
          ],
          [
            103.81948665,
            1.33470165000004
          ],
          [
            103.819206047,
            1.33524049800007
          ],
          [
            103.818717326,
            1.33502558100002
          ],
          [
            103.818676159,
            1.33503926500003
          ],
          [
            103.818718322,
            1.33514838300005
          ],
          [
            103.818525149,
            1.33521943700003
          ],
          [
            103.818437658,
            1.33542808900006
          ],
          [
            103.818252217,
            1.33551614300006
          ],
          [
            103.818776935,
            1.33667940600002
          ],
          [
            103.818986004,
            1.33713678000004
          ],
          [
            103.819392219,
            1.33817368600007
          ],
          [
            103.81967261,
            1.33879852000007
          ],
          [
            103.819874223,
            1.33914146700005
          ],
          [
            103.820155841,
            1.33947465100003
          ],
          [
            103.82066275,
            1.33988934100005
          ],
          [
            103.821077018,
            1.34009937600006
          ],
          [
            103.822175933,
            1.34049285600003
          ],
          [
            103.823709393,
            1.34100641200006
          ],
          [
            103.824844356,
            1.34132838400006
          ],
          [
            103.825626096,
            1.34133913800001
          ],
          [
            103.8273984,
            1.34127505400005
          ],
          [
            103.828041731,
            1.34122895800003
          ],
          [
            103.83042425,
            1.34083910200007
          ],
          [
            103.830537021,
            1.34081680200007
          ],
          [
            103.830630725,
            1.34097023000004
          ],
          [
            103.831006674,
            1.34091327200003
          ],
          [
            103.831103665,
            1.34091614200003
          ],
          [
            103.831320761,
            1.34096303100005
          ],
          [
            103.832300549,
            1.34100346800005
          ],
          [
            103.833157849,
            1.34100878900004
          ],
          [
            103.834036518,
            1.34152333600001
          ],
          [
            103.834391506,
            1.34175818700004
          ],
          [
            103.834799154,
            1.34186666100003
          ],
          [
            103.835211613,
            1.34159328300006
          ],
          [
            103.835591093,
            1.34183964700004
          ],
          [
            103.835837227,
            1.34214645600002
          ],
          [
            103.836095484,
            1.34228432900004
          ],
          [
            103.836409368,
            1.34229829500003
          ],
          [
            103.836766308,
            1.34246357800004
          ],
          [
            103.837271552,
            1.34272565200006
          ],
          [
            103.837432052,
            1.34280306800003
          ],
          [
            103.837674125,
            1.34291909200005
          ],
          [
            103.837864792,
            1.34306901600006
          ],
          [
            103.837943713,
            1.34315298400002
          ],
          [
            103.83798947,
            1.34323504400003
          ],
          [
            103.838035762,
            1.34335717700004
          ],
          [
            103.838047146,
            1.34342511300002
          ],
          [
            103.838064667,
            1.34356594800004
          ],
          [
            103.838075416,
            1.34382356000002
          ],
          [
            103.838120525,
            1.34421666100007
          ],
          [
            103.83819551,
            1.34492631900003
          ],
          [
            103.837856423,
            1.34495902400004
          ],
          [
            103.837962722,
            1.34575534900005
          ],
          [
            103.838263896,
            1.34573117600007
          ],
          [
            103.838786904,
            1.34569281500007
          ],
          [
            103.838870925,
            1.34567969500004
          ],
          [
            103.83907527,
            1.34733643300007
          ],
          [
            103.839136014,
            1.34816684900006
          ],
          [
            103.839192514,
            1.34826640900008
          ],
          [
            103.839228633,
            1.34866699900004
          ],
          [
            103.839154431,
            1.34879726900005
          ],
          [
            103.839243286,
            1.34888629400006
          ],
          [
            103.839287336,
            1.34897224900004
          ],
          [
            103.839510352,
            1.35048738800004
          ],
          [
            103.839754025,
            1.35166892500007
          ],
          [
            103.84000977,
            1.35237556600003
          ],
          [
            103.840231565,
            1.35288396400005
          ],
          [
            103.840474142,
            1.35346481500006
          ],
          [
            103.841190442,
            1.35516723400003
          ],
          [
            103.841271596,
            1.35547727500005
          ],
          [
            103.841308292,
            1.35566718100004
          ],
          [
            103.841389078,
            1.35603017700004
          ],
          [
            103.841426917,
            1.35640618600008
          ],
          [
            103.841417929,
            1.35683199700003
          ],
          [
            103.841358963,
            1.35739966300002
          ],
          [
            103.841280218,
            1.35802301100005
          ],
          [
            103.84127941,
            1.35890553600006
          ],
          [
            103.841300149,
            1.35939496000004
          ],
          [
            103.841427154,
            1.36006291800003
          ],
          [
            103.841510445,
            1.36053946200002
          ],
          [
            103.841492818,
            1.36066830300006
          ],
          [
            103.841632667,
            1.36072385700004
          ],
          [
            103.841731432,
            1.36103891300008
          ],
          [
            103.841676198,
            1.36120794200001
          ],
          [
            103.841828185,
            1.36137035800004
          ],
          [
            103.841931752,
            1.36154664200006
          ],
          [
            103.842465398,
            1.36326088300008
          ],
          [
            103.842504648,
            1.36367939400002
          ],
          [
            103.842465879,
            1.36380297500006
          ]
        ]
      },
      "properties": {
        "OBJECTID": 268,
        "pcn_loop": "Coast To Coast Trail",
        "pcn": "Coast-to-Coast Trail",
        "descriptionHTML": "Do you enjoy taking nice long walks in lush greenery, or exploring the outdoor spaces around you? Then visit the Coast-to-Coast (C2C) Trail for a curated walking experience across the island! The Coast-to-Coast Trail is a 36 km trail that spans across Singapore, linking up nature areas, parks and park connectors from Jurong Lake Gardens in the west, the new Lornie Nature Corridor near the centre, and to Coney Island Park in the northeast.",
        "address": "",
        "Shape__Length": 22167.55130774536
      }
    },
    {
      "type": "Feature",
      "id": 269,
      "geometry": {
        "type": "LineString",
        "coordinates": [
          [
            103.842465879,
            1.36380297500006
          ],
          [
            103.842415094,
            1.36378720100003
          ],
          [
            103.842373932,
            1.36378339000004
          ],
          [
            103.84232637,
            1.36378704300006
          ],
          [
            103.842257071,
            1.36380850500006
          ],
          [
            103.842218041,
            1.36381889600005
          ],
          [
            103.842181574,
            1.36382537600001
          ],
          [
            103.842098489,
            1.36383605800006
          ],
          [
            103.842084327,
            1.36384049900005
          ],
          [
            103.842065535,
            1.36384942100004
          ],
          [
            103.842023631,
            1.36388613800005
          ],
          [
            103.841973841,
            1.36392448000002
          ],
          [
            103.841888388,
            1.36397427500004
          ],
          [
            103.841810271,
            1.36400870800002
          ],
          [
            103.841700911,
            1.36405200900004
          ],
          [
            103.841672851,
            1.36407047500006
          ],
          [
            103.84163021,
            1.36409265200006
          ],
          [
            103.841583496,
            1.36411361500005
          ],
          [
            103.841530539,
            1.36413297500008
          ],
          [
            103.841478631,
            1.36414775700007
          ],
          [
            103.841459511,
            1.36415320100001
          ],
          [
            103.841389829,
            1.36416641300001
          ],
          [
            103.841312633,
            1.36417329700003
          ],
          [
            103.841250094,
            1.36417428200002
          ],
          [
            103.841182299,
            1.36417075700006
          ],
          [
            103.841131254,
            1.36416566000003
          ],
          [
            103.840974671,
            1.36414127100006
          ],
          [
            103.840916883,
            1.36414379500007
          ],
          [
            103.840869002,
            1.36414871300001
          ],
          [
            103.840829012,
            1.36415475100006
          ],
          [
            103.840738323,
            1.36417877800005
          ],
          [
            103.840682364,
            1.36419591900004
          ],
          [
            103.840609077,
            1.36421067200007
          ],
          [
            103.840553502,
            1.36421536200005
          ],
          [
            103.840494952,
            1.36421622100006
          ],
          [
            103.840438074,
            1.36421067200007
          ],
          [
            103.840389216,
            1.36419887000005
          ],
          [
            103.840337426,
            1.36419001900003
          ],
          [
            103.840310724,
            1.36418825200002
          ],
          [
            103.840241665,
            1.36418510300006
          ],
          [
            103.840219429,
            1.36418729600007
          ],
          [
            103.840154698,
            1.36419493800002
          ],
          [
            103.840071076,
            1.36421313800001
          ],
          [
            103.840023757,
            1.36423427600004
          ],
          [
            103.83998349,
            1.36425318500006
          ],
          [
            103.839932232,
            1.36428013700005
          ],
          [
            103.839889887,
            1.36430508700004
          ],
          [
            103.839854709,
            1.36432770600004
          ],
          [
            103.839802919,
            1.36436507800004
          ],
          [
            103.83973745,
            1.36441916800004
          ],
          [
            103.83964874,
            1.36448528700003
          ],
          [
            103.839581272,
            1.36452804900005
          ],
          [
            103.839540735,
            1.36454860400005
          ],
          [
            103.839491206,
            1.36456964000006
          ],
          [
            103.83945403,
            1.36458273400007
          ],
          [
            103.839374455,
            1.36460433400002
          ],
          [
            103.839283898,
            1.36462192000003
          ],
          [
            103.839146268,
            1.36464635000003
          ],
          [
            103.839093052,
            1.36465982800008
          ],
          [
            103.838983544,
            1.36469290700006
          ],
          [
            103.838621077,
            1.36484710200005
          ],
          [
            103.838619635,
            1.36489277300006
          ],
          [
            103.838604974,
            1.36498385000003
          ],
          [
            103.838591453,
            1.36502840500001
          ],
          [
            103.838572867,
            1.36507107100005
          ],
          [
            103.838551638,
            1.36510447000006
          ],
          [
            103.83852158,
            1.36514844900007
          ],
          [
            103.838471457,
            1.36520307800004
          ],
          [
            103.838417094,
            1.36525343500006
          ],
          [
            103.838363027,
            1.36529669300005
          ],
          [
            103.838319641,
            1.36532549700007
          ],
          [
            103.838263026,
            1.36535714400002
          ],
          [
            103.838203713,
            1.36538331400005
          ],
          [
            103.838151432,
            1.36540197600003
          ],
          [
            103.838079104,
            1.36541835100006
          ],
          [
            103.838014903,
            1.36542691000006
          ],
          [
            103.83795049,
            1.36543079000006
          ],
          [
            103.837885965,
            1.36543142500006
          ],
          [
            103.837821489,
            1.36542881100006
          ],
          [
            103.837771558,
            1.36542454500006
          ],
          [
            103.837723445,
            1.36542183700004
          ],
          [
            103.837675297,
            1.36542380300004
          ],
          [
            103.837627561,
            1.36543042700004
          ],
          [
            103.83758068,
            1.36544164400004
          ],
          [
            103.837240584,
            1.36554067900004
          ],
          [
            103.837167026,
            1.36556158000006
          ],
          [
            103.837060174,
            1.36558861700008
          ],
          [
            103.836687303,
            1.36565120300003
          ],
          [
            103.836615121,
            1.36567323600001
          ],
          [
            103.836577875,
            1.36569384100005
          ],
          [
            103.836558001,
            1.36570666300002
          ],
          [
            103.836489321,
            1.36576888500003
          ],
          [
            103.836466865,
            1.36578881500003
          ],
          [
            103.83644366,
            1.36580573900004
          ],
          [
            103.836394483,
            1.36583768300005
          ],
          [
            103.836347199,
            1.36586379000003
          ],
          [
            103.836287688,
            1.36588554800005
          ],
          [
            103.836222778,
            1.36590367100007
          ],
          [
            103.836051439,
            1.36592410300006
          ],
          [
            103.836014268,
            1.36593044700003
          ],
          [
            103.835978064,
            1.36594102900005
          ],
          [
            103.835943301,
            1.36595571200007
          ],
          [
            103.835910436,
            1.36597430300003
          ],
          [
            103.835884497,
            1.36599338500002
          ],
          [
            103.835744213,
            1.36610717400002
          ],
          [
            103.835717913,
            1.36612489200005
          ],
          [
            103.835639231,
            1.36617042200003
          ],
          [
            103.83558742,
            1.36619622700004
          ],
          [
            103.835518512,
            1.36622420500003
          ],
          [
            103.83543756,
            1.36624958500004
          ],
          [
            103.835300166,
            1.36627899700004
          ],
          [
            103.835223902,
            1.36628688600007
          ],
          [
            103.835147239,
            1.36628756700002
          ],
          [
            103.835070847,
            1.36628103500005
          ],
          [
            103.834995397,
            1.36626734700007
          ],
          [
            103.834921548,
            1.36624662100008
          ],
          [
            103.834907455,
            1.36624467300004
          ],
          [
            103.834855631,
            1.36623750900003
          ],
          [
            103.834756692,
            1.36624429500006
          ],
          [
            103.834682231,
            1.36625676900008
          ],
          [
            103.834609274,
            1.36627626100006
          ],
          [
            103.834538469,
            1.36630259700006
          ],
          [
            103.83447045,
            1.36633554100006
          ],
          [
            103.834405825,
            1.36637479900002
          ],
          [
            103.834352999,
            1.36641182200002
          ],
          [
            103.834304301,
            1.36645419300003
          ],
          [
            103.834260265,
            1.36650144800006
          ],
          [
            103.83422657,
            1.36654616900004
          ],
          [
            103.834169505,
            1.36660629300007
          ],
          [
            103.834107961,
            1.36665627400004
          ],
          [
            103.834034013,
            1.36669081800005
          ],
          [
            103.833956558,
            1.36671487300002
          ],
          [
            103.833903033,
            1.36672380500005
          ],
          [
            103.833805213,
            1.36672712700003
          ],
          [
            103.833674543,
            1.36673175600003
          ],
          [
            103.833624481,
            1.36673916500006
          ],
          [
            103.833584242,
            1.36675258800004
          ],
          [
            103.833525518,
            1.36678578700001
          ],
          [
            103.833428415,
            1.36686567700002
          ],
          [
            103.83335364,
            1.36691906800006
          ],
          [
            103.833279287,
            1.36696510900004
          ],
          [
            103.833194275,
            1.36701013800006
          ],
          [
            103.833104072,
            1.36704972100006
          ],
          [
            103.833024237,
            1.36707892900005
          ],
          [
            103.832916829,
            1.36711074500004
          ],
          [
            103.832835849,
            1.36713121300005
          ],
          [
            103.832735997,
            1.36717567400006
          ],
          [
            103.832683484,
            1.36720401800004
          ],
          [
            103.832624559,
            1.36723993900005
          ],
          [
            103.83255619,
            1.36727209300006
          ],
          [
            103.832476403,
            1.36730230800004
          ],
          [
            103.83239902,
            1.36732413300008
          ],
          [
            103.832320121,
            1.36733950900003
          ],
          [
            103.832240236,
            1.36734833300004
          ],
          [
            103.832137664,
            1.36734806000003
          ],
          [
            103.832072023,
            1.36734916800002
          ],
          [
            103.832028665,
            1.36735690600007
          ],
          [
            103.831986636,
            1.36737012400004
          ],
          [
            103.831946614,
            1.36738860800004
          ],
          [
            103.831923149,
            1.36740543200006
          ],
          [
            103.831879235,
            1.36743155600004
          ],
          [
            103.831843229,
            1.36744795700002
          ],
          [
            103.831784278,
            1.36746869000006
          ],
          [
            103.831734358,
            1.36747926000002
          ],
          [
            103.831700447,
            1.36748263300006
          ],
          [
            103.831668128,
            1.36748415000005
          ],
          [
            103.831632584,
            1.36748378200002
          ],
          [
            103.831584877,
            1.36747907600005
          ],
          [
            103.831543907,
            1.36747956000004
          ],
          [
            103.83146927,
            1.36749137600004
          ],
          [
            103.831371018,
            1.36751177900004
          ],
          [
            103.831288005,
            1.36753454100005
          ],
          [
            103.831265136,
            1.36753698300003
          ],
          [
            103.831216783,
            1.36753518400008
          ],
          [
            103.831136518,
            1.36752472900003
          ],
          [
            103.831061308,
            1.36750819300005
          ],
          [
            103.831015714,
            1.36749475000004
          ],
          [
            103.830983469,
            1.36748170800008
          ],
          [
            103.830949898,
            1.36747057800005
          ],
          [
            103.830881914,
            1.36743825600006
          ],
          [
            103.830824694,
            1.36740486300005
          ],
          [
            103.830803207,
            1.36739135800002
          ],
          [
            103.830784406,
            1.36737519400003
          ],
          [
            103.830749583,
            1.36738710600001
          ],
          [
            103.830692946,
            1.36739912700006
          ],
          [
            103.830640974,
            1.36740680100006
          ],
          [
            103.830582774,
            1.36741949200007
          ],
          [
            103.830526514,
            1.36743413600003
          ],
          [
            103.830468314,
            1.36745659000006
          ],
          [
            103.830403324,
            1.36748587700004
          ],
          [
            103.8303597,
            1.36750856400005
          ],
          [
            103.830313959,
            1.36753235100001
          ],
          [
            103.830256673,
            1.36755556200006
          ],
          [
            103.83022053,
            1.36756753700007
          ],
          [
            103.830165477,
            1.36758083300002
          ],
          [
            103.83009757,
            1.36759041100003
          ],
          [
            103.830024492,
            1.36759221500006
          ],
          [
            103.829973765,
            1.36758663100005
          ],
          [
            103.829912998,
            1.36757043400006
          ],
          [
            103.829852152,
            1.36755035600004
          ],
          [
            103.829754173,
            1.36750358200002
          ],
          [
            103.829710414,
            1.36748297200005
          ],
          [
            103.829653544,
            1.36746885100007
          ],
          [
            103.829604238,
            1.36747185500006
          ],
          [
            103.829578457,
            1.36747926800006
          ],
          [
            103.82954189,
            1.36749584200003
          ],
          [
            103.829507354,
            1.36751886100007
          ],
          [
            103.829471853,
            1.36754273200005
          ],
          [
            103.829444642,
            1.36755875600004
          ],
          [
            103.829409449,
            1.36757234700001
          ],
          [
            103.82938294,
            1.36757821600002
          ],
          [
            103.829340291,
            1.36757728900006
          ],
          [
            103.829308782,
            1.36757358200003
          ],
          [
            103.829281363,
            1.36756452200005
          ],
          [
            103.829224891,
            1.36753939800001
          ],
          [
            103.829118904,
            1.36748050200004
          ],
          [
            103.829074299,
            1.36746073400006
          ],
          [
            103.829016066,
            1.36744660600005
          ],
          [
            103.828965911,
            1.36744936800006
          ],
          [
            103.828909253,
            1.36746794100003
          ],
          [
            103.828845412,
            1.36749655300003
          ],
          [
            103.828809126,
            1.36750809600004
          ],
          [
            103.8287858,
            1.36751262600004
          ],
          [
            103.828750546,
            1.36751542300005
          ],
          [
            103.828726054,
            1.36751345000005
          ],
          [
            103.828558531,
            1.36768139100007
          ]
        ]
      },
      "properties": {
        "OBJECTID": 269,
        "pcn_loop": "Coast To Coast Trail",
        "pcn": "Coast-to-Coast Trail",
        "descriptionHTML": "Do you enjoy taking nice long walks in lush greenery, or exploring the outdoor spaces around you? Then visit the Coast-to-Coast (C2C) Trail for a curated walking experience across the island! The Coast-to-Coast Trail is a 36 km trail that spans across Singapore, linking up nature areas, parks and park connectors from Jurong Lake Gardens in the west, the new Lornie Nature Corridor near the centre, and to Coney Island Park in the northeast.",
        "address": "",
        "Shape__Length": 1696.5520547619815
      }
    },
    {
      "type": "Feature",
      "id": 270,
      "geometry": {
        "type": "LineString",
        "coordinates": [
          [
            103.842465879,
            1.36380297500006
          ],
          [
            103.842650581,
            1.36385864300006
          ],
          [
            103.842875209,
            1.36449788800007
          ],
          [
            103.842922407,
            1.36459856200004
          ],
          [
            103.84336555,
            1.36557601000004
          ],
          [
            103.843469332,
            1.36577333600006
          ],
          [
            103.844109651,
            1.36665645600004
          ],
          [
            103.844636896,
            1.36738684400005
          ],
          [
            103.844869748,
            1.36777598400006
          ],
          [
            103.845057485,
            1.36818654800004
          ],
          [
            103.84519724,
            1.36866747000004
          ],
          [
            103.845328413,
            1.36956927200004
          ],
          [
            103.845354444,
            1.37046774400005
          ],
          [
            103.845167968,
            1.37218414700005
          ],
          [
            103.844773392,
            1.37542399200004
          ],
          [
            103.844563329,
            1.37711524500003
          ],
          [
            103.84454317,
            1.37714202600005
          ]
        ]
      },
      "properties": {
        "OBJECTID": 270,
        "pcn_loop": "Coast To Coast Trail",
        "pcn": "Coast-to-Coast Trail",
        "descriptionHTML": "Do you enjoy taking nice long walks in lush greenery, or exploring the outdoor spaces around you? Then visit the Coast-to-Coast (C2C) Trail for a curated walking experience across the island! The Coast-to-Coast Trail is a 36 km trail that spans across Singapore, linking up nature areas, parks and park connectors from Jurong Lake Gardens in the west, the new Lornie Nature Corridor near the centre, and to Coney Island Park in the northeast.",
        "address": "",
        "Shape__Length": 1582.6333282198736
      }
    },
    {
      "type": "Feature",
      "id": 271,
      "geometry": {
        "type": "LineString",
        "coordinates": [
          [
            103.844458473,
            1.37707935200006
          ],
          [
            103.84454317,
            1.37714202600005
          ]
        ]
      },
      "properties": {
        "OBJECTID": 271,
        "pcn_loop": "Coast To Coast Trail",
        "pcn": "Coast-to-Coast Trail",
        "descriptionHTML": "Do you enjoy taking nice long walks in lush greenery, or exploring the outdoor spaces around you? Then visit the Coast-to-Coast (C2C) Trail for a curated walking experience across the island! The Coast-to-Coast Trail is a 36 km trail that spans across Singapore, linking up nature areas, parks and park connectors from Jurong Lake Gardens in the west, the new Lornie Nature Corridor near the centre, and to Coney Island Park in the northeast.",
        "address": "",
        "Shape__Length": 11.73028685242901
      }
    },
    {
      "type": "Feature",
      "id": 272,
      "geometry": {
        "type": "LineString",
        "coordinates": [
          [
            103.84454317,
            1.37714202600005
          ],
          [
            103.844571948,
            1.37716332100007
          ]
        ]
      },
      "properties": {
        "OBJECTID": 272,
        "pcn_loop": "Coast To Coast Trail",
        "pcn": "Coast-to-Coast Trail",
        "descriptionHTML": "Do you enjoy taking nice long walks in lush greenery, or exploring the outdoor spaces around you? Then visit the Coast-to-Coast (C2C) Trail for a curated walking experience across the island! The Coast-to-Coast Trail is a 36 km trail that spans across Singapore, linking up nature areas, parks and park connectors from Jurong Lake Gardens in the west, the new Lornie Nature Corridor near the centre, and to Coney Island Park in the northeast.",
        "address": "",
        "Shape__Length": 3.9856612513193155
      }
    },
    {
      "type": "Feature",
      "id": 273,
      "geometry": {
        "type": "LineString",
        "coordinates": [
          [
            103.84454317,
            1.37714202600005
          ],
          [
            103.844526325,
            1.377164406
          ],
          [
            103.844571948,
            1.37716332100007
          ]
        ]
      },
      "properties": {
        "OBJECTID": 273,
        "pcn_loop": "Coast To Coast Trail",
        "pcn": "Coast-to-Coast Trail",
        "descriptionHTML": "Do you enjoy taking nice long walks in lush greenery, or exploring the outdoor spaces around you? Then visit the Coast-to-Coast (C2C) Trail for a curated walking experience across the island! The Coast-to-Coast Trail is a 36 km trail that spans across Singapore, linking up nature areas, parks and park connectors from Jurong Lake Gardens in the west, the new Lornie Nature Corridor near the centre, and to Coney Island Park in the northeast.",
        "address": "",
        "Shape__Length": 8.198915938079324
      }
    },
    {
      "type": "Feature",
      "id": 274,
      "geometry": {
        "type": "LineString",
        "coordinates": [
          [
            103.844571948,
            1.37716332100007
          ],
          [
            103.844856814,
            1.37715655200003
          ]
        ]
      },
      "properties": {
        "OBJECTID": 274,
        "pcn_loop": "Coast To Coast Trail",
        "pcn": "Coast-to-Coast Trail",
        "descriptionHTML": "Do you enjoy taking nice long walks in lush greenery, or exploring the outdoor spaces around you? Then visit the Coast-to-Coast (C2C) Trail for a curated walking experience across the island! The Coast-to-Coast Trail is a 36 km trail that spans across Singapore, linking up nature areas, parks and park connectors from Jurong Lake Gardens in the west, the new Lornie Nature Corridor near the centre, and to Coney Island Park in the northeast.",
        "address": "",
        "Shape__Length": 31.720094582657186
      }
    },
    {
      "type": "Feature",
      "id": 275,
      "geometry": {
        "type": "LineString",
        "coordinates": [
          [
            103.844571948,
            1.37716332100007
          ],
          [
            103.844660239,
            1.37722865500006
          ]
        ]
      },
      "properties": {
        "OBJECTID": 275,
        "pcn_loop": "Coast To Coast Trail",
        "pcn": "Coast-to-Coast Trail",
        "descriptionHTML": "Do you enjoy taking nice long walks in lush greenery, or exploring the outdoor spaces around you? Then visit the Coast-to-Coast (C2C) Trail for a curated walking experience across the island! The Coast-to-Coast Trail is a 36 km trail that spans across Singapore, linking up nature areas, parks and park connectors from Jurong Lake Gardens in the west, the new Lornie Nature Corridor near the centre, and to Coney Island Park in the northeast.",
        "address": "",
        "Shape__Length": 12.228079654329456
      }
    },
    {
      "type": "Feature",
      "id": 276,
      "geometry": {
        "type": "LineString",
        "coordinates": [
          [
            103.844849639,
            1.37718247000004
          ],
          [
            103.844859638,
            1.37747144400003
          ],
          [
            103.844954266,
            1.37747505700001
          ],
          [
            103.845407034,
            1.37741365400006
          ],
          [
            103.846497065,
            1.37719421500003
          ],
          [
            103.847285642,
            1.37707547500003
          ],
          [
            103.84741297,
            1.37704679300003
          ],
          [
            103.847565367,
            1.37690139200002
          ],
          [
            103.847797133,
            1.37685371800006
          ],
          [
            103.847903835,
            1.37690518200002
          ],
          [
            103.848003709,
            1.37688655200002
          ],
          [
            103.848150244,
            1.37682147900005
          ],
          [
            103.848929388,
            1.37665136800007
          ],
          [
            103.849444872,
            1.37656313300003
          ],
          [
            103.850649818,
            1.37642946000004
          ],
          [
            103.853086005,
            1.37616790900006
          ],
          [
            103.854423545,
            1.37606303900003
          ],
          [
            103.854768045,
            1.37603201000007
          ],
          [
            103.854854731,
            1.37602355900003
          ],
          [
            103.855311405,
            1.37597904400007
          ],
          [
            103.855614718,
            1.37599165400006
          ],
          [
            103.855723118,
            1.37603766500007
          ],
          [
            103.855897474,
            1.37605595200004
          ],
          [
            103.855998627,
            1.37603307600005
          ],
          [
            103.856200013,
            1.37606395000005
          ],
          [
            103.856957883,
            1.37626535400005
          ],
          [
            103.857489605,
            1.37647140100007
          ],
          [
            103.85759091,
            1.37652787600005
          ],
          [
            103.857693414,
            1.37660774500005
          ],
          [
            103.857730247,
            1.37661518700003
          ],
          [
            103.857806154,
            1.37655688300003
          ],
          [
            103.858949334,
            1.37689545700005
          ],
          [
            103.85924174,
            1.37697517300006
          ],
          [
            103.859278108,
            1.37706259500003
          ],
          [
            103.859463581,
            1.37705352400008
          ],
          [
            103.859836915,
            1.37711678200003
          ],
          [
            103.859980051,
            1.37718584200008
          ],
          [
            103.860184544,
            1.37725004000002
          ],
          [
            103.860333718,
            1.37726519100005
          ],
          [
            103.862152975,
            1.37780192700005
          ],
          [
            103.863202307,
            1.37808082700007
          ],
          [
            103.864902955,
            1.37848512600003
          ],
          [
            103.865309804,
            1.37856028700003
          ],
          [
            103.866595866,
            1.37864243700005
          ],
          [
            103.867748923,
            1.37869943500006
          ],
          [
            103.868169612,
            1.37871466800004
          ],
          [
            103.868430946,
            1.37876862600006
          ],
          [
            103.868842128,
            1.37874432400003
          ],
          [
            103.870835638,
            1.37882705700001
          ],
          [
            103.871232768,
            1.37887192400007
          ],
          [
            103.871506712,
            1.37883311100006
          ],
          [
            103.873692087,
            1.37893586200004
          ],
          [
            103.873969248,
            1.37894889400007
          ],
          [
            103.874234498,
            1.37900542300002
          ],
          [
            103.874367266,
            1.37901158800002
          ],
          [
            103.874641847,
            1.37897998800002
          ],
          [
            103.875728871,
            1.37903299100003
          ],
          [
            103.876329063,
            1.37911210100002
          ],
          [
            103.876401552,
            1.37916151300004
          ],
          [
            103.876460779,
            1.37927891600003
          ],
          [
            103.876574861,
            1.38067122500007
          ],
          [
            103.876639124,
            1.38167406000001
          ],
          [
            103.876689682,
            1.38282574000004
          ],
          [
            103.876704054,
            1.38290236200004
          ],
          [
            103.877060013,
            1.38291859700006
          ],
          [
            103.877062177,
            1.38303107100006
          ],
          [
            103.877263024,
            1.38295529400005
          ],
          [
            103.877277449,
            1.38301602400002
          ],
          [
            103.8774117,
            1.38321969900005
          ],
          [
            103.877549083,
            1.38336909200007
          ],
          [
            103.878517558,
            1.38486968400002
          ],
          [
            103.878553533,
            1.38491236200002
          ],
          [
            103.878617534,
            1.38496610100002
          ],
          [
            103.880230391,
            1.38589449500004
          ],
          [
            103.880313006,
            1.38596286000004
          ],
          [
            103.880375694,
            1.38602854400005
          ],
          [
            103.880433257,
            1.38610565400006
          ],
          [
            103.880532168,
            1.38630171000005
          ],
          [
            103.880807365,
            1.38781253000006
          ],
          [
            103.880917339,
            1.38796991300007
          ],
          [
            103.881042822,
            1.38822547100005
          ],
          [
            103.881135166,
            1.38835243700003
          ],
          [
            103.881374113,
            1.38867077700007
          ],
          [
            103.881562635,
            1.38897814800002
          ],
          [
            103.881717185,
            1.38930338400008
          ],
          [
            103.88186485,
            1.38970611100006
          ],
          [
            103.881928596,
            1.38997978200006
          ],
          [
            103.881991961,
            1.39040720600002
          ],
          [
            103.881991643,
            1.39068920300001
          ],
          [
            103.881947393,
            1.39155023100006
          ],
          [
            103.881924255,
            1.39205753100002
          ],
          [
            103.881936473,
            1.39219874000001
          ],
          [
            103.881921276,
            1.39254257500004
          ],
          [
            103.881947724,
            1.39273996600002
          ],
          [
            103.882040543,
            1.39297947900007
          ],
          [
            103.882108162,
            1.39308893900004
          ],
          [
            103.882156379,
            1.39314716700004
          ],
          [
            103.882281118,
            1.39326998200004
          ],
          [
            103.882426546,
            1.39336972800004
          ],
          [
            103.883874144,
            1.39396084400003
          ],
          [
            103.884582327,
            1.39434101700004
          ],
          [
            103.884847398,
            1.39450754600005
          ],
          [
            103.885083883,
            1.39470512200005
          ],
          [
            103.885194358,
            1.39482139000005
          ],
          [
            103.885332025,
            1.39500183400002
          ]
        ]
      },
      "properties": {
        "OBJECTID": 276,
        "pcn_loop": "Coast To Coast Trail",
        "pcn": "Coast-to-Coast Trail",
        "descriptionHTML": "Do you enjoy taking nice long walks in lush greenery, or exploring the outdoor spaces around you? Then visit the Coast-to-Coast (C2C) Trail for a curated walking experience across the island! The Coast-to-Coast Trail is a 36 km trail that spans across Singapore, linking up nature areas, parks and park connectors from Jurong Lake Gardens in the west, the new Lornie Nature Corridor near the centre, and to Coney Island Park in the northeast.",
        "address": "",
        "Shape__Length": 5871.357977101606
      }
    },
    {
      "type": "Feature",
      "id": 277,
      "geometry": {
        "type": "LineString",
        "coordinates": [
          [
            103.885332025,
            1.39500183400002
          ],
          [
            103.883752215,
            1.39528054600004
          ],
          [
            103.882637904,
            1.39547679100002
          ],
          [
            103.881704096,
            1.39564117900006
          ],
          [
            103.879783459,
            1.39597991300007
          ],
          [
            103.879456866,
            1.39600350600005
          ],
          [
            103.878747885,
            1.39589067900004
          ],
          [
            103.876075018,
            1.39523513300004
          ],
          [
            103.875429647,
            1.39510974600007
          ],
          [
            103.87493702,
            1.39504874200004
          ],
          [
            103.873312505,
            1.39518460300007
          ],
          [
            103.8733027,
            1.39518776200003
          ],
          [
            103.873293011,
            1.39519125900006
          ],
          [
            103.873283446,
            1.39519509000005
          ],
          [
            103.873274019,
            1.39519925000007
          ],
          [
            103.873264739,
            1.39520373600004
          ],
          [
            103.873255619,
            1.39520854000005
          ],
          [
            103.873246668,
            1.39521365800004
          ],
          [
            103.873237898,
            1.39521908400008
          ],
          [
            103.873229319,
            1.39522480900006
          ],
          [
            103.873220941,
            1.39523083000005
          ],
          [
            103.873212775,
            1.39523713800002
          ],
          [
            103.873204829,
            1.39524372500004
          ],
          [
            103.873197114,
            1.39525058300006
          ],
          [
            103.873189638,
            1.39525770500005
          ],
          [
            103.87318241,
            1.39526508300003
          ],
          [
            103.873175439,
            1.39527270700005
          ],
          [
            103.873168734,
            1.39528056800003
          ],
          [
            103.873162302,
            1.39528865700003
          ],
          [
            103.87315615,
            1.39529696300003
          ],
          [
            103.873150286,
            1.39530547900005
          ],
          [
            103.873144718,
            1.39531419400004
          ],
          [
            103.873139451,
            1.39532309500003
          ],
          [
            103.873134493,
            1.39533217400003
          ],
          [
            103.873129848,
            1.39534142100006
          ],
          [
            103.873125523,
            1.39535082200007
          ],
          [
            103.873121522,
            1.39536036800006
          ],
          [
            103.87311785,
            1.39537004700001
          ],
          [
            103.873114512,
            1.39537984800006
          ],
          [
            103.873111512,
            1.39538975800001
          ],
          [
            103.873108852,
            1.39539976700006
          ],
          [
            103.873106538,
            1.39540986200005
          ],
          [
            103.873160427,
            1.39599754400006
          ],
          [
            103.873261383,
            1.39709557600002
          ],
          [
            103.873293432,
            1.39746981900003
          ],
          [
            103.873296276,
            1.39769457200004
          ],
          [
            103.87327112,
            1.39792385500004
          ],
          [
            103.873189398,
            1.39822121200008
          ],
          [
            103.872485906,
            1.39973275700003
          ],
          [
            103.872472032,
            1.39978061500005
          ],
          [
            103.872459788,
            1.39982892200004
          ],
          [
            103.872449187,
            1.39987762100004
          ],
          [
            103.872440243,
            1.39992665600004
          ],
          [
            103.872432965,
            1.39997596800004
          ],
          [
            103.872427362,
            1.40002550200007
          ],
          [
            103.87242344,
            1.40007519900006
          ],
          [
            103.872421204,
            1.40012500200002
          ],
          [
            103.872420657,
            1.40017485300007
          ],
          [
            103.872421798,
            1.40022469400003
          ],
          [
            103.872424628,
            1.40027446600003
          ],
          [
            103.872453762,
            1.40038941000005
          ],
          [
            103.872470456,
            1.40048841200008
          ],
          [
            103.872413444,
            1.40058047700006
          ],
          [
            103.872429142,
            1.40167192300004
          ],
          [
            103.872489331,
            1.40172862300003
          ],
          [
            103.872444495,
            1.40186514900005
          ],
          [
            103.872403226,
            1.40196066000005
          ],
          [
            103.872328913,
            1.40207653200003
          ],
          [
            103.872019409,
            1.40222576200006
          ],
          [
            103.871885192,
            1.40238141500005
          ],
          [
            103.871671833,
            1.40314768000007
          ],
          [
            103.871668447,
            1.40328057900006
          ],
          [
            103.871660073,
            1.40328833500005
          ],
          [
            103.871651968,
            1.40329637800005
          ],
          [
            103.871644143,
            1.40330469700006
          ],
          [
            103.871636607,
            1.40331328100006
          ],
          [
            103.871629369,
            1.40332212100003
          ],
          [
            103.871622437,
            1.40333120700006
          ],
          [
            103.87161582,
            1.40334052800004
          ],
          [
            103.871609526,
            1.40335007200003
          ],
          [
            103.871603561,
            1.40335982800001
          ],
          [
            103.871597933,
            1.40336978400005
          ],
          [
            103.87159265,
            1.40337993100006
          ],
          [
            103.871587716,
            1.40339025400004
          ],
          [
            103.871583138,
            1.40340074100003
          ],
          [
            103.871578921,
            1.40341138100006
          ],
          [
            103.871575071,
            1.40342216000005
          ],
          [
            103.871571591,
            1.40343306700004
          ],
          [
            103.871568485,
            1.40344408700003
          ],
          [
            103.871565759,
            1.40345520900009
          ],
          [
            103.871563415,
            1.40346641800004
          ],
          [
            103.871561454,
            1.40347770300002
          ],
          [
            103.871559881,
            1.40348904700004
          ],
          [
            103.871558697,
            1.40350044000007
          ],
          [
            103.871557903,
            1.40351186700001
          ],
          [
            103.8715575,
            1.40352331500002
          ],
          [
            103.871557488,
            1.40353477000003
          ],
          [
            103.871557868,
            1.40354621900002
          ],
          [
            103.871558639,
            1.40355764800006
          ],
          [
            103.872576417,
            1.40938830800007
          ],
          [
            103.872444719,
            1.40963541200005
          ],
          [
            103.872946094,
            1.41017694100003
          ],
          [
            103.872665838,
            1.41043740500003
          ],
          [
            103.872548354,
            1.41028588600005
          ],
          [
            103.872175568,
            1.40992348100001
          ],
          [
            103.87190212,
            1.40970746300008
          ],
          [
            103.871607045,
            1.40952002200002
          ],
          [
            103.870983828,
            1.40913787300002
          ],
          [
            103.869591837,
            1.40828353200003
          ],
          [
            103.869448772,
            1.40821859500004
          ],
          [
            103.86921244,
            1.40807292300002
          ],
          [
            103.868793164,
            1.40778451400007
          ],
          [
            103.868006962,
            1.40725008800006
          ],
          [
            103.866398495,
            1.40562537900008
          ],
          [
            103.866183646,
            1.40536231700002
          ],
          [
            103.866040415,
            1.40526836800007
          ],
          [
            103.865364023,
            1.40455007800005
          ],
          [
            103.864816007,
            1.40423378100007
          ],
          [
            103.864258653,
            1.40405841200004
          ],
          [
            103.863852567,
            1.40404568400004
          ],
          [
            103.86331701,
            1.40412085400005
          ],
          [
            103.862731638,
            1.40439645200006
          ],
          [
            103.8600683,
            1.40620820300005
          ],
          [
            103.859634624,
            1.40651858900004
          ],
          [
            103.859829051,
            1.40656211000003
          ],
          [
            103.860307325,
            1.40729708700007
          ],
          [
            103.860395542,
            1.40747545200002
          ],
          [
            103.860472969,
            1.40784778600005
          ],
          [
            103.860454815,
            1.40844589200003
          ],
          [
            103.860458449,
            1.40848872000004
          ],
          [
            103.860463478,
            1.40853140500008
          ],
          [
            103.8604699,
            1.40857390100007
          ],
          [
            103.860477706,
            1.40861616200004
          ],
          [
            103.860486887,
            1.40865814200002
          ],
          [
            103.860497434,
            1.40869979500007
          ],
          [
            103.860509336,
            1.40874107600008
          ],
          [
            103.860522579,
            1.40878194200007
          ],
          [
            103.86053715,
            1.40882234800006
          ],
          [
            103.860553032,
            1.40886225100007
          ],
          [
            103.860570208,
            1.40890160600002
          ],
          [
            103.86058866,
            1.40894037200008
          ],
          [
            103.860608368,
            1.40897850600002
          ],
          [
            103.860753286,
            1.40914894500002
          ],
          [
            103.860892207,
            1.40932436900004
          ],
          [
            103.861024962,
            1.40950456600006
          ],
          [
            103.861151387,
            1.40968931500003
          ],
          [
            103.861271329,
            1.40987839200005
          ],
          [
            103.861384642,
            1.41007156600006
          ],
          [
            103.861491189,
            1.41026860200001
          ],
          [
            103.861590839,
            1.41046925900001
          ],
          [
            103.861683471,
            1.41067329400005
          ],
          [
            103.861768972,
            1.41088045900004
          ],
          [
            103.861847239,
            1.41109050000004
          ],
          [
            103.861903602,
            1.41126860900004
          ],
          [
            103.861954015,
            1.41144851600005
          ],
          [
            103.86199842,
            1.41163002100005
          ],
          [
            103.862036767,
            1.41181291800007
          ],
          [
            103.862069014,
            1.41199700300006
          ],
          [
            103.862095125,
            1.41218207200006
          ],
          [
            103.862115071,
            1.41236791600005
          ],
          [
            103.862128828,
            1.41255432700005
          ],
          [
            103.862136382,
            1.41274109800001
          ],
          [
            103.862137724,
            1.41292801700007
          ],
          [
            103.862132852,
            1.41311487800004
          ],
          [
            103.861765644,
            1.41532788200003
          ],
          [
            103.861749712,
            1.41554449700004
          ],
          [
            103.861741038,
            1.41576152900005
          ],
          [
            103.861739629,
            1.41597873200003
          ],
          [
            103.861745492,
            1.41619586000007
          ],
          [
            103.861758616,
            1.41641266600003
          ],
          [
            103.861778987,
            1.41662890300006
          ],
          [
            103.861806582,
            1.41684432800002
          ],
          [
            103.861841371,
            1.41705869500003
          ],
          [
            103.861887873,
            1.41725700500007
          ],
          [
            103.861940939,
            1.41745364000006
          ],
          [
            103.862000512,
            1.41764837600005
          ],
          [
            103.862066524,
            1.41784099900001
          ],
          [
            103.862138903,
            1.41803129000004
          ],
          [
            103.862217566,
            1.41821904000005
          ],
          [
            103.862302425,
            1.41840403500003
          ],
          [
            103.862393386,
            1.41858606900007
          ],
          [
            103.862490347,
            1.41876493900002
          ],
          [
            103.862593199,
            1.41894044500004
          ],
          [
            103.862701827,
            1.41911239100005
          ],
          [
            103.864109787,
            1.42148972000007
          ],
          [
            103.864398584,
            1.42185842900005
          ],
          [
            103.864090303,
            1.42206363400004
          ],
          [
            103.863570848,
            1.42204010100005
          ]
        ]
      },
      "properties": {
        "OBJECTID": 277,
        "pcn_loop": "Coast To Coast Trail",
        "pcn": "Coast-to-Coast Trail",
        "descriptionHTML": "Do you enjoy taking nice long walks in lush greenery, or exploring the outdoor spaces around you? Then visit the Coast-to-Coast (C2C) Trail for a curated walking experience across the island! The Coast-to-Coast Trail is a 36 km trail that spans across Singapore, linking up nature areas, parks and park connectors from Jurong Lake Gardens in the west, the new Lornie Nature Corridor near the centre, and to Coney Island Park in the northeast.",
        "address": "",
        "Shape__Length": 6932.687758707022
      }
    },
    {
      "type": "Feature",
      "id": 278,
      "geometry": {
        "type": "LineString",
        "coordinates": [
          [
            103.885332025,
            1.39500183400002
          ],
          [
            103.885418906,
            1.39511571500003
          ],
          [
            103.885604479,
            1.39548119700002
          ],
          [
            103.885848119,
            1.39608989000004
          ],
          [
            103.886529885,
            1.39774842700007
          ],
          [
            103.886642267,
            1.39784579100006
          ],
          [
            103.886708941,
            1.39791443500007
          ],
          [
            103.886837498,
            1.39801783100006
          ],
          [
            103.88692834,
            1.39854335300004
          ],
          [
            103.887073362,
            1.39880928000002
          ],
          [
            103.887097407,
            1.39894694800007
          ],
          [
            103.887237815,
            1.39927258900002
          ],
          [
            103.887253466,
            1.39952603700004
          ],
          [
            103.887319486,
            1.39972149100002
          ],
          [
            103.88747913,
            1.40037560200004
          ],
          [
            103.887554754,
            1.40055517200005
          ],
          [
            103.887547659,
            1.40110688200002
          ],
          [
            103.887528914,
            1.40138825800005
          ],
          [
            103.887552515,
            1.40237843000005
          ],
          [
            103.887601803,
            1.40259808400003
          ],
          [
            103.887850318,
            1.40306462300003
          ],
          [
            103.888126868,
            1.40342143900006
          ],
          [
            103.888611709,
            1.40392793600006
          ],
          [
            103.889019003,
            1.40424338700006
          ],
          [
            103.890879487,
            1.40508833600005
          ],
          [
            103.891698142,
            1.40558464700006
          ],
          [
            103.892578012,
            1.40639142200006
          ],
          [
            103.893307671,
            1.40716904000005
          ],
          [
            103.893632452,
            1.40750167500005
          ],
          [
            103.894077839,
            1.40801638400006
          ],
          [
            103.894296036,
            1.40822817600002
          ],
          [
            103.894378365,
            1.40824329100007
          ],
          [
            103.894714122,
            1.40861337000007
          ],
          [
            103.894814623,
            1.40862781700001
          ],
          [
            103.895009616,
            1.40879386400008
          ],
          [
            103.895027869,
            1.40894079000002
          ],
          [
            103.895264186,
            1.40922811000006
          ],
          [
            103.895344205,
            1.40929792600001
          ],
          [
            103.895646289,
            1.40936838200002
          ],
          [
            103.8958981,
            1.40936496900001
          ],
          [
            103.895893233,
            1.40937007300004
          ],
          [
            103.895888546,
            1.40937534300001
          ],
          [
            103.895884044,
            1.40938077400005
          ],
          [
            103.895879731,
            1.40938635900004
          ],
          [
            103.895875614,
            1.40939209200008
          ],
          [
            103.895871698,
            1.40939796400004
          ],
          [
            103.895867985,
            1.40940397000003
          ],
          [
            103.895864482,
            1.40941010200003
          ],
          [
            103.895861194,
            1.40941635300004
          ],
          [
            103.895858122,
            1.40942271600005
          ],
          [
            103.895855273,
            1.40942918100004
          ],
          [
            103.895852648,
            1.40943574200003
          ],
          [
            103.89585025,
            1.40944239100004
          ],
          [
            103.895848084,
            1.40944912000002
          ],
          [
            103.895846151,
            1.40945592100007
          ],
          [
            103.895844455,
            1.40946278500007
          ],
          [
            103.895842996,
            1.40946970300008
          ],
          [
            103.895841776,
            1.40947667000005
          ],
          [
            103.895840798,
            1.40948367400005
          ],
          [
            103.895840061,
            1.40949070800002
          ],
          [
            103.895839568,
            1.40949776400003
          ],
          [
            103.895839319,
            1.40950483200003
          ],
          [
            103.895839314,
            1.40951190500004
          ],
          [
            103.895839552,
            1.40951897500002
          ],
          [
            103.895840035,
            1.40952603200003
          ],
          [
            103.89584076,
            1.40953306700004
          ],
          [
            103.895841728,
            1.40954007300007
          ],
          [
            103.895842937,
            1.40954704000005
          ],
          [
            103.895844386,
            1.40955396200009
          ],
          [
            103.895846072,
            1.40956082800005
          ],
          [
            103.895847995,
            1.40956763100006
          ],
          [
            103.895850151,
            1.40957436300004
          ],
          [
            103.895852537,
            1.40958101700005
          ],
          [
            103.895855153,
            1.40958758100004
          ],
          [
            103.895857993,
            1.40959405200003
          ],
          [
            103.895861055,
            1.40960041900006
          ],
          [
            103.895864334,
            1.40960667400001
          ],
          [
            103.895867827,
            1.40961281200003
          ],
          [
            103.89587153,
            1.40961882400006
          ],
          [
            103.895875438,
            1.40962470200002
          ],
          [
            103.895879547,
            1.40963044100004
          ],
          [
            103.895883851,
            1.40963603300002
          ],
          [
            103.895888345,
            1.40964147000006
          ],
          [
            103.895893024,
            1.40964674800005
          ],
          [
            103.895897883,
            1.40965185900006
          ],
          [
            103.895902915,
            1.40965679700004
          ],
          [
            103.895908113,
            1.40966155600005
          ],
          [
            103.895913475,
            1.40966613100005
          ],
          [
            103.895918989,
            1.40967051500005
          ],
          [
            103.895924652,
            1.40967470400005
          ],
          [
            103.895930455,
            1.40967869300004
          ],
          [
            103.895936394,
            1.40968247700004
          ],
          [
            103.895942459,
            1.40968605000006
          ],
          [
            103.895948643,
            1.40968940900008
          ],
          [
            103.89595494,
            1.40969255100004
          ],
          [
            103.895961342,
            1.40969547000003
          ],
          [
            103.89596784,
            1.40969816500006
          ],
          [
            103.895974427,
            1.40970063000002
          ],
          [
            103.895981096,
            1.40970286300006
          ],
          [
            103.895987837,
            1.40970486300006
          ],
          [
            103.895994644,
            1.40970662400002
          ],
          [
            103.896001506,
            1.40970814800004
          ],
          [
            103.896008418,
            1.40970943100006
          ],
          [
            103.89601537,
            1.40971047200003
          ],
          [
            103.896022353,
            1.40971126800002
          ],
          [
            103.896029359,
            1.40971182100003
          ],
          [
            103.896036381,
            1.40971212800002
          ],
          [
            103.896043408,
            1.40971218900006
          ],
          [
            103.896181138,
            1.40962853700005
          ],
          [
            103.89627237,
            1.40961604800004
          ],
          [
            103.897441503,
            1.40960666500006
          ],
          [
            103.897632425,
            1.40961412500008
          ],
          [
            103.897921087,
            1.40961037700003
          ],
          [
            103.89824271,
            1.40958886100003
          ],
          [
            103.898459019,
            1.40956890700004
          ],
          [
            103.898722008,
            1.40951790900005
          ],
          [
            103.899042309,
            1.40933663000004
          ],
          [
            103.899250639,
            1.40922103400003
          ],
          [
            103.899365288,
            1.40918124600006
          ],
          [
            103.899499848,
            1.40919743500006
          ],
          [
            103.899687836,
            1.40915207500007
          ],
          [
            103.900128268,
            1.40899974100004
          ],
          [
            103.90034777,
            1.40886514400006
          ],
          [
            103.900470851,
            1.40881136100006
          ],
          [
            103.900592286,
            1.40875391100008
          ],
          [
            103.900711967,
            1.40869284700005
          ],
          [
            103.900829786,
            1.40862822200005
          ],
          [
            103.900945641,
            1.40856009300005
          ],
          [
            103.901059428,
            1.40848852200003
          ],
          [
            103.901315346,
            1.40830715600004
          ],
          [
            103.901577499,
            1.40813504700002
          ],
          [
            103.901845557,
            1.40797241100006
          ],
          [
            103.902062845,
            1.40789896900001
          ],
          [
            103.90208719,
            1.40789422600005
          ],
          [
            103.902111684,
            1.40789033400005
          ],
          [
            103.902136297,
            1.40788730000002
          ],
          [
            103.902161,
            1.40788512800002
          ],
          [
            103.902185764,
            1.40788381800005
          ],
          [
            103.902210557,
            1.40788337300005
          ],
          [
            103.902235351,
            1.40788379400005
          ],
          [
            103.902260115,
            1.40788508000003
          ],
          [
            103.902284821,
            1.40788722900004
          ],
          [
            103.902309437,
            1.40789023900002
          ],
          [
            103.902333934,
            1.40789410600006
          ],
          [
            103.902358284,
            1.40789882600006
          ],
          [
            103.902382457,
            1.40790439300002
          ],
          [
            103.902406423,
            1.40791079900004
          ],
          [
            103.902430154,
            1.40791803900004
          ],
          [
            103.902453622,
            1.40792610300002
          ],
          [
            103.902476797,
            1.40793498000004
          ],
          [
            103.902499652,
            1.40794466100004
          ],
          [
            103.902522161,
            1.40795513200004
          ],
          [
            103.902544296,
            1.40796638500006
          ],
          [
            103.902566028,
            1.40797840100003
          ],
          [
            103.902587334,
            1.40799117000006
          ],
          [
            103.902608188,
            1.40800467400003
          ],
          [
            103.902628564,
            1.40801889900007
          ],
          [
            103.902648436,
            1.40803382400004
          ],
          [
            103.902667783,
            1.40804943600006
          ],
          [
            103.902686581,
            1.40806571200005
          ],
          [
            103.902704807,
            1.40808263500001
          ],
          [
            103.902722438,
            1.40810018400003
          ],
          [
            103.902739455,
            1.40811833700006
          ],
          [
            103.902755835,
            1.40813707300003
          ],
          [
            103.90277156,
            1.40815637000003
          ],
          [
            103.902786611,
            1.40817620400004
          ],
          [
            103.90280097,
            1.40819655100005
          ],
          [
            103.902960888,
            1.40847698800008
          ],
          [
            103.903100641,
            1.40878739000005
          ],
          [
            103.903133811,
            1.40889250800006
          ],
          [
            103.903163496,
            1.40899867700005
          ],
          [
            103.903189665,
            1.40910577800001
          ],
          [
            103.903212287,
            1.40921369500004
          ],
          [
            103.903231339,
            1.40932230800006
          ],
          [
            103.903246799,
            1.40943149600003
          ],
          [
            103.90325865,
            1.40954114200002
          ],
          [
            103.90326688,
            1.40965112300006
          ],
          [
            103.903271479,
            1.40976131800005
          ],
          [
            103.903272441,
            1.40987160600003
          ],
          [
            103.903269767,
            1.40998186500003
          ],
          [
            103.903263459,
            1.41009197500005
          ],
          [
            103.903186813,
            1.41051684400004
          ],
          [
            103.903165023,
            1.41058217900007
          ],
          [
            103.903141264,
            1.41064681600004
          ],
          [
            103.90311556,
            1.41071069400003
          ],
          [
            103.903087934,
            1.41077375400004
          ],
          [
            103.903058411,
            1.41083593800003
          ],
          [
            103.903027018,
            1.41089718700004
          ],
          [
            103.902993785,
            1.41095744400006
          ],
          [
            103.902938052,
            1.41101932200007
          ],
          [
            103.902884438,
            1.41108306800003
          ],
          [
            103.902833005,
            1.41114860900006
          ],
          [
            103.902783812,
            1.41121586900004
          ],
          [
            103.902736916,
            1.41128477100004
          ],
          [
            103.90269237,
            1.41135523500003
          ],
          [
            103.902650227,
            1.41142718000003
          ],
          [
            103.90264393,
            1.41143945900006
          ],
          [
            103.902638063,
            1.41145195100007
          ],
          [
            103.902632633,
            1.41146464100006
          ],
          [
            103.902627645,
            1.41147751500005
          ],
          [
            103.902623108,
            1.41149055500005
          ],
          [
            103.902619025,
            1.41150374700004
          ],
          [
            103.902615401,
            1.41151707500006
          ],
          [
            103.902612242,
            1.41153052100003
          ],
          [
            103.902609551,
            1.41154407000004
          ],
          [
            103.902607331,
            1.41155770500006
          ],
          [
            103.902605586,
            1.41157141100007
          ],
          [
            103.902604316,
            1.41158516900003
          ],
          [
            103.902603524,
            1.41159896300009
          ],
          [
            103.902603211,
            1.41161277700007
          ],
          [
            103.902603377,
            1.41162659400005
          ],
          [
            103.902604022,
            1.41164039500006
          ],
          [
            103.902605144,
            1.41165416600006
          ],
          [
            103.902606743,
            1.41166788900005
          ],
          [
            103.902608818,
            1.41168154800005
          ],
          [
            103.902611364,
            1.41169512500005
          ],
          [
            103.90261438,
            1.41170860500006
          ],
          [
            103.902617861,
            1.41172197100002
          ],
          [
            103.902621803,
            1.41173520600005
          ],
          [
            103.902626202,
            1.41174829600004
          ],
          [
            103.902631051,
            1.41176122200005
          ],
          [
            103.902636346,
            1.41177397000006
          ],
          [
            103.902642079,
            1.41178652500002
          ],
          [
            103.902648245,
            1.41179887100003
          ],
          [
            103.902654835,
            1.41181099300007
          ],
          [
            103.90266184,
            1.41182287500004
          ],
          [
            103.902669253,
            1.41183450500005
          ],
          [
            103.902677066,
            1.41184586700007
          ],
          [
            103.902685267,
            1.41185694900003
          ],
          [
            103.902693847,
            1.41186773500003
          ],
          [
            103.902702796,
            1.41187821300003
          ],
          [
            103.902712102,
            1.41188837100002
          ],
          [
            103.902721756,
            1.41189819700001
          ],
          [
            103.902731743,
            1.41190767700004
          ],
          [
            103.902742053,
            1.41191680000003
          ],
          [
            103.902752674,
            1.41192555600002
          ],
          [
            103.902763591,
            1.41193393400003
          ],
          [
            103.902774792,
            1.41194192400007
          ],
          [
            103.902786264,
            1.41194951500006
          ],
          [
            103.902797992,
            1.41195669800005
          ],
          [
            103.902809961,
            1.41196346500004
          ],
          [
            103.902822158,
            1.41196980900002
          ],
          [
            103.902834567,
            1.41197572000004
          ],
          [
            103.902847174,
            1.41198119200003
          ],
          [
            103.902859963,
            1.41198621800002
          ],
          [
            103.902872918,
            1.41199079200004
          ],
          [
            103.902886024,
            1.41199490700006
          ],
          [
            103.902899263,
            1.41199856000002
          ],
          [
            103.902912623,
            1.41200174700003
          ],
          [
            103.902926084,
            1.41200446200003
          ],
          [
            103.902939631,
            1.41200670300004
          ],
          [
            103.902953248,
            1.41200846700003
          ],
          [
            103.902966917,
            1.41200975100002
          ],
          [
            103.902980624,
            1.41201055500005
          ],
          [
            103.902994349,
            1.41201087700006
          ],
          [
            103.903008076,
            1.41201071700005
          ],
          [
            103.903312016,
            1.41203200200003
          ],
          [
            103.903546908,
            1.41201504500003
          ],
          [
            103.903781124,
            1.41199038300004
          ],
          [
            103.904014416,
            1.41195804200003
          ],
          [
            103.904172442,
            1.41193324400007
          ],
          [
            103.904329581,
            1.41190327600002
          ],
          [
            103.904485666,
            1.41186817100004
          ],
          [
            103.904640531,
            1.41182796400006
          ],
          [
            103.904794013,
            1.41178270000006
          ],
          [
            103.904945947,
            1.41173242600008
          ],
          [
            103.905096172,
            1.41167719600001
          ],
          [
            103.90524453,
            1.41161706900004
          ],
          [
            103.905390861,
            1.41155210600004
          ],
          [
            103.905535012,
            1.41148238100004
          ],
          [
            103.905676829,
            1.41140796400004
          ],
          [
            103.906024304,
            1.41122028400001
          ],
          [
            103.906365818,
            1.41102183300005
          ],
          [
            103.906701044,
            1.41081280200006
          ],
          [
            103.907029657,
            1.41059339400005
          ],
          [
            103.90735134,
            1.41036381900004
          ],
          [
            103.907665782,
            1.41012429900006
          ],
          [
            103.90770442,
            1.41009485800002
          ],
          [
            103.907742034,
            1.41006410400005
          ],
          [
            103.907778579,
            1.41003207100004
          ],
          [
            103.907814015,
            1.40999879800006
          ],
          [
            103.907848296,
            1.40996432500003
          ],
          [
            103.907881387,
            1.40992869100006
          ],
          [
            103.907913246,
            1.40989193700005
          ],
          [
            103.907943835,
            1.40985410700006
          ],
          [
            103.90797312,
            1.40981524600005
          ],
          [
            103.908001067,
            1.40977539900007
          ],
          [
            103.908027641,
            1.40973461300006
          ],
          [
            103.908052814,
            1.40969293400001
          ],
          [
            103.908076553,
            1.40965041300005
          ],
          [
            103.908098833,
            1.40960709900002
          ],
          [
            103.908119627,
            1.40956304300005
          ],
          [
            103.90813891,
            1.40951829600004
          ],
          [
            103.908156659,
            1.40947291100002
          ],
          [
            103.908172854,
            1.40942694200005
          ],
          [
            103.908187477,
            1.40938044100004
          ],
          [
            103.90820051,
            1.40933346400003
          ],
          [
            103.908211937,
            1.40928606500006
          ],
          [
            103.908221746,
            1.40923830100008
          ],
          [
            103.908229924,
            1.40919022600002
          ],
          [
            103.908236462,
            1.40914189900007
          ],
          [
            103.908241353,
            1.40909337400005
          ],
          [
            103.908244591,
            1.40904470900006
          ],
          [
            103.908246171,
            1.40899596100006
          ],
          [
            103.908246093,
            1.40894718700001
          ],
          [
            103.908244569,
            1.40886462400003
          ],
          [
            103.908240266,
            1.40878216100004
          ],
          [
            103.90823319,
            1.40869989100003
          ],
          [
            103.908223349,
            1.40861791100002
          ],
          [
            103.908210752,
            1.40853631300007
          ],
          [
            103.908195417,
            1.40845519100002
          ],
          [
            103.90817736,
            1.40837463900003
          ],
          [
            103.908156601,
            1.40829474800005
          ],
          [
            103.908133164,
            1.40821561200003
          ],
          [
            103.908121496,
            1.40818928600003
          ],
          [
            103.908110738,
            1.40816257000005
          ],
          [
            103.908100903,
            1.40813549600007
          ],
          [
            103.908092003,
            1.40810809600002
          ],
          [
            103.908084048,
            1.40808040400003
          ],
          [
            103.908077049,
            1.40805245100005
          ],
          [
            103.908071014,
            1.40802427200003
          ],
          [
            103.908065948,
            1.40799590100005
          ],
          [
            103.90806186,
            1.40796736900006
          ],
          [
            103.908058752,
            1.40793871300001
          ],
          [
            103.90805663,
            1.40790996600003
          ],
          [
            103.908055496,
            1.40788116200001
          ],
          [
            103.90805535,
            1.40785233500003
          ],
          [
            103.908056195,
            1.40782352100007
          ],
          [
            103.908058027,
            1.40779475400007
          ],
          [
            103.908060845,
            1.40776606800005
          ],
          [
            103.908064646,
            1.40773749600004
          ],
          [
            103.908069426,
            1.40770907400002
          ],
          [
            103.908075177,
            1.40768083500007
          ],
          [
            103.908081894,
            1.40765281200003
          ],
          [
            103.908089569,
            1.40762504000003
          ],
          [
            103.908098193,
            1.40759755100002
          ],
          [
            103.908107754,
            1.40757037800005
          ],
          [
            103.908118242,
            1.40754355400003
          ],
          [
            103.908129644,
            1.40751711000006
          ],
          [
            103.908141948,
            1.40749107800002
          ],
          [
            103.908155136,
            1.40746549000005
          ],
          [
            103.908169196,
            1.40744037500002
          ],
          [
            103.908184109,
            1.40741576400006
          ],
          [
            103.908199857,
            1.40739168600003
          ],
          [
            103.908216422,
            1.40736816900005
          ],
          [
            103.908282472,
            1.40731592200006
          ],
          [
            103.908350137,
            1.40726581300004
          ],
          [
            103.90841935,
            1.40721789200005
          ],
          [
            103.908490041,
            1.40717220800002
          ],
          [
            103.908562137,
            1.40712880800004
          ],
          [
            103.908635568,
            1.40708773500005
          ],
          [
            103.908710258,
            1.40704903000005
          ],
          [
            103.908786133,
            1.40701273300004
          ],
          [
            103.908863114,
            1.40697888000005
          ],
          [
            103.90911843,
            1.40690195300004
          ],
          [
            103.910183798,
            1.40675435300005
          ],
          [
            103.910608869,
            1.40658210500004
          ],
          [
            103.910929911,
            1.40640213100005
          ],
          [
            103.911367134,
            1.40606721100006
          ],
          [
            103.911699713,
            1.40571743200007
          ],
          [
            103.912277068,
            1.40489013400002
          ],
          [
            103.9125014,
            1.40463817100004
          ],
          [
            103.912845192,
            1.40435215300005
          ],
          [
            103.913663035,
            1.40378959500002
          ],
          [
            103.917053889,
            1.40845639300005
          ],
          [
            103.914739978,
            1.41260245200005
          ],
          [
            103.914677449,
            1.41276465700002
          ],
          [
            103.914083743,
            1.41589276900004
          ],
          [
            103.914004284,
            1.41623940300002
          ],
          [
            103.915373259,
            1.41629115900002
          ]
        ]
      },
      "properties": {
        "OBJECTID": 278,
        "pcn_loop": "Coast To Coast Trail",
        "pcn": "Coast-to-Coast Trail",
        "descriptionHTML": "Do you enjoy taking nice long walks in lush greenery, or exploring the outdoor spaces around you? Then visit the Coast-to-Coast (C2C) Trail for a curated walking experience across the island! The Coast-to-Coast Trail is a 36 km trail that spans across Singapore, linking up nature areas, parks and park connectors from Jurong Lake Gardens in the west, the new Lornie Nature Corridor near the centre, and to Coney Island Park in the northeast.",
        "address": "",
        "Shape__Length": 6874.42212991563
      }
    }
  ]
}