{
  "type": "FeatureCollection",
  "features": [
    {
      "type": "Feature",
      "id": 1,
      "geometry": {
        "type": "LineString",
        "coordinates": [
          [
            103.912840737,
            1.32060225600003
          ],
          [
            103.912829377,
            1.32064600500005
          ],
          [
            103.912818018,
            1.32068975400007
          ],
          [
            103.912806659,
            1.32073350300003
          ],
          [
            103.9127953,
            1.32077725200003
          ],
          [
            103.91278277,
            1.32082550900002
          ],
          [
            103.912743215,
            1.32081775400007
          ],
          [
            103.912699116,
            1.32080910700004
          ],
          [
            103.912655017,
            1.32080046100003
          ],
          [
            103.912610919,
            1.32079181700004
          ],
          [
            103.91256682,
            1.32078317100008
          ],
          [
            103.912522722,
            1.32077452600003
          ],
          [
            103.912478622,
            1.32076588000007
          ],
          [
            103.912434523,
            1.32075723400003
          ],
          [
            103.912390425,
            1.32074858800007
          ],
          [
            103.912346326,
            1.32073994200003
          ],
          [
            103.912302227,
            1.32073129800006
          ],
          [
            103.912258128,
            1.32072265200002
          ],
          [
            103.912214101,
            1.32071365700005
          ],
          [
            103.912170136,
            1.32070434400003
          ],
          [
            103.912126172,
            1.32069502900004
          ],
          [
            103.912082208,
            1.32068571600006
          ],
          [
            103.912038243,
            1.32067640100007
          ],
          [
            103.911994279,
            1.32066708800003
          ],
          [
            103.911950315,
            1.32065777300005
          ],
          [
            103.911906351,
            1.32064846000004
          ],
          [
            103.911862387,
            1.32063914500001
          ],
          [
            103.911818423,
            1.32062983200005
          ],
          [
            103.911774458,
            1.32062051700006
          ],
          [
            103.911730494,
            1.32061120400003
          ],
          [
            103.91168653,
            1.32060188900004
          ],
          [
            103.911642566,
            1.32059257600002
          ],
          [
            103.911598602,
            1.32058326100002
          ],
          [
            103.911554637,
            1.32057394700006
          ],
          [
            103.911510673,
            1.32056463200007
          ],
          [
            103.911466709,
            1.32055531900006
          ],
          [
            103.911422745,
            1.32054600400005
          ],
          [
            103.911378781,
            1.32053669100002
          ],
          [
            103.911334817,
            1.32052737600003
          ],
          [
            103.911290852,
            1.32051806300005
          ],
          [
            103.911246888,
            1.32050874800007
          ],
          [
            103.911202924,
            1.32049943500003
          ],
          [
            103.91115896,
            1.32049012000005
          ],
          [
            103.911114996,
            1.32048080700001
          ],
          [
            103.911071032,
            1.32047149200003
          ],
          [
            103.911027067,
            1.32046217900005
          ],
          [
            103.910983103,
            1.32045286400005
          ],
          [
            103.910939139,
            1.32044355100005
          ],
          [
            103.910895175,
            1.32043423600004
          ],
          [
            103.910851211,
            1.32042492300008
          ],
          [
            103.910807247,
            1.32041560800007
          ],
          [
            103.910763283,
            1.32040629500004
          ],
          [
            103.910719183,
            1.32039767400006
          ],
          [
            103.910674998,
            1.32038948300006
          ],
          [
            103.910630815,
            1.32038129200003
          ],
          [
            103.910586629,
            1.32037310200008
          ],
          [
            103.910542445,
            1.32036491200004
          ],
          [
            103.910498261,
            1.32035672000007
          ],
          [
            103.910454077,
            1.32034853100004
          ],
          [
            103.910409892,
            1.32034034000003
          ],
          [
            103.910365707,
            1.320332149
          ],
          [
            103.910321678,
            1.32032320200004
          ],
          [
            103.910277866,
            1.32031318700007
          ],
          [
            103.910234054,
            1.32030317200002
          ],
          [
            103.910190242,
            1.32029315900006
          ],
          [
            103.91014643,
            1.32028314400003
          ],
          [
            103.910102618,
            1.32027313000002
          ],
          [
            103.910058807,
            1.32026311500004
          ],
          [
            103.910014995,
            1.32025310200003
          ],
          [
            103.909971182,
            1.32024308600006
          ],
          [
            103.90992737,
            1.32023307300005
          ],
          [
            103.909883558,
            1.32022305700003
          ],
          [
            103.909839746,
            1.32021304400007
          ],
          [
            103.909795935,
            1.32020302900001
          ],
          [
            103.909752123,
            1.32019301500002
          ],
          [
            103.909708312,
            1.32018300000004
          ],
          [
            103.9096645,
            1.32017298700003
          ],
          [
            103.909620687,
            1.32016297100005
          ],
          [
            103.909576875,
            1.32015295800005
          ],
          [
            103.909533063,
            1.32014294300006
          ],
          [
            103.909489251,
            1.32013292900006
          ],
          [
            103.909445439,
            1.32012291400001
          ],
          [
            103.909401628,
            1.32011290100008
          ],
          [
            103.909357816,
            1.32010288500004
          ],
          [
            103.909314003,
            1.32009287200002
          ],
          [
            103.909270191,
            1.32008285700004
          ],
          [
            103.90922638,
            1.32007284300004
          ],
          [
            103.909182568,
            1.32006282800007
          ],
          [
            103.909138756,
            1.32005281500006
          ],
          [
            103.90909479,
            1.32004351600005
          ],
          [
            103.90905079,
            1.32003437300005
          ],
          [
            103.909006792,
            1.32002522900007
          ],
          [
            103.908962791,
            1.32001608700006
          ],
          [
            103.908918791,
            1.32000694300007
          ],
          [
            103.908874793,
            1.31999780000007
          ],
          [
            103.908830792,
            1.31998865800006
          ],
          [
            103.908786793,
            1.31997951300001
          ],
          [
            103.908742794,
            1.31997037100007
          ],
          [
            103.908698794,
            1.31996122800007
          ],
          [
            103.908654794,
            1.31995208400002
          ],
          [
            103.908610794,
            1.31994294200005
          ],
          [
            103.908566795,
            1.31993379900006
          ],
          [
            103.908522795,
            1.31992465500002
          ],
          [
            103.908478796,
            1.31991551300008
          ],
          [
            103.908434796,
            1.31990636900002
          ],
          [
            103.908390797,
            1.31989722600002
          ],
          [
            103.908346797,
            1.31988808300002
          ],
          [
            103.908302798,
            1.31987893900003
          ],
          [
            103.908258799,
            1.31986979700002
          ],
          [
            103.908214798,
            1.31986065400003
          ],
          [
            103.908170799,
            1.31985151000003
          ],
          [
            103.9081268,
            1.31984236800002
          ],
          [
            103.9080828,
            1.31983322500002
          ],
          [
            103.9080388,
            1.31982408100004
          ],
          [
            103.907994802,
            1.31981493900003
          ],
          [
            103.907950801,
            1.31980579400006
          ],
          [
            103.907906802,
            1.31979665100003
          ],
          [
            103.907862802,
            1.31978750900003
          ],
          [
            103.907818588,
            1.31977952400006
          ],
          [
            103.907774268,
            1.31977211500002
          ],
          [
            103.907729949,
            1.31976470400001
          ],
          [
            103.907685628,
            1.31975729400006
          ],
          [
            103.907641307,
            1.31974988400003
          ],
          [
            103.907596987,
            1.31974247400005
          ],
          [
            103.907552667,
            1.31973506200007
          ],
          [
            103.907508348,
            1.31972765200004
          ],
          [
            103.907464027,
            1.31972024200007
          ],
          [
            103.907419706,
            1.31971283200004
          ],
          [
            103.907375387,
            1.31970542200003
          ],
          [
            103.907331066,
            1.31969801200006
          ],
          [
            103.907286746,
            1.31969060200002
          ],
          [
            103.907242426,
            1.31968319200007
          ],
          [
            103.907198106,
            1.31967578100004
          ],
          [
            103.907153786,
            1.31966837100003
          ],
          [
            103.907109465,
            1.31966096000002
          ],
          [
            103.907065145,
            1.31965355000005
          ],
          [
            103.907020792,
            1.31964635600003
          ],
          [
            103.906976292,
            1.31964013500004
          ],
          [
            103.906931792,
            1.31963391300008
          ],
          [
            103.906887291,
            1.31962769200003
          ],
          [
            103.906842791,
            1.31962147200005
          ],
          [
            103.906798291,
            1.31961525000002
          ],
          [
            103.90675379,
            1.31960902900006
          ],
          [
            103.90670929,
            1.31960280900006
          ],
          [
            103.90666479,
            1.31959658600005
          ],
          [
            103.906620289,
            1.31959036600004
          ],
          [
            103.906575789,
            1.31958414500003
          ],
          [
            103.906531289,
            1.31957792300005
          ],
          [
            103.906486788,
            1.31957170300006
          ],
          [
            103.906442288,
            1.31956548200003
          ],
          [
            103.906397788,
            1.31955926000006
          ],
          [
            103.906353287,
            1.31955303900002
          ],
          [
            103.906308787,
            1.31954681800003
          ],
          [
            103.906264287,
            1.31954059600003
          ],
          [
            103.906219786,
            1.31953437600004
          ],
          [
            103.906175286,
            1.31952815500006
          ],
          [
            103.906130786,
            1.31952193300003
          ],
          [
            103.906086285,
            1.31951571300004
          ],
          [
            103.906041785,
            1.31950949100007
          ],
          [
            103.905997285,
            1.31950326900007
          ],
          [
            103.905952784,
            1.31949704900006
          ],
          [
            103.905908284,
            1.31949082800002
          ],
          [
            103.905863784,
            1.31948460600005
          ],
          [
            103.905819283,
            1.31947838600008
          ],
          [
            103.905774783,
            1.31947216500002
          ],
          [
            103.905730283,
            1.31946594200002
          ],
          [
            103.905685782,
            1.31945972200003
          ],
          [
            103.905641282,
            1.31945350100005
          ],
          [
            103.905596782,
            1.31944727900003
          ],
          [
            103.905552281,
            1.31944105800003
          ],
          [
            103.905507781,
            1.31943483800006
          ],
          [
            103.905463281,
            1.31942861500004
          ],
          [
            103.90541878,
            1.31942239400008
          ],
          [
            103.90537427,
            1.31941625200006
          ],
          [
            103.905329636,
            1.31941109100005
          ],
          [
            103.905285003,
            1.31940592800004
          ],
          [
            103.90524037,
            1.31940076600006
          ],
          [
            103.905195736,
            1.31939560500005
          ],
          [
            103.905151229,
            1.31938968000002
          ],
          [
            103.905107395,
            1.31937976300002
          ],
          [
            103.905063563,
            1.31936984700008
          ],
          [
            103.905019728,
            1.31935993000007
          ],
          [
            103.904975894,
            1.31935001400006
          ],
          [
            103.904932061,
            1.31934009600007
          ],
          [
            103.904888226,
            1.31933018000006
          ],
          [
            103.904844392,
            1.31932026300006
          ],
          [
            103.90480055,
            1.31931038600004
          ],
          [
            103.904756704,
            1.31930052400002
          ],
          [
            103.904712858,
            1.31929066100002
          ],
          [
            103.904669012,
            1.31928079700004
          ],
          [
            103.904625167,
            1.31927093600006
          ],
          [
            103.904581924,
            1.31925870600002
          ],
          [
            103.904538786,
            1.31924607400003
          ],
          [
            103.904495647,
            1.31923344100005
          ],
          [
            103.904452509,
            1.31922080600004
          ],
          [
            103.90440937,
            1.31920817400002
          ],
          [
            103.904366232,
            1.31919554100007
          ],
          [
            103.904323094,
            1.31918290600004
          ],
          [
            103.904279956,
            1.31917027400005
          ],
          [
            103.904236817,
            1.31915764000006
          ],
          [
            103.904193679,
            1.31914500600004
          ],
          [
            103.904150541,
            1.31913237400005
          ],
          [
            103.904106504,
            1.31912362100007
          ],
          [
            103.904062255,
            1.31911579200005
          ],
          [
            103.904018006,
            1.31910796000005
          ],
          [
            103.903973863,
            1.31909956100002
          ],
          [
            103.903929795,
            1.31909075900005
          ],
          [
            103.903885727,
            1.31908195700002
          ],
          [
            103.903841659,
            1.31907315500008
          ],
          [
            103.903797591,
            1.31906435100007
          ],
          [
            103.903753524,
            1.31905554900005
          ],
          [
            103.903709456,
            1.31904674700007
          ],
          [
            103.903665386,
            1.31903794500005
          ],
          [
            103.903621318,
            1.31902914300003
          ],
          [
            103.90357725,
            1.31902033900008
          ],
          [
            103.903533182,
            1.31901153700006
          ],
          [
            103.903489114,
            1.31900273500001
          ],
          [
            103.903445047,
            1.31899393300006
          ],
          [
            103.903400979,
            1.31898513000005
          ],
          [
            103.90335691,
            1.31897632700003
          ],
          [
            103.903312842,
            1.31896752600005
          ],
          [
            103.903268774,
            1.31895872300004
          ],
          [
            103.903224706,
            1.31894992000002
          ],
          [
            103.903180638,
            1.31894111700007
          ],
          [
            103.90313657,
            1.31893231500004
          ],
          [
            103.903092502,
            1.31892351400006
          ],
          [
            103.903048433,
            1.31891471100005
          ],
          [
            103.903004365,
            1.31890590800003
          ],
          [
            103.902960297,
            1.31889710500007
          ],
          [
            103.902916229,
            1.31888830400004
          ],
          [
            103.902872161,
            1.31887950100003
          ],
          [
            103.902828093,
            1.31887069800007
          ],
          [
            103.902784026,
            1.31886189500004
          ],
          [
            103.902739958,
            1.31885309400009
          ],
          [
            103.902695889,
            1.31884429200005
          ],
          [
            103.902651821,
            1.31883548900003
          ],
          [
            103.902607753,
            1.31882668600002
          ],
          [
            103.902563685,
            1.31881788300005
          ],
          [
            103.902519617,
            1.31880908200004
          ],
          [
            103.902475549,
            1.31880027900008
          ],
          [
            103.902431481,
            1.31879147600006
          ],
          [
            103.902387412,
            1.31878267300004
          ],
          [
            103.902343344,
            1.31877387100008
          ],
          [
            103.902299276,
            1.31876507000004
          ],
          [
            103.902255208,
            1.31875626700002
          ],
          [
            103.90221114,
            1.31874746400007
          ],
          [
            103.902167073,
            1.31873866100007
          ],
          [
            103.902123005,
            1.31872986000007
          ],
          [
            103.902078936,
            1.31872105700006
          ],
          [
            103.902034868,
            1.31871225500003
          ],
          [
            103.9019908,
            1.31870345100004
          ],
          [
            103.901946732,
            1.31869464900007
          ],
          [
            103.901902664,
            1.31868584800003
          ],
          [
            103.901858596,
            1.31867704500007
          ],
          [
            103.901814528,
            1.31866824300005
          ],
          [
            103.901770459,
            1.31865943900004
          ],
          [
            103.901726391,
            1.31865063700008
          ],
          [
            103.901682323,
            1.31864183500004
          ],
          [
            103.901638255,
            1.31863303300002
          ],
          [
            103.901594187,
            1.31862422900001
          ],
          [
            103.90155012,
            1.31861542700005
          ],
          [
            103.901506052,
            1.31860662400005
          ],
          [
            103.901461983,
            1.31859782300006
          ],
          [
            103.901417915,
            1.31858902000005
          ],
          [
            103.901373847,
            1.31858021800003
          ],
          [
            103.901329779,
            1.31857141500007
          ],
          [
            103.901285711,
            1.31856261200005
          ],
          [
            103.901241642,
            1.31855381500004
          ],
          [
            103.901197572,
            1.31854502200003
          ],
          [
            103.901153502,
            1.31853622900007
          ],
          [
            103.901109433,
            1.31852743600006
          ],
          [
            103.901065362,
            1.31851864300006
          ],
          [
            103.901021292,
            1.31850984900007
          ],
          [
            103.900977222,
            1.31850105600007
          ],
          [
            103.900933152,
            1.31849226300005
          ],
          [
            103.900889083,
            1.31848347000003
          ],
          [
            103.900845013,
            1.31847467700005
          ],
          [
            103.900800943,
            1.31846588200004
          ],
          [
            103.900756874,
            1.31845708900005
          ],
          [
            103.900712803,
            1.31844829700002
          ],
          [
            103.900668733,
            1.31843950400003
          ],
          [
            103.900624664,
            1.31843070900003
          ],
          [
            103.900580593,
            1.31842191600004
          ],
          [
            103.900536523,
            1.31841312300003
          ],
          [
            103.900492455,
            1.31840433100005
          ],
          [
            103.900448384,
            1.31839553700008
          ],
          [
            103.900404314,
            1.31838674300007
          ],
          [
            103.900359984,
            1.31837946000006
          ],
          [
            103.900315543,
            1.31837283500004
          ],
          [
            103.900271099,
            1.31836620900003
          ],
          [
            103.900226657,
            1.31835958300006
          ],
          [
            103.900186729,
            1.31835363100002
          ],
          [
            103.900176586,
            1.31840238600005
          ],
          [
            103.900167379,
            1.31844664400007
          ],
          [
            103.900158173,
            1.31849090300005
          ],
          [
            103.900148965,
            1.31853516100005
          ],
          [
            103.900139757,
            1.31857942000006
          ],
          [
            103.90013055,
            1.31862367800003
          ],
          [
            103.900121343,
            1.31866793600005
          ],
          [
            103.900112136,
            1.31871219400005
          ],
          [
            103.90010293,
            1.31875645300004
          ],
          [
            103.900093722,
            1.31880071100006
          ],
          [
            103.900084514,
            1.31884497000004
          ],
          [
            103.900075307,
            1.31888922800004
          ],
          [
            103.9000661,
            1.31893348700004
          ],
          [
            103.900056894,
            1.31897774500003
          ],
          [
            103.900047687,
            1.31902200400003
          ],
          [
            103.900038479,
            1.31906626200004
          ],
          [
            103.900029271,
            1.31911052100003
          ],
          [
            103.900018793,
            1.31916089300006
          ],
          [
            103.899980841,
            1.31915315800006
          ],
          [
            103.899936808,
            1.31914418200006
          ],
          [
            103.899892773,
            1.31913520900002
          ],
          [
            103.899848739,
            1.31912623300002
          ],
          [
            103.899804706,
            1.31911725800006
          ],
          [
            103.899760673,
            1.31910828500003
          ],
          [
            103.899716638,
            1.31909930900003
          ],
          [
            103.899672604,
            1.31909033500004
          ],
          [
            103.899628572,
            1.31908136100004
          ],
          [
            103.899584537,
            1.31907238500001
          ],
          [
            103.899540503,
            1.31906341100006
          ],
          [
            103.899496469,
            1.31905443500007
          ],
          [
            103.899452437,
            1.31904546100001
          ],
          [
            103.899408402,
            1.31903648700006
          ],
          [
            103.899364368,
            1.31902751100005
          ],
          [
            103.899320334,
            1.31901853700004
          ],
          [
            103.899276302,
            1.31900956300007
          ],
          [
            103.899232267,
            1.31900058700005
          ],
          [
            103.899188233,
            1.31899161300002
          ],
          [
            103.8991442,
            1.31898263900005
          ],
          [
            103.899100165,
            1.31897366300005
          ],
          [
            103.899056132,
            1.31896468900003
          ],
          [
            103.899012098,
            1.31895571400003
          ],
          [
            103.898968065,
            1.31894673900007
          ],
          [
            103.89892403,
            1.31893776500004
          ],
          [
            103.898879997,
            1.31892878900003
          ],
          [
            103.898835963,
            1.31891981500008
          ],
          [
            103.89879193,
            1.31891084100005
          ],
          [
            103.898747895,
            1.31890186500004
          ],
          [
            103.898703862,
            1.31889289100008
          ],
          [
            103.898659828,
            1.31888391700005
          ],
          [
            103.898615795,
            1.31887494100005
          ],
          [
            103.89857176,
            1.31886596700003
          ],
          [
            103.898527727,
            1.31885699300005
          ],
          [
            103.898483537,
            1.31884883900007
          ],
          [
            103.898439315,
            1.31884086400003
          ],
          [
            103.898395091,
            1.31883289100005
          ],
          [
            103.898350867,
            1.31882491600004
          ],
          [
            103.898306643,
            1.31881694300006
          ],
          [
            103.898262421,
            1.31880896800002
          ],
          [
            103.898218196,
            1.31880099600004
          ],
          [
            103.898173973,
            1.31879302100002
          ],
          [
            103.898129749,
            1.31878504800005
          ],
          [
            103.898085527,
            1.31877707300005
          ],
          [
            103.898041302,
            1.31876910000006
          ],
          [
            103.897997079,
            1.31876112500004
          ],
          [
            103.897952855,
            1.31875315200006
          ],
          [
            103.897908632,
            1.31874517800002
          ],
          [
            103.897864408,
            1.31873720500004
          ],
          [
            103.897820185,
            1.31872923000001
          ],
          [
            103.897775962,
            1.31872125700004
          ],
          [
            103.897731738,
            1.31871328200003
          ],
          [
            103.897687514,
            1.31870530900005
          ],
          [
            103.897643291,
            1.31869733400004
          ],
          [
            103.897599068,
            1.31868936200005
          ],
          [
            103.897554844,
            1.31868138700002
          ],
          [
            103.89751062,
            1.31867341400004
          ],
          [
            103.897466398,
            1.31866543900001
          ],
          [
            103.897422174,
            1.31865746600004
          ],
          [
            103.897378059,
            1.31864892000004
          ],
          [
            103.897334052,
            1.31863981200006
          ],
          [
            103.897290045,
            1.31863070600002
          ],
          [
            103.897246039,
            1.31862160000002
          ],
          [
            103.897202031,
            1.31861249400003
          ],
          [
            103.897158024,
            1.31860338600006
          ],
          [
            103.897114017,
            1.31859428000006
          ],
          [
            103.897070011,
            1.31858517500007
          ],
          [
            103.897026003,
            1.31857606800002
          ],
          [
            103.896981996,
            1.31856696100005
          ],
          [
            103.896937989,
            1.31855785400006
          ],
          [
            103.896893983,
            1.31854874900006
          ],
          [
            103.896849975,
            1.31853964200006
          ],
          [
            103.896805968,
            1.31853053500003
          ],
          [
            103.896761961,
            1.31852142800005
          ],
          [
            103.896717955,
            1.31851232300005
          ],
          [
            103.896673946,
            1.31850321600006
          ],
          [
            103.896629939,
            1.31849410900002
          ],
          [
            103.896585933,
            1.31848500300004
          ],
          [
            103.896541925,
            1.31847589700004
          ],
          [
            103.896497918,
            1.31846679100004
          ],
          [
            103.896453911,
            1.31845768300002
          ],
          [
            103.896409905,
            1.31844857700002
          ],
          [
            103.896365897,
            1.31843947100003
          ],
          [
            103.89632189,
            1.31843036500003
          ],
          [
            103.896277883,
            1.31842125700007
          ],
          [
            103.896233877,
            1.31841215100007
          ],
          [
            103.896189869,
            1.31840304500003
          ],
          [
            103.896145842,
            1.31839406100004
          ],
          [
            103.896101391,
            1.31838748400003
          ],
          [
            103.896056941,
            1.31838090700005
          ],
          [
            103.896012492,
            1.31837433200007
          ],
          [
            103.895968041,
            1.31836775600005
          ],
          [
            103.895923591,
            1.31836117800002
          ],
          [
            103.895879142,
            1.31835460200006
          ],
          [
            103.895834691,
            1.31834802700006
          ],
          [
            103.895790242,
            1.31834145000005
          ],
          [
            103.895745793,
            1.31833487300002
          ],
          [
            103.895701342,
            1.31832829800005
          ],
          [
            103.895656892,
            1.31832172100006
          ],
          [
            103.895612443,
            1.31831514400004
          ],
          [
            103.895567992,
            1.31830856900006
          ],
          [
            103.895523542,
            1.31830199200004
          ],
          [
            103.895479093,
            1.31829541600007
          ],
          [
            103.895434643,
            1.31828884000003
          ],
          [
            103.895390193,
            1.31828226300009
          ],
          [
            103.895345744,
            1.31827568700005
          ],
          [
            103.895301293,
            1.31826911100007
          ],
          [
            103.895256843,
            1.31826253400005
          ],
          [
            103.895212394,
            1.31825595800007
          ],
          [
            103.895167943,
            1.31824938300001
          ],
          [
            103.895123493,
            1.31824280500006
          ],
          [
            103.895079045,
            1.31823622900004
          ],
          [
            103.895034594,
            1.31822965400003
          ],
          [
            103.894990144,
            1.31822307600003
          ],
          [
            103.894945695,
            1.31821650000007
          ],
          [
            103.894901244,
            1.31820992500007
          ],
          [
            103.894856794,
            1.31820334800006
          ],
          [
            103.894812345,
            1.31819677100003
          ],
          [
            103.894767894,
            1.31819019600004
          ],
          [
            103.894723445,
            1.31818361900002
          ],
          [
            103.894678996,
            1.31817704200005
          ],
          [
            103.894634545,
            1.31817046700005
          ],
          [
            103.894590095,
            1.31816389000004
          ],
          [
            103.894545645,
            1.31815731300004
          ],
          [
            103.894501195,
            1.31815073800004
          ],
          [
            103.894456746,
            1.31814416100002
          ],
          [
            103.894412297,
            1.31813758600003
          ],
          [
            103.894367846,
            1.31813100900005
          ],
          [
            103.894323397,
            1.31812443200003
          ],
          [
            103.894278946,
            1.31811785700006
          ],
          [
            103.894234496,
            1.31811128000004
          ],
          [
            103.894190047,
            1.31810470300007
          ],
          [
            103.894145596,
            1.31809812800003
          ],
          [
            103.894101146,
            1.31809155000002
          ],
          [
            103.894056698,
            1.31808497400003
          ],
          [
            103.894012247,
            1.31807839900005
          ],
          [
            103.893967797,
            1.31807182100005
          ],
          [
            103.893923348,
            1.31806524500008
          ],
          [
            103.893917122,
            1.31806432500002
          ]
        ]
      },
      "properties": {
        "OBJECTID": 1,
        "pcn_loop": "Eastern Coastal Loop",
        "pcn": "Sims Avenue Park Connector",
        "descriptionHTML": "Sims Avenue Park Connector connects the cycling routes of the eastern parts of Singapore to the central area. It comes close to Geylang Park Connector which links to Tanjong Rhu Promenade, allowing visits to attractions such as Singapore Sports Hub and Gardens by the Bay. It also connects to Siglap Park Connector, which is connected to East Coast Park and Bedok Reservoir Park.",
        "address": "",
        "Shape__Length": 2237.5320054949107
      }
    },
    {
      "type": "Feature",
      "id": 2,
      "geometry": {
        "type": "LineString",
        "coordinates": [
          [
            103.988467523,
            1.39111080700008
          ],
          [
            103.98845164,
            1.39106379300005
          ],
          [
            103.988306306,
            1.39071292000005
          ],
          [
            103.988279542,
            1.39064939000002
          ],
          [
            103.988042959,
            1.39076593300007
          ],
          [
            103.987959141,
            1.39081301200003
          ],
          [
            103.987756383,
            1.39075121400002
          ],
          [
            103.987821746,
            1.39057352000002
          ],
          [
            103.987874252,
            1.39035950000004
          ],
          [
            103.987650796,
            1.39029452600004
          ],
          [
            103.987542929,
            1.39066284100005
          ],
          [
            103.987445655,
            1.39070824200008
          ],
          [
            103.987377363,
            1.39075345100001
          ],
          [
            103.987346163,
            1.39074165500005
          ],
          [
            103.987036191,
            1.39059158700008
          ],
          [
            103.986943526,
            1.39054371500004
          ],
          [
            103.986855564,
            1.39049824000005
          ],
          [
            103.986829078,
            1.39047992400003
          ],
          [
            103.986779888,
            1.39044795100006
          ],
          [
            103.98675469,
            1.39042747300004
          ],
          [
            103.986450712,
            1.39071071100005
          ],
          [
            103.986135227,
            1.39094657400005
          ],
          [
            103.985968446,
            1.39105597700007
          ],
          [
            103.98587499,
            1.39109697700008
          ],
          [
            103.985791939,
            1.39112982200003
          ],
          [
            103.985684657,
            1.39115931400005
          ],
          [
            103.985594898,
            1.39119129200003
          ],
          [
            103.985503748,
            1.39121557800008
          ],
          [
            103.985402552,
            1.39123613300006
          ],
          [
            103.985342938,
            1.39125420900006
          ],
          [
            103.985311429,
            1.39126679400004
          ],
          [
            103.985214912,
            1.39131604100004
          ],
          [
            103.98513635,
            1.39136105000005
          ],
          [
            103.985043589,
            1.39142492200005
          ],
          [
            103.98494997,
            1.39147726800007
          ],
          [
            103.984870337,
            1.39152916300004
          ],
          [
            103.984784949,
            1.39157661400001
          ],
          [
            103.984698604,
            1.39162204300002
          ],
          [
            103.984555634,
            1.39165720500006
          ],
          [
            103.984250794,
            1.39169793600006
          ],
          [
            103.984116298,
            1.39175160100006
          ],
          [
            103.983953873,
            1.39174039900008
          ],
          [
            103.983741667,
            1.39165963800002
          ],
          [
            103.983597963,
            1.39164728700008
          ],
          [
            103.983530041,
            1.39162366500005
          ],
          [
            103.983453932,
            1.39160272300005
          ],
          [
            103.983379516,
            1.39158599700005
          ],
          [
            103.983206,
            1.39155109900002
          ],
          [
            103.982875573,
            1.39147668400005
          ],
          [
            103.982709696,
            1.39144370000002
          ],
          [
            103.982613992,
            1.39142364700007
          ],
          [
            103.982427172,
            1.39139149400004
          ],
          [
            103.98234227,
            1.39135707000003
          ],
          [
            103.982257873,
            1.39134222500006
          ],
          [
            103.982182095,
            1.39133457200006
          ],
          [
            103.98200452,
            1.39132350000007
          ],
          [
            103.981908664,
            1.39131992000005
          ],
          [
            103.981854657,
            1.39131864700005
          ],
          [
            103.981826272,
            1.39131941600003
          ],
          [
            103.981798793,
            1.39132282100007
          ],
          [
            103.981772924,
            1.39132926900003
          ],
          [
            103.981745281,
            1.39133977700004
          ],
          [
            103.981674348,
            1.39137122500005
          ],
          [
            103.981637143,
            1.39138166700007
          ],
          [
            103.981607734,
            1.39138491500005
          ],
          [
            103.981508604,
            1.39138498300002
          ],
          [
            103.981473767,
            1.39138705300008
          ],
          [
            103.98144138,
            1.39139329900007
          ],
          [
            103.981404142,
            1.39141113100003
          ],
          [
            103.981339607,
            1.39146514600004
          ],
          [
            103.981294171,
            1.39147856000005
          ],
          [
            103.98125617,
            1.39147597500005
          ],
          [
            103.98122753,
            1.39146307000004
          ],
          [
            103.981189457,
            1.39146399700008
          ],
          [
            103.98116,
            1.39147446500004
          ],
          [
            103.981133905,
            1.39148451700005
          ],
          [
            103.981098854,
            1.39149692400003
          ],
          [
            103.98106999,
            1.39150625800005
          ],
          [
            103.981018509,
            1.39152511500004
          ],
          [
            103.980961241,
            1.39154584900005
          ],
          [
            103.980908826,
            1.39156156900003
          ],
          [
            103.980852801,
            1.39157190200007
          ],
          [
            103.980791495,
            1.39157896000005
          ],
          [
            103.980731258,
            1.39158509800006
          ],
          [
            103.980679494,
            1.39158754000005
          ],
          [
            103.980628052,
            1.39158517600002
          ],
          [
            103.980564548,
            1.39157728400005
          ],
          [
            103.980506176,
            1.39156896600002
          ],
          [
            103.98046291,
            1.39155950100008
          ],
          [
            103.980425315,
            1.39155010700005
          ],
          [
            103.980377043,
            1.39154816200004
          ],
          [
            103.980325038,
            1.39152381800005
          ],
          [
            103.980275081,
            1.39150554900003
          ],
          [
            103.980220427,
            1.39146266900002
          ],
          [
            103.980166388,
            1.39143065600006
          ],
          [
            103.980089651,
            1.39139614000004
          ],
          [
            103.98005678,
            1.39136435300002
          ],
          [
            103.980011321,
            1.39132132700008
          ],
          [
            103.979970094,
            1.39129484600006
          ],
          [
            103.979929228,
            1.39124987900004
          ],
          [
            103.979901185,
            1.39120914700003
          ],
          [
            103.979853164,
            1.39114826400003
          ],
          [
            103.979809705,
            1.39107926500003
          ],
          [
            103.979771504,
            1.39102607700006
          ],
          [
            103.979748752,
            1.39099286400005
          ],
          [
            103.979733789,
            1.39095695200007
          ],
          [
            103.979707295,
            1.39089030000002
          ],
          [
            103.97966721,
            1.39077897200002
          ],
          [
            103.979648003,
            1.39072720200004
          ],
          [
            103.979607723,
            1.39065722100002
          ],
          [
            103.979570529,
            1.39057309400004
          ],
          [
            103.979527246,
            1.39048293800005
          ],
          [
            103.979485882,
            1.39039331000003
          ],
          [
            103.979472434,
            1.39036166200003
          ],
          [
            103.979448235,
            1.39030384700004
          ],
          [
            103.979401674,
            1.39023230200006
          ],
          [
            103.979365372,
            1.39016519400008
          ],
          [
            103.979329779,
            1.39010348200004
          ],
          [
            103.979294231,
            1.39004601100004
          ],
          [
            103.979258367,
            1.38999220600003
          ],
          [
            103.979203845,
            1.38991494900007
          ],
          [
            103.979157294,
            1.38985243700006
          ],
          [
            103.979113194,
            1.38979726500003
          ],
          [
            103.979070461,
            1.38974814700003
          ],
          [
            103.979014512,
            1.38969070600006
          ],
          [
            103.978948933,
            1.38963071300003
          ],
          [
            103.978875117,
            1.38956879400006
          ],
          [
            103.978748568,
            1.38945445300004
          ],
          [
            103.978661789,
            1.38940646400005
          ],
          [
            103.978570512,
            1.38932942600007
          ],
          [
            103.978505133,
            1.38927159900004
          ],
          [
            103.978466601,
            1.38924895500002
          ],
          [
            103.978419158,
            1.38921814600007
          ],
          [
            103.978362727,
            1.38918946000008
          ],
          [
            103.978357798,
            1.38914299100003
          ],
          [
            103.978280361,
            1.38908799700005
          ],
          [
            103.978206425,
            1.38903697400002
          ],
          [
            103.978151839,
            1.38900420000003
          ],
          [
            103.978088325,
            1.38897158000003
          ],
          [
            103.978028122,
            1.38894399800007
          ],
          [
            103.977864617,
            1.38887295500006
          ],
          [
            103.977805916,
            1.38884709400002
          ],
          [
            103.977774845,
            1.38883481200002
          ],
          [
            103.977693275,
            1.38877261400006
          ],
          [
            103.977659279,
            1.38872484300005
          ],
          [
            103.977618516,
            1.38867788300007
          ],
          [
            103.977582116,
            1.38860607700003
          ],
          [
            103.97756536,
            1.38857338600008
          ],
          [
            103.977555073,
            1.38854498600006
          ],
          [
            103.977547374,
            1.38851720900003
          ],
          [
            103.977541433,
            1.38847842300003
          ],
          [
            103.977534116,
            1.38843360800006
          ],
          [
            103.977548394,
            1.38840688200004
          ],
          [
            103.977582817,
            1.38835328500004
          ],
          [
            103.977621774,
            1.38830895000005
          ],
          [
            103.977667194,
            1.38827927400007
          ],
          [
            103.977763063,
            1.38819747900003
          ],
          [
            103.977864868,
            1.38811101300006
          ],
          [
            103.977910483,
            1.38807815100005
          ],
          [
            103.977951919,
            1.38804924200002
          ],
          [
            103.978039537,
            1.38799124100007
          ],
          [
            103.978085801,
            1.38796374200006
          ],
          [
            103.978136512,
            1.38793489900007
          ],
          [
            103.978181263,
            1.38790817700003
          ],
          [
            103.978233492,
            1.38788187700004
          ],
          [
            103.978326935,
            1.38781829200002
          ],
          [
            103.978449535,
            1.38775947500005
          ],
          [
            103.978648091,
            1.38768538000005
          ],
          [
            103.978879959,
            1.38763138000006
          ],
          [
            103.979008397,
            1.38760388600002
          ],
          [
            103.979048549,
            1.38758123200006
          ],
          [
            103.979091482,
            1.38757258200008
          ],
          [
            103.979118612,
            1.38756857000003
          ],
          [
            103.979247956,
            1.38754943300006
          ],
          [
            103.9794458,
            1.38752652800002
          ],
          [
            103.979557578,
            1.38751032700003
          ],
          [
            103.979649027,
            1.38749187100006
          ],
          [
            103.979690311,
            1.38748353900008
          ],
          [
            103.980007219,
            1.38743624700004
          ],
          [
            103.980112257,
            1.38742892900006
          ],
          [
            103.980295264,
            1.38741256600002
          ],
          [
            103.980348834,
            1.38724698500005
          ],
          [
            103.98040968,
            1.38705891400003
          ],
          [
            103.980201395,
            1.38697630700004
          ],
          [
            103.980160589,
            1.38695102000001
          ],
          [
            103.980095876,
            1.38692772200005
          ],
          [
            103.980067983,
            1.38691598100008
          ],
          [
            103.980032517,
            1.38690077900002
          ],
          [
            103.979984178,
            1.38688311400005
          ],
          [
            103.979947358,
            1.38686272700004
          ],
          [
            103.979901856,
            1.38683715000008
          ],
          [
            103.979879451,
            1.38682325500004
          ],
          [
            103.979820093,
            1.38678644400006
          ],
          [
            103.979783973,
            1.38676222000003
          ],
          [
            103.979740098,
            1.38672982900006
          ],
          [
            103.979696114,
            1.38669138500005
          ],
          [
            103.979660776,
            1.38666550700003
          ],
          [
            103.979595544,
            1.38660616900005
          ],
          [
            103.979542602,
            1.38657020600004
          ],
          [
            103.979510081,
            1.38655070200002
          ],
          [
            103.979476196,
            1.38653278400005
          ],
          [
            103.979439506,
            1.38651510500005
          ],
          [
            103.979405027,
            1.38649849000006
          ],
          [
            103.97929862,
            1.38641184200003
          ],
          [
            103.979253379,
            1.38637160500001
          ],
          [
            103.979229255,
            1.38634936300002
          ],
          [
            103.979184712,
            1.38630478400006
          ],
          [
            103.979153074,
            1.38627312300004
          ],
          [
            103.97910628,
            1.38622629300004
          ],
          [
            103.979075984,
            1.38619307700003
          ],
          [
            103.979042001,
            1.38615499700007
          ],
          [
            103.979025003,
            1.38613449800004
          ],
          [
            103.978968728,
            1.38606553800003
          ],
          [
            103.978915945,
            1.38599809600004
          ],
          [
            103.978890594,
            1.38596245500002
          ],
          [
            103.978855999,
            1.38593937800004
          ],
          [
            103.978831455,
            1.38587662500003
          ],
          [
            103.978808115,
            1.38584178200005
          ],
          [
            103.978750571,
            1.38574516000005
          ],
          [
            103.978729831,
            1.38571011100005
          ],
          [
            103.978708704,
            1.38567440700007
          ],
          [
            103.978668726,
            1.38559857900002
          ],
          [
            103.978620313,
            1.38549415900007
          ],
          [
            103.978583414,
            1.38543570400002
          ],
          [
            103.978551502,
            1.38535015000001
          ],
          [
            103.978538341,
            1.38532164900005
          ],
          [
            103.97850731,
            1.38523068300003
          ],
          [
            103.978476845,
            1.38513111600001
          ],
          [
            103.978457918,
            1.38506559000006
          ],
          [
            103.978448577,
            1.38503306100006
          ],
          [
            103.978436704,
            1.38498777600007
          ],
          [
            103.978425563,
            1.38494355400008
          ],
          [
            103.978420367,
            1.38490628200003
          ],
          [
            103.97841004,
            1.38485609000002
          ],
          [
            103.978406641,
            1.38481293600005
          ],
          [
            103.978406864,
            1.38476502600001
          ],
          [
            103.978404331,
            1.38472731200005
          ],
          [
            103.978389912,
            1.38463036200006
          ],
          [
            103.978391583,
            1.38459488300003
          ],
          [
            103.978375884,
            1.38450532200005
          ],
          [
            103.978376891,
            1.38438030800006
          ],
          [
            103.978384252,
            1.38425193600004
          ],
          [
            103.978385759,
            1.38413512700002
          ],
          [
            103.978396121,
            1.38401851100001
          ],
          [
            103.978404674,
            1.38394459600003
          ],
          [
            103.978412013,
            1.38390151200003
          ],
          [
            103.978429142,
            1.38378512500003
          ],
          [
            103.978450251,
            1.38361997100002
          ],
          [
            103.978435938,
            1.38354641200004
          ],
          [
            103.978433399,
            1.38349647000008
          ],
          [
            103.978434083,
            1.38343602100003
          ],
          [
            103.978437977,
            1.38332689100003
          ],
          [
            103.978440551,
            1.38324408400007
          ],
          [
            103.978439097,
            1.38321602700006
          ],
          [
            103.978447318,
            1.38313289500007
          ],
          [
            103.978447544,
            1.38310108800003
          ],
          [
            103.978451472,
            1.38306434200006
          ],
          [
            103.978459251,
            1.38300619800003
          ],
          [
            103.978464864,
            1.38291429300005
          ],
          [
            103.978468263,
            1.38282305300003
          ],
          [
            103.978473929,
            1.38272855100007
          ],
          [
            103.978477549,
            1.38262612400006
          ],
          [
            103.978480722,
            1.38251821600005
          ],
          [
            103.978483671,
            1.38240449100004
          ],
          [
            103.978491727,
            1.38229161100002
          ],
          [
            103.978496606,
            1.38217650400003
          ],
          [
            103.978521486,
            1.38200039400004
          ],
          [
            103.978519465,
            1.38184723700005
          ],
          [
            103.978525217,
            1.38173467500008
          ],
          [
            103.978535173,
            1.38162535700007
          ],
          [
            103.97854426,
            1.38151787300007
          ],
          [
            103.978551784,
            1.38141532800006
          ],
          [
            103.978557713,
            1.38131242900005
          ],
          [
            103.978565768,
            1.38121346200005
          ],
          [
            103.978570245,
            1.38116955900005
          ],
          [
            103.97857552,
            1.38111814000006
          ],
          [
            103.978583464,
            1.38102446900006
          ],
          [
            103.978589757,
            1.38093314400002
          ],
          [
            103.97859474,
            1.38083736700001
          ],
          [
            103.978597907,
            1.38074553900002
          ],
          [
            103.978606013,
            1.38061363200005
          ],
          [
            103.978615326,
            1.38047809600004
          ],
          [
            103.978623021,
            1.38038682900004
          ],
          [
            103.978629787,
            1.38029529200003
          ],
          [
            103.978631012,
            1.38026556300002
          ],
          [
            103.978633622,
            1.38020134700001
          ],
          [
            103.978636881,
            1.38010851100005
          ],
          [
            103.978642464,
            1.38001630400003
          ],
          [
            103.978647294,
            1.37992439300007
          ],
          [
            103.978652354,
            1.37983003400006
          ],
          [
            103.978658293,
            1.37970777900004
          ],
          [
            103.978667998,
            1.37959113600004
          ],
          [
            103.978675009,
            1.37949147000007
          ],
          [
            103.978682854,
            1.37939381100005
          ],
          [
            103.97868345,
            1.37927259600002
          ],
          [
            103.978469825,
            1.37926088500006
          ],
          [
            103.978417256,
            1.37925800000005
          ],
          [
            103.978364461,
            1.37925510200005
          ],
          [
            103.978366098,
            1.37922784800002
          ],
          [
            103.978370299,
            1.37915786700006
          ],
          [
            103.978376121,
            1.37906088300002
          ],
          [
            103.978383166,
            1.37893783200001
          ],
          [
            103.97838725,
            1.37882603400003
          ],
          [
            103.978382395,
            1.37879355300004
          ],
          [
            103.978375476,
            1.37874726800004
          ],
          [
            103.978370733,
            1.37871553500002
          ],
          [
            103.978366751,
            1.37868889300004
          ],
          [
            103.978359501,
            1.37863814800004
          ],
          [
            103.978353729,
            1.37858637400006
          ],
          [
            103.978347716,
            1.37853247600003
          ],
          [
            103.978341544,
            1.37847716100003
          ],
          [
            103.978336007,
            1.37842754000006
          ],
          [
            103.97832578,
            1.37837898000003
          ],
          [
            103.978319754,
            1.37835036900003
          ],
          [
            103.978310551,
            1.37830667000002
          ],
          [
            103.978300363,
            1.37825830000003
          ],
          [
            103.978288113,
            1.37820013200007
          ],
          [
            103.978272593,
            1.37813915700001
          ],
          [
            103.978261695,
            1.37810181600002
          ],
          [
            103.978247802,
            1.37806024500003
          ],
          [
            103.978230201,
            1.37800758000003
          ],
          [
            103.978201589,
            1.37792197300006
          ],
          [
            103.978162013,
            1.37782805100004
          ],
          [
            103.978121596,
            1.37773453200002
          ],
          [
            103.978062714,
            1.37761442100003
          ],
          [
            103.978020973,
            1.37754016000001
          ],
          [
            103.977997309,
            1.37749805800007
          ],
          [
            103.97798099,
            1.37747451300004
          ],
          [
            103.977942473,
            1.37741893900004
          ],
          [
            103.977896569,
            1.37735270800005
          ],
          [
            103.977856776,
            1.37729529300002
          ],
          [
            103.977826622,
            1.37725178600004
          ],
          [
            103.977804214,
            1.37722577100004
          ],
          [
            103.977726125,
            1.37712370200007
          ],
          [
            103.977631932,
            1.37702037400004
          ],
          [
            103.97760289,
            1.37696616100005
          ],
          [
            103.977577818,
            1.37694262200007
          ],
          [
            103.977516609,
            1.37688473100006
          ],
          [
            103.977462265,
            1.37682400400008
          ],
          [
            103.977437743,
            1.37679448300004
          ],
          [
            103.977350474,
            1.37670883100002
          ],
          [
            103.977328219,
            1.37669400700002
          ],
          [
            103.97730616,
            1.37667446800003
          ],
          [
            103.977264281,
            1.37663761100004
          ],
          [
            103.977243531,
            1.37661629400004
          ],
          [
            103.977194827,
            1.37656736900004
          ],
          [
            103.977155668,
            1.37653137300002
          ],
          [
            103.977113231,
            1.37649249900005
          ],
          [
            103.977042915,
            1.37641257100005
          ],
          [
            103.976920636,
            1.37629204400002
          ],
          [
            103.976818315,
            1.37618956400006
          ],
          [
            103.976739321,
            1.37611044600004
          ],
          [
            103.97665828,
            1.376029279
          ],
          [
            103.976544748,
            1.37591540100003
          ],
          [
            103.976425633,
            1.37579580700003
          ],
          [
            103.976355187,
            1.37572507700003
          ],
          [
            103.976256045,
            1.37562553700008
          ],
          [
            103.976187949,
            1.37555716600002
          ],
          [
            103.976150504,
            1.37551957700003
          ],
          [
            103.976050591,
            1.37541928000007
          ],
          [
            103.975968865,
            1.37533724100007
          ],
          [
            103.975922238,
            1.37529043400002
          ],
          [
            103.975851528,
            1.37521945300006
          ],
          [
            103.975797726,
            1.37516544400006
          ],
          [
            103.975729325,
            1.37509678100002
          ],
          [
            103.975676294,
            1.37504354600002
          ],
          [
            103.975586876,
            1.37495378500005
          ],
          [
            103.975482923,
            1.37484975000006
          ],
          [
            103.975388963,
            1.37474711500005
          ],
          [
            103.975360919,
            1.37471633300004
          ],
          [
            103.97530205,
            1.37464687700002
          ],
          [
            103.975217781,
            1.37454861700007
          ],
          [
            103.975126998,
            1.37445850200003
          ],
          [
            103.975042182,
            1.37437702300002
          ],
          [
            103.974970754,
            1.37431933300008
          ],
          [
            103.974856801,
            1.37422137600004
          ],
          [
            103.974923608,
            1.37414189700006
          ],
          [
            103.974848964,
            1.37405817600006
          ],
          [
            103.974827751,
            1.37403529700002
          ],
          [
            103.97477602,
            1.37399252000005
          ],
          [
            103.974731695,
            1.37393793400003
          ],
          [
            103.974638496,
            1.37403107200002
          ],
          [
            103.974551879,
            1.37402280800005
          ],
          [
            103.974502988,
            1.37398601800003
          ],
          [
            103.974474688,
            1.37395982800007
          ],
          [
            103.974419961,
            1.37390498500002
          ],
          [
            103.974400854,
            1.37388582300002
          ],
          [
            103.974339244,
            1.37382400100007
          ],
          [
            103.974314807,
            1.37379968500004
          ],
          [
            103.974260497,
            1.37374564700001
          ],
          [
            103.974179464,
            1.37366707200005
          ],
          [
            103.974149504,
            1.37363753700004
          ],
          [
            103.974100201,
            1.37358893300006
          ],
          [
            103.974035568,
            1.37352660700003
          ],
          [
            103.974016502,
            1.37350822400004
          ],
          [
            103.973930239,
            1.37342388000008
          ],
          [
            103.97388511,
            1.37337912900005
          ],
          [
            103.97384428,
            1.37333863800007
          ],
          [
            103.973806123,
            1.37329934700006
          ],
          [
            103.973763138,
            1.37325508500004
          ],
          [
            103.97368058,
            1.37317084700004
          ],
          [
            103.973598355,
            1.37308667700006
          ],
          [
            103.973511324,
            1.37299944800002
          ],
          [
            103.973431049,
            1.37291968000004
          ],
          [
            103.973348674,
            1.37283595900003
          ],
          [
            103.973324056,
            1.37281101400004
          ],
          [
            103.973267663,
            1.37275387000005
          ],
          [
            103.973185581,
            1.37267444500002
          ],
          [
            103.97310282,
            1.37259487900006
          ],
          [
            103.973033161,
            1.37252755100008
          ],
          [
            103.972980021,
            1.37247357100004
          ],
          [
            103.972956715,
            1.37244989900005
          ],
          [
            103.972887953,
            1.37237786900004
          ],
          [
            103.972849068,
            1.37233873500003
          ],
          [
            103.972805784,
            1.37220354100002
          ],
          [
            103.972742161,
            1.37213427500006
          ],
          [
            103.972677434,
            1.37206595300007
          ],
          [
            103.972581007,
            1.37196563900005
          ],
          [
            103.972473356,
            1.37185740200004
          ],
          [
            103.97240012,
            1.37178376700005
          ],
          [
            103.97225645,
            1.37163931400004
          ],
          [
            103.972127986,
            1.37151014900008
          ],
          [
            103.972002726,
            1.37138420700006
          ],
          [
            103.971947099,
            1.37132827700003
          ],
          [
            103.971922166,
            1.37130320800002
          ],
          [
            103.971896069,
            1.37128216000003
          ],
          [
            103.971862572,
            1.37126047800007
          ],
          [
            103.971832535,
            1.37124103400003
          ],
          [
            103.971810635,
            1.37122571200007
          ],
          [
            103.971783185,
            1.37119842400006
          ],
          [
            103.971751388,
            1.37116681500003
          ],
          [
            103.97171742,
            1.37114094600002
          ],
          [
            103.971691121,
            1.37111135100002
          ],
          [
            103.971667325,
            1.37108227300006
          ],
          [
            103.971647568,
            1.37105737800004
          ],
          [
            103.971612131,
            1.37101199500006
          ],
          [
            103.971587131,
            1.37098472900004
          ],
          [
            103.971556901,
            1.37093758600002
          ],
          [
            103.97150249,
            1.37088284700008
          ],
          [
            103.971424473,
            1.37080436100007
          ],
          [
            103.971364861,
            1.37074439100007
          ],
          [
            103.971306449,
            1.37068562700006
          ],
          [
            103.971251637,
            1.37063048600003
          ],
          [
            103.971177222,
            1.37055562200002
          ],
          [
            103.971131694,
            1.37050981700002
          ],
          [
            103.971073424,
            1.37050709600004
          ],
          [
            103.970961056,
            1.37040068300007
          ],
          [
            103.970928573,
            1.37037975700002
          ],
          [
            103.970813116,
            1.37025127200007
          ],
          [
            103.970779313,
            1.37022820000004
          ],
          [
            103.970711011,
            1.37015949300008
          ],
          [
            103.970637375,
            1.37009452100004
          ],
          [
            103.970609213,
            1.37004673500008
          ],
          [
            103.970541102,
            1.36997840900004
          ],
          [
            103.97047019,
            1.36990727600004
          ],
          [
            103.970395265,
            1.36983211700004
          ],
          [
            103.97035154,
            1.36980253000007
          ],
          [
            103.97033312,
            1.36977116500003
          ],
          [
            103.970287065,
            1.36972131300006
          ],
          [
            103.970269488,
            1.36969058400007
          ],
          [
            103.970225105,
            1.36964131400002
          ],
          [
            103.970196553,
            1.36958939900007
          ],
          [
            103.970116198,
            1.36950838100006
          ],
          [
            103.970003199,
            1.36939445400002
          ],
          [
            103.969874506,
            1.36926173500008
          ],
          [
            103.969849983,
            1.36923629100004
          ],
          [
            103.969804389,
            1.36922112000002
          ],
          [
            103.969788379,
            1.36918688500003
          ],
          [
            103.969748247,
            1.36916210300006
          ],
          [
            103.969688441,
            1.36910666700002
          ],
          [
            103.969610521,
            1.36902707200005
          ],
          [
            103.969591155,
            1.36900492600006
          ],
          [
            103.969501064,
            1.36890799500003
          ],
          [
            103.969456331,
            1.36884484900004
          ],
          [
            103.969347486,
            1.36874567100006
          ],
          [
            103.9692704,
            1.36867101800005
          ],
          [
            103.969199012,
            1.36859750500003
          ],
          [
            103.969133599,
            1.36853591900005
          ],
          [
            103.969066107,
            1.36846420300002
          ],
          [
            103.968994643,
            1.36839558800007
          ],
          [
            103.968900662,
            1.36828207400004
          ],
          [
            103.968752258,
            1.36813910800003
          ],
          [
            103.968543016,
            1.36792760900004
          ],
          [
            103.968485681,
            1.36788576200006
          ],
          [
            103.96842128,
            1.36781973500007
          ],
          [
            103.968404895,
            1.36779895200004
          ],
          [
            103.968360523,
            1.36775266100006
          ],
          [
            103.968315819,
            1.36770678300007
          ],
          [
            103.968281487,
            1.36767150700008
          ],
          [
            103.968256994,
            1.36764537500003
          ],
          [
            103.968207715,
            1.36759270700003
          ],
          [
            103.968163932,
            1.36754166900004
          ],
          [
            103.968128857,
            1.36750147900005
          ],
          [
            103.968078085,
            1.36744682300001
          ],
          [
            103.968049174,
            1.36741596100005
          ],
          [
            103.968019675,
            1.36738505900007
          ],
          [
            103.967978967,
            1.36734282800006
          ],
          [
            103.967940236,
            1.36730905400003
          ],
          [
            103.96790108,
            1.36727567100006
          ],
          [
            103.967820969,
            1.36720705200002
          ],
          [
            103.967780141,
            1.36716451400003
          ],
          [
            103.967747407,
            1.36712749500002
          ],
          [
            103.967680179,
            1.36704513100004
          ],
          [
            103.967630858,
            1.36698772000005
          ],
          [
            103.967610635,
            1.36696513800007
          ],
          [
            103.967563038,
            1.36691639800006
          ],
          [
            103.967536385,
            1.36688910500003
          ],
          [
            103.967463952,
            1.36681303600003
          ],
          [
            103.967389255,
            1.36673917000007
          ],
          [
            103.967306609,
            1.36665439000005
          ],
          [
            103.967235341,
            1.36658065500006
          ],
          [
            103.967162204,
            1.36650659900004
          ],
          [
            103.967089227,
            1.36643656400003
          ],
          [
            103.967013261,
            1.36636622700005
          ],
          [
            103.966941001,
            1.36629122900006
          ],
          [
            103.966893034,
            1.36623895400005
          ],
          [
            103.96686971,
            1.36621382500005
          ],
          [
            103.966806269,
            1.36614693700005
          ],
          [
            103.966784703,
            1.36612154400006
          ],
          [
            103.966740216,
            1.36607929800003
          ],
          [
            103.966703344,
            1.36605689400005
          ],
          [
            103.966657898,
            1.36603991000004
          ],
          [
            103.966609824,
            1.36602600700007
          ]
        ]
      },
      "properties": {
        "OBJECTID": 2,
        "pcn_loop": "Eastern Coastal Loop",
        "pcn": "Tampines Loyang Park Connector",
        "descriptionHTML": "Loyang Park Connector stretches along the roads within Tampines Housing Estates and Loyang Avenue, passing under the Tampines Expressway flyover before ending at Pasir Ris Drive 3. You can continue your journey on Pasir Ris Park Connector or Loyang Park Connector.",
        "address": "",
        "Shape__Length": 5012.082572732668
      }
    },
    {
      "type": "Feature",
      "id": 3,
      "geometry": {
        "type": "LineString",
        "coordinates": [
          [
            103.952537321,
            1.37490695800004
          ],
          [
            103.952558502,
            1.37490913800002
          ],
          [
            103.952651403,
            1.37491943900004
          ],
          [
            103.952758407,
            1.37492859900003
          ],
          [
            103.952968851,
            1.37495737000006
          ],
          [
            103.953124921,
            1.37494081800002
          ],
          [
            103.95323528,
            1.37496075400003
          ],
          [
            103.953352511,
            1.37497854000002
          ],
          [
            103.953453914,
            1.37498993800005
          ],
          [
            103.953565009,
            1.37500438400003
          ],
          [
            103.953659018,
            1.37501701200005
          ],
          [
            103.953756125,
            1.37503288000004
          ],
          [
            103.95385527,
            1.37504817500008
          ],
          [
            103.954026527,
            1.37506138500003
          ],
          [
            103.954176523,
            1.37508880300003
          ],
          [
            103.954268026,
            1.37509441500003
          ],
          [
            103.954379401,
            1.37510965000006
          ],
          [
            103.954504831,
            1.37512380500004
          ],
          [
            103.954632618,
            1.37513804700006
          ],
          [
            103.954755692,
            1.37515211400006
          ],
          [
            103.954890635,
            1.37516821200006
          ],
          [
            103.955016324,
            1.37518715800008
          ],
          [
            103.955146468,
            1.37520148600002
          ],
          [
            103.955269455,
            1.37521395700002
          ],
          [
            103.955394973,
            1.37522970900006
          ],
          [
            103.95551796,
            1.37524218100003
          ],
          [
            103.95563152,
            1.37525430700003
          ],
          [
            103.955742809,
            1.37526794400003
          ],
          [
            103.955839699,
            1.37527627200006
          ],
          [
            103.955936846,
            1.37528939200007
          ],
          [
            103.955990969,
            1.37528977800002
          ],
          [
            103.955983631,
            1.37542164300004
          ],
          [
            103.955970835,
            1.37556328800002
          ],
          [
            103.956118841,
            1.37556975700004
          ],
          [
            103.956269419,
            1.37557104400003
          ],
          [
            103.956439653,
            1.37560296700002
          ],
          [
            103.956507153,
            1.37560806400005
          ],
          [
            103.95657201,
            1.37561218800004
          ],
          [
            103.956605821,
            1.37561436000004
          ],
          [
            103.956731059,
            1.37562197600004
          ],
          [
            103.956819462,
            1.37562689500004
          ],
          [
            103.956940106,
            1.37563227100002
          ],
          [
            103.957057512,
            1.37563712100007
          ],
          [
            103.957164762,
            1.37564086700006
          ],
          [
            103.957252758,
            1.37564368600004
          ],
          [
            103.957305603,
            1.37564492500006
          ],
          [
            103.957407002,
            1.37564682600004
          ],
          [
            103.957506992,
            1.37564839900006
          ],
          [
            103.957540777,
            1.37564859600007
          ],
          [
            103.957734385,
            1.37564937200004
          ],
          [
            103.95780204,
            1.37564858600006
          ],
          [
            103.957843848,
            1.37564812500004
          ],
          [
            103.957932052,
            1.37564725900005
          ],
          [
            103.958044828,
            1.37564561600004
          ],
          [
            103.958162321,
            1.37564402900005
          ],
          [
            103.958236946,
            1.37564271300004
          ],
          [
            103.958281966,
            1.37564198800003
          ],
          [
            103.958459831,
            1.37567118600003
          ],
          [
            103.958581807,
            1.37568982600004
          ],
          [
            103.958628173,
            1.37569582800005
          ],
          [
            103.958746753,
            1.37568884900004
          ],
          [
            103.958786415,
            1.37566887700005
          ],
          [
            103.95887852,
            1.37563075500002
          ],
          [
            103.95900688,
            1.37560863500005
          ],
          [
            103.959065059,
            1.37560302000002
          ],
          [
            103.959111596,
            1.37559849300005
          ],
          [
            103.959164461,
            1.37559334000003
          ],
          [
            103.959237009,
            1.37558477300006
          ],
          [
            103.95929742,
            1.37557748300003
          ],
          [
            103.959394961,
            1.37556434500005
          ],
          [
            103.959428459,
            1.37555961300006
          ],
          [
            103.959485674,
            1.37555157000002
          ],
          [
            103.959662897,
            1.37552273300001
          ],
          [
            103.95975674,
            1.37550609900006
          ],
          [
            103.959943615,
            1.37547327700002
          ],
          [
            103.960148321,
            1.37543736400004
          ],
          [
            103.96052578,
            1.37537154000005
          ],
          [
            103.96071298,
            1.37533846800006
          ],
          [
            103.960922121,
            1.37530156700006
          ],
          [
            103.96110815,
            1.37526882600002
          ],
          [
            103.961168905,
            1.37525799300005
          ],
          [
            103.961212964,
            1.37525013800007
          ],
          [
            103.961236069,
            1.37527277100001
          ],
          [
            103.961343773,
            1.37525310600006
          ],
          [
            103.961495531,
            1.37522539700007
          ],
          [
            103.961515748,
            1.37519462500006
          ],
          [
            103.961554201,
            1.37518785200007
          ],
          [
            103.961639808,
            1.37517268500004
          ],
          [
            103.961746495,
            1.37515382800006
          ],
          [
            103.96182166,
            1.37515389200007
          ],
          [
            103.961878653,
            1.37515395600002
          ],
          [
            103.962014762,
            1.37515401400003
          ],
          [
            103.962138979,
            1.37513230900003
          ],
          [
            103.962197495,
            1.37511022000007
          ],
          [
            103.96226792,
            1.37508362800003
          ],
          [
            103.962371966,
            1.37504428700005
          ],
          [
            103.96245111,
            1.37502370600003
          ],
          [
            103.96251075,
            1.37500818200005
          ],
          [
            103.962562463,
            1.37499477900008
          ],
          [
            103.962623766,
            1.37497395300006
          ],
          [
            103.962686993,
            1.37495036400003
          ],
          [
            103.962730698,
            1.37493270100004
          ],
          [
            103.96276778,
            1.37491687100004
          ],
          [
            103.962810752,
            1.37489742900004
          ],
          [
            103.962853341,
            1.37487700600003
          ],
          [
            103.962895612,
            1.37485563400002
          ],
          [
            103.962934681,
            1.37483416000004
          ],
          [
            103.962988536,
            1.37480252200004
          ],
          [
            103.963011259,
            1.37478887300005
          ],
          [
            103.963057852,
            1.37475939700005
          ],
          [
            103.963091381,
            1.37473702900009
          ],
          [
            103.963135717,
            1.37470612300008
          ],
          [
            103.96317379,
            1.37467816300006
          ],
          [
            103.963214773,
            1.37464668600005
          ],
          [
            103.963253906,
            1.37461477200002
          ],
          [
            103.963294748,
            1.37457952800003
          ],
          [
            103.963329601,
            1.37454782900004
          ],
          [
            103.963353814,
            1.37452475000004
          ],
          [
            103.963403295,
            1.37447520800003
          ],
          [
            103.963426259,
            1.37445093000002
          ],
          [
            103.963462546,
            1.37441074800006
          ],
          [
            103.963481876,
            1.37438837500003
          ],
          [
            103.963522598,
            1.37433575000006
          ],
          [
            103.963560496,
            1.37428685600001
          ],
          [
            103.963610953,
            1.37422182000005
          ],
          [
            103.963647562,
            1.37416748200008
          ],
          [
            103.96367867,
            1.37411783800008
          ],
          [
            103.963695932,
            1.37408898700003
          ],
          [
            103.96371706,
            1.37405185300001
          ],
          [
            103.96374264,
            1.37400420200003
          ],
          [
            103.963768938,
            1.37395184700006
          ],
          [
            103.963786784,
            1.37391367300006
          ],
          [
            103.963820133,
            1.37383191500004
          ],
          [
            103.963857498,
            1.37373876700001
          ],
          [
            103.96386631,
            1.37370938700001
          ],
          [
            103.963889299,
            1.37363240500002
          ],
          [
            103.96391204,
            1.37355640100003
          ],
          [
            103.963927742,
            1.37348922300003
          ],
          [
            103.963938129,
            1.37343821400004
          ],
          [
            103.96394522,
            1.37341155900002
          ],
          [
            103.963956995,
            1.37338315400006
          ],
          [
            103.963996356,
            1.37330102700002
          ],
          [
            103.964009578,
            1.37327344100005
          ],
          [
            103.964013306,
            1.37322117700006
          ],
          [
            103.964018142,
            1.37315709200004
          ],
          [
            103.964006532,
            1.37303994700004
          ],
          [
            103.964003029,
            1.37301286000007
          ],
          [
            103.964008254,
            1.37295280900002
          ],
          [
            103.964012948,
            1.37290520500006
          ],
          [
            103.964016679,
            1.37286717800003
          ],
          [
            103.964025562,
            1.37278026600006
          ],
          [
            103.964035732,
            1.37273790500005
          ],
          [
            103.964039816,
            1.372712098
          ],
          [
            103.964034451,
            1.37260872100005
          ],
          [
            103.964028561,
            1.37248560800003
          ],
          [
            103.964019352,
            1.37230971300004
          ],
          [
            103.964010262,
            1.37213481000004
          ],
          [
            103.964006405,
            1.37205981200001
          ],
          [
            103.964000194,
            1.37194100400006
          ],
          [
            103.963993854,
            1.37181973800006
          ],
          [
            103.963986725,
            1.37169120900005
          ],
          [
            103.963982237,
            1.37159063300003
          ],
          [
            103.963973211,
            1.37142256500005
          ],
          [
            103.963949591,
            1.37132571700005
          ],
          [
            103.963877145,
            1.37119266600006
          ],
          [
            103.963874148,
            1.37116134300004
          ],
          [
            103.963872102,
            1.37113330800002
          ],
          [
            103.963867064,
            1.37106395100004
          ],
          [
            103.963864193,
            1.37101409800005
          ],
          [
            103.963860506,
            1.37095027200006
          ],
          [
            103.963859985,
            1.37084102200005
          ],
          [
            103.963858089,
            1.37079059700005
          ],
          [
            103.963853634,
            1.37072329900008
          ],
          [
            103.963848322,
            1.37069168500004
          ],
          [
            103.963847659,
            1.37065811900004
          ],
          [
            103.963855964,
            1.37061004600003
          ],
          [
            103.963845094,
            1.37057611100005
          ],
          [
            103.963847091,
            1.37052758100003
          ],
          [
            103.963848804,
            1.37048923100001
          ],
          [
            103.963853493,
            1.37045082100002
          ],
          [
            103.963859336,
            1.37040317200007
          ],
          [
            103.96386894,
            1.37032518100005
          ],
          [
            103.963883012,
            1.37025745900007
          ],
          [
            103.963905205,
            1.37015068500006
          ],
          [
            103.963947013,
            1.37001192300004
          ],
          [
            103.963963328,
            1.36996713100006
          ],
          [
            103.964016106,
            1.36988259700006
          ],
          [
            103.964029906,
            1.36986038100002
          ],
          [
            103.964067844,
            1.36979930000006
          ],
          [
            103.964103207,
            1.36974223900006
          ],
          [
            103.964164637,
            1.36962824600005
          ],
          [
            103.964182938,
            1.36958218700004
          ],
          [
            103.964200654,
            1.36953763300004
          ],
          [
            103.964224088,
            1.36947866200005
          ],
          [
            103.964264835,
            1.36937596400002
          ],
          [
            103.964308387,
            1.36930263500005
          ],
          [
            103.964337009,
            1.36925435800003
          ],
          [
            103.9643613,
            1.36921333900007
          ],
          [
            103.964397846,
            1.36915148600002
          ],
          [
            103.964451756,
            1.36906049700002
          ],
          [
            103.964500758,
            1.36897813300004
          ],
          [
            103.964542774,
            1.36890746100004
          ],
          [
            103.964580451,
            1.36884379900004
          ],
          [
            103.964604862,
            1.36880260200007
          ],
          [
            103.964629137,
            1.36876157200004
          ],
          [
            103.964652554,
            1.36872334400005
          ],
          [
            103.964672949,
            1.36868782000004
          ],
          [
            103.964764416,
            1.36853398400006
          ],
          [
            103.964878829,
            1.36833803500002
          ],
          [
            103.964918972,
            1.36827181400003
          ],
          [
            103.964977772,
            1.36817269200003
          ],
          [
            103.965043511,
            1.36806326800007
          ],
          [
            103.96513922,
            1.36790020000005
          ],
          [
            103.965159397,
            1.36786457800001
          ],
          [
            103.965251301,
            1.36771167700004
          ],
          [
            103.965323744,
            1.36758999800003
          ],
          [
            103.965355605,
            1.36753768000006
          ],
          [
            103.965384208,
            1.36750282300005
          ],
          [
            103.965439822,
            1.36743530900002
          ],
          [
            103.965456633,
            1.36741542100002
          ],
          [
            103.965502768,
            1.36735963800004
          ],
          [
            103.965529653,
            1.36732713700008
          ],
          [
            103.96559888,
            1.36721185300007
          ],
          [
            103.965610781,
            1.36718004500005
          ],
          [
            103.965621789,
            1.36715091900004
          ],
          [
            103.96565719,
            1.36706114800006
          ],
          [
            103.965683746,
            1.36699380500004
          ],
          [
            103.965694552,
            1.36696634300005
          ],
          [
            103.965724264,
            1.36691656700002
          ],
          [
            103.965782179,
            1.36682830400003
          ],
          [
            103.965804449,
            1.36679446000005
          ],
          [
            103.965827077,
            1.36675990600003
          ],
          [
            103.965866058,
            1.36670865800005
          ],
          [
            103.965909756,
            1.36665110300004
          ],
          [
            103.965943363,
            1.36660695600005
          ],
          [
            103.96599163,
            1.36655712700001
          ],
          [
            103.966114561,
            1.36643044500005
          ],
          [
            103.966248953,
            1.36629270000002
          ],
          [
            103.966390584,
            1.36614833900006
          ],
          [
            103.966419358,
            1.36611926900003
          ],
          [
            103.966448298,
            1.36609211900003
          ],
          [
            103.966474434,
            1.36607245200001
          ],
          [
            103.966504394,
            1.36605205000005
          ],
          [
            103.966532417,
            1.36604164100003
          ],
          [
            103.966563542,
            1.36603137200006
          ],
          [
            103.966609824,
            1.36602600700007
          ]
        ]
      },
      "properties": {
        "OBJECTID": 3,
        "pcn_loop": "Eastern Coastal Loop",
        "pcn": "Pasir Ris Park",
        "descriptionHTML": "Charming and tranquil, Pasir Ris Park is a great place for families to have a fun day out. Aside from modern park activities such as pony rides, water sports, cycling, inline skating and barbeque rental, it also features a carefully preserved six-hectare mangrove forest.",
        "address": "",
        "Shape__Length": 2335.7945961770274
      }
    },
    {
      "type": "Feature",
      "id": 4,
      "geometry": {
        "type": "LineString",
        "coordinates": [
          [
            103.866511343,
            1.29407466300006
          ],
          [
            103.86628806,
            1.29468017100003
          ],
          [
            103.866183223,
            1.29516048100002
          ],
          [
            103.8661437,
            1.29533429800004
          ],
          [
            103.866121885,
            1.29546912700005
          ],
          [
            103.866097979,
            1.29560869200002
          ],
          [
            103.86607329,
            1.29573347200006
          ],
          [
            103.866040077,
            1.29600032200004
          ],
          [
            103.866027711,
            1.29613386900007
          ],
          [
            103.866012417,
            1.29640302500006
          ],
          [
            103.866009812,
            1.29653731500002
          ],
          [
            103.866010252,
            1.29680659400004
          ],
          [
            103.866029511,
            1.29707451100006
          ],
          [
            103.866045158,
            1.29720737800006
          ],
          [
            103.866065559,
            1.29733998100004
          ],
          [
            103.866089756,
            1.297471947
          ],
          [
            103.866118586,
            1.29760279000003
          ],
          [
            103.866152091,
            1.29773279300001
          ],
          [
            103.866188713,
            1.29786208400004
          ],
          [
            103.866231044,
            1.29799444600006
          ],
          [
            103.866254343,
            1.29805480500004
          ],
          [
            103.866281794,
            1.29811239200007
          ],
          [
            103.866314688,
            1.29816695700005
          ],
          [
            103.866351841,
            1.29821881700002
          ],
          [
            103.866393639,
            1.29826706400008
          ],
          [
            103.866439384,
            1.29831198900006
          ],
          [
            103.866488135,
            1.29835322900004
          ],
          [
            103.866540178,
            1.29838963000002
          ],
          [
            103.866595301,
            1.29842137900006
          ],
          [
            103.866653148,
            1.29844836400002
          ],
          [
            103.866712852,
            1.29847078100004
          ],
          [
            103.866774131,
            1.29848787500002
          ],
          [
            103.866836606,
            1.29849976400004
          ],
          [
            103.866899836,
            1.29850614100006
          ],
          [
            103.866963478,
            1.29850712200006
          ],
          [
            103.867026959,
            1.29850278500003
          ],
          [
            103.867090019,
            1.29849299700004
          ],
          [
            103.867151937,
            1.29847806400005
          ],
          [
            103.867212301,
            1.29845798800004
          ],
          [
            103.867270728,
            1.29843270200007
          ],
          [
            103.867326942,
            1.29840265300002
          ],
          [
            103.867380363,
            1.29836792200006
          ],
          [
            103.867430512,
            1.29832894700008
          ],
          [
            103.86748139,
            1.29828089500006
          ],
          [
            103.867481406,
            1.29800632900004
          ],
          [
            103.86927375,
            1.29800703600007
          ],
          [
            103.869521492,
            1.29800667700004
          ],
          [
            103.86970234,
            1.29802569000001
          ],
          [
            103.869880794,
            1.29804885100002
          ],
          [
            103.870058406,
            1.29807619600005
          ],
          [
            103.870235794,
            1.29810791200004
          ],
          [
            103.87046247,
            1.29815484400005
          ],
          [
            103.870762314,
            1.29822578300002
          ],
          [
            103.870936279,
            1.29827235400006
          ],
          [
            103.871108703,
            1.29832318900003
          ],
          [
            103.871280346,
            1.29837806400007
          ],
          [
            103.87145111,
            1.29843692200006
          ],
          [
            103.871619752,
            1.29849986600004
          ],
          [
            103.871874407,
            1.29860146400004
          ],
          [
            103.871717293,
            1.29895391800004
          ],
          [
            103.871332015,
            1.29895329100002
          ],
          [
            103.871229524,
            1.29918269700003
          ],
          [
            103.872062108,
            1.29918243400004
          ],
          [
            103.872429273,
            1.29835947400006
          ],
          [
            103.873307535,
            1.29849678700003
          ],
          [
            103.873330622,
            1.29864699800004
          ],
          [
            103.873439326,
            1.29870538300003
          ],
          [
            103.873526942,
            1.29865175100002
          ],
          [
            103.87364644,
            1.29857287400006
          ],
          [
            103.873765345,
            1.29849357800003
          ],
          [
            103.874561793,
            1.29816698300004
          ],
          [
            103.875021335,
            1.29807745500004
          ],
          [
            103.875313154,
            1.29805733200003
          ],
          [
            103.875560441,
            1.29804028200004
          ],
          [
            103.875718916,
            1.29802935300006
          ],
          [
            103.875913988,
            1.29801590200002
          ],
          [
            103.876197267,
            1.29800668000007
          ],
          [
            103.876470884,
            1.29803002600005
          ],
          [
            103.876777232,
            1.29805215800007
          ],
          [
            103.876828107,
            1.29806884000004
          ]
        ]
      },
      "properties": {
        "OBJECTID": 4,
        "pcn_loop": "Eastern Coastal Loop",
        "pcn": "Tanjong Rhu Promenade",
        "descriptionHTML": "Starting at Tanjong Rhu Bridge along Sungei Geylang, the Tanjong Rhu Promenade leads you along the water’s edge of Marina Reservoir before bringing you to its endpoint at Gardens by the Bay (Bay East), where stunning views of the Bay South Garden and the Singapore city skyline await you. The promenade plays host to a variety of sporting and recreational activities including dragon boat and kayaking at Kallang Basin and kite-flying and football at the open fields along Tanjong Rhu View and Tanjong Rhu Place.",
        "address": "Tanjong Rhu Promenade starts at Tanjong Rhu Bridge flyover before ending at Benjamin Sheares Bridge where Gardens by the Bay East is",
        "Shape__Length": 1975.8883517569425
      }
    },
    {
      "type": "Feature",
      "id": 5,
      "geometry": {
        "type": "LineString",
        "coordinates": [
          [
            103.951733552,
            1.32978939800004
          ],
          [
            103.952085459,
            1.33007890000004
          ],
          [
            103.952171976,
            1.33015131300005
          ],
          [
            103.952234387,
            1.33020281400008
          ],
          [
            103.952336738,
            1.33028201000006
          ],
          [
            103.952661365,
            1.33054217300001
          ],
          [
            103.952918155,
            1.33075240200003
          ],
          [
            103.952942139,
            1.33077133100003
          ],
          [
            103.95298472,
            1.33080485100005
          ],
          [
            103.953091885,
            1.33088893100005
          ],
          [
            103.953251578,
            1.33101065800003
          ],
          [
            103.953400214,
            1.33112204700006
          ],
          [
            103.953457027,
            1.33116282900005
          ],
          [
            103.953609493,
            1.33126388400007
          ],
          [
            103.953682568,
            1.33130937400006
          ],
          [
            103.953711149,
            1.33132892600001
          ],
          [
            103.953789357,
            1.33138757500006
          ],
          [
            103.953979816,
            1.33157338700005
          ],
          [
            103.954430855,
            1.33189377300005
          ],
          [
            103.954658704,
            1.33203277400003
          ],
          [
            103.954794234,
            1.33206495300004
          ],
          [
            103.954808783,
            1.33218453900002
          ],
          [
            103.955057691,
            1.33238372600004
          ],
          [
            103.954820146,
            1.33256765200001
          ],
          [
            103.954819379,
            1.33263672100003
          ],
          [
            103.954835381,
            1.33271325100002
          ],
          [
            103.954984614,
            1.33273776500004
          ],
          [
            103.955683516,
            1.33324205100008
          ],
          [
            103.955683582,
            1.33324242700006
          ],
          [
            103.955687935,
            1.33326736100002
          ],
          [
            103.955703278,
            1.33335524600006
          ],
          [
            103.955708256,
            1.33339860200004
          ],
          [
            103.955714456,
            1.33345006500003
          ],
          [
            103.955718315,
            1.33346430500006
          ],
          [
            103.955722413,
            1.33347420100005
          ],
          [
            103.955852242,
            1.33355637400006
          ],
          [
            103.956010492,
            1.33367213000002
          ],
          [
            103.956361862,
            1.33393066000001
          ],
          [
            103.956451515,
            1.33402308100005
          ],
          [
            103.95650221,
            1.33413500400008
          ],
          [
            103.956601742,
            1.33453522800006
          ],
          [
            103.956654328,
            1.33489853300006
          ],
          [
            103.956695862,
            1.33528815000005
          ],
          [
            103.956719879,
            1.33597560900005
          ],
          [
            103.956702915,
            1.33630202700004
          ],
          [
            103.956705103,
            1.33641306700001
          ],
          [
            103.956686239,
            1.33663612000004
          ],
          [
            103.956634912,
            1.33676578500007
          ],
          [
            103.956632005,
            1.33677312800006
          ],
          [
            103.956660698,
            1.33678506800003
          ],
          [
            103.956705319,
            1.33680363700005
          ],
          [
            103.956627546,
            1.33699294900003
          ],
          [
            103.956596168,
            1.33697868500002
          ],
          [
            103.956511908,
            1.33694038300006
          ],
          [
            103.956343762,
            1.33776225700005
          ],
          [
            103.956116588,
            1.338780647
          ],
          [
            103.95610647,
            1.33884854200003
          ],
          [
            103.956130856,
            1.33892922000006
          ],
          [
            103.956160149,
            1.33897366700005
          ],
          [
            103.955707682,
            1.34013230300008
          ],
          [
            103.955629946,
            1.34021673200004
          ],
          [
            103.955553158,
            1.34036707500008
          ],
          [
            103.955501979,
            1.34046117100008
          ],
          [
            103.955438441,
            1.34057171900002
          ],
          [
            103.95538948,
            1.34065336100001
          ],
          [
            103.955334295,
            1.34074143900005
          ],
          [
            103.955261275,
            1.34085907100006
          ],
          [
            103.955141654,
            1.34102371100004
          ],
          [
            103.955005081,
            1.34120336000007
          ],
          [
            103.954862052,
            1.34138114300002
          ],
          [
            103.95472057,
            1.34155470400003
          ],
          [
            103.954655131,
            1.34163772600003
          ],
          [
            103.954580397,
            1.34173253100004
          ],
          [
            103.954445998,
            1.34191214600001
          ],
          [
            103.954314127,
            1.34209595200003
          ],
          [
            103.954181466,
            1.34227955000006
          ],
          [
            103.954072303,
            1.34242320300005
          ],
          [
            103.954033759,
            1.34247391900004
          ],
          [
            103.953891144,
            1.34266156600007
          ],
          [
            103.953697507,
            1.34249921000003
          ],
          [
            103.952761434,
            1.34364885800005
          ],
          [
            103.952901187,
            1.34376459300006
          ],
          [
            103.95269333,
            1.34401243400004
          ],
          [
            103.95259034,
            1.34413843200002
          ],
          [
            103.9521603,
            1.34466943800003
          ],
          [
            103.95184388,
            1.34508638800002
          ],
          [
            103.951834113,
            1.34513012500003
          ],
          [
            103.951841188,
            1.34516605000004
          ],
          [
            103.951995882,
            1.34529590200003
          ],
          [
            103.95241844,
            1.34563470100006
          ],
          [
            103.952640792,
            1.34583170900003
          ],
          [
            103.952669781,
            1.34586017400005
          ],
          [
            103.952542503,
            1.34601590700002
          ],
          [
            103.952421075,
            1.34617554200002
          ]
        ]
      },
      "properties": {
        "OBJECTID": 5,
        "pcn_loop": "Eastern Coastal Loop",
        "pcn": "Simei Park Connector",
        "descriptionHTML": "Linked to a part of Tampines Park Connector by an overhead bridge, Simei Park Connector stretches along Simei estate, passing through Simei MRT via the track viaducts and ends at the intersection of Bedok Park Connector located at Upper Changi Road East. It also runs along ITE College East and Singapore Expo, making it a seamless alternative route for you to commute between these places and Simei MRT station.",
        "address": "",
        "Shape__Length": 2417.2332538127635
      }
    },
    {
      "type": "Feature",
      "id": 6,
      "geometry": {
        "type": "LineString",
        "coordinates": [
          [
            103.925157063,
            1.33526400800003
          ],
          [
            103.925158361,
            1.33530313300002
          ],
          [
            103.925155031,
            1.33534714900002
          ],
          [
            103.925146702,
            1.33539048900001
          ],
          [
            103.925133481,
            1.33543258000002
          ],
          [
            103.925128376,
            1.33544908200002
          ],
          [
            103.925077865,
            1.33561236800006
          ],
          [
            103.9250715,
            1.33563294700003
          ],
          [
            103.925024197,
            1.33573638800003
          ],
          [
            103.924971838,
            1.335718507
          ],
          [
            103.92490877,
            1.33569734100007
          ],
          [
            103.92484988,
            1.33567750100001
          ],
          [
            103.924800078,
            1.33565831500004
          ],
          [
            103.924762794,
            1.33564476100002
          ],
          [
            103.924733373,
            1.33563397800003
          ],
          [
            103.924685439,
            1.33561638900004
          ],
          [
            103.924632109,
            1.33559684000006
          ],
          [
            103.924578831,
            1.33557728900007
          ],
          [
            103.924533587,
            1.33556147300003
          ],
          [
            103.92450238,
            1.33555252700005
          ],
          [
            103.924475904,
            1.33554927400008
          ],
          [
            103.924445477,
            1.33555577100003
          ],
          [
            103.924413151,
            1.33557290900005
          ],
          [
            103.924384756,
            1.33559673800005
          ],
          [
            103.924346222,
            1.33564111000004
          ],
          [
            103.924325673,
            1.33567542300006
          ],
          [
            103.924313589,
            1.33570414400004
          ],
          [
            103.924302091,
            1.33573772400006
          ],
          [
            103.924291604,
            1.33577581300005
          ],
          [
            103.924285955,
            1.33580142800001
          ],
          [
            103.924281145,
            1.33583318600006
          ],
          [
            103.924274762,
            1.33586565500003
          ],
          [
            103.924265021,
            1.33590145300001
          ],
          [
            103.924251352,
            1.33594435600003
          ],
          [
            103.924245235,
            1.33597057900003
          ],
          [
            103.924241758,
            1.33599710700002
          ],
          [
            103.924243091,
            1.33604090400006
          ],
          [
            103.924250274,
            1.33608655900003
          ],
          [
            103.924251662,
            1.33613237100008
          ],
          [
            103.924243368,
            1.33617534900002
          ],
          [
            103.924227508,
            1.33622610600002
          ],
          [
            103.924214526,
            1.33625978700007
          ],
          [
            103.924199179,
            1.33629584500006
          ],
          [
            103.924188443,
            1.33632469300005
          ],
          [
            103.924168649,
            1.33638113500008
          ],
          [
            103.924218405,
            1.33639757000004
          ],
          [
            103.924205008,
            1.33644654100003
          ],
          [
            103.924197842,
            1.33649001600002
          ],
          [
            103.924193123,
            1.33652171400006
          ],
          [
            103.92418503,
            1.33655929300005
          ],
          [
            103.924177235,
            1.33658970200002
          ],
          [
            103.924168252,
            1.33662389900008
          ],
          [
            103.924153356,
            1.33667862500005
          ],
          [
            103.924138811,
            1.33671705300004
          ],
          [
            103.924125231,
            1.33674787500006
          ],
          [
            103.924104414,
            1.33679079000006
          ],
          [
            103.924089935,
            1.33682762700002
          ],
          [
            103.924077789,
            1.33686450000005
          ],
          [
            103.924064446,
            1.33690418100001
          ],
          [
            103.924050279,
            1.33694566200007
          ],
          [
            103.924040637,
            1.33697545300002
          ],
          [
            103.924018695,
            1.33704450200003
          ],
          [
            103.924008032,
            1.33708906200006
          ],
          [
            103.923999033,
            1.33712155900002
          ],
          [
            103.923990362,
            1.33715229700003
          ],
          [
            103.923976521,
            1.33719482400005
          ],
          [
            103.923962709,
            1.33723068900002
          ],
          [
            103.923950801,
            1.33726159200005
          ],
          [
            103.923937978,
            1.33729442900005
          ],
          [
            103.923925654,
            1.33732934900006
          ],
          [
            103.923919042,
            1.33736068200004
          ],
          [
            103.923910481,
            1.33741152600003
          ],
          [
            103.923902958,
            1.33745746300001
          ],
          [
            103.92389396,
            1.33748866700006
          ],
          [
            103.923872532,
            1.33753286800004
          ],
          [
            103.923853511,
            1.33757219500007
          ],
          [
            103.923842277,
            1.33760354000001
          ],
          [
            103.923851298,
            1.33765072000005
          ],
          [
            103.923880433,
            1.33767798200004
          ],
          [
            103.923907502,
            1.33769030000001
          ],
          [
            103.923938264,
            1.33770011500007
          ],
          [
            103.923978133,
            1.33771290400005
          ],
          [
            103.924030089,
            1.33772923700007
          ],
          [
            103.924065893,
            1.33774115200004
          ],
          [
            103.92412951,
            1.33776462300006
          ],
          [
            103.924169259,
            1.33777653600004
          ],
          [
            103.924208582,
            1.33778872300008
          ],
          [
            103.924244185,
            1.33779975700002
          ],
          [
            103.924287335,
            1.33781316200002
          ],
          [
            103.924320896,
            1.33782361200003
          ],
          [
            103.924351112,
            1.33783302000005
          ],
          [
            103.924376748,
            1.33784100100006
          ],
          [
            103.924416832,
            1.33785375300004
          ],
          [
            103.924399659,
            1.33792784200006
          ],
          [
            103.924469051,
            1.33794292200003
          ],
          [
            103.924501938,
            1.33794996200003
          ],
          [
            103.924560112,
            1.33796298500004
          ],
          [
            103.924600298,
            1.33797198800005
          ],
          [
            103.924638254,
            1.33797943000007
          ],
          [
            103.924697012,
            1.33799063300006
          ],
          [
            103.924727864,
            1.33799742600007
          ],
          [
            103.924762529,
            1.33800549800001
          ],
          [
            103.924794896,
            1.33801303500007
          ],
          [
            103.924833532,
            1.33802203500004
          ],
          [
            103.924881289,
            1.33803109700005
          ],
          [
            103.924934297,
            1.33804161600004
          ],
          [
            103.924966078,
            1.33804840700003
          ],
          [
            103.925001023,
            1.33805587500006
          ],
          [
            103.925073004,
            1.33807125700001
          ],
          [
            103.925104458,
            1.33807797900005
          ],
          [
            103.925139532,
            1.33808547400001
          ],
          [
            103.925180799,
            1.33809332200003
          ],
          [
            103.925149136,
            1.33821528100003
          ],
          [
            103.925133716,
            1.33830129700004
          ],
          [
            103.925296072,
            1.33833128400004
          ],
          [
            103.925550816,
            1.33840910600004
          ],
          [
            103.925855599,
            1.33850981800003
          ],
          [
            103.926246815,
            1.33867920100004
          ],
          [
            103.926615285,
            1.33884400700003
          ],
          [
            103.926879157,
            1.33897287700005
          ],
          [
            103.92692462,
            1.33899508000006
          ],
          [
            103.927206658,
            1.33910494900003
          ],
          [
            103.927456853,
            1.33918277200006
          ],
          [
            103.927711595,
            1.33922396700006
          ],
          [
            103.927742579,
            1.33922446100006
          ],
          [
            103.927756973,
            1.33922469000003
          ],
          [
            103.927998179,
            1.33922853400002
          ],
          [
            103.928234723,
            1.33919647600004
          ],
          [
            103.928525852,
            1.33910489800007
          ],
          [
            103.929536142,
            1.33874552700005
          ],
          [
            103.930699832,
            1.33833159000004
          ],
          [
            103.930945857,
            1.33824407600001
          ],
          [
            103.931646383,
            1.33798308300004
          ],
          [
            103.931846535,
            1.33793271200005
          ],
          [
            103.932033041,
            1.33791439100003
          ],
          [
            103.932192162,
            1.33793102100002
          ],
          [
            103.932273075,
            1.33793527500007
          ],
          [
            103.93237221,
            1.33794590900003
          ],
          [
            103.932495668,
            1.33796735400006
          ],
          [
            103.932652235,
            1.33799729400005
          ],
          [
            103.932793527,
            1.33802511300007
          ],
          [
            103.932858297,
            1.33803787400007
          ],
          [
            103.932914697,
            1.33805046500004
          ],
          [
            103.93303298,
            1.33806964300005
          ],
          [
            103.933051234,
            1.33807260300005
          ]
        ]
      },
      "properties": {
        "OBJECTID": 6,
        "pcn_loop": "Eastern Coastal Loop",
        "pcn": "Siglap Park Connector",
        "descriptionHTML": "Siglap Park Connector runs partly along Siglap Canal and beside several housing estates. It also interlinks the parks in the region such as Bedok Reservoir Park, Bedok Town Park, Telok Kurau Park and East Coast Park. Park users also have the option to rent and return bicycles or rollerblades at any of the Park Connector Network Pit Stops along this park connector, two of which can be found in East Coast Park C4 and Telok Kurau Park. Siglap Park Connector forms the gateway to the Eastern Coastal Loop, allowing park users to cycle towards Tampines Park Connector and Bedok Park Connector which links up to the rest of the loop.",
        "address": "",
        "Shape__Length": 1491.0167466303283
      }
    },
    {
      "type": "Feature",
      "id": 7,
      "geometry": {
        "type": "LineString",
        "coordinates": [
          [
            103.933051234,
            1.33807260300005
          ],
          [
            103.93307283,
            1.33807610400003
          ],
          [
            103.93339175,
            1.33814472100005
          ],
          [
            103.933646776,
            1.33821779100002
          ],
          [
            103.934053528,
            1.33837238000007
          ],
          [
            103.934123685,
            1.33841589100008
          ],
          [
            103.934355501,
            1.33852595000006
          ],
          [
            103.934618368,
            1.33868058500001
          ],
          [
            103.934780677,
            1.33880082400002
          ],
          [
            103.935034288,
            1.33904470800006
          ],
          [
            103.935081882,
            1.33910170200005
          ],
          [
            103.935106789,
            1.33913770500004
          ],
          [
            103.935172581,
            1.33920600700003
          ],
          [
            103.935185549,
            1.33921950400003
          ],
          [
            103.935198303,
            1.33923277700005
          ],
          [
            103.935217883,
            1.33925319100005
          ],
          [
            103.935241726,
            1.33927044000007
          ],
          [
            103.935261835,
            1.33925908000004
          ],
          [
            103.935390596,
            1.33938735100002
          ],
          [
            103.93556749,
            1.33957095600004
          ],
          [
            103.935620036,
            1.33962549600005
          ],
          [
            103.935609476,
            1.33970525600006
          ]
        ]
      },
      "properties": {
        "OBJECTID": 7,
        "pcn_loop": "Eastern Coastal Loop",
        "pcn": "Siglap Park Connector",
        "descriptionHTML": "Siglap Park Connector runs partly along Siglap Canal and beside several housing estates. It also interlinks the parks in the region such as Bedok Reservoir Park, Bedok Town Park, Telok Kurau Park and East Coast Park. Park users also have the option to rent and return bicycles or rollerblades at any of the Park Connector Network Pit Stops along this park connector, two of which can be found in East Coast Park C4 and Telok Kurau Park. Siglap Park Connector forms the gateway to the Eastern Coastal Loop, allowing park users to cycle towards Tampines Park Connector and Bedok Park Connector which links up to the rest of the loop.",
        "address": "",
        "Shape__Length": 352.9362880862964
      }
    },
    {
      "type": "Feature",
      "id": 8,
      "geometry": {
        "type": "LineString",
        "coordinates": [
          [
            103.918867041,
            1.33429646100006
          ],
          [
            103.918746454,
            1.33448168900003
          ],
          [
            103.918426817,
            1.33438707300007
          ],
          [
            103.918324521,
            1.33433399100005
          ],
          [
            103.918338905,
            1.33430181800002
          ],
          [
            103.918347105,
            1.33426795500004
          ],
          [
            103.918384948,
            1.33421912300002
          ],
          [
            103.918415513,
            1.33416980200002
          ],
          [
            103.918475185,
            1.33405016300003
          ],
          [
            103.918499928,
            1.33399498200003
          ],
          [
            103.918532916,
            1.33389194700004
          ],
          [
            103.918588704,
            1.33368441200003
          ],
          [
            103.9186149,
            1.33355110100007
          ],
          [
            103.91862848,
            1.33342169700006
          ],
          [
            103.918629931,
            1.33330206100003
          ],
          [
            103.918615374,
            1.33324150900005
          ],
          [
            103.918617798,
            1.33320586300005
          ],
          [
            103.918632837,
            1.33313456900003
          ],
          [
            103.918646905,
            1.33308817800003
          ],
          [
            103.918644478,
            1.33302860400005
          ],
          [
            103.918612939,
            1.33296951900005
          ],
          [
            103.918579945,
            1.33292508400006
          ],
          [
            103.918536762,
            1.33285135000005
          ],
          [
            103.918488241,
            1.33275027000001
          ],
          [
            103.918427588,
            1.33260768500003
          ],
          [
            103.918367907,
            1.33249244500007
          ],
          [
            103.918264559,
            1.33233716400001
          ],
          [
            103.91822817,
            1.33230200700006
          ],
          [
            103.918184503,
            1.33227905700004
          ],
          [
            103.918090863,
            1.33226245800006
          ],
          [
            103.917950646,
            1.33227027600001
          ],
          [
            103.917909891,
            1.33226734700002
          ],
          [
            103.917874958,
            1.33224586300002
          ],
          [
            103.917825466,
            1.33215113100004
          ],
          [
            103.917761418,
            1.33201098800003
          ],
          [
            103.917741039,
            1.33196704000004
          ],
          [
            103.917700768,
            1.33192455800003
          ],
          [
            103.917609553,
            1.33188110100002
          ],
          [
            103.917534834,
            1.33184545700003
          ],
          [
            103.917468849,
            1.33179858100004
          ],
          [
            103.917374723,
            1.33174731100006
          ],
          [
            103.917308738,
            1.33173754700003
          ],
          [
            103.917246635,
            1.33174878100005
          ],
          [
            103.917194721,
            1.33174585200004
          ],
          [
            103.917142807,
            1.33172583300006
          ],
          [
            103.917091377,
            1.33168970000002
          ],
          [
            103.917026361,
            1.33165014900005
          ],
          [
            103.916992398,
            1.33163061700004
          ],
          [
            103.916969594,
            1.33160473800007
          ],
          [
            103.916954552,
            1.33157397400004
          ],
          [
            103.916936114,
            1.33153393300007
          ],
          [
            103.916914765,
            1.33150121600003
          ],
          [
            103.91687692,
            1.33148119700008
          ],
          [
            103.916813846,
            1.33146313200006
          ],
          [
            103.916770181,
            1.33144604200004
          ],
          [
            103.916645003,
            1.33138158900003
          ],
          [
            103.916618802,
            1.33137377700006
          ],
          [
            103.916576592,
            1.33137621900005
          ],
          [
            103.916523708,
            1.33139184800006
          ],
          [
            103.916491201,
            1.33139477900005
          ],
          [
            103.916456754,
            1.33139185000004
          ],
          [
            103.916377668,
            1.33136987800002
          ],
          [
            103.91626268,
            1.33132105100003
          ],
          [
            103.916162246,
            1.33127173400003
          ],
          [
            103.91610645,
            1.33125611100006
          ],
          [
            103.916045317,
            1.33122779100007
          ],
          [
            103.915966231,
            1.33116968300005
          ],
          [
            103.915857063,
            1.33109546300005
          ],
          [
            103.915769731,
            1.33106274900008
          ],
          [
            103.915661047,
            1.33096509000006
          ],
          [
            103.915594092,
            1.33092358600004
          ],
          [
            103.915511125,
            1.33088061700003
          ],
          [
            103.915435435,
            1.33082348600003
          ],
          [
            103.915293277,
            1.33079272700007
          ],
          [
            103.915215163,
            1.33077661600003
          ],
          [
            103.915167615,
            1.33075024800007
          ],
          [
            103.915089984,
            1.33069849000001
          ],
          [
            103.915002651,
            1.33066772900003
          ],
          [
            103.91493327,
            1.33063306100006
          ],
          [
            103.914892029,
            1.33061597100005
          ],
          [
            103.91478335,
            1.33061451000004
          ],
          [
            103.914708147,
            1.33060718800003
          ],
          [
            103.914667877,
            1.33059791100003
          ],
          [
            103.914631002,
            1.33057984400005
          ],
          [
            103.914484959,
            1.33044898100007
          ],
          [
            103.914457789,
            1.33042945000005
          ],
          [
            103.914393745,
            1.33041870900007
          ],
          [
            103.914288946,
            1.33041773600006
          ],
          [
            103.914200644,
            1.33043336400004
          ],
          [
            103.914169763,
            1.33042860100005
          ],
          [
            103.914140645,
            1.33042060900004
          ],
          [
            103.914096525,
            1.33036288600004
          ],
          [
            103.914014461,
            1.33022790300003
          ],
          [
            103.913985343,
            1.33019682200006
          ],
          [
            103.913935047,
            1.33016751700007
          ],
          [
            103.913803574,
            1.33010891000004
          ],
          [
            103.913768279,
            1.33008937300002
          ],
          [
            103.91373563,
            1.33006450900006
          ],
          [
            103.913605922,
            1.33000678900003
          ],
          [
            103.91350886,
            1.32994107500001
          ],
          [
            103.913409151,
            1.32986292800008
          ],
          [
            103.913341208,
            1.32981142400006
          ],
          [
            103.913322677,
            1.32980254300002
          ],
          [
            103.913259147,
            1.32979721700001
          ],
          [
            103.913152381,
            1.32979633200005
          ],
          [
            103.913037673,
            1.32976880600005
          ],
          [
            103.912988262,
            1.32976170300004
          ],
          [
            103.91287179,
            1.32976081900007
          ],
          [
            103.912811789,
            1.32974927600003
          ],
          [
            103.912772964,
            1.32972974000006
          ],
          [
            103.912695314,
            1.32965603200005
          ],
          [
            103.912652076,
            1.32959387000005
          ],
          [
            103.912598251,
            1.32952904300002
          ],
          [
            103.912543543,
            1.32948108900006
          ],
          [
            103.912499424,
            1.32945622500006
          ],
          [
            103.91239354,
            1.32942514500007
          ],
          [
            103.912335303,
            1.32940561000003
          ],
          [
            103.912292066,
            1.32938163300002
          ],
          [
            103.912166768,
            1.32925819700006
          ],
          [
            103.912122649,
            1.32922178800005
          ],
          [
            103.912060882,
            1.32919248300003
          ],
          [
            103.911993822,
            1.32917650100006
          ],
          [
            103.911889703,
            1.32914897300002
          ],
          [
            103.911859703,
            1.32912943700007
          ],
          [
            103.91183676,
            1.32910812400007
          ],
          [
            103.911808524,
            1.32907970700006
          ],
          [
            103.911636461,
            1.32899357000001
          ],
          [
            103.911540282,
            1.32894473000005
          ],
          [
            103.911445868,
            1.32891542700004
          ],
          [
            103.91137175,
            1.32889500400006
          ],
          [
            103.91134175,
            1.32889411700006
          ],
          [
            103.911279985,
            1.32892342500004
          ],
          [
            103.911228809,
            1.32894829300006
          ],
          [
            103.911168809,
            1.32896694300006
          ],
          [
            103.911082339,
            1.32898204400004
          ],
          [
            103.910982632,
            1.32900158400003
          ],
          [
            103.910871455,
            1.32900602800003
          ],
          [
            103.910799102,
            1.32900603000008
          ],
          [
            103.910718807,
            1.32899715200005
          ],
          [
            103.910674688,
            1.32897761600002
          ],
          [
            103.910588214,
            1.32890746200007
          ],
          [
            103.910553801,
            1.32887726800003
          ],
          [
            103.910521152,
            1.32882487400003
          ],
          [
            103.910475267,
            1.32875827000003
          ],
          [
            103.910439089,
            1.32870232300006
          ],
          [
            103.910436441,
            1.32866768900004
          ],
          [
            103.910446146,
            1.32862772600004
          ],
          [
            103.910463792,
            1.32860996400005
          ],
          [
            103.910493792,
            1.32859575400004
          ],
          [
            103.910515851,
            1.32858776100005
          ],
          [
            103.910553792,
            1.32858598300004
          ],
          [
            103.91075497,
            1.32858064800008
          ],
          [
            103.910800849,
            1.32845187700003
          ],
          [
            103.910628226,
            1.32837859000006
          ],
          [
            103.9101553,
            1.328135431
          ],
          [
            103.910162171,
            1.32811929600006
          ],
          [
            103.910635095,
            1.32835669300004
          ],
          [
            103.910867534,
            1.32794179100006
          ],
          [
            103.910367126,
            1.32768249900005
          ],
          [
            103.910378576,
            1.32766866800006
          ],
          [
            103.910771344,
            1.32783922300005
          ],
          [
            103.910889807,
            1.32790174200004
          ],
          [
            103.9108923,
            1.32784744000004
          ],
          [
            103.910895233,
            1.32778936500005
          ],
          [
            103.910896743,
            1.32776476200007
          ],
          [
            103.910900725,
            1.32769413500007
          ],
          [
            103.910908503,
            1.32757093800006
          ],
          [
            103.910917886,
            1.32737706400008
          ],
          [
            103.910921079,
            1.32732783800003
          ],
          [
            103.910923081,
            1.32730324200001
          ],
          [
            103.910924844,
            1.32727874100003
          ],
          [
            103.910927469,
            1.32722237500006
          ],
          [
            103.91092832,
            1.32720322300003
          ],
          [
            103.910931428,
            1.32713642100004
          ],
          [
            103.910938688,
            1.32697267200007
          ],
          [
            103.910943855,
            1.32684925200004
          ],
          [
            103.910948968,
            1.32672592200003
          ],
          [
            103.910959132,
            1.32650636400005
          ],
          [
            103.910961521,
            1.32644883700004
          ],
          [
            103.910962387,
            1.32643010600002
          ],
          [
            103.910964092,
            1.32638907400007
          ],
          [
            103.910966556,
            1.32633585200006
          ],
          [
            103.910967858,
            1.32630921700008
          ],
          [
            103.910961678,
            1.32615699400002
          ],
          [
            103.91096219,
            1.32614217700006
          ],
          [
            103.910963299,
            1.32612071900007
          ],
          [
            103.910964274,
            1.32609840100003
          ],
          [
            103.910965813,
            1.32606315900006
          ],
          [
            103.910974604,
            1.32586055100005
          ],
          [
            103.910977112,
            1.32580309400004
          ],
          [
            103.910978984,
            1.32576217900003
          ],
          [
            103.910979864,
            1.32574506900005
          ],
          [
            103.910989881,
            1.32561856300003
          ],
          [
            103.911028031,
            1.32458370600005
          ],
          [
            103.910981666,
            1.32454527800006
          ],
          [
            103.910981664,
            1.32448488800003
          ],
          [
            103.911014391,
            1.32446018300004
          ],
          [
            103.911074565,
            1.32440726900006
          ],
          [
            103.911091617,
            1.32438685400006
          ],
          [
            103.911103051,
            1.32437593900005
          ],
          [
            103.911125464,
            1.32435499200004
          ],
          [
            103.911150937,
            1.32433522300003
          ],
          [
            103.911173589,
            1.32431872000006
          ],
          [
            103.911197738,
            1.32430302000005
          ],
          [
            103.911261888,
            1.32426139000006
          ],
          [
            103.911278443,
            1.32425064700005
          ],
          [
            103.911294347,
            1.32424037400007
          ],
          [
            103.911306364,
            1.32423160800006
          ],
          [
            103.911318382,
            1.32422284200004
          ],
          [
            103.911392538,
            1.32417393000002
          ],
          [
            103.911410606,
            1.32416300500005
          ],
          [
            103.911435363,
            1.32414790700006
          ],
          [
            103.911467397,
            1.32412723500003
          ],
          [
            103.911487797,
            1.32411384400005
          ],
          [
            103.911507882,
            1.32410072200003
          ],
          [
            103.91152833,
            1.32408719900008
          ],
          [
            103.911713152,
            1.32396644700002
          ],
          [
            103.911729349,
            1.32395602600007
          ],
          [
            103.911742901,
            1.32394717200002
          ],
          [
            103.91178875,
            1.32391721700002
          ],
          [
            103.911804998,
            1.32390662600004
          ],
          [
            103.911963209,
            1.32380327600004
          ],
          [
            103.911982448,
            1.32379062400003
          ],
          [
            103.912005645,
            1.32377544700006
          ],
          [
            103.912052668,
            1.32374460200004
          ],
          [
            103.912080399,
            1.32372645600004
          ],
          [
            103.912099593,
            1.32371399800008
          ],
          [
            103.9121241,
            1.32369798900002
          ],
          [
            103.912162063,
            1.32367317800004
          ],
          [
            103.912198991,
            1.32364875200004
          ],
          [
            103.91223566,
            1.32362475800004
          ],
          [
            103.912281197,
            1.32359461800006
          ],
          [
            103.912327106,
            1.32335345600006
          ],
          [
            103.9123701,
            1.32312360700007
          ],
          [
            103.91237336,
            1.32310627900004
          ],
          [
            103.912380159,
            1.32307015200005
          ],
          [
            103.912385422,
            1.32304217800005
          ],
          [
            103.912387976,
            1.32302860700001
          ],
          [
            103.912391146,
            1.32301132400004
          ],
          [
            103.912395711,
            1.32298633800002
          ],
          [
            103.912399317,
            1.32296575700002
          ],
          [
            103.912403009,
            1.32294529900002
          ],
          [
            103.912407477,
            1.32292122100006
          ],
          [
            103.912412256,
            1.32289713200003
          ],
          [
            103.912413534,
            1.32287338800007
          ],
          [
            103.912415886,
            1.32282380500006
          ],
          [
            103.912417949,
            1.32279726300005
          ],
          [
            103.912422824,
            1.32277719000006
          ],
          [
            103.91242731,
            1.32275191100006
          ],
          [
            103.912436221,
            1.32270605500003
          ],
          [
            103.912416176,
            1.32266831700002
          ],
          [
            103.912462823,
            1.32260241800004
          ],
          [
            103.912479997,
            1.32260793000005
          ],
          [
            103.912504649,
            1.32261250500004
          ],
          [
            103.912541025,
            1.32261925500006
          ],
          [
            103.912579551,
            1.32262640600003
          ],
          [
            103.91260514,
            1.32264592300003
          ],
          [
            103.912607501,
            1.32263298000002
          ],
          [
            103.912613172,
            1.32261231500007
          ],
          [
            103.912617483,
            1.32259207100002
          ],
          [
            103.912619985,
            1.32257853600004
          ],
          [
            103.912625897,
            1.32254654300004
          ],
          [
            103.912635948,
            1.32249215600006
          ],
          [
            103.912643777,
            1.32244967800005
          ],
          [
            103.912651197,
            1.32240867600007
          ],
          [
            103.912664366,
            1.32233590400005
          ],
          [
            103.912669908,
            1.32230531000005
          ],
          [
            103.912677875,
            1.32226160700002
          ],
          [
            103.912691128,
            1.32218890500007
          ],
          [
            103.9126956,
            1.32216436800006
          ],
          [
            103.912708871,
            1.32209117700005
          ],
          [
            103.912722141,
            1.32201799300003
          ],
          [
            103.912734006,
            1.32195272800004
          ],
          [
            103.912756083,
            1.32183128200006
          ],
          [
            103.912766289,
            1.32177513400007
          ],
          [
            103.912783967,
            1.32167830200005
          ],
          [
            103.912801652,
            1.32158143700001
          ],
          [
            103.912804993,
            1.32156331600003
          ],
          [
            103.912832573,
            1.32141372600005
          ],
          [
            103.912867805,
            1.32122264000003
          ],
          [
            103.91288161,
            1.32114776500003
          ],
          [
            103.912906015,
            1.32108207000005
          ],
          [
            103.913659098,
            1.32125778200003
          ],
          [
            103.913689255,
            1.32104802300006
          ],
          [
            103.913642635,
            1.32097074500006
          ],
          [
            103.913672794,
            1.32081618500007
          ],
          [
            103.912840737,
            1.32060225600003
          ],
          [
            103.912849468,
            1.32058387600005
          ],
          [
            103.912858454,
            1.32056579000004
          ],
          [
            103.912903386,
            1.32051152800005
          ],
          [
            103.912934839,
            1.32047083200006
          ],
          [
            103.912943825,
            1.32044822500006
          ],
          [
            103.91296629,
            1.32038040200007
          ],
          [
            103.912993248,
            1.32030353800007
          ],
          [
            103.913002234,
            1.32026284500006
          ],
          [
            103.91301122,
            1.32022667400003
          ],
          [
            103.913029193,
            1.32017241700003
          ],
          [
            103.913042672,
            1.32013624500007
          ],
          [
            103.913087602,
            1.31998703700002
          ],
          [
            103.913137025,
            1.31981070200003
          ],
          [
            103.913163982,
            1.31972027400007
          ],
          [
            103.913186448,
            1.31963888700005
          ],
          [
            103.913253843,
            1.31941733700005
          ],
          [
            103.913267323,
            1.31938568700003
          ],
          [
            103.913271815,
            1.31935855800002
          ],
          [
            103.913275209,
            1.31932062500004
          ],
          [
            103.913278898,
            1.31929773400003
          ],
          [
            103.913280521,
            1.31927217200006
          ],
          [
            103.913334283,
            1.31909525300005
          ],
          [
            103.913311047,
            1.31907154900006
          ],
          [
            103.913316954,
            1.31905731000007
          ],
          [
            103.913330216,
            1.31902480300005
          ],
          [
            103.913344765,
            1.31898972800002
          ],
          [
            103.913356729,
            1.31896040200007
          ],
          [
            103.913384248,
            1.31889294800004
          ],
          [
            103.913429633,
            1.31878353600007
          ],
          [
            103.913449337,
            1.31873523700005
          ],
          [
            103.913467581,
            1.31869125600002
          ],
          [
            103.913476618,
            1.31866910400003
          ],
          [
            103.913491223,
            1.31863330400005
          ],
          [
            103.913512399,
            1.31858225400004
          ],
          [
            103.913534401,
            1.31852879000008
          ],
          [
            103.91354555,
            1.31850125400007
          ],
          [
            103.913531719,
            1.31849052400003
          ],
          [
            103.913540533,
            1.31845468800003
          ],
          [
            103.913570707,
            1.31838201100003
          ],
          [
            103.91359409,
            1.31832581800005
          ],
          [
            103.913610615,
            1.31828601700005
          ],
          [
            103.913625678,
            1.31824981800003
          ],
          [
            103.913658487,
            1.31817079700004
          ],
          [
            103.913690718,
            1.31809323500005
          ],
          [
            103.913702774,
            1.31806421100003
          ],
          [
            103.913740179,
            1.31797412000002
          ],
          [
            103.913748096,
            1.31795464300006
          ],
          [
            103.913766177,
            1.31791016600004
          ],
          [
            103.913784114,
            1.31786696400006
          ],
          [
            103.913798323,
            1.31784129200001
          ],
          [
            103.913818557,
            1.31779255900005
          ],
          [
            103.91384356,
            1.31773223200002
          ],
          [
            103.913851346,
            1.31771344800005
          ],
          [
            103.913881741,
            1.31764023700003
          ],
          [
            103.913928074,
            1.31752844700002
          ],
          [
            103.913973989,
            1.31741785800004
          ],
          [
            103.913983685,
            1.31739446200003
          ],
          [
            103.914021076,
            1.31730424400006
          ],
          [
            103.914052808,
            1.31722781500003
          ],
          [
            103.91407436,
            1.31717581100001
          ],
          [
            103.914107979,
            1.31709483600001
          ],
          [
            103.914116123,
            1.31707548900003
          ],
          [
            103.914122617,
            1.31706005800003
          ],
          [
            103.914128999,
            1.31704450000006
          ],
          [
            103.914143253,
            1.31700575000001
          ],
          [
            103.914170776,
            1.31693939400002
          ],
          [
            103.914181285,
            1.31691092900006
          ],
          [
            103.914215981,
            1.31682736300007
          ],
          [
            103.914265596,
            1.31670791700002
          ],
          [
            103.914290204,
            1.31664864800006
          ],
          [
            103.914319219,
            1.31658693500003
          ],
          [
            103.914352266,
            1.31650836400006
          ],
          [
            103.914362404,
            1.31648864600004
          ],
          [
            103.914371427,
            1.31647018000006
          ],
          [
            103.91437954,
            1.31644941500002
          ],
          [
            103.914420111,
            1.31635169800006
          ],
          [
            103.914441469,
            1.31629703400005
          ],
          [
            103.914453276,
            1.31626785600003
          ],
          [
            103.914482829,
            1.31619667400002
          ],
          [
            103.914503703,
            1.31614547500005
          ],
          [
            103.914517111,
            1.31611258900005
          ],
          [
            103.914546173,
            1.31604196600005
          ],
          [
            103.914550762,
            1.31602649800004
          ],
          [
            103.914558636,
            1.31600055500008
          ],
          [
            103.914573494,
            1.31596539200006
          ],
          [
            103.914584797,
            1.31594664800002
          ],
          [
            103.914599391,
            1.31590996700003
          ],
          [
            103.914632018,
            1.31583138300005
          ],
          [
            103.914661217,
            1.31575799200004
          ],
          [
            103.914684487,
            1.31570175300004
          ],
          [
            103.914697702,
            1.31566853400006
          ],
          [
            103.914719548,
            1.31561591800006
          ],
          [
            103.914732562,
            1.31558320700002
          ],
          [
            103.91474779,
            1.31554644800002
          ],
          [
            103.914762242,
            1.31551042100005
          ],
          [
            103.914775199,
            1.31547811500006
          ],
          [
            103.914793288,
            1.31543454700004
          ],
          [
            103.914802265,
            1.31541216700003
          ],
          [
            103.914814348,
            1.31538306300005
          ],
          [
            103.914826934,
            1.31535168600004
          ],
          [
            103.914835075,
            1.31533207900003
          ],
          [
            103.91485528,
            1.31528620400008
          ],
          [
            103.914876841,
            1.31523427100006
          ],
          [
            103.914884773,
            1.31521626200003
          ],
          [
            103.914901716,
            1.31517545300005
          ],
          [
            103.914925512,
            1.31512142500003
          ],
          [
            103.91494053,
            1.31508525300006
          ],
          [
            103.914952486,
            1.31504026200001
          ],
          [
            103.914969164,
            1.31496645400005
          ],
          [
            103.914981056,
            1.31493444000005
          ],
          [
            103.915000012,
            1.31486310800006
          ],
          [
            103.91501569,
            1.31482549500003
          ],
          [
            103.915019137,
            1.31481252700008
          ],
          [
            103.915036728,
            1.31477032700008
          ],
          [
            103.915055107,
            1.31472489900005
          ],
          [
            103.915069949,
            1.31468925600006
          ],
          [
            103.915092887,
            1.31463401700006
          ],
          [
            103.915111576,
            1.31458911300008
          ],
          [
            103.915130806,
            1.31454280300005
          ],
          [
            103.915170421,
            1.31444764800006
          ],
          [
            103.915196299,
            1.31438533100004
          ],
          [
            103.915217279,
            1.31433480500004
          ],
          [
            103.915245339,
            1.31426740400002
          ],
          [
            103.915264251,
            1.31422200200006
          ],
          [
            103.915298609,
            1.31413939700002
          ],
          [
            103.915327033,
            1.31407137100006
          ],
          [
            103.9153375,
            1.31404632000005
          ],
          [
            103.915359485,
            1.31399339800004
          ],
          [
            103.915379724,
            1.31394496000006
          ],
          [
            103.915397431,
            1.31390174700003
          ],
          [
            103.915411923,
            1.31386706600005
          ],
          [
            103.915406389,
            1.31382871100004
          ],
          [
            103.915430951,
            1.31382084200004
          ],
          [
            103.915445772,
            1.31378537200004
          ],
          [
            103.915452659,
            1.31376887400006
          ],
          [
            103.915475068,
            1.31371524300004
          ],
          [
            103.915489352,
            1.31368096400007
          ],
          [
            103.915510457,
            1.31363031200005
          ],
          [
            103.915539675,
            1.31356038500006
          ],
          [
            103.915567943,
            1.31349251700004
          ],
          [
            103.9155895,
            1.31344092600006
          ],
          [
            103.91559538,
            1.31342680900002
          ],
          [
            103.915604557,
            1.31340484700006
          ],
          [
            103.915617956,
            1.31337267600002
          ],
          [
            103.9156297,
            1.31334447900002
          ],
          [
            103.915654142,
            1.31328597600003
          ],
          [
            103.915683041,
            1.31319655600004
          ],
          [
            103.915716339,
            1.31311682000006
          ],
          [
            103.915737566,
            1.31306693000003
          ],
          [
            103.915779617,
            1.31296623500003
          ],
          [
            103.915790228,
            1.31294129100006
          ],
          [
            103.915809405,
            1.31289592100006
          ],
          [
            103.915828392,
            1.31285022600002
          ],
          [
            103.91583921,
            1.31282442000001
          ],
          [
            103.915854025,
            1.31279080300002
          ],
          [
            103.915874963,
            1.31273455300003
          ],
          [
            103.915892467,
            1.31268694300007
          ],
          [
            103.915925936,
            1.31260671800005
          ],
          [
            103.915946766,
            1.31255732800001
          ],
          [
            103.915954153,
            1.31253953800007
          ],
          [
            103.915982775,
            1.31247167500004
          ],
          [
            103.916026926,
            1.31236532400005
          ],
          [
            103.916053132,
            1.31230319100006
          ],
          [
            103.916062053,
            1.31229216200006
          ],
          [
            103.916072459,
            1.31226661700004
          ],
          [
            103.916105096,
            1.31218789600008
          ],
          [
            103.916114113,
            1.31216575900004
          ],
          [
            103.916121634,
            1.31214729800007
          ],
          [
            103.916134682,
            1.31211526300005
          ],
          [
            103.916178066,
            1.31201076200004
          ],
          [
            103.916222892,
            1.31190067800004
          ],
          [
            103.916234853,
            1.31187186500006
          ],
          [
            103.916261836,
            1.31180687100004
          ],
          [
            103.916273413,
            1.31177883300006
          ],
          [
            103.916281449,
            1.31176207300006
          ],
          [
            103.916293574,
            1.31173690500003
          ],
          [
            103.916321092,
            1.31167138900003
          ],
          [
            103.9163363,
            1.31163374100003
          ],
          [
            103.916360175,
            1.31157623100007
          ],
          [
            103.916373397,
            1.31154349100008
          ],
          [
            103.916383171,
            1.31152260300007
          ],
          [
            103.916425743,
            1.31146360100006
          ],
          [
            103.91645673,
            1.31141658600005
          ],
          [
            103.916548134,
            1.31127846800008
          ],
          [
            103.916672479,
            1.31126883700006
          ],
          [
            103.916763341,
            1.31110517800004
          ],
          [
            103.917203296,
            1.31007508500006
          ],
          [
            103.917226291,
            1.31002548700007
          ],
          [
            103.917183204,
            1.31001448100005
          ],
          [
            103.917221227,
            1.30984916800002
          ],
          [
            103.917391016,
            1.30989490900003
          ],
          [
            103.917461538,
            1.30970925500002
          ],
          [
            103.917676733,
            1.30919420900006
          ],
          [
            103.917925406,
            1.30871285600004
          ],
          [
            103.918197986,
            1.30808228500006
          ],
          [
            103.918513605,
            1.30731212400002
          ],
          [
            103.918700107,
            1.30687409400002
          ],
          [
            103.918800527,
            1.30651789600007
          ],
          [
            103.919316953,
            1.30410152800004
          ],
          [
            103.918685915,
            1.30393378300005
          ]
        ]
      },
      "properties": {
        "OBJECTID": 8,
        "pcn_loop": "Eastern Coastal Loop",
        "pcn": "Siglap Park Connector",
        "descriptionHTML": "Siglap Park Connector runs partly along Siglap Canal and beside several housing estates. It also interlinks the parks in the region such as Bedok Reservoir Park, Bedok Town Park, Telok Kurau Park and East Coast Park. Park users also have the option to rent and return bicycles or rollerblades at any of the Park Connector Network Pit Stops along this park connector, two of which can be found in East Coast Park C4 and Telok Kurau Park. Siglap Park Connector forms the gateway to the Eastern Coastal Loop, allowing park users to cycle towards Tampines Park Connector and Bedok Park Connector which links up to the rest of the loop.",
        "address": "",
        "Shape__Length": 4906.939621352483
      }
    },
    {
      "type": "Feature",
      "id": 9,
      "geometry": {
        "type": "LineString",
        "coordinates": [
          [
            103.966609824,
            1.36602600700007
          ],
          [
            103.966601817,
            1.36592056600005
          ],
          [
            103.966599643,
            1.36590106300004
          ],
          [
            103.966580152,
            1.36587033200005
          ],
          [
            103.966432004,
            1.36572204000004
          ],
          [
            103.966385103,
            1.36572203500003
          ],
          [
            103.966334837,
            1.36572979500005
          ],
          [
            103.966302211,
            1.36573301700002
          ],
          [
            103.966293873,
            1.36573339100005
          ],
          [
            103.966293472,
            1.36570264300002
          ],
          [
            103.966283776,
            1.36566621300005
          ],
          [
            103.966271491,
            1.36564132500006
          ],
          [
            103.966256729,
            1.36561281000007
          ],
          [
            103.96623917,
            1.36558732300006
          ],
          [
            103.966178381,
            1.36552798800004
          ],
          [
            103.966129302,
            1.36548102900002
          ],
          [
            103.966080067,
            1.36543194300004
          ],
          [
            103.966000015,
            1.36534998300005
          ],
          [
            103.965931939,
            1.36527628500005
          ],
          [
            103.965888035,
            1.36522509600007
          ],
          [
            103.965865102,
            1.36519681900006
          ],
          [
            103.965848464,
            1.36517305800004
          ],
          [
            103.965834185,
            1.36514643900006
          ],
          [
            103.965786157,
            1.36510566200007
          ],
          [
            103.96576346,
            1.36509281900003
          ],
          [
            103.965726307,
            1.36510812600005
          ],
          [
            103.96572242,
            1.36510704500006
          ],
          [
            103.965720381,
            1.36510510400008
          ],
          [
            103.96559634,
            1.36498110300005
          ],
          [
            103.965561146,
            1.36494677200005
          ],
          [
            103.965455476,
            1.36484125100002
          ],
          [
            103.965359615,
            1.36474622400005
          ],
          [
            103.965311808,
            1.36469817500004
          ],
          [
            103.965293001,
            1.36467829400003
          ],
          [
            103.965272279,
            1.36465483400002
          ],
          [
            103.965263586,
            1.36464363500004
          ],
          [
            103.965203109,
            1.36455693500004
          ],
          [
            103.965127627,
            1.36445080200002
          ],
          [
            103.965082276,
            1.36440508200007
          ],
          [
            103.964989086,
            1.36431148000003
          ],
          [
            103.964914639,
            1.36423632100001
          ],
          [
            103.964824692,
            1.36414629500006
          ],
          [
            103.964799132,
            1.36411794900004
          ],
          [
            103.964793548,
            1.36410235300002
          ],
          [
            103.964790812,
            1.36407298500006
          ],
          [
            103.964697676,
            1.36397923500004
          ],
          [
            103.964627489,
            1.36390878500003
          ],
          [
            103.96451745,
            1.36379840100004
          ],
          [
            103.964399334,
            1.36368274400008
          ],
          [
            103.964387446,
            1.36367357600005
          ],
          [
            103.96432395,
            1.36364103800002
          ],
          [
            103.964271288,
            1.36363530300002
          ],
          [
            103.964255221,
            1.36360554600003
          ],
          [
            103.964239782,
            1.36355720600006
          ],
          [
            103.964233343,
            1.36351969200006
          ],
          [
            103.96411094,
            1.36340318900005
          ],
          [
            103.964083368,
            1.36338141800008
          ],
          [
            103.964062347,
            1.36338062100003
          ],
          [
            103.964012543,
            1.36338396500002
          ],
          [
            103.963991933,
            1.36338434200006
          ],
          [
            103.963980598,
            1.36335133500006
          ],
          [
            103.963969182,
            1.36331344500007
          ],
          [
            103.963955758,
            1.36328429000001
          ],
          [
            103.963927873,
            1.36324750200003
          ],
          [
            103.963907312,
            1.36322591400007
          ],
          [
            103.963869408,
            1.36318798100006
          ],
          [
            103.963820496,
            1.36313913000003
          ],
          [
            103.963748354,
            1.36306668900005
          ],
          [
            103.963661909,
            1.36297942400005
          ],
          [
            103.963631217,
            1.36294493200005
          ],
          [
            103.963553229,
            1.36285589300007
          ],
          [
            103.963486302,
            1.36277876000001
          ],
          [
            103.963420572,
            1.36270720500005
          ],
          [
            103.963382705,
            1.36265533400007
          ],
          [
            103.96333481,
            1.36261136000007
          ],
          [
            103.963254272,
            1.36252524300005
          ],
          [
            103.96319568,
            1.36246804000005
          ],
          [
            103.963176394,
            1.36245842500006
          ],
          [
            103.963126603,
            1.36241041500006
          ],
          [
            103.963021033,
            1.36231345500004
          ],
          [
            103.962997598,
            1.36233876600006
          ],
          [
            103.96298512,
            1.36234053400004
          ],
          [
            103.962697187,
            1.36205025900004
          ],
          [
            103.962733116,
            1.36201538100004
          ],
          [
            103.962642178,
            1.36192368100006
          ],
          [
            103.96264019,
            1.36191339200002
          ],
          [
            103.96263301,
            1.36190587800008
          ],
          [
            103.962619216,
            1.36189126100003
          ],
          [
            103.962567471,
            1.36183163800006
          ],
          [
            103.962470567,
            1.36173208300004
          ],
          [
            103.96234836,
            1.36160995500006
          ],
          [
            103.962175936,
            1.36143753400007
          ],
          [
            103.961996756,
            1.36126023100007
          ],
          [
            103.961945651,
            1.36121160800007
          ],
          [
            103.96184583,
            1.36113766200002
          ],
          [
            103.961776125,
            1.36106814000003
          ],
          [
            103.961769559,
            1.36106326500005
          ],
          [
            103.961753768,
            1.36106223900003
          ],
          [
            103.96173407,
            1.36104672800008
          ],
          [
            103.961694299,
            1.36102204300004
          ],
          [
            103.961651811,
            1.36100007800006
          ],
          [
            103.961624091,
            1.36098685100006
          ],
          [
            103.961591042,
            1.36097263200004
          ],
          [
            103.961547603,
            1.36095809200003
          ],
          [
            103.961498651,
            1.36094585000006
          ],
          [
            103.961431933,
            1.36093724600005
          ],
          [
            103.961383195,
            1.36093740800004
          ],
          [
            103.961343288,
            1.36093989300001
          ],
          [
            103.961305264,
            1.36094810800006
          ],
          [
            103.961297254,
            1.36094842600005
          ],
          [
            103.961293777,
            1.36094615400003
          ],
          [
            103.961274625,
            1.36088729200001
          ],
          [
            103.961258835,
            1.36082244700003
          ],
          [
            103.961185317,
            1.36059734100006
          ],
          [
            103.961176661,
            1.36055819000005
          ],
          [
            103.961177561,
            1.36052475600006
          ],
          [
            103.961186076,
            1.36049342200004
          ],
          [
            103.961197316,
            1.36047117800007
          ],
          [
            103.96120571,
            1.36046054800005
          ],
          [
            103.961006303,
            1.36030288400001
          ],
          [
            103.960915966,
            1.36021130800002
          ],
          [
            103.960906041,
            1.36018728700003
          ],
          [
            103.960864243,
            1.36014573100004
          ],
          [
            103.960617058,
            1.36005110500002
          ],
          [
            103.960569631,
            1.36005559700004
          ],
          [
            103.960519801,
            1.36005732700005
          ],
          [
            103.960505024,
            1.36004948400005
          ],
          [
            103.960502844,
            1.36002779200002
          ],
          [
            103.960494554,
            1.35997373000002
          ],
          [
            103.960482174,
            1.35992657600001
          ],
          [
            103.960470695,
            1.35989441700001
          ],
          [
            103.960461593,
            1.35986896400003
          ],
          [
            103.960462404,
            1.35985944700006
          ],
          [
            103.960468813,
            1.35984822500007
          ],
          [
            103.960438278,
            1.35977932700006
          ],
          [
            103.960409949,
            1.35973009700008
          ],
          [
            103.960364456,
            1.35967692000002
          ],
          [
            103.960141526,
            1.35942163900007
          ],
          [
            103.959949504,
            1.35922722900004
          ],
          [
            103.95964034,
            1.35891715400004
          ],
          [
            103.959451183,
            1.35872721900005
          ],
          [
            103.959462275,
            1.35871525800007
          ],
          [
            103.959444726,
            1.35869914800003
          ],
          [
            103.959421356,
            1.35866809100003
          ],
          [
            103.959239171,
            1.35849109200006
          ],
          [
            103.959104624,
            1.35835558700006
          ],
          [
            103.95909071,
            1.35837007000002
          ],
          [
            103.959047407,
            1.35832309000004
          ],
          [
            103.958832205,
            1.35810762700002
          ],
          [
            103.958649789,
            1.35792447600005
          ],
          [
            103.958561945,
            1.35783646900005
          ],
          [
            103.95852706,
            1.35780151900002
          ],
          [
            103.958513146,
            1.35779004700004
          ],
          [
            103.958508018,
            1.35778690400001
          ],
          [
            103.958501744,
            1.35778356700007
          ],
          [
            103.958481787,
            1.35777793700004
          ],
          [
            103.958475488,
            1.35776955200002
          ],
          [
            103.958457029,
            1.35767146500007
          ],
          [
            103.958670877,
            1.35751179000005
          ],
          [
            103.958693066,
            1.35748828900005
          ],
          [
            103.958726989,
            1.35743016300006
          ],
          [
            103.958814553,
            1.35733787900006
          ],
          [
            103.95889347,
            1.35725848000004
          ],
          [
            103.959246084,
            1.35690116900002
          ],
          [
            103.959602804,
            1.35654110200005
          ],
          [
            103.959672255,
            1.35647047300006
          ],
          [
            103.959982622,
            1.35615719500004
          ],
          [
            103.960387739,
            1.35574752900003
          ],
          [
            103.96051735,
            1.35561698600003
          ],
          [
            103.960567229,
            1.35556662300007
          ],
          [
            103.960606291,
            1.35552698900004
          ],
          [
            103.960629442,
            1.35550295800003
          ],
          [
            103.96064521,
            1.35548546300004
          ],
          [
            103.960672349,
            1.35545322300005
          ],
          [
            103.96069702,
            1.35542075400003
          ],
          [
            103.960716823,
            1.35539017900005
          ],
          [
            103.960730201,
            1.35536839500004
          ],
          [
            103.96074859,
            1.35533329100001
          ],
          [
            103.960776783,
            1.35526884100005
          ],
          [
            103.960798598,
            1.35520559900003
          ],
          [
            103.960814557,
            1.35514038000003
          ],
          [
            103.960825613,
            1.35505967000005
          ],
          [
            103.960828461,
            1.35499601900005
          ],
          [
            103.960828567,
            1.35473366300005
          ],
          [
            103.960828593,
            1.35440992600006
          ],
          [
            103.960828561,
            1.35412345700006
          ],
          [
            103.960828957,
            1.35395298500003
          ],
          [
            103.960841665,
            1.35390563400007
          ],
          [
            103.96085114,
            1.35387503800007
          ],
          [
            103.960817032,
            1.35385089600004
          ]
        ]
      },
      "properties": {
        "OBJECTID": 9,
        "pcn_loop": "Eastern Coastal Loop",
        "pcn": "Tampines Loyang Park Connector",
        "descriptionHTML": "Loyang Park Connector stretches along the roads within Tampines Housing Estates and Loyang Avenue, passing under the Tampines Expressway flyover before ending at Pasir Ris Drive 3. You can continue your journey on Pasir Ris Park Connector or Loyang Park Connector.",
        "address": "",
        "Shape__Length": 1907.5644789401154
      }
    },
    {
      "type": "Feature",
      "id": 34,
      "geometry": {
        "type": "LineString",
        "coordinates": [
          [
            103.944225109,
            1.35692217200006
          ],
          [
            103.944368842,
            1.35691726000004
          ],
          [
            103.944460466,
            1.35691899500006
          ],
          [
            103.944562269,
            1.35691731800007
          ],
          [
            103.944666619,
            1.35691905700002
          ],
          [
            103.944786238,
            1.35691909300004
          ],
          [
            103.944900769,
            1.35692083600002
          ],
          [
            103.944994938,
            1.35692086400007
          ],
          [
            103.945086561,
            1.35692089200007
          ],
          [
            103.945180728,
            1.35691921200004
          ],
          [
            103.945310531,
            1.35692266700006
          ],
          [
            103.945425058,
            1.35691928600005
          ],
          [
            103.94554977,
            1.35692273900001
          ],
          [
            103.945672292,
            1.35692282500002
          ],
          [
            103.945822053,
            1.35692015400003
          ],
          [
            103.945854854,
            1.35692144400002
          ],
          [
            103.945921375,
            1.35692306400006
          ],
          [
            103.945953183,
            1.35692186100004
          ],
          [
            103.945984355,
            1.35692022500006
          ],
          [
            103.946014841,
            1.35691695900003
          ],
          [
            103.94605118,
            1.35689823500007
          ],
          [
            103.946072169,
            1.35687598300007
          ],
          [
            103.946086999,
            1.35684179000003
          ],
          [
            103.946106957,
            1.35678453800006
          ],
          [
            103.946114363,
            1.35674738500007
          ],
          [
            103.946127211,
            1.35671465200003
          ],
          [
            103.946116004,
            1.35652524300002
          ],
          [
            103.94612593,
            1.35564801100001
          ],
          [
            103.946123534,
            1.35552741200007
          ],
          [
            103.946120536,
            1.35541181500003
          ],
          [
            103.946120203,
            1.35529531600002
          ],
          [
            103.946123542,
            1.35517331400006
          ],
          [
            103.946122682,
            1.35504831400004
          ],
          [
            103.946122616,
            1.35493261400007
          ],
          [
            103.946123545,
            1.35482641400005
          ],
          [
            103.94612081,
            1.35471541700002
          ],
          [
            103.946125133,
            1.35461911300008
          ],
          [
            103.946116328,
            1.35451522000006
          ],
          [
            103.946119785,
            1.35437471800003
          ],
          [
            103.946115045,
            1.35429648500002
          ],
          [
            103.946122506,
            1.35419289300005
          ],
          [
            103.946124148,
            1.35409632600004
          ],
          [
            103.946125226,
            1.35397887400006
          ],
          [
            103.946122403,
            1.35393747900002
          ],
          [
            103.946118517,
            1.35387142000008
          ],
          [
            103.946111845,
            1.35380737000001
          ],
          [
            103.94610617,
            1.35376590500004
          ],
          [
            103.946065933,
            1.35372573200003
          ],
          [
            103.94604458,
            1.35368713400005
          ],
          [
            103.94603761,
            1.35364456900004
          ],
          [
            103.946027328,
            1.35358827600003
          ],
          [
            103.946023564,
            1.35355623200006
          ],
          [
            103.946020582,
            1.35352199700002
          ],
          [
            103.94601976,
            1.35348975100005
          ],
          [
            103.946030441,
            1.35343124100005
          ],
          [
            103.946032813,
            1.35339728400004
          ],
          [
            103.94601001,
            1.35331816200005
          ],
          [
            103.945999087,
            1.35328188100004
          ],
          [
            103.945984902,
            1.35324351900003
          ],
          [
            103.945955194,
            1.35316659100005
          ],
          [
            103.945918058,
            1.35307807900006
          ],
          [
            103.945886206,
            1.35300911800004
          ],
          [
            103.945851658,
            1.35293584700004
          ],
          [
            103.945843549,
            1.35289113500004
          ],
          [
            103.94582805,
            1.35284361800006
          ],
          [
            103.945783909,
            1.35278908900005
          ],
          [
            103.945720257,
            1.35270632300005
          ],
          [
            103.945645674,
            1.35262131400003
          ],
          [
            103.945564765,
            1.35251692600001
          ],
          [
            103.945550736,
            1.35248977700008
          ],
          [
            103.945573572,
            1.35247052000004
          ],
          [
            103.945613717,
            1.35241588600007
          ],
          [
            103.945633127,
            1.35239122100006
          ],
          [
            103.945710502,
            1.35229299400005
          ],
          [
            103.945791139,
            1.35236215800007
          ],
          [
            103.945821824,
            1.35236310200002
          ],
          [
            103.945880459,
            1.35236423100002
          ],
          [
            103.94639688,
            1.35174006700005
          ],
          [
            103.94701343,
            1.35099312500005
          ],
          [
            103.947065842,
            1.35092125400008
          ],
          [
            103.947227779,
            1.35072435100004
          ],
          [
            103.947318932,
            1.35061113100004
          ],
          [
            103.947384145,
            1.35054125000004
          ],
          [
            103.947442443,
            1.35048087200004
          ],
          [
            103.94749958,
            1.35041098700003
          ],
          [
            103.947580485,
            1.35031778400002
          ],
          [
            103.947640061,
            1.35024843300005
          ],
          [
            103.947695021,
            1.35017296000006
          ],
          [
            103.947739231,
            1.35010948500006
          ],
          [
            103.947829549,
            1.35000966500007
          ],
          [
            103.947887623,
            1.34993525000005
          ],
          [
            103.947992163,
            1.34980752400003
          ],
          [
            103.948056513,
            1.34972868000006
          ],
          [
            103.948108219,
            1.34966453800006
          ],
          [
            103.948178549,
            1.34957773500003
          ],
          [
            103.94823458,
            1.34950656000007
          ],
          [
            103.948305806,
            1.34941771200006
          ],
          [
            103.948374058,
            1.34933589200007
          ],
          [
            103.948462343,
            1.34921582600004
          ]
        ]
      },
      "properties": {
        "OBJECTID": 34,
        "pcn_loop": "Eastern Coastal Loop",
        "pcn": "Tampines Park Connector",
        "descriptionHTML": "Linking Bedok Reservoir Park to Pasir Ris Park, Tampines Park Connector runs along housing estates in Tampines Avenue 1 and 2, providing residents convenient access to the nearby parks. It also allows users to travel to Pasir Ris Town Park via Sungei Tampines, the natural habitat of water birds such as the Common Kingfisher. The Tampines Park Connector also runs under the viaduct of Tampines and Simei MRT stations, allowing park users to travel to Simei estate.",
        "address": "",
        "Shape__Length": 1218.3619635627729
      }
    },
    {
      "type": "Feature",
      "id": 35,
      "geometry": {
        "type": "LineString",
        "coordinates": [
          [
            103.948462343,
            1.34921582600004
          ],
          [
            103.948244238,
            1.34914294600002
          ],
          [
            103.948193265,
            1.34911227600003
          ],
          [
            103.948130098,
            1.34910407400003
          ],
          [
            103.948078925,
            1.34909402400006
          ],
          [
            103.947984145,
            1.34905605000005
          ],
          [
            103.947889655,
            1.34902141800006
          ],
          [
            103.947797198,
            1.34898638000004
          ],
          [
            103.947708367,
            1.34894994600006
          ],
          [
            103.947621322,
            1.348916216
          ],
          [
            103.947528409,
            1.34888006500006
          ],
          [
            103.947430032,
            1.34884971500001
          ],
          [
            103.947327229,
            1.34881721600003
          ],
          [
            103.947283982,
            1.34881972000006
          ],
          [
            103.947208762,
            1.34879331900003
          ],
          [
            103.94704373,
            1.34873778500001
          ],
          [
            103.946817956,
            1.34865737100006
          ],
          [
            103.946633249,
            1.34859551200003
          ],
          [
            103.946316512,
            1.34848809700002
          ],
          [
            103.946199505,
            1.34844932600003
          ],
          [
            103.94593576,
            1.34835606300004
          ],
          [
            103.945751793,
            1.34829664300002
          ],
          [
            103.945700191,
            1.34827719400004
          ],
          [
            103.945654405,
            1.34825709900003
          ],
          [
            103.945514116,
            1.34820800500005
          ],
          [
            103.945410385,
            1.34816652600005
          ],
          [
            103.945309414,
            1.34812555000001
          ],
          [
            103.945193134,
            1.34807379600005
          ],
          [
            103.945044175,
            1.34800467200005
          ],
          [
            103.944893612,
            1.34793232400005
          ],
          [
            103.944755045,
            1.34786217500003
          ],
          [
            103.944608277,
            1.34779464200006
          ],
          [
            103.9445266,
            1.34775129400004
          ],
          [
            103.944443847,
            1.34769901700002
          ],
          [
            103.944331608,
            1.34763268100004
          ],
          [
            103.944236563,
            1.34757692300002
          ],
          [
            103.944183255,
            1.34754169600007
          ],
          [
            103.94413712,
            1.34751178500004
          ],
          [
            103.944065068,
            1.34745349300003
          ],
          [
            103.943939305,
            1.347367919
          ],
          [
            103.943836801,
            1.34729556600007
          ],
          [
            103.943725371,
            1.34721444200005
          ],
          [
            103.943605154,
            1.34712246900005
          ],
          [
            103.943450973,
            1.34699794800002
          ],
          [
            103.943345896,
            1.34692059800004
          ],
          [
            103.943312779,
            1.34689506800003
          ],
          [
            103.943284495,
            1.34687469300007
          ],
          [
            103.943263265,
            1.34686003200005
          ],
          [
            103.943234321,
            1.34684715200006
          ],
          [
            103.943199957,
            1.34683286100005
          ],
          [
            103.943162397,
            1.34681848600008
          ],
          [
            103.943130281,
            1.34681279100005
          ],
          [
            103.943090071,
            1.34680697100003
          ],
          [
            103.943052393,
            1.34680279100006
          ],
          [
            103.942999838,
            1.34680774300005
          ],
          [
            103.942951571,
            1.34681507500004
          ],
          [
            103.942949822,
            1.34674014000007
          ],
          [
            103.94293349,
            1.34653314800005
          ],
          [
            103.942855094,
            1.34646765100006
          ],
          [
            103.942819994,
            1.34642695800006
          ],
          [
            103.942699539,
            1.34633205300003
          ],
          [
            103.942484559,
            1.34636609900001
          ],
          [
            103.94242909,
            1.34637488400007
          ],
          [
            103.942422334,
            1.34628626200003
          ],
          [
            103.942351677,
            1.34630808600001
          ],
          [
            103.942331551,
            1.34624130900005
          ],
          [
            103.942281909,
            1.34615481900004
          ],
          [
            103.942217642,
            1.34608776600003
          ],
          [
            103.942136998,
            1.34601907200002
          ],
          [
            103.942091341,
            1.34598203200005
          ],
          [
            103.942053901,
            1.34595162400006
          ],
          [
            103.941969951,
            1.34588296400006
          ],
          [
            103.941924183,
            1.34584820800006
          ],
          [
            103.941885405,
            1.34581994300004
          ],
          [
            103.941804682,
            1.34576348800004
          ],
          [
            103.9417604,
            1.34572542800003
          ],
          [
            103.941591629,
            1.34562795700004
          ],
          [
            103.941322549,
            1.34548895700005
          ],
          [
            103.941141078,
            1.34540457600003
          ],
          [
            103.940946368,
            1.34532392400007
          ],
          [
            103.940891728,
            1.34530243200003
          ],
          [
            103.940776055,
            1.34526184100002
          ],
          [
            103.940668662,
            1.34522564900004
          ],
          [
            103.940386052,
            1.34514206800002
          ],
          [
            103.940219514,
            1.34510187100006
          ],
          [
            103.940100809,
            1.34507930300002
          ],
          [
            103.940068297,
            1.34507339000004
          ],
          [
            103.940022256,
            1.34506446900003
          ],
          [
            103.939941406,
            1.34504699200005
          ],
          [
            103.939737479,
            1.34501293000004
          ],
          [
            103.939558548,
            1.34499242200008
          ],
          [
            103.939355842,
            1.34497691000006
          ],
          [
            103.939276034,
            1.34497240300004
          ],
          [
            103.939222147,
            1.34497105700006
          ],
          [
            103.93914771,
            1.34496836800003
          ],
          [
            103.938820643,
            1.34497193700001
          ],
          [
            103.938571271,
            1.34498882200007
          ],
          [
            103.938484251,
            1.34498981300004
          ],
          [
            103.938484369,
            1.34494867700005
          ],
          [
            103.938366811,
            1.34491404700003
          ],
          [
            103.938223164,
            1.34492329100002
          ],
          [
            103.93818479,
            1.34492576100006
          ],
          [
            103.938192486,
            1.34487649200001
          ],
          [
            103.938183077,
            1.34474642900005
          ],
          [
            103.938178919,
            1.34457545600003
          ],
          [
            103.938137975,
            1.34428001900006
          ],
          [
            103.938109431,
            1.34411348200007
          ],
          [
            103.938051064,
            1.34389558000002
          ],
          [
            103.937970716,
            1.34368896800004
          ],
          [
            103.937912347,
            1.34356735700004
          ],
          [
            103.937879214,
            1.34350527100002
          ],
          [
            103.937793777,
            1.34330602000005
          ],
          [
            103.93774386,
            1.34321669600007
          ],
          [
            103.937692008,
            1.34311950000005
          ],
          [
            103.93764867,
            1.34303198400005
          ],
          [
            103.937600035,
            1.34294812500002
          ],
          [
            103.937560994,
            1.34286111300003
          ],
          [
            103.937522523,
            1.34277255900002
          ],
          [
            103.937478502,
            1.34268791400006
          ],
          [
            103.937430869,
            1.34260430900002
          ],
          [
            103.937409353,
            1.34257311700003
          ],
          [
            103.93738037,
            1.34252206500002
          ],
          [
            103.937334775,
            1.34243839200002
          ],
          [
            103.937291118,
            1.34235571000004
          ],
          [
            103.937248019,
            1.34227340500006
          ],
          [
            103.937202333,
            1.34219206400007
          ],
          [
            103.937157799,
            1.34210976300004
          ],
          [
            103.937113768,
            1.34202271000004
          ],
          [
            103.937070395,
            1.34194201100006
          ],
          [
            103.937024951,
            1.34185905700002
          ],
          [
            103.936981961,
            1.34177520600001
          ],
          [
            103.936937978,
            1.34169144000005
          ],
          [
            103.9368952,
            1.34160708500002
          ],
          [
            103.936853563,
            1.34152366500008
          ],
          [
            103.936815872,
            1.34143926200006
          ],
          [
            103.93677354,
            1.34135697900006
          ],
          [
            103.936754442,
            1.34132267500007
          ],
          [
            103.936728332,
            1.34127605200006
          ],
          [
            103.936685104,
            1.34119312100005
          ],
          [
            103.936644813,
            1.34110767400005
          ],
          [
            103.936602729,
            1.34102324500003
          ],
          [
            103.936560906,
            1.34093814200002
          ],
          [
            103.936515652,
            1.34085365800007
          ],
          [
            103.936489212,
            1.34080670300005
          ],
          [
            103.936467163,
            1.34077004000005
          ],
          [
            103.936417594,
            1.34069194800001
          ],
          [
            103.936366535,
            1.34061600200005
          ],
          [
            103.936317991,
            1.34055036100006
          ]
        ]
      },
      "properties": {
        "OBJECTID": 35,
        "pcn_loop": "Eastern Coastal Loop",
        "pcn": "Tampines Park Connector",
        "descriptionHTML": "Linking Bedok Reservoir Park to Pasir Ris Park, Tampines Park Connector runs along housing estates in Tampines Avenue 1 and 2, providing residents convenient access to the nearby parks. It also allows users to travel to Pasir Ris Town Park via Sungei Tampines, the natural habitat of water birds such as the Common Kingfisher. The Tampines Park Connector also runs under the viaduct of Tampines and Simei MRT stations, allowing park users to travel to Simei estate.",
        "address": "",
        "Shape__Length": 1840.7884502425943
      }
    },
    {
      "type": "Feature",
      "id": 36,
      "geometry": {
        "type": "LineString",
        "coordinates": [
          [
            103.936317991,
            1.34055036100006
          ],
          [
            103.936257033,
            1.34047016500006
          ],
          [
            103.936201752,
            1.34038590400006
          ],
          [
            103.935995654,
            1.34015516600004
          ],
          [
            103.935793066,
            1.33992130300004
          ],
          [
            103.935609476,
            1.33970525600006
          ]
        ]
      },
      "properties": {
        "OBJECTID": 36,
        "pcn_loop": "Eastern Coastal Loop",
        "pcn": "Tampines Park Connector",
        "descriptionHTML": "Linking Bedok Reservoir Park to Pasir Ris Park, Tampines Park Connector runs along housing estates in Tampines Avenue 1 and 2, providing residents convenient access to the nearby parks. It also allows users to travel to Pasir Ris Town Park via Sungei Tampines, the natural habitat of water birds such as the Common Kingfisher. The Tampines Park Connector also runs under the viaduct of Tampines and Simei MRT stations, allowing park users to travel to Simei estate.",
        "address": "",
        "Shape__Length": 122.89598350315786
      }
    },
    {
      "type": "Feature",
      "id": 37,
      "geometry": {
        "type": "LineString",
        "coordinates": [
          [
            103.952421075,
            1.34617554200002
          ],
          [
            103.952295881,
            1.34634012800005
          ],
          [
            103.952163027,
            1.34651478500007
          ],
          [
            103.952110361,
            1.34646873800005
          ],
          [
            103.952015341,
            1.34639459200001
          ],
          [
            103.951981435,
            1.34636736000004
          ],
          [
            103.95196256,
            1.34634912700004
          ],
          [
            103.951919258,
            1.34630648400002
          ],
          [
            103.951899166,
            1.34628886500002
          ],
          [
            103.951864313,
            1.34626028000003
          ],
          [
            103.951827423,
            1.34622930100005
          ],
          [
            103.951787502,
            1.34619499800004
          ],
          [
            103.951749632,
            1.34616412100006
          ],
          [
            103.95169925,
            1.34613204200002
          ],
          [
            103.951669648,
            1.34610661100004
          ],
          [
            103.951643003,
            1.34608148400002
          ],
          [
            103.951610096,
            1.34605490500007
          ],
          [
            103.951579738,
            1.34603183400003
          ],
          [
            103.951549884,
            1.34601102700003
          ],
          [
            103.951508832,
            1.34599727900007
          ],
          [
            103.951437166,
            1.34592743500002
          ],
          [
            103.951354378,
            1.34585050000005
          ],
          [
            103.951275505,
            1.34580569800005
          ],
          [
            103.951250123,
            1.34581048200005
          ],
          [
            103.951204166,
            1.34585823500004
          ],
          [
            103.950519147,
            1.34668451900006
          ],
          [
            103.949096684,
            1.34843512400004
          ],
          [
            103.94876293,
            1.34883592600003
          ],
          [
            103.948729512,
            1.34888927500003
          ],
          [
            103.948462343,
            1.34921582600004
          ]
        ]
      },
      "properties": {
        "OBJECTID": 37,
        "pcn_loop": "Eastern Coastal Loop",
        "pcn": "Tampines Park Connector",
        "descriptionHTML": "Linking Bedok Reservoir Park to Pasir Ris Park, Tampines Park Connector runs along housing estates in Tampines Avenue 1 and 2, providing residents convenient access to the nearby parks. It also allows users to travel to Pasir Ris Town Park via Sungei Tampines, the natural habitat of water birds such as the Common Kingfisher. The Tampines Park Connector also runs under the viaduct of Tampines and Simei MRT stations, allowing park users to travel to Simei estate.",
        "address": "",
        "Shape__Length": 667.5185212338072
      }
    },
    {
      "type": "Feature",
      "id": 38,
      "geometry": {
        "type": "LineString",
        "coordinates": [
          [
            103.944327722,
            1.36036361800006
          ],
          [
            103.944332219,
            1.36047038300007
          ],
          [
            103.944546693,
            1.36047128100006
          ],
          [
            103.946414262,
            1.36047910000001
          ],
          [
            103.946897415,
            1.36053927800004
          ],
          [
            103.947379368,
            1.36063779200003
          ],
          [
            103.947907309,
            1.36079563600003
          ],
          [
            103.948393271,
            1.36098486300006
          ],
          [
            103.948627829,
            1.36108945900003
          ],
          [
            103.948963762,
            1.36126423700005
          ],
          [
            103.949313319,
            1.36147597800003
          ],
          [
            103.949667593,
            1.36172568300002
          ],
          [
            103.949978582,
            1.36197847100004
          ],
          [
            103.950275227,
            1.36225412200002
          ],
          [
            103.950431616,
            1.36241201000006
          ],
          [
            103.951497064,
            1.36350031800003
          ],
          [
            103.95284944,
            1.36487547200005
          ],
          [
            103.953080173,
            1.36514667000005
          ],
          [
            103.953176755,
            1.36524609200006
          ],
          [
            103.953229873,
            1.36530115000003
          ],
          [
            103.95323718,
            1.36530988800008
          ],
          [
            103.953919909,
            1.36512364400004
          ],
          [
            103.954013415,
            1.36546426900002
          ],
          [
            103.953493426,
            1.36560611700002
          ],
          [
            103.953396894,
            1.36563245100007
          ],
          [
            103.953099274,
            1.36571363800004
          ],
          [
            103.953301672,
            1.36604858200007
          ],
          [
            103.953397552,
            1.36624048600004
          ],
          [
            103.95348838,
            1.36642227900007
          ],
          [
            103.95364043,
            1.36680968900003
          ],
          [
            103.953695946,
            1.36699560600004
          ],
          [
            103.953740841,
            1.36714360500003
          ],
          [
            103.953831583,
            1.36757401800001
          ],
          [
            103.95387165,
            1.36788772600005
          ],
          [
            103.953879513,
            1.36798214100002
          ],
          [
            103.953887344,
            1.36811563600004
          ],
          [
            103.953891925,
            1.36834424400006
          ],
          [
            103.95389197,
            1.36913643600008
          ],
          [
            103.953811099,
            1.36913628600007
          ],
          [
            103.953797015,
            1.36942548300003
          ],
          [
            103.95387782,
            1.36942563300004
          ],
          [
            103.953876974,
            1.36965683400007
          ],
          [
            103.953873119,
            1.37071094500003
          ],
          [
            103.953865807,
            1.37085764900008
          ],
          [
            103.953853647,
            1.37098841600004
          ],
          [
            103.953820007,
            1.37117575600006
          ],
          [
            103.953786813,
            1.37132711000003
          ],
          [
            103.953730877,
            1.37153666000005
          ],
          [
            103.953652421,
            1.37174530200001
          ],
          [
            103.953525237,
            1.37202507700004
          ],
          [
            103.953368532,
            1.37235755300003
          ],
          [
            103.952971393,
            1.37323390900001
          ],
          [
            103.952900158,
            1.37340567600007
          ],
          [
            103.952818159,
            1.37362006700004
          ],
          [
            103.952748437,
            1.37385017400003
          ],
          [
            103.952661156,
            1.37418415600006
          ],
          [
            103.952600011,
            1.37447389800008
          ],
          [
            103.952536018,
            1.37485346900006
          ],
          [
            103.952537321,
            1.37490695800004
          ]
        ]
      },
      "properties": {
        "OBJECTID": 38,
        "pcn_loop": "Eastern Coastal Loop",
        "pcn": "Tampines Park Connector",
        "descriptionHTML": "Linking Bedok Reservoir Park to Pasir Ris Park, Tampines Park Connector runs along housing estates in Tampines Avenue 1 and 2, providing residents convenient access to the nearby parks. It also allows users to travel to Pasir Ris Town Park via Sungei Tampines, the natural habitat of water birds such as the Common Kingfisher. The Tampines Park Connector also runs under the viaduct of Tampines and Simei MRT stations, allowing park users to travel to Simei estate.",
        "address": "",
        "Shape__Length": 2509.5955865977307
      }
    },
    {
      "type": "Feature",
      "id": 39,
      "geometry": {
        "type": "LineString",
        "coordinates": [
          [
            103.952537321,
            1.37490695800004
          ],
          [
            103.952518736,
            1.37538405200007
          ],
          [
            103.952510364,
            1.37581484300007
          ],
          [
            103.952522926,
            1.37619357600004
          ],
          [
            103.952543837,
            1.37658916700001
          ],
          [
            103.952547682,
            1.37666190700002
          ],
          [
            103.953043476,
            1.37661755100003
          ],
          [
            103.953088514,
            1.37673840800005
          ],
          [
            103.95309578,
            1.37692830200007
          ],
          [
            103.953168365,
            1.37724965800004
          ],
          [
            103.953291752,
            1.37765135000006
          ],
          [
            103.953429651,
            1.37802382800002
          ],
          [
            103.95360037,
            1.37836190800003
          ],
          [
            103.953642355,
            1.37845410700004
          ],
          [
            103.95368818,
            1.37854443400004
          ],
          [
            103.953737763,
            1.37863272800005
          ],
          [
            103.953760248,
            1.37870328900003
          ],
          [
            103.953777658,
            1.37877528900004
          ],
          [
            103.953789904,
            1.37884835900009
          ],
          [
            103.953796924,
            1.37892212200006
          ],
          [
            103.953798681,
            1.37899620200005
          ],
          [
            103.953807805,
            1.37905242100004
          ],
          [
            103.95382215,
            1.37910752400007
          ],
          [
            103.953841586,
            1.37916102200006
          ],
          [
            103.953865943,
            1.37921244100004
          ],
          [
            103.953895001,
            1.37926132300003
          ],
          [
            103.953944791,
            1.37933280000003
          ],
          [
            103.953988793,
            1.37940802700005
          ],
          [
            103.954026726,
            1.37948653000006
          ],
          [
            103.954046312,
            1.37953228800006
          ],
          [
            103.954059684,
            1.37958026000007
          ],
          [
            103.954066608,
            1.37962959500004
          ],
          [
            103.954066958,
            1.379679418
          ],
          [
            103.954060729,
            1.37972884600004
          ],
          [
            103.954056771,
            1.37977825600006
          ],
          [
            103.954058265,
            1.37982780300007
          ],
          [
            103.954065191,
            1.37987688000003
          ],
          [
            103.954077466,
            1.37992488600003
          ],
          [
            103.954094939,
            1.37997123200006
          ],
          [
            103.954117394,
            1.38001535000007
          ],
          [
            103.95414621,
            1.38008133500006
          ],
          [
            103.954178789,
            1.38014552100003
          ],
          [
            103.954215022,
            1.38020769400004
          ],
          [
            103.954254786,
            1.38026763900005
          ],
          [
            103.954395008,
            1.38046433800003
          ]
        ]
      },
      "properties": {
        "OBJECTID": 39,
        "pcn_loop": "Eastern Coastal Loop",
        "pcn": "Tampines Park Connector",
        "descriptionHTML": "Linking Bedok Reservoir Park to Pasir Ris Park, Tampines Park Connector runs along housing estates in Tampines Avenue 1 and 2, providing residents convenient access to the nearby parks. It also allows users to travel to Pasir Ris Town Park via Sungei Tampines, the natural habitat of water birds such as the Common Kingfisher. The Tampines Park Connector also runs under the viaduct of Tampines and Simei MRT stations, allowing park users to travel to Simei estate.",
        "address": "",
        "Shape__Length": 712.0257672449561
      }
    },
    {
      "type": "Feature",
      "id": 40,
      "geometry": {
        "type": "LineString",
        "coordinates": [
          [
            103.948687057,
            1.34894116500004
          ],
          [
            103.948772206,
            1.34897005300007
          ],
          [
            103.948814781,
            1.34898449600007
          ],
          [
            103.948857354,
            1.34899894100004
          ],
          [
            103.948899929,
            1.34901338400004
          ],
          [
            103.948942503,
            1.34902782700003
          ],
          [
            103.948985078,
            1.34904227200003
          ],
          [
            103.949027652,
            1.34905671500007
          ],
          [
            103.949070227,
            1.34907115800007
          ],
          [
            103.949112801,
            1.34908560200006
          ],
          [
            103.949155375,
            1.34910004600005
          ],
          [
            103.949197949,
            1.34911449000003
          ],
          [
            103.949240524,
            1.34912893300002
          ],
          [
            103.949283098,
            1.34914337700007
          ],
          [
            103.949325673,
            1.34915782100006
          ],
          [
            103.949368247,
            1.34917226400006
          ],
          [
            103.949410822,
            1.34918670800004
          ],
          [
            103.949453396,
            1.34920115200003
          ],
          [
            103.94949597,
            1.34921559500003
          ],
          [
            103.949538544,
            1.34923003900001
          ],
          [
            103.949581119,
            1.34924448300006
          ],
          [
            103.949623693,
            1.34925892600006
          ],
          [
            103.949666268,
            1.34927337000005
          ],
          [
            103.949708842,
            1.34928781400003
          ],
          [
            103.949751417,
            1.34930225700002
          ],
          [
            103.94979399,
            1.34931670100001
          ],
          [
            103.949836565,
            1.34933114500007
          ],
          [
            103.949879139,
            1.34934558900005
          ],
          [
            103.949921714,
            1.34936003200004
          ],
          [
            103.949964288,
            1.34937447600003
          ],
          [
            103.950006863,
            1.34938892000001
          ],
          [
            103.950049437,
            1.34940336300001
          ],
          [
            103.950092011,
            1.34941780600003
          ],
          [
            103.950134585,
            1.34943225100005
          ],
          [
            103.95017716,
            1.34944669400005
          ],
          [
            103.950219735,
            1.34946113800004
          ],
          [
            103.950262309,
            1.34947558200002
          ],
          [
            103.950304884,
            1.34949002500002
          ],
          [
            103.950347458,
            1.34950446900007
          ],
          [
            103.950390032,
            1.34951891200006
          ],
          [
            103.950432606,
            1.34953335600005
          ],
          [
            103.950475181,
            1.34954780000003
          ],
          [
            103.950517755,
            1.34956224300003
          ],
          [
            103.95056033,
            1.34957668700002
          ],
          [
            103.950602904,
            1.34959113100007
          ],
          [
            103.950645479,
            1.34960557400007
          ],
          [
            103.950688052,
            1.34962001800005
          ],
          [
            103.950730627,
            1.34963446200002
          ],
          [
            103.950773201,
            1.34964890500003
          ],
          [
            103.950815776,
            1.34966334900002
          ],
          [
            103.95085835,
            1.34967779200002
          ],
          [
            103.950900925,
            1.34969223700005
          ],
          [
            103.950943499,
            1.34970668000005
          ],
          [
            103.950986074,
            1.34972112300005
          ],
          [
            103.951028648,
            1.34973556800002
          ],
          [
            103.951071222,
            1.34975001100003
          ],
          [
            103.951113797,
            1.34976445400002
          ],
          [
            103.951156371,
            1.34977889800008
          ],
          [
            103.951198937,
            1.34979336700006
          ],
          [
            103.951241477,
            1.34980791300007
          ],
          [
            103.951284016,
            1.34982246000004
          ],
          [
            103.951326556,
            1.34983700700007
          ],
          [
            103.951369096,
            1.34985155400005
          ],
          [
            103.951411636,
            1.34986610000005
          ],
          [
            103.951454175,
            1.34988064700001
          ],
          [
            103.951496716,
            1.34989519400005
          ],
          [
            103.951539255,
            1.34990974000003
          ],
          [
            103.951581795,
            1.34992428600003
          ],
          [
            103.951624334,
            1.34993883400005
          ],
          [
            103.951666875,
            1.34995338000005
          ],
          [
            103.951709414,
            1.34996792700002
          ],
          [
            103.951751953,
            1.34998247400006
          ],
          [
            103.951794494,
            1.34999702000003
          ],
          [
            103.951837033,
            1.35001156700003
          ],
          [
            103.951879573,
            1.35002611300006
          ],
          [
            103.951922113,
            1.35004066000005
          ],
          [
            103.951964653,
            1.35005520700002
          ],
          [
            103.952007192,
            1.35006975300007
          ],
          [
            103.952049733,
            1.35008430000005
          ],
          [
            103.952092272,
            1.35009884700002
          ],
          [
            103.952134812,
            1.35011339300007
          ],
          [
            103.952177351,
            1.35012794000003
          ],
          [
            103.952219891,
            1.35014248700001
          ],
          [
            103.952262431,
            1.35015703300006
          ],
          [
            103.95230497,
            1.35017158000004
          ],
          [
            103.952347511,
            1.35018612700002
          ],
          [
            103.95239005,
            1.35020067300009
          ],
          [
            103.95243259,
            1.35021522000006
          ],
          [
            103.95247513,
            1.35022976600003
          ],
          [
            103.95251767,
            1.35024431300007
          ],
          [
            103.952560209,
            1.35025886000006
          ],
          [
            103.95260275,
            1.35027340600005
          ],
          [
            103.952645289,
            1.35028795300001
          ],
          [
            103.952687829,
            1.35030250000004
          ],
          [
            103.952730368,
            1.35031704600004
          ],
          [
            103.952772908,
            1.35033159200003
          ],
          [
            103.952815254,
            1.35034662600003
          ],
          [
            103.952855951,
            1.35036578200004
          ],
          [
            103.952896648,
            1.35038493800004
          ],
          [
            103.952937345,
            1.35040409500004
          ],
          [
            103.952978042,
            1.35042325100006
          ],
          [
            103.95301874,
            1.35044240700006
          ],
          [
            103.953059436,
            1.35046156300007
          ],
          [
            103.953100134,
            1.35048072000007
          ],
          [
            103.953140831,
            1.35049987600008
          ],
          [
            103.953181528,
            1.35051903200001
          ],
          [
            103.953222225,
            1.35053818900002
          ],
          [
            103.953259708,
            1.35056290700004
          ],
          [
            103.953296372,
            1.35058904200002
          ],
          [
            103.953333035,
            1.35061517600008
          ],
          [
            103.953369699,
            1.35064131200003
          ],
          [
            103.953406363,
            1.35066744700002
          ],
          [
            103.953443026,
            1.35069358200003
          ],
          [
            103.953479691,
            1.35071971600008
          ],
          [
            103.953516354,
            1.35074585100006
          ],
          [
            103.953553018,
            1.35077198600004
          ],
          [
            103.953585865,
            1.35080279700003
          ],
          [
            103.95361846,
            1.35083391800003
          ],
          [
            103.953651055,
            1.35086503800005
          ],
          [
            103.953683651,
            1.35089615900005
          ],
          [
            103.953716246,
            1.35092727900007
          ],
          [
            103.953748841,
            1.35095839900003
          ],
          [
            103.953781436,
            1.35098951900005
          ],
          [
            103.953814031,
            1.35102064000006
          ],
          [
            103.953842654,
            1.35105541400002
          ],
          [
            103.95387053,
            1.35109087600005
          ],
          [
            103.953898405,
            1.35112633900006
          ],
          [
            103.95392628,
            1.35116180100004
          ],
          [
            103.953954156,
            1.35119726400005
          ],
          [
            103.953982031,
            1.35123272600002
          ],
          [
            103.954009906,
            1.35126818800005
          ],
          [
            103.954037781,
            1.35130365000003
          ],
          [
            103.954065657,
            1.35133911400003
          ],
          [
            103.954093532,
            1.35137457600006
          ],
          [
            103.954121407,
            1.35141003800004
          ],
          [
            103.954149282,
            1.35144550000006
          ],
          [
            103.954177158,
            1.35148096300002
          ],
          [
            103.95420299,
            1.35151795700005
          ],
          [
            103.954228771,
            1.35155498900002
          ],
          [
            103.954254553,
            1.35159202200003
          ],
          [
            103.954280333,
            1.35162905400005
          ],
          [
            103.954306115,
            1.35166608700008
          ],
          [
            103.954331896,
            1.35170311900004
          ],
          [
            103.954357677,
            1.35174015100005
          ],
          [
            103.954383459,
            1.35177718400006
          ],
          [
            103.954409239,
            1.35181421700001
          ],
          [
            103.954435021,
            1.35185124900004
          ],
          [
            103.954460801,
            1.35188828100007
          ],
          [
            103.954486583,
            1.35192531400004
          ],
          [
            103.954512365,
            1.35196234600004
          ],
          [
            103.954538145,
            1.35199937900007
          ],
          [
            103.954563927,
            1.35203641100002
          ],
          [
            103.954589708,
            1.35207344300004
          ],
          [
            103.954615489,
            1.35211047600006
          ],
          [
            103.95464127,
            1.35214750800003
          ],
          [
            103.954667051,
            1.35218454000005
          ],
          [
            103.954692833,
            1.35222157300006
          ],
          [
            103.954718614,
            1.35225860500002
          ],
          [
            103.954744395,
            1.35229563800004
          ],
          [
            103.954770176,
            1.35233267100005
          ],
          [
            103.954795957,
            1.35236970300001
          ],
          [
            103.954821738,
            1.35240673500003
          ],
          [
            103.95484752,
            1.35244376800005
          ],
          [
            103.9548733,
            1.35248080000002
          ],
          [
            103.954899082,
            1.35251783200005
          ],
          [
            103.954924864,
            1.35255486500005
          ],
          [
            103.954950644,
            1.35259189700003
          ],
          [
            103.95497472,
            1.35262993100003
          ],
          [
            103.954994086,
            1.35267073300002
          ],
          [
            103.955013451,
            1.35271153500002
          ],
          [
            103.955032816,
            1.35275233700002
          ],
          [
            103.955052181,
            1.35279314000007
          ],
          [
            103.955071546,
            1.35283394200007
          ],
          [
            103.955090911,
            1.35287474400007
          ],
          [
            103.955110276,
            1.35291554600001
          ],
          [
            103.955129642,
            1.35295634900005
          ],
          [
            103.955149007,
            1.35299715100006
          ],
          [
            103.955168372,
            1.35303795300006
          ],
          [
            103.955187274,
            1.35307894000004
          ],
          [
            103.955201089,
            1.35312196700005
          ],
          [
            103.955214903,
            1.35316499500003
          ],
          [
            103.955228718,
            1.35320802200004
          ],
          [
            103.955242532,
            1.35325105000003
          ],
          [
            103.955256347,
            1.35329407700004
          ],
          [
            103.955270161,
            1.35333710500004
          ],
          [
            103.955283976,
            1.35338013200004
          ],
          [
            103.955297789,
            1.35342316000002
          ],
          [
            103.955311604,
            1.35346618800003
          ],
          [
            103.955325418,
            1.35350921500004
          ]
        ]
      },
      "properties": {
        "OBJECTID": 40,
        "pcn_loop": "Eastern Coastal Loop",
        "pcn": "Tampines Park Connector",
        "descriptionHTML": "Linking Bedok Reservoir Park to Pasir Ris Park, Tampines Park Connector runs along housing estates in Tampines Avenue 1 and 2, providing residents convenient access to the nearby parks. It also allows users to travel to Pasir Ris Town Park via Sungei Tampines, the natural habitat of water birds such as the Common Kingfisher. The Tampines Park Connector also runs under the viaduct of Tampines and Simei MRT stations, allowing park users to travel to Simei estate.",
        "address": "",
        "Shape__Length": 947.4201436017561
      }
    },
    {
      "type": "Feature",
      "id": 41,
      "geometry": {
        "type": "LineString",
        "coordinates": [
          [
            103.944327722,
            1.36036361800006
          ],
          [
            103.944323522,
            1.36026391800004
          ],
          [
            103.944408185,
            1.36017467400008
          ],
          [
            103.944369418,
            1.36006391800005
          ],
          [
            103.944314418,
            1.35985375100005
          ],
          [
            103.944294056,
            1.35977041800003
          ],
          [
            103.944271328,
            1.35968576700003
          ],
          [
            103.944259271,
            1.35964086000007
          ],
          [
            103.944176416,
            1.35937566500008
          ],
          [
            103.944143755,
            1.35927113000003
          ],
          [
            103.944064926,
            1.35901882300004
          ],
          [
            103.943977567,
            1.35872648500003
          ],
          [
            103.943972963,
            1.35871107800006
          ],
          [
            103.943801169,
            1.35817491700003
          ],
          [
            103.943791559,
            1.35813585600004
          ],
          [
            103.943783024,
            1.35811329500007
          ],
          [
            103.943777369,
            1.35809748200006
          ],
          [
            103.943768781,
            1.35806973200006
          ],
          [
            103.943753827,
            1.35802141800001
          ],
          [
            103.943718293,
            1.35790662500004
          ],
          [
            103.943679014,
            1.35778162700007
          ],
          [
            103.943674,
            1.35776493800007
          ],
          [
            103.943614866,
            1.35756812500005
          ],
          [
            103.943611498,
            1.35755511900004
          ],
          [
            103.94359229,
            1.35748096200006
          ],
          [
            103.943541042,
            1.35729200600002
          ],
          [
            103.943527521,
            1.35724215000004
          ],
          [
            103.943498416,
            1.35712746900003
          ],
          [
            103.943497923,
            1.35710325000002
          ],
          [
            103.943505313,
            1.35706765200007
          ],
          [
            103.943514619,
            1.35704665800005
          ],
          [
            103.94353113,
            1.35702882900006
          ],
          [
            103.943589656,
            1.35699595000005
          ],
          [
            103.943716534,
            1.35695200600003
          ],
          [
            103.943840816,
            1.35693436800005
          ],
          [
            103.943938918,
            1.35693897500004
          ],
          [
            103.944020634,
            1.35695558500005
          ],
          [
            103.94411848,
            1.35698461000003
          ],
          [
            103.944140881,
            1.35699708100004
          ],
          [
            103.944165613,
            1.35694392700003
          ],
          [
            103.944225109,
            1.35692217200006
          ]
        ]
      },
      "properties": {
        "OBJECTID": 41,
        "pcn_loop": "Eastern Coastal Loop",
        "pcn": "Sun Plaza Park",
        "descriptionHTML": "Located at Tampines Avenue 7 and 9, Sun Plaza Park offers a host of exciting activities to provide families with countless hours of fun. With an amphitheatre, a Sense Discovery Garden, a Beach Ball court and a Woodball course, the 9.6-hectare park is a popular meeting place for cultural and social interactions.",
        "address": "",
        "Shape__Length": 475.4304700854391
      }
    },
    {
      "type": "Feature",
      "id": 42,
      "geometry": {
        "type": "LineString",
        "coordinates": [
          [
            103.925252161,
            1.33526400400006
          ],
          [
            103.925282157,
            1.33526286000004
          ],
          [
            103.925385896,
            1.33529545600005
          ],
          [
            103.9254879,
            1.33533319300007
          ],
          [
            103.925587918,
            1.33537597900004
          ],
          [
            103.925685702,
            1.33542371000003
          ],
          [
            103.925781012,
            1.33547626600006
          ],
          [
            103.925846325,
            1.33553453000007
          ],
          [
            103.925915779,
            1.33558772300006
          ],
          [
            103.925988987,
            1.33563554500004
          ],
          [
            103.926065539,
            1.33567773100002
          ],
          [
            103.926145009,
            1.33571404300004
          ],
          [
            103.926226951,
            1.33574428000003
          ],
          [
            103.926310909,
            1.33576827200005
          ],
          [
            103.926396412,
            1.33578588600005
          ],
          [
            103.926482984,
            1.33579702200006
          ],
          [
            103.92657014,
            1.33580161900005
          ],
          [
            103.92665411,
            1.33580493400006
          ],
          [
            103.926738124,
            1.33580307400007
          ],
          [
            103.926821868,
            1.335796048
          ],
          [
            103.926905028,
            1.33578387900007
          ],
          [
            103.926987293,
            1.33576661500006
          ],
          [
            103.927111756,
            1.33575033200002
          ],
          [
            103.927236865,
            1.33574024600005
          ],
          [
            103.927362317,
            1.33573638300002
          ],
          [
            103.927487804,
            1.33573875300003
          ],
          [
            103.927613024,
            1.33574734800004
          ],
          [
            103.92767514,
            1.33575359300004
          ],
          [
            103.927736344,
            1.33576596600006
          ],
          [
            103.927796039,
            1.33578434700007
          ],
          [
            103.927853645,
            1.33580855600007
          ],
          [
            103.927908601,
            1.33583835900002
          ],
          [
            103.927923709,
            1.33584784200002
          ],
          [
            103.927961246,
            1.33587412500004
          ],
          [
            103.927996799,
            1.33590306600006
          ],
          [
            103.928030185,
            1.33593451500002
          ],
          [
            103.928103916,
            1.33599247100006
          ],
          [
            103.928180483,
            1.33604657600006
          ],
          [
            103.928259686,
            1.33609668900004
          ],
          [
            103.928341321,
            1.33614267900003
          ],
          [
            103.928391059,
            1.33615795000003
          ],
          [
            103.928442322,
            1.33616674300003
          ],
          [
            103.928494279,
            1.33616891400004
          ],
          [
            103.928862763,
            1.33613916000007
          ],
          [
            103.928945769,
            1.33612831600004
          ],
          [
            103.929027639,
            1.33611078100005
          ],
          [
            103.92910784,
            1.33608666900006
          ],
          [
            103.929304247,
            1.33601843600008
          ],
          [
            103.929504131,
            1.33593970600003
          ],
          [
            103.929570163,
            1.33591617700007
          ],
          [
            103.929637746,
            1.33589763700007
          ],
          [
            103.929706508,
            1.33588418400005
          ],
          [
            103.92977607,
            1.33587589600006
          ],
          [
            103.929846052,
            1.33587281600006
          ],
          [
            103.929916068,
            1.33587496200005
          ],
          [
            103.929965623,
            1.33588180200006
          ],
          [
            103.930014549,
            1.33589227300006
          ],
          [
            103.930062583,
            1.33590631700002
          ],
          [
            103.930126225,
            1.33593110200007
          ],
          [
            103.930187094,
            1.33596215000005
          ],
          [
            103.930244581,
            1.33599915600007
          ],
          [
            103.930450716,
            1.33612695000005
          ],
          [
            103.930654793,
            1.33625804700007
          ],
          [
            103.930817778,
            1.33633870400006
          ],
          [
            103.930983555,
            1.33641337000007
          ],
          [
            103.931151911,
            1.33648194600005
          ],
          [
            103.93122474,
            1.33650400600005
          ],
          [
            103.931299107,
            1.33652004200008
          ],
          [
            103.931374523,
            1.33652994900006
          ],
          [
            103.931450489,
            1.33653366000003
          ],
          [
            103.931526503,
            1.33653115200001
          ],
          [
            103.931602064,
            1.33652244200005
          ],
          [
            103.931672522,
            1.33652597300005
          ],
          [
            103.931742641,
            1.33653376100005
          ],
          [
            103.931812169,
            1.33654577600003
          ],
          [
            103.931870559,
            1.33655254600007
          ],
          [
            103.931929308,
            1.33655434400003
          ],
          [
            103.931987999,
            1.33655115400006
          ],
          [
            103.932046214,
            1.33654300300003
          ],
          [
            103.932103541,
            1.33652994500005
          ],
          [
            103.932193363,
            1.33651818500005
          ],
          [
            103.932283789,
            1.33651289900007
          ],
          [
            103.93237436,
            1.33651411500005
          ],
          [
            103.932441382,
            1.33653410400006
          ],
          [
            103.932509844,
            1.33654831600006
          ],
          [
            103.932579255,
            1.33655664700005
          ],
          [
            103.932649118,
            1.33655903900005
          ],
          [
            103.932718931,
            1.33655547400002
          ],
          [
            103.93278299,
            1.33654486800002
          ],
          [
            103.93284614,
            1.33652971800006
          ],
          [
            103.932908062,
            1.33651009800007
          ],
          [
            103.932968447,
            1.33648610700003
          ],
          [
            103.933026989,
            1.33645786700004
          ],
          [
            103.933054433,
            1.33647078200003
          ],
          [
            103.933083485,
            1.33647943400007
          ],
          [
            103.933113493,
            1.33648363000003
          ],
          [
            103.933143786,
            1.33648327800005
          ],
          [
            103.93317369,
            1.33647838400003
          ],
          [
            103.933202534,
            1.33646905800002
          ],
          [
            103.933325954,
            1.33601780200008
          ],
          [
            103.933313208,
            1.33590238400007
          ],
          [
            103.933228258,
            1.33578839500006
          ],
          [
            103.933262233,
            1.33572569700005
          ],
          [
            103.9334392,
            1.33564019400005
          ],
          [
            103.933461852,
            1.33562452000006
          ],
          [
            103.93378748,
            1.33565015400005
          ],
          [
            103.933841282,
            1.33573279700006
          ],
          [
            103.933760587,
            1.33581259600004
          ],
          [
            103.933723781,
            1.33592231600005
          ],
          [
            103.933685561,
            1.33605768500006
          ],
          [
            103.933611947,
            1.33619448000007
          ],
          [
            103.933493036,
            1.33654643900008
          ],
          [
            103.933467711,
            1.33661149000005
          ]
        ]
      },
      "properties": {
        "OBJECTID": 42,
        "pcn_loop": "Eastern Coastal Loop",
        "pcn": "Bedok Town Park",
        "descriptionHTML": "With long, flat and linear cycling and jogging tracks and a myriad of fitness equipment, Bedok Town Park is a popular place for nearby residents to gather for recreational activities. Built on an undulating terrain with high mounds, the park offers avid cyclists and runners a challenging workout. Those looking to relax can walk on the foot reflexology footpath and have a foot massage. Families can also picnic under the shade of the many trees found around the park, while enjoying the tranquillity of the park.",
        "address": "",
        "Shape__Length": 1207.5719191602373
      }
    },
    {
      "type": "Feature",
      "id": 43,
      "geometry": {
        "type": "LineString",
        "coordinates": [
          [
            103.918962138,
            1.33429645700004
          ],
          [
            103.919268007,
            1.33424947900003
          ],
          [
            103.919284238,
            1.33424233100003
          ],
          [
            103.919391156,
            1.33413190900005
          ],
          [
            103.919416509,
            1.33413579700004
          ],
          [
            103.91965231,
            1.33412121500004
          ],
          [
            103.919687277,
            1.33411792400005
          ],
          [
            103.919722317,
            1.33412029600004
          ],
          [
            103.919756532,
            1.33412827000007
          ],
          [
            103.919789041,
            1.33414164100001
          ],
          [
            103.919819012,
            1.33416006600004
          ],
          [
            103.919845674,
            1.33418307300002
          ],
          [
            103.919868344,
            1.33421007000004
          ],
          [
            103.919886438,
            1.33424036400002
          ],
          [
            103.919899493,
            1.33427317800004
          ],
          [
            103.919913162,
            1.33429659700005
          ],
          [
            103.919930203,
            1.33431765900002
          ],
          [
            103.919950221,
            1.33433587500002
          ],
          [
            103.919972752,
            1.33435082600004
          ],
          [
            103.920002069,
            1.33436077200003
          ],
          [
            103.920032545,
            1.33436612500003
          ],
          [
            103.920063475,
            1.33436676400004
          ],
          [
            103.920094144,
            1.33436267100007
          ],
          [
            103.920123841,
            1.33435394400005
          ],
          [
            103.920225646,
            1.33433614500006
          ],
          [
            103.920328356,
            1.33432478700006
          ],
          [
            103.920431572,
            1.33431991300005
          ],
          [
            103.920534888,
            1.33432154300004
          ],
          [
            103.920732919,
            1.33432457700008
          ],
          [
            103.920930712,
            1.33433479500008
          ],
          [
            103.921003026,
            1.33434033100002
          ],
          [
            103.921061442,
            1.33435702500003
          ],
          [
            103.921118349,
            1.33437835400003
          ],
          [
            103.921173385,
            1.33440418300006
          ],
          [
            103.9212262,
            1.33443434700006
          ],
          [
            103.921295423,
            1.33447326200008
          ],
          [
            103.921367856,
            1.33450572700001
          ],
          [
            103.921442905,
            1.33453147600004
          ],
          [
            103.921519958,
            1.33455029900006
          ],
          [
            103.921618244,
            1.33454635800006
          ],
          [
            103.921716139,
            1.33453671000007
          ],
          [
            103.921986529,
            1.33450052400001
          ],
          [
            103.922031211,
            1.33450893100008
          ],
          [
            103.922088933,
            1.33451979200004
          ],
          [
            103.922169602,
            1.33454269000004
          ],
          [
            103.922218394,
            1.33455024200003
          ],
          [
            103.922253375,
            1.33458015900004
          ],
          [
            103.922368174,
            1.33462387300005
          ],
          [
            103.922654732,
            1.33462308700007
          ],
          [
            103.922752902,
            1.33462281800008
          ],
          [
            103.922934924,
            1.33462385200005
          ],
          [
            103.922947216,
            1.33464179800005
          ],
          [
            103.922961853,
            1.33465786200002
          ],
          [
            103.922981052,
            1.33467349800002
          ],
          [
            103.923002458,
            1.33468589700004
          ],
          [
            103.923025537,
            1.33469474900005
          ],
          [
            103.923049711,
            1.33469983500003
          ],
          [
            103.92307438,
            1.33470102600006
          ],
          [
            103.923097799,
            1.33469850700004
          ],
          [
            103.923120575,
            1.33469247800003
          ],
          [
            103.923142194,
            1.33468307400006
          ],
          [
            103.923162165,
            1.33467051000003
          ],
          [
            103.923180034,
            1.33465507000004
          ],
          [
            103.92319296,
            1.33464480800006
          ],
          [
            103.923214233,
            1.33463239300005
          ],
          [
            103.923237292,
            1.33462379500001
          ],
          [
            103.923261467,
            1.33461926100006
          ],
          [
            103.923286056,
            1.33461892600007
          ],
          [
            103.923310344,
            1.33462279700006
          ],
          [
            103.923386114,
            1.33464805700003
          ],
          [
            103.923459836,
            1.33467884700002
          ],
          [
            103.923531113,
            1.33471500200005
          ],
          [
            103.92359956,
            1.33475632600004
          ],
          [
            103.923664808,
            1.334802597
          ],
          [
            103.923726504,
            1.33485356500005
          ],
          [
            103.923793029,
            1.33491166300008
          ],
          [
            103.923863595,
            1.33496471400001
          ],
          [
            103.923937823,
            1.33501243300003
          ],
          [
            103.924015317,
            1.33505456600004
          ],
          [
            103.924095663,
            1.33509088700002
          ],
          [
            103.924178431,
            1.33512120200004
          ],
          [
            103.924320903,
            1.33516247000004
          ],
          [
            103.924465052,
            1.33519733700007
          ],
          [
            103.924610596,
            1.33522573400006
          ],
          [
            103.924757249,
            1.33524760600004
          ],
          [
            103.924904721,
            1.33526291100002
          ],
          [
            103.925052722,
            1.33527161600004
          ],
          [
            103.925226583,
            1.33526498100001
          ],
          [
            103.925252161,
            1.33526400400006
          ]
        ]
      },
      "properties": {
        "OBJECTID": 43,
        "pcn_loop": "Eastern Coastal Loop",
        "pcn": "Bedok Town Park",
        "descriptionHTML": "With long, flat and linear cycling and jogging tracks and a myriad of fitness equipment, Bedok Town Park is a popular place for nearby residents to gather for recreational activities. Built on an undulating terrain with high mounds, the park offers avid cyclists and runners a challenging workout. Those looking to relax can walk on the foot reflexology footpath and have a foot massage. Families can also picnic under the shade of the many trees found around the park, while enjoying the tranquillity of the park.",
        "address": "",
        "Shape__Length": 749.275579752469
      }
    },
    {
      "type": "Feature",
      "id": 44,
      "geometry": {
        "type": "LineString",
        "coordinates": [
          [
            103.933467711,
            1.33661149000005
          ],
          [
            103.933510278,
            1.33660829300003
          ],
          [
            103.933536763,
            1.33660759400004
          ],
          [
            103.933549429,
            1.33658541700003
          ],
          [
            103.933626563,
            1.33658421600005
          ],
          [
            103.933657153,
            1.33659358400006
          ],
          [
            103.933710757,
            1.33659236700004
          ],
          [
            103.933804033,
            1.33659110700005
          ],
          [
            103.933890517,
            1.33659101300003
          ],
          [
            103.933924299,
            1.33659292600004
          ],
          [
            103.93398912,
            1.33659672400004
          ],
          [
            103.934038374,
            1.33660138200001
          ],
          [
            103.934086813,
            1.33660693600008
          ],
          [
            103.934223767,
            1.33662263900002
          ],
          [
            103.934277332,
            1.33662853200003
          ],
          [
            103.934316952,
            1.33663266700005
          ],
          [
            103.934412693,
            1.33664205700007
          ],
          [
            103.934581343,
            1.33665859900003
          ],
          [
            103.935035596,
            1.33670315200004
          ],
          [
            103.935391265,
            1.33673803800002
          ],
          [
            103.935550592,
            1.33675013400004
          ],
          [
            103.935704044,
            1.33676315500002
          ],
          [
            103.936665468,
            1.33686329500005
          ],
          [
            103.93785716,
            1.33699991500003
          ]
        ]
      },
      "properties": {
        "OBJECTID": 44,
        "pcn_loop": "Eastern Coastal Loop",
        "pcn": "Bedok Park Connector",
        "descriptionHTML": "Starting at Bedok Reservoir Park near Jalan Lembah Bedok, Bedok Park Connector ends at the underpass behind Bedok Camp, in the direction of East Coast Park. Here, you can enjoy scenic views of Bedok Reservoir along the park connector, which also provides an alternative route linking you to East Coast Park from Bedok Reservoir Park or vice versa. Our Park Connector Network Pit Stop at East Coast Park Area G offers you two recreational options – cycling or roller blading.",
        "address": "",
        "Shape__Length": 492.6124562266922
      }
    },
    {
      "type": "Feature",
      "id": 45,
      "geometry": {
        "type": "LineString",
        "coordinates": [
          [
            103.933146332,
            1.33807259900004
          ],
          [
            103.93318501,
            1.33788388400007
          ],
          [
            103.933214493,
            1.33784898100004
          ],
          [
            103.933244513,
            1.33779180800003
          ],
          [
            103.933246412,
            1.33773972700003
          ],
          [
            103.933256092,
            1.33769524700005
          ],
          [
            103.933256714,
            1.33762233400005
          ],
          [
            103.933279649,
            1.33756832300002
          ],
          [
            103.933294339,
            1.33750913600004
          ],
          [
            103.933306206,
            1.33742886300005
          ],
          [
            103.933319844,
            1.33736343600003
          ],
          [
            103.933330009,
            1.33723393800005
          ],
          [
            103.933359022,
            1.33714744600007
          ],
          [
            103.933367876,
            1.33707897500005
          ],
          [
            103.93338576,
            1.33702486500003
          ],
          [
            103.933398202,
            1.33695349300006
          ],
          [
            103.933401672,
            1.33688176200007
          ],
          [
            103.933423584,
            1.33681589200005
          ],
          [
            103.933422578,
            1.33677549200006
          ],
          [
            103.933422071,
            1.33673204500006
          ],
          [
            103.933428223,
            1.33670706400004
          ],
          [
            103.933437776,
            1.33666693200007
          ],
          [
            103.933445993,
            1.33663871200002
          ],
          [
            103.933467711,
            1.33661149000005
          ]
        ]
      },
      "properties": {
        "OBJECTID": 45,
        "pcn_loop": "Eastern Coastal Loop",
        "pcn": "Bedok Park Connector",
        "descriptionHTML": "Starting at Bedok Reservoir Park near Jalan Lembah Bedok, Bedok Park Connector ends at the underpass behind Bedok Camp, in the direction of East Coast Park. Here, you can enjoy scenic views of Bedok Reservoir along the park connector, which also provides an alternative route linking you to East Coast Park from Bedok Reservoir Park or vice versa. Our Park Connector Network Pit Stop at East Coast Park Area G offers you two recreational options – cycling or roller blading.",
        "address": "",
        "Shape__Length": 168.91342011517443
      }
    },
    {
      "type": "Feature",
      "id": 46,
      "geometry": {
        "type": "LineString",
        "coordinates": [
          [
            103.936413089,
            1.34055035700003
          ],
          [
            103.93652627,
            1.34043933200006
          ],
          [
            103.936662881,
            1.34030532400004
          ],
          [
            103.936553194,
            1.34019252400002
          ],
          [
            103.936103842,
            1.33972897500007
          ],
          [
            103.935897061,
            1.33948984700004
          ]
        ]
      },
      "properties": {
        "OBJECTID": 46,
        "pcn_loop": "Eastern Coastal Loop",
        "pcn": "Bedok Park Connector",
        "descriptionHTML": "Starting at Bedok Reservoir Park near Jalan Lembah Bedok, Bedok Park Connector ends at the underpass behind Bedok Camp, in the direction of East Coast Park. Here, you can enjoy scenic views of Bedok Reservoir along the park connector, which also provides an alternative route linking you to East Coast Park from Bedok Reservoir Park or vice versa. Our Park Connector Network Pit Stop at East Coast Park Area G offers you two recreational options – cycling or roller blading.",
        "address": "",
        "Shape__Length": 163.54922776533044
      }
    },
    {
      "type": "Feature",
      "id": 47,
      "geometry": {
        "type": "LineString",
        "coordinates": [
          [
            103.93785716,
            1.33699991500003
          ],
          [
            103.93787507,
            1.33698183200005
          ],
          [
            103.937941149,
            1.33691348500002
          ],
          [
            103.938289556,
            1.33657435200007
          ],
          [
            103.938528108,
            1.33636436500007
          ],
          [
            103.938719583,
            1.33624827700003
          ],
          [
            103.938876528,
            1.33616849500004
          ],
          [
            103.939040501,
            1.33610679600003
          ],
          [
            103.939254236,
            1.33604572100006
          ],
          [
            103.939757942,
            1.33594738700002
          ],
          [
            103.940005241,
            1.33588114300004
          ]
        ]
      },
      "properties": {
        "OBJECTID": 47,
        "pcn_loop": "Eastern Coastal Loop",
        "pcn": "Bedok Park Connector",
        "descriptionHTML": "Starting at Bedok Reservoir Park near Jalan Lembah Bedok, Bedok Park Connector ends at the underpass behind Bedok Camp, in the direction of East Coast Park. Here, you can enjoy scenic views of Bedok Reservoir along the park connector, which also provides an alternative route linking you to East Coast Park from Bedok Reservoir Park or vice versa. Our Park Connector Network Pit Stop at East Coast Park Area G offers you two recreational options – cycling or roller blading.",
        "address": "",
        "Shape__Length": 277.3409028771821
      }
    },
    {
      "type": "Feature",
      "id": 48,
      "geometry": {
        "type": "LineString",
        "coordinates": [
          [
            103.951828649,
            1.32978939300005
          ],
          [
            103.951808832,
            1.32980911400005
          ],
          [
            103.95176059,
            1.32990547600001
          ],
          [
            103.952094505,
            1.33018105500003
          ],
          [
            103.951986121,
            1.33034398200004
          ],
          [
            103.949714085,
            1.33375937100003
          ],
          [
            103.949534375,
            1.33396316100004
          ],
          [
            103.94912297,
            1.33454002100005
          ],
          [
            103.948792686,
            1.33460482000004
          ],
          [
            103.948744845,
            1.33461420600002
          ],
          [
            103.943925364,
            1.33555999400006
          ],
          [
            103.943819378,
            1.33557652700006
          ],
          [
            103.943806908,
            1.33557865600005
          ],
          [
            103.943777243,
            1.33558344900006
          ],
          [
            103.943806494,
            1.33573762700007
          ],
          [
            103.943736602,
            1.33575161500004
          ],
          [
            103.943666711,
            1.33576560400007
          ],
          [
            103.943636468,
            1.33560619200005
          ],
          [
            103.943599626,
            1.33561214400004
          ],
          [
            103.941441869,
            1.33604834800002
          ],
          [
            103.941383242,
            1.33605942100007
          ],
          [
            103.941126838,
            1.33611133700002
          ],
          [
            103.941126325,
            1.33611224300007
          ],
          [
            103.940750288,
            1.33658356100006
          ],
          [
            103.940348316,
            1.33623721700006
          ],
          [
            103.940146575,
            1.33628597500005
          ],
          [
            103.939327873,
            1.33645039400005
          ],
          [
            103.939093594,
            1.33652081200005
          ],
          [
            103.938924284,
            1.33660052700003
          ],
          [
            103.938778998,
            1.33669107600002
          ],
          [
            103.938678532,
            1.33676789600003
          ],
          [
            103.938613446,
            1.33683083400006
          ],
          [
            103.938230575,
            1.33720899400002
          ],
          [
            103.935897061,
            1.33948984700004
          ]
        ]
      },
      "properties": {
        "OBJECTID": 48,
        "pcn_loop": "Eastern Coastal Loop",
        "pcn": "Bedok Park Connector",
        "descriptionHTML": "Starting at Bedok Reservoir Park near Jalan Lembah Bedok, Bedok Park Connector ends at the underpass behind Bedok Camp, in the direction of East Coast Park. Here, you can enjoy scenic views of Bedok Reservoir along the park connector, which also provides an alternative route linking you to East Coast Park from Bedok Reservoir Park or vice versa. Our Park Connector Network Pit Stop at East Coast Park Area G offers you two recreational options – cycling or roller blading.",
        "address": "",
        "Shape__Length": 2350.5585003886067
      }
    },
    {
      "type": "Feature",
      "id": 49,
      "geometry": {
        "type": "LineString",
        "coordinates": [
          [
            103.951828649,
            1.32978939300005
          ],
          [
            103.951858846,
            1.32975934300003
          ],
          [
            103.952126406,
            1.32936140400005
          ],
          [
            103.952307354,
            1.32908673200007
          ],
          [
            103.952363534,
            1.32900683100007
          ],
          [
            103.95241805,
            1.32892369000006
          ],
          [
            103.952474818,
            1.32884157800003
          ],
          [
            103.952527919,
            1.32876320700007
          ],
          [
            103.952601455,
            1.32865385800005
          ],
          [
            103.952675196,
            1.32854637100006
          ],
          [
            103.952752108,
            1.32844456000003
          ],
          [
            103.952817011,
            1.32834182500004
          ],
          [
            103.952883693,
            1.32824113200006
          ],
          [
            103.952950821,
            1.32814201000001
          ],
          [
            103.95302607,
            1.32803908300001
          ],
          [
            103.953093712,
            1.32793015800006
          ],
          [
            103.953165485,
            1.32781902000005
          ],
          [
            103.95323599,
            1.32771143800005
          ],
          [
            103.953288743,
            1.32763080400001
          ],
          [
            103.95333963,
            1.32755549100006
          ],
          [
            103.953393902,
            1.32748260100004
          ],
          [
            103.953448441,
            1.32741030800001
          ],
          [
            103.953498923,
            1.32733522600005
          ],
          [
            103.953547648,
            1.32725911500006
          ],
          [
            103.953622462,
            1.32714858300006
          ],
          [
            103.95369551,
            1.32704274100007
          ],
          [
            103.95376554,
            1.32693676300005
          ],
          [
            103.953835772,
            1.32683091700005
          ],
          [
            103.954070359,
            1.32645652100005
          ],
          [
            103.954205352,
            1.32635622400004
          ],
          [
            103.954298013,
            1.32627932700007
          ],
          [
            103.954385298,
            1.32620164300005
          ],
          [
            103.954473167,
            1.32612637400006
          ],
          [
            103.954563424,
            1.32605203500003
          ],
          [
            103.954653687,
            1.32597807900004
          ],
          [
            103.954743924,
            1.32590817400005
          ],
          [
            103.954828899,
            1.32583493600003
          ],
          [
            103.954915944,
            1.32576214700003
          ],
          [
            103.955003999,
            1.32568486500003
          ],
          [
            103.955092176,
            1.32561054000007
          ],
          [
            103.955119958,
            1.32558729400005
          ],
          [
            103.955174757,
            1.32554148600001
          ],
          [
            103.955259362,
            1.32547570700007
          ],
          [
            103.955345038,
            1.32540675700006
          ],
          [
            103.95543499,
            1.32533352700005
          ],
          [
            103.955528518,
            1.32525784200004
          ],
          [
            103.955615557,
            1.32518003200005
          ],
          [
            103.955708369,
            1.32510577300008
          ],
          [
            103.955794763,
            1.32503381500002
          ],
          [
            103.955861047,
            1.32496323100002
          ],
          [
            103.955941697,
            1.32490541100002
          ],
          [
            103.956028098,
            1.32484143100004
          ],
          [
            103.956114447,
            1.32476772800004
          ],
          [
            103.956203519,
            1.32469854300007
          ],
          [
            103.956293082,
            1.32462284100006
          ],
          [
            103.956382544,
            1.32454599600004
          ],
          [
            103.956475837,
            1.32447200800004
          ],
          [
            103.956570557,
            1.32439330500005
          ],
          [
            103.956660549,
            1.32431328900003
          ],
          [
            103.95674292,
            1.32423023600005
          ],
          [
            103.956825553,
            1.32414569800005
          ],
          [
            103.95727907,
            1.32378318000002
          ],
          [
            103.957344921,
            1.32371020000005
          ],
          [
            103.95743045,
            1.32364600300001
          ],
          [
            103.957693499,
            1.32342494600005
          ],
          [
            103.95808399,
            1.32310478800002
          ],
          [
            103.958172071,
            1.32303740200008
          ],
          [
            103.958261347,
            1.32296744100006
          ],
          [
            103.958340931,
            1.32288560000007
          ],
          [
            103.958525263,
            1.32273537300007
          ],
          [
            103.958625262,
            1.32265705400005
          ],
          [
            103.958727422,
            1.32257708600002
          ],
          [
            103.958821231,
            1.32248862300003
          ],
          [
            103.959021045,
            1.32232793500002
          ],
          [
            103.959246506,
            1.32213297000005
          ],
          [
            103.959417339,
            1.32198617000005
          ],
          [
            103.959480686,
            1.32193173400003
          ],
          [
            103.959441599,
            1.32190280900006
          ],
          [
            103.959384354,
            1.32188026200002
          ],
          [
            103.959271086,
            1.32181909200005
          ],
          [
            103.959166771,
            1.32176045400005
          ],
          [
            103.959059323,
            1.32170018200003
          ],
          [
            103.958952546,
            1.32164346300004
          ],
          [
            103.958846107,
            1.32158104700005
          ],
          [
            103.958736641,
            1.32152506300001
          ],
          [
            103.958619569,
            1.32145870700004
          ],
          [
            103.958566429,
            1.32142966600002
          ],
          [
            103.958514259,
            1.32140075300003
          ],
          [
            103.958416054,
            1.32133543500003
          ],
          [
            103.95830624,
            1.32127387400003
          ],
          [
            103.958198045,
            1.32121104000004
          ],
          [
            103.958088544,
            1.32114880000005
          ],
          [
            103.957977862,
            1.32109247100005
          ],
          [
            103.957866948,
            1.32103399000005
          ],
          [
            103.957751899,
            1.32095994500003
          ],
          [
            103.957670511,
            1.32091227300004
          ],
          [
            103.957553408,
            1.32084583600003
          ],
          [
            103.957449354,
            1.32077838200008
          ],
          [
            103.957352824,
            1.32072349100003
          ],
          [
            103.957249039,
            1.32066462400007
          ],
          [
            103.95714173,
            1.32060763200006
          ],
          [
            103.957053751,
            1.32055173200006
          ],
          [
            103.957033239,
            1.32038004800006
          ],
          [
            103.956793931,
            1.32022649500004
          ],
          [
            103.956727489,
            1.32018903300001
          ],
          [
            103.956685757,
            1.32017871700004
          ],
          [
            103.956635225,
            1.32014348400003
          ],
          [
            103.956609588,
            1.32013148700002
          ],
          [
            103.95657933,
            1.32011143800001
          ],
          [
            103.956549521,
            1.32009768100005
          ],
          [
            103.956525034,
            1.32008562100003
          ],
          [
            103.95647251,
            1.32006303100007
          ],
          [
            103.956447923,
            1.32003145500004
          ],
          [
            103.956442637,
            1.32000305900003
          ],
          [
            103.956376559,
            1.32002108900001
          ],
          [
            103.956240375,
            1.32004440500002
          ],
          [
            103.956226766,
            1.32001771200005
          ],
          [
            103.956163967,
            1.32000316400007
          ],
          [
            103.956117445,
            1.31996879200007
          ],
          [
            103.956084206,
            1.31995730000005
          ],
          [
            103.955931072,
            1.31988820300007
          ],
          [
            103.955766486,
            1.31981556700003
          ],
          [
            103.955660652,
            1.31976893500007
          ],
          [
            103.955574922,
            1.31972271700005
          ],
          [
            103.955507927,
            1.31969573800007
          ],
          [
            103.955480095,
            1.31968482100007
          ],
          [
            103.955453688,
            1.31967119000007
          ],
          [
            103.955408561,
            1.31966154800005
          ],
          [
            103.95535456,
            1.31963793200003
          ],
          [
            103.955279175,
            1.31959217000001
          ],
          [
            103.955179595,
            1.31954410200006
          ],
          [
            103.954988988,
            1.31947152500004
          ],
          [
            103.954931052,
            1.31944589100004
          ],
          [
            103.954741969,
            1.31936187200006
          ],
          [
            103.954675232,
            1.31933168000007
          ],
          [
            103.954603898,
            1.31929976500004
          ],
          [
            103.9545281,
            1.31927758600006
          ],
          [
            103.954446766,
            1.31922642600005
          ],
          [
            103.954359096,
            1.31918692700002
          ],
          [
            103.95426972,
            1.31914372500005
          ],
          [
            103.954223458,
            1.31912228700002
          ],
          [
            103.954176447,
            1.31910063200008
          ],
          [
            103.954117203,
            1.31907450900007
          ],
          [
            103.954082013,
            1.31905893600004
          ],
          [
            103.954051077,
            1.31904691000005
          ],
          [
            103.95398466,
            1.31902296000003
          ],
          [
            103.953918201,
            1.31900152900005
          ],
          [
            103.953880616,
            1.31899240500006
          ],
          [
            103.953835231,
            1.31897111000007
          ],
          [
            103.953809472,
            1.31895939300006
          ],
          [
            103.953778474,
            1.31894498900005
          ],
          [
            103.953682168,
            1.31889930400005
          ],
          [
            103.95364078,
            1.31887954400003
          ],
          [
            103.953617683,
            1.31886846300006
          ],
          [
            103.95358863,
            1.31885458700003
          ],
          [
            103.953552695,
            1.31883588200002
          ],
          [
            103.953527605,
            1.31882270300002
          ],
          [
            103.95349781,
            1.31880714400006
          ],
          [
            103.953454618,
            1.31878032800005
          ],
          [
            103.953403912,
            1.31874781900005
          ],
          [
            103.953365569,
            1.31872616900005
          ],
          [
            103.953319027,
            1.31869868200004
          ],
          [
            103.953284199,
            1.31866293000006
          ],
          [
            103.95327821,
            1.31859397700003
          ],
          [
            103.953272263,
            1.31855393100006
          ],
          [
            103.95326207,
            1.31849589400003
          ],
          [
            103.95325673,
            1.31846032400006
          ],
          [
            103.9532443,
            1.31838896300007
          ],
          [
            103.953228422,
            1.31829960300008
          ],
          [
            103.953207891,
            1.31819989400003
          ],
          [
            103.953197679,
            1.31817037800004
          ],
          [
            103.953192294,
            1.31813907600002
          ],
          [
            103.953185592,
            1.31810006900004
          ],
          [
            103.953167129,
            1.31800168800005
          ],
          [
            103.953149472,
            1.31788341700006
          ],
          [
            103.953132907,
            1.31778486600005
          ],
          [
            103.953125925,
            1.31774824100005
          ],
          [
            103.953099179,
            1.31765418500003
          ],
          [
            103.952408817,
            1.31387804300004
          ],
          [
            103.952399308,
            1.31384421000007
          ],
          [
            103.952375689,
            1.31381312400003
          ],
          [
            103.952190553,
            1.31364541900006
          ],
          [
            103.952101651,
            1.31357639400004
          ],
          [
            103.952016579,
            1.31350683600004
          ],
          [
            103.9519293,
            1.31343501200007
          ],
          [
            103.951841202,
            1.31336695600004
          ],
          [
            103.951764487,
            1.31330339100003
          ],
          [
            103.951674257,
            1.31323221200006
          ],
          [
            103.951563213,
            1.31313224300003
          ],
          [
            103.951535161,
            1.31310565400002
          ],
          [
            103.951555372,
            1.31302359000006
          ],
          [
            103.951572198,
            1.31297815700003
          ],
          [
            103.951591865,
            1.31292479400002
          ],
          [
            103.951630382,
            1.31282750100007
          ],
          [
            103.951672193,
            1.31272160300007
          ],
          [
            103.951694073,
            1.31266944900005
          ],
          [
            103.951719638,
            1.31260859800004
          ],
          [
            103.951725944,
            1.31258013500007
          ],
          [
            103.951854361,
            1.31262867000004
          ],
          [
            103.952099876,
            1.31272681900003
          ],
          [
            103.952314283,
            1.31281404000003
          ],
          [
            103.953522492,
            1.31330765500008
          ],
          [
            103.953960603,
            1.31348642200003
          ],
          [
            103.954024323,
            1.31351041700004
          ],
          [
            103.954091648,
            1.31353909200004
          ],
          [
            103.954137202,
            1.31355899700002
          ],
          [
            103.954188809,
            1.31358475900003
          ],
          [
            103.954271222,
            1.31361807200004
          ],
          [
            103.954369726,
            1.31365408500005
          ],
          [
            103.954425836,
            1.31367546000006
          ],
          [
            103.954579896,
            1.31373740300007
          ],
          [
            103.954689648,
            1.31378210900004
          ],
          [
            103.954807093,
            1.31382989600007
          ],
          [
            103.954982371,
            1.31390089700005
          ],
          [
            103.955042677,
            1.31392528900005
          ],
          [
            103.955086882,
            1.31394429700004
          ],
          [
            103.955128522,
            1.31395211900002
          ],
          [
            103.955199125,
            1.31396261900005
          ],
          [
            103.955232204,
            1.31396439600007
          ],
          [
            103.955258515,
            1.31397487200007
          ],
          [
            103.955376716,
            1.31402101700007
          ],
          [
            103.955562491,
            1.31409405300008
          ],
          [
            103.955720835,
            1.31415811100005
          ],
          [
            103.955896493,
            1.31422940200003
          ],
          [
            103.95602448,
            1.31428193800002
          ],
          [
            103.956433982,
            1.31445689200006
          ],
          [
            103.956467989,
            1.31446828800007
          ],
          [
            103.956527492,
            1.31449023200003
          ],
          [
            103.956586932,
            1.31451232000006
          ],
          [
            103.956709694,
            1.31456518000004
          ],
          [
            103.956800162,
            1.31460429800005
          ],
          [
            103.956898661,
            1.31464486800008
          ],
          [
            103.957230062,
            1.31477818400002
          ],
          [
            103.957995986,
            1.31507847700003
          ],
          [
            103.958146399,
            1.31514118900003
          ],
          [
            103.958840455,
            1.31543056400005
          ],
          [
            103.95918823,
            1.31464423400007
          ],
          [
            103.95923794,
            1.31454692200002
          ]
        ]
      },
      "properties": {
        "OBJECTID": 49,
        "pcn_loop": "Eastern Coastal Loop",
        "pcn": "Bedok Park Connector",
        "descriptionHTML": "Starting at Bedok Reservoir Park near Jalan Lembah Bedok, Bedok Park Connector ends at the underpass behind Bedok Camp, in the direction of East Coast Park. Here, you can enjoy scenic views of Bedok Reservoir along the park connector, which also provides an alternative route linking you to East Coast Park from Bedok Reservoir Park or vice versa. Our Park Connector Network Pit Stop at East Coast Park Area G offers you two recreational options – cycling or roller blading.",
        "address": "",
        "Shape__Length": 3728.250300265922
      }
    },
    {
      "type": "Feature",
      "id": 50,
      "geometry": {
        "type": "LineString",
        "coordinates": [
          [
            103.935897061,
            1.33948984700004
          ],
          [
            103.935838797,
            1.33954679600003
          ],
          [
            103.93557065,
            1.33925610700003
          ],
          [
            103.937795658,
            1.33706201800005
          ],
          [
            103.93785716,
            1.33699991500003
          ]
        ]
      },
      "properties": {
        "OBJECTID": 50,
        "pcn_loop": "Eastern Coastal Loop",
        "pcn": "Bedok Park Connector",
        "descriptionHTML": "Starting at Bedok Reservoir Park near Jalan Lembah Bedok, Bedok Park Connector ends at the underpass behind Bedok Camp, in the direction of East Coast Park. Here, you can enjoy scenic views of Bedok Reservoir along the park connector, which also provides an alternative route linking you to East Coast Park from Bedok Reservoir Park or vice versa. Our Park Connector Network Pit Stop at East Coast Park Area G offers you two recreational options – cycling or roller blading.",
        "address": "",
        "Shape__Length": 410.7361674750868
      }
    },
    {
      "type": "Feature",
      "id": 51,
      "geometry": {
        "type": "LineString",
        "coordinates": [
          [
            103.884912812,
            1.30524032400007
          ],
          [
            103.884995061,
            1.30521591200004
          ],
          [
            103.885126871,
            1.30519623300005
          ],
          [
            103.885351396,
            1.30519285600008
          ],
          [
            103.885367,
            1.30519235600001
          ],
          [
            103.885382522,
            1.30519404600004
          ],
          [
            103.885397659,
            1.30519789500004
          ],
          [
            103.885412115,
            1.30520382600002
          ]
        ]
      },
      "properties": {
        "OBJECTID": 51,
        "pcn_loop": "Eastern Coastal Loop",
        "pcn": "Geylang Park Connector",
        "descriptionHTML": "Situated between Guillemard Road and Tanjong Rhu, the Geylang Park Connector runs along Geylang River before heading to Marina Reservoir and connecting seamlessly to Gardens by the Bay via Tanjong Rhu Promenade. Savour the calm and soothing breeze under the shade of the trees or enjoy birdwatching under the mature canopy en route to one of the most coveted views of the Singapore city skyline.",
        "address": "Geylang Park Connector starts at Guillemard Road (near Grandlink Square) and crosses over Mountbatten Road before ending at Tanjong Rhu Bridge flyover",
        "Shape__Length": 56.337675457062204
      }
    },
    {
      "type": "Feature",
      "id": 52,
      "geometry": {
        "type": "LineString",
        "coordinates": [
          [
            103.885412115,
            1.30520382600002
          ],
          [
            103.885426787,
            1.30521254000006
          ],
          [
            103.885439974,
            1.30522339500004
          ],
          [
            103.885451372,
            1.30523613900004
          ],
          [
            103.885509404,
            1.30537817300006
          ],
          [
            103.885509678,
            1.30537884400007
          ]
        ]
      },
      "properties": {
        "OBJECTID": 52,
        "pcn_loop": "Eastern Coastal Loop",
        "pcn": "Geylang Park Connector",
        "descriptionHTML": "Situated between Guillemard Road and Tanjong Rhu, the Geylang Park Connector runs along Geylang River before heading to Marina Reservoir and connecting seamlessly to Gardens by the Bay via Tanjong Rhu Promenade. Savour the calm and soothing breeze under the shade of the trees or enjoy birdwatching under the mature canopy en route to one of the most coveted views of the Singapore city skyline.",
        "address": "Geylang Park Connector starts at Guillemard Road (near Grandlink Square) and crosses over Mountbatten Road before ending at Tanjong Rhu Bridge flyover",
        "Shape__Length": 22.869321990786734
      }
    },
    {
      "type": "Feature",
      "id": 53,
      "geometry": {
        "type": "LineString",
        "coordinates": [
          [
            103.876923204,
            1.29806883800006
          ],
          [
            103.877186478,
            1.29815516900005
          ],
          [
            103.877626688,
            1.29831496900004
          ],
          [
            103.878002747,
            1.29845374200005
          ],
          [
            103.878293252,
            1.29863473700004
          ],
          [
            103.878562207,
            1.29885190300006
          ],
          [
            103.878788621,
            1.29902477400003
          ],
          [
            103.879184802,
            1.29934454800001
          ],
          [
            103.880042162,
            1.30016014900002
          ],
          [
            103.881741631,
            1.30201060700005
          ],
          [
            103.882052465,
            1.30238600900003
          ],
          [
            103.882113144,
            1.30246064900006
          ],
          [
            103.883923809,
            1.30427678000006
          ],
          [
            103.883673418,
            1.30455040500004
          ],
          [
            103.88356761,
            1.30452378400003
          ],
          [
            103.883275997,
            1.30427175800003
          ],
          [
            103.883268995,
            1.30427996500004
          ],
          [
            103.883519491,
            1.30457974600005
          ],
          [
            103.883868575,
            1.30495662600003
          ],
          [
            103.883869236,
            1.30495734100002
          ],
          [
            103.883925318,
            1.30489035500006
          ],
          [
            103.883824561,
            1.30480490300004
          ],
          [
            103.884054333,
            1.30453045700005
          ],
          [
            103.884066751,
            1.30451562500001
          ],
          [
            103.88408489,
            1.30455516700004
          ],
          [
            103.884157957,
            1.30471445300001
          ],
          [
            103.884254376,
            1.30482082100001
          ],
          [
            103.884564574,
            1.30507872000005
          ],
          [
            103.884696858,
            1.30514528800006
          ],
          [
            103.884859889,
            1.30522048900002
          ],
          [
            103.884912813,
            1.30524032000005
          ]
        ]
      },
      "properties": {
        "OBJECTID": 53,
        "pcn_loop": "Eastern Coastal Loop",
        "pcn": "Geylang Park Connector",
        "descriptionHTML": "Situated between Guillemard Road and Tanjong Rhu, the Geylang Park Connector runs along Geylang River before heading to Marina Reservoir and connecting seamlessly to Gardens by the Bay via Tanjong Rhu Promenade. Savour the calm and soothing breeze under the shade of the trees or enjoy birdwatching under the mature canopy en route to one of the most coveted views of the Singapore city skyline.",
        "address": "Geylang Park Connector starts at Guillemard Road (near Grandlink Square) and crosses over Mountbatten Road before ending at Tanjong Rhu Bridge flyover",
        "Shape__Length": 1447.3531611169565
      }
    },
    {
      "type": "Feature",
      "id": 54,
      "geometry": {
        "type": "LineString",
        "coordinates": [
          [
            103.885509678,
            1.30537884400007
          ],
          [
            103.889082196,
            1.30595663600008
          ],
          [
            103.889451228,
            1.30602211500008
          ],
          [
            103.889668264,
            1.30606950400004
          ],
          [
            103.889857467,
            1.30617054400005
          ],
          [
            103.889995496,
            1.30627473000004
          ],
          [
            103.890099311,
            1.30637921200001
          ],
          [
            103.890203688,
            1.30651538500007
          ],
          [
            103.890277711,
            1.30667614300005
          ],
          [
            103.890323839,
            1.30686570400007
          ],
          [
            103.890339276,
            1.30705984800004
          ],
          [
            103.890312437,
            1.30724896100002
          ],
          [
            103.889991775,
            1.30852265600003
          ],
          [
            103.889684241,
            1.30845328600003
          ],
          [
            103.889851898,
            1.30778396000006
          ],
          [
            103.889832387,
            1.30778877200002
          ],
          [
            103.889228552,
            1.31029825900004
          ],
          [
            103.888847415,
            1.31168559600007
          ],
          [
            103.888836725,
            1.31190178800006
          ],
          [
            103.888694636,
            1.31256787000007
          ],
          [
            103.888690295,
            1.31264240700006
          ],
          [
            103.888692567,
            1.31271703600004
          ],
          [
            103.888701435,
            1.31279116600006
          ],
          [
            103.888716829,
            1.31286420500004
          ],
          [
            103.888738627,
            1.31293557400006
          ],
          [
            103.888766653,
            1.31300470500001
          ],
          [
            103.888800687,
            1.31307104800003
          ],
          [
            103.888840458,
            1.31313407700002
          ],
          [
            103.888885649,
            1.31319328900001
          ],
          [
            103.888935901,
            1.31324821400006
          ],
          [
            103.888990814,
            1.31329841500003
          ],
          [
            103.889049952,
            1.31334349500002
          ],
          [
            103.889112845,
            1.31338309200003
          ],
          [
            103.889327114,
            1.31345867300007
          ],
          [
            103.891976689,
            1.31398221200004
          ]
        ]
      },
      "properties": {
        "OBJECTID": 54,
        "pcn_loop": "Eastern Coastal Loop",
        "pcn": "Geylang Park Connector",
        "descriptionHTML": "Situated between Guillemard Road and Tanjong Rhu, the Geylang Park Connector runs along Geylang River before heading to Marina Reservoir and connecting seamlessly to Gardens by the Bay via Tanjong Rhu Promenade. Savour the calm and soothing breeze under the shade of the trees or enjoy birdwatching under the mature canopy en route to one of the most coveted views of the Singapore city skyline.",
        "address": "Geylang Park Connector starts at Guillemard Road (near Grandlink Square) and crosses over Mountbatten Road before ending at Tanjong Rhu Bridge flyover",
        "Shape__Length": 1874.1056796326511
      }
    },
    {
      "type": "Feature",
      "id": 55,
      "geometry": {
        "type": "LineString",
        "coordinates": [
          [
            103.884912813,
            1.30524032000005
          ],
          [
            103.884988575,
            1.30526870800002
          ],
          [
            103.885374847,
            1.30535703700001
          ],
          [
            103.885509678,
            1.30537884400007
          ]
        ]
      },
      "properties": {
        "OBJECTID": 55,
        "pcn_loop": "Eastern Coastal Loop",
        "pcn": "Geylang Park Connector",
        "descriptionHTML": "Situated between Guillemard Road and Tanjong Rhu, the Geylang Park Connector runs along Geylang River before heading to Marina Reservoir and connecting seamlessly to Gardens by the Bay via Tanjong Rhu Promenade. Savour the calm and soothing breeze under the shade of the trees or enjoy birdwatching under the mature canopy en route to one of the most coveted views of the Singapore city skyline.",
        "address": "Geylang Park Connector starts at Guillemard Road (near Grandlink Square) and crosses over Mountbatten Road before ending at Tanjong Rhu Bridge flyover",
        "Shape__Length": 68.32122517247022
      }
    },
    {
      "type": "Feature",
      "id": 56,
      "geometry": {
        "type": "LineString",
        "coordinates": [
          [
            103.885412115,
            1.30520382600002
          ],
          [
            103.885467009,
            1.30512146300003
          ],
          [
            103.885487096,
            1.30508366800006
          ],
          [
            103.885501425,
            1.30504330500004
          ],
          [
            103.885509682,
            1.30500125600002
          ],
          [
            103.885511686,
            1.30495844200004
          ],
          [
            103.885577743,
            1.30402714000007
          ]
        ]
      },
      "properties": {
        "OBJECTID": 56,
        "pcn_loop": "Eastern Coastal Loop",
        "pcn": "Geylang Park Connector",
        "descriptionHTML": "Situated between Guillemard Road and Tanjong Rhu, the Geylang Park Connector runs along Geylang River before heading to Marina Reservoir and connecting seamlessly to Gardens by the Bay via Tanjong Rhu Promenade. Savour the calm and soothing breeze under the shade of the trees or enjoy birdwatching under the mature canopy en route to one of the most coveted views of the Singapore city skyline.",
        "address": "Geylang Park Connector starts at Guillemard Road (near Grandlink Square) and crosses over Mountbatten Road before ending at Tanjong Rhu Bridge flyover",
        "Shape__Length": 134.05824814503686
      }
    },
    {
      "type": "Feature",
      "id": 66,
      "geometry": {
        "type": "LineString",
        "coordinates": [
          [
            103.95923794,
            1.31454692200002
          ],
          [
            103.959091461,
            1.31451647900002
          ],
          [
            103.958881226,
            1.31447176000007
          ],
          [
            103.958536103,
            1.31439821600004
          ],
          [
            103.958457417,
            1.31438107400003
          ],
          [
            103.958355583,
            1.31435725800003
          ],
          [
            103.958177951,
            1.31431449900001
          ],
          [
            103.958082277,
            1.31429037700001
          ],
          [
            103.958016579,
            1.31427274900005
          ],
          [
            103.957931328,
            1.31424914500008
          ],
          [
            103.957856909,
            1.31422716400004
          ],
          [
            103.957810566,
            1.31421295900003
          ],
          [
            103.957754424,
            1.31419345300003
          ],
          [
            103.957684811,
            1.31416915500005
          ],
          [
            103.957617523,
            1.31414345600007
          ],
          [
            103.957495349,
            1.31409706100004
          ],
          [
            103.957400042,
            1.31405974000007
          ],
          [
            103.957359854,
            1.31404386600002
          ],
          [
            103.957300823,
            1.31401603700005
          ],
          [
            103.957199774,
            1.31396869800005
          ],
          [
            103.957126882,
            1.31393189500005
          ],
          [
            103.956987649,
            1.31386085900005
          ],
          [
            103.956869289,
            1.31380002000002
          ],
          [
            103.956808424,
            1.31376595200002
          ],
          [
            103.956763019,
            1.31373837100007
          ],
          [
            103.956709208,
            1.31370134900005
          ],
          [
            103.956661682,
            1.31366743800004
          ],
          [
            103.956631445,
            1.31364276800002
          ],
          [
            103.956584453,
            1.31360490000003
          ],
          [
            103.956562559,
            1.31358870400005
          ],
          [
            103.956545805,
            1.31357706100004
          ],
          [
            103.956524482,
            1.31356451000004
          ],
          [
            103.956513196,
            1.31355790900005
          ],
          [
            103.956494686,
            1.31354948500007
          ],
          [
            103.956468987,
            1.31353894600005
          ],
          [
            103.956437137,
            1.31352944800005
          ],
          [
            103.956418047,
            1.31352413500002
          ],
          [
            103.956397609,
            1.31351962400004
          ],
          [
            103.956366686,
            1.31351419000002
          ],
          [
            103.956346473,
            1.31351093500006
          ],
          [
            103.956264592,
            1.31349725600007
          ],
          [
            103.956154287,
            1.31347836400004
          ],
          [
            103.955505811,
            1.31329144600005
          ],
          [
            103.955422513,
            1.31326743600004
          ],
          [
            103.955362135,
            1.31324764300005
          ],
          [
            103.955029227,
            1.31310943600005
          ],
          [
            103.954788886,
            1.31300966300006
          ],
          [
            103.954660104,
            1.31295620400004
          ],
          [
            103.954504595,
            1.31289711600004
          ],
          [
            103.954187157,
            1.31276683900006
          ],
          [
            103.95318962,
            1.31235721000007
          ],
          [
            103.953145834,
            1.31234766300001
          ],
          [
            103.953101665,
            1.31233803200006
          ],
          [
            103.953014326,
            1.31231234700004
          ],
          [
            103.952259756,
            1.31201818100005
          ],
          [
            103.952194454,
            1.31199389700004
          ],
          [
            103.952134206,
            1.31197401200006
          ],
          [
            103.952053255,
            1.31195160400007
          ],
          [
            103.951963561,
            1.31191535200002
          ],
          [
            103.951832054,
            1.31185230800002
          ],
          [
            103.951782828,
            1.31182061600002
          ],
          [
            103.951730248,
            1.31178317700004
          ],
          [
            103.951677149,
            1.31174275900002
          ],
          [
            103.951610529,
            1.31168977200003
          ],
          [
            103.951567041,
            1.31165974400005
          ],
          [
            103.951522954,
            1.31163553900007
          ],
          [
            103.951476482,
            1.31161600800002
          ],
          [
            103.951368879,
            1.31156969200003
          ],
          [
            103.95128403,
            1.31153146900003
          ],
          [
            103.951225347,
            1.31150501000006
          ],
          [
            103.951171402,
            1.31147858400004
          ],
          [
            103.951052047,
            1.31141675800007
          ],
          [
            103.950995899,
            1.31139093100005
          ],
          [
            103.950964671,
            1.31137866600006
          ],
          [
            103.950923265,
            1.31136726600004
          ],
          [
            103.950855225,
            1.31135248400005
          ],
          [
            103.950807687,
            1.31134012200004
          ],
          [
            103.950688484,
            1.31130189100003
          ],
          [
            103.950579493,
            1.31126244500005
          ],
          [
            103.950237037,
            1.31113076700006
          ],
          [
            103.950179469,
            1.31110677900004
          ],
          [
            103.950119846,
            1.31108116400002
          ],
          [
            103.950068926,
            1.31105784100004
          ],
          [
            103.949989264,
            1.31102135300006
          ],
          [
            103.949906266,
            1.31098549300003
          ],
          [
            103.949790235,
            1.31093979100005
          ],
          [
            103.949732171,
            1.31091694100007
          ],
          [
            103.949700853,
            1.31090467300003
          ],
          [
            103.949661872,
            1.31088940200004
          ],
          [
            103.949614011,
            1.31087255700004
          ],
          [
            103.949565878,
            1.31086018800005
          ],
          [
            103.949525885,
            1.31085110800006
          ],
          [
            103.94948025,
            1.31084729900004
          ],
          [
            103.949417238,
            1.31084198700007
          ],
          [
            103.949346561,
            1.31083570900005
          ],
          [
            103.949268696,
            1.31082847000004
          ],
          [
            103.949225667,
            1.31082466000004
          ],
          [
            103.949189734,
            1.31082454100004
          ],
          [
            103.949149282,
            1.31082934700002
          ],
          [
            103.949098432,
            1.31084108300005
          ],
          [
            103.949042759,
            1.31085559900004
          ],
          [
            103.948973677,
            1.31087451400003
          ],
          [
            103.94893136,
            1.31088576500002
          ],
          [
            103.948878536,
            1.31089939600002
          ],
          [
            103.948818934,
            1.31091316100004
          ],
          [
            103.948771622,
            1.31092294100005
          ],
          [
            103.94871714,
            1.31093011700006
          ],
          [
            103.948659012,
            1.31093493800006
          ],
          [
            103.948588437,
            1.31093749000008
          ],
          [
            103.94851098,
            1.31093647100004
          ],
          [
            103.948437606,
            1.31093120100006
          ],
          [
            103.948376116,
            1.31091566200008
          ],
          [
            103.948328844,
            1.31089837400002
          ],
          [
            103.94826739,
            1.31087491000004
          ],
          [
            103.948209199,
            1.31084929
          ],
          [
            103.948142138,
            1.31081550800006
          ],
          [
            103.948067288,
            1.31077544800008
          ],
          [
            103.948020475,
            1.31074983100007
          ],
          [
            103.947967187,
            1.31072435400006
          ],
          [
            103.947943946,
            1.31071303900005
          ],
          [
            103.947896995,
            1.31069018000006
          ],
          [
            103.947842727,
            1.31066668400006
          ],
          [
            103.947800664,
            1.31065199300002
          ],
          [
            103.947747321,
            1.31063878600002
          ],
          [
            103.947686433,
            1.31062569700003
          ],
          [
            103.947619497,
            1.31061769300005
          ],
          [
            103.947583556,
            1.31061391500003
          ],
          [
            103.94753017,
            1.31061322500006
          ],
          [
            103.947456575,
            1.31061443800006
          ],
          [
            103.947360048,
            1.31062226700003
          ],
          [
            103.947258784,
            1.31063970100007
          ],
          [
            103.947233332,
            1.31064279600002
          ],
          [
            103.947032753,
            1.31066718400007
          ],
          [
            103.946873115,
            1.31068093000004
          ],
          [
            103.946741503,
            1.31069144100007
          ],
          [
            103.946622997,
            1.31070090700007
          ],
          [
            103.946494351,
            1.31071118100004
          ],
          [
            103.946458126,
            1.31071177800003
          ],
          [
            103.946303052,
            1.31070324100004
          ],
          [
            103.946206879,
            1.31068786400005
          ],
          [
            103.946157834,
            1.31067505800005
          ],
          [
            103.946051492,
            1.31064439900006
          ],
          [
            103.945961779,
            1.31061738400006
          ],
          [
            103.945950258,
            1.31061198700007
          ],
          [
            103.945894592,
            1.31057542900005
          ],
          [
            103.945866409,
            1.31056479400007
          ],
          [
            103.945817207,
            1.31054622900007
          ],
          [
            103.945612929,
            1.31046907400002
          ],
          [
            103.945179133,
            1.31029873800003
          ],
          [
            103.944431734,
            1.31001362800003
          ],
          [
            103.943765288,
            1.30975926400003
          ],
          [
            103.943002727,
            1.30946811100005
          ],
          [
            103.941898529,
            1.30904682600004
          ],
          [
            103.941377959,
            1.30884757300002
          ],
          [
            103.941005595,
            1.30870340800003
          ],
          [
            103.940894693,
            1.30866047100004
          ],
          [
            103.940718028,
            1.30859375300003
          ],
          [
            103.940600611,
            1.30854942400003
          ],
          [
            103.940541057,
            1.30852693100006
          ],
          [
            103.940292988,
            1.30843326400001
          ],
          [
            103.939821931,
            1.30825375200004
          ],
          [
            103.939759932,
            1.30823013200006
          ],
          [
            103.939435361,
            1.30810642200001
          ],
          [
            103.939098772,
            1.30797777600002
          ],
          [
            103.938933636,
            1.30791704800003
          ],
          [
            103.938739644,
            1.30784570800006
          ],
          [
            103.938589548,
            1.30778815600006
          ],
          [
            103.9385014,
            1.30775429100004
          ],
          [
            103.938448001,
            1.30773377000002
          ],
          [
            103.938205476,
            1.30765813400005
          ],
          [
            103.9376565,
            1.30745730200004
          ],
          [
            103.93717103,
            1.30726847800002
          ],
          [
            103.936800458,
            1.30711592700003
          ],
          [
            103.936664336,
            1.30705785800006
          ],
          [
            103.936571973,
            1.30701845600003
          ],
          [
            103.936330509,
            1.30691544900003
          ],
          [
            103.936291168,
            1.30689900300007
          ],
          [
            103.935916584,
            1.30674229700003
          ],
          [
            103.935872985,
            1.30672405800004
          ],
          [
            103.935861192,
            1.30671929100003
          ],
          [
            103.935792827,
            1.30669379100004
          ],
          [
            103.935748156,
            1.30668808100005
          ],
          [
            103.935715958,
            1.30669238100006
          ],
          [
            103.935682217,
            1.30670430700007
          ],
          [
            103.935613142,
            1.30676393400005
          ],
          [
            103.935541004,
            1.30683277900004
          ],
          [
            103.935368358,
            1.30703884800005
          ],
          [
            103.935148142,
            1.30730219600002
          ],
          [
            103.935107253,
            1.30734607400005
          ],
          [
            103.93507615,
            1.30736547000003
          ],
          [
            103.935016449,
            1.30737242200006
          ],
          [
            103.934893645,
            1.30737514300005
          ],
          [
            103.934681312,
            1.30738132400005
          ],
          [
            103.934655728,
            1.30737566300007
          ],
          [
            103.934533739,
            1.30734867800004
          ],
          [
            103.934418473,
            1.30733443600008
          ],
          [
            103.934303206,
            1.30733444100004
          ],
          [
            103.934217146,
            1.30733164300006
          ],
          [
            103.934122786,
            1.30735073000005
          ],
          [
            103.934034453,
            1.30737385500003
          ],
          [
            103.933964383,
            1.30739601400007
          ],
          [
            103.933845237,
            1.30744030200004
          ],
          [
            103.933753179,
            1.30747464200005
          ],
          [
            103.93364017,
            1.30751567500004
          ],
          [
            103.933508671,
            1.30756148000006
          ],
          [
            103.933412436,
            1.30759134700003
          ],
          [
            103.933293865,
            1.30762309100002
          ],
          [
            103.933177208,
            1.30764897000005
          ],
          [
            103.933076379,
            1.30766718600004
          ],
          [
            103.933001389,
            1.30767854100004
          ],
          [
            103.932907184,
            1.30768122700004
          ],
          [
            103.932838191,
            1.30767513800003
          ],
          [
            103.932763596,
            1.30766059500007
          ],
          [
            103.932731661,
            1.30764690900002
          ],
          [
            103.932694167,
            1.30763463300003
          ],
          [
            103.932651739,
            1.30761094600007
          ],
          [
            103.932583722,
            1.30759359200003
          ],
          [
            103.932538997,
            1.30758235400004
          ],
          [
            103.93248664,
            1.30757282200004
          ],
          [
            103.932432577,
            1.30756759800003
          ],
          [
            103.932381289,
            1.30756419200003
          ],
          [
            103.932319425,
            1.30755592100006
          ],
          [
            103.932270643,
            1.30754308000006
          ],
          [
            103.932223122,
            1.30752427600002
          ],
          [
            103.932155521,
            1.30748719500002
          ],
          [
            103.932114353,
            1.30745630300003
          ],
          [
            103.932065956,
            1.30740603500004
          ],
          [
            103.932018995,
            1.30737149200007
          ],
          [
            103.931970606,
            1.30734551700005
          ],
          [
            103.931906344,
            1.30732233800007
          ],
          [
            103.931845436,
            1.30731021600008
          ],
          [
            103.9317843,
            1.30728691500001
          ],
          [
            103.931723368,
            1.30725706500004
          ],
          [
            103.931711813,
            1.30725174200005
          ],
          [
            103.931675752,
            1.30723512800005
          ],
          [
            103.93163501,
            1.30720166500002
          ],
          [
            103.931579328,
            1.30715767600004
          ],
          [
            103.931529234,
            1.30711259200007
          ],
          [
            103.931481272,
            1.30706409800007
          ],
          [
            103.931455913,
            1.30702554300006
          ],
          [
            103.931417822,
            1.30698224800004
          ],
          [
            103.931377738,
            1.30694669800006
          ],
          [
            103.931323974,
            1.30690924300005
          ],
          [
            103.931300457,
            1.30689059800004
          ],
          [
            103.931244968,
            1.30684660900005
          ],
          [
            103.931184123,
            1.30679492400003
          ],
          [
            103.931111338,
            1.30672836200006
          ],
          [
            103.931062188,
            1.30668026600005
          ],
          [
            103.931004736,
            1.30662070500006
          ],
          [
            103.93095616,
            1.30656708900006
          ],
          [
            103.930916713,
            1.30652113600005
          ],
          [
            103.930882883,
            1.30647979700006
          ],
          [
            103.930854574,
            1.30643146900007
          ],
          [
            103.930842886,
            1.30641502200007
          ],
          [
            103.930830828,
            1.30639805300008
          ],
          [
            103.930796162,
            1.30635405900006
          ],
          [
            103.930747395,
            1.30630550100005
          ],
          [
            103.930708042,
            1.30627344100003
          ],
          [
            103.930662511,
            1.30624320100004
          ],
          [
            103.930587333,
            1.30619925700006
          ],
          [
            103.930541366,
            1.30616704200002
          ],
          [
            103.930484705,
            1.30612009000002
          ],
          [
            103.930437644,
            1.30607427200005
          ],
          [
            103.930396412,
            1.30601923200004
          ],
          [
            103.930361686,
            1.30598751400003
          ],
          [
            103.930318069,
            1.30595109400001
          ],
          [
            103.930272835,
            1.30592088900004
          ],
          [
            103.930231375,
            1.30589872400003
          ],
          [
            103.930194189,
            1.30588309500006
          ],
          [
            103.930136198,
            1.30586897600005
          ],
          [
            103.930079125,
            1.30585384000005
          ],
          [
            103.930034427,
            1.30583249800002
          ],
          [
            103.929971798,
            1.30579747600006
          ],
          [
            103.929928269,
            1.30576861400005
          ],
          [
            103.929894374,
            1.30571878500006
          ],
          [
            103.929857645,
            1.30564991900007
          ],
          [
            103.929805533,
            1.30558439100003
          ],
          [
            103.929730243,
            1.30551474400005
          ],
          [
            103.92966743,
            1.30549319100003
          ],
          [
            103.929534929,
            1.30547056600004
          ],
          [
            103.929504701,
            1.30546811900006
          ],
          [
            103.929380905,
            1.30544598200004
          ],
          [
            103.929257113,
            1.30542322000002
          ],
          [
            103.929208069,
            1.30541548900002
          ],
          [
            103.929134288,
            1.30542345800007
          ],
          [
            103.929062613,
            1.30541935500001
          ],
          [
            103.929012546,
            1.30541796800001
          ],
          [
            103.928955755,
            1.30542228800005
          ],
          [
            103.928923553,
            1.30542483800002
          ],
          [
            103.928893783,
            1.30543070900005
          ],
          [
            103.928865135,
            1.30544018100005
          ],
          [
            103.928838522,
            1.30545006000005
          ],
          [
            103.928811898,
            1.30546456400004
          ],
          [
            103.928751209,
            1.30550328400005
          ],
          [
            103.928708378,
            1.30553953000003
          ],
          [
            103.9285679,
            1.30565844400008
          ],
          [
            103.928531928,
            1.30569101800006
          ],
          [
            103.928496067,
            1.30572349500005
          ],
          [
            103.928352996,
            1.30584816100002
          ],
          [
            103.928303852,
            1.30589052400006
          ],
          [
            103.928274338,
            1.30591330800007
          ],
          [
            103.928238356,
            1.30593795300007
          ],
          [
            103.928194622,
            1.30596116600002
          ],
          [
            103.928170114,
            1.30596998900005
          ],
          [
            103.928136344,
            1.30598069000006
          ],
          [
            103.928105084,
            1.30598750100006
          ],
          [
            103.928070438,
            1.30599638400002
          ],
          [
            103.928037388,
            1.30600159100002
          ],
          [
            103.9279692,
            1.30598724100001
          ],
          [
            103.927930215,
            1.30597623500004
          ],
          [
            103.927892205,
            1.30596301000002
          ],
          [
            103.92785039,
            1.30594223500002
          ],
          [
            103.92781794,
            1.30591997600004
          ],
          [
            103.927782892,
            1.30589305200006
          ],
          [
            103.927653564,
            1.30577648900004
          ],
          [
            103.927444635,
            1.30558819900006
          ],
          [
            103.926716526,
            1.30493449400007
          ],
          [
            103.926704498,
            1.30492401000003
          ],
          [
            103.926666062,
            1.30489050900006
          ],
          [
            103.926633328,
            1.30486197800001
          ],
          [
            103.926568816,
            1.30480340400004
          ],
          [
            103.926547035,
            1.30475822100006
          ],
          [
            103.926525256,
            1.30468284300002
          ],
          [
            103.92652644,
            1.30466342400006
          ],
          [
            103.926529583,
            1.30461191000006
          ],
          [
            103.926546067,
            1.30455331300004
          ],
          [
            103.926551151,
            1.30450725500004
          ],
          [
            103.926549937,
            1.30447709500003
          ],
          [
            103.926539637,
            1.30442596500006
          ],
          [
            103.926521849,
            1.30439017700007
          ],
          [
            103.926504927,
            1.30436723100007
          ],
          [
            103.926456446,
            1.30433308700002
          ],
          [
            103.926422871,
            1.30431372700002
          ],
          [
            103.925837832,
            1.30410984900004
          ],
          [
            103.92562802,
            1.30405630800005
          ],
          [
            103.925609379,
            1.30404676500007
          ],
          [
            103.925578826,
            1.30402709900005
          ],
          [
            103.925435869,
            1.30392725000009
          ],
          [
            103.925358669,
            1.30388232400002
          ],
          [
            103.925270674,
            1.30386848000007
          ],
          [
            103.925257997,
            1.30386757400005
          ],
          [
            103.925211128,
            1.30386422800007
          ],
          [
            103.925081086,
            1.30386032400003
          ],
          [
            103.924960563,
            1.30385855400004
          ],
          [
            103.924917644,
            1.30385867500007
          ],
          [
            103.9248729,
            1.30385880200003
          ],
          [
            103.924775442,
            1.30386009700004
          ],
          [
            103.924657881,
            1.30385748200006
          ],
          [
            103.924585371,
            1.30384788100002
          ],
          [
            103.924523744,
            1.30381833900002
          ],
          [
            103.924472591,
            1.30378541100003
          ],
          [
            103.924416371,
            1.30374920700006
          ],
          [
            103.924336719,
            1.30369917500003
          ],
          [
            103.924276095,
            1.30366222600004
          ],
          [
            103.924229402,
            1.30364259800007
          ],
          [
            103.924160351,
            1.30361504600006
          ],
          [
            103.9241199,
            1.30360402500002
          ],
          [
            103.924086488,
            1.30359671000002
          ],
          [
            103.924046443,
            1.30358794400007
          ],
          [
            103.923906784,
            1.30355736800005
          ],
          [
            103.92377916,
            1.30353031000005
          ],
          [
            103.923598393,
            1.30349226900005
          ],
          [
            103.923535876,
            1.30348025700004
          ],
          [
            103.92348293,
            1.30347287000008
          ],
          [
            103.923433478,
            1.30346845800006
          ],
          [
            103.923379971,
            1.30346609300005
          ],
          [
            103.923245534,
            1.30346308900005
          ],
          [
            103.923054486,
            1.30345914800005
          ],
          [
            103.922839736,
            1.30345641700007
          ],
          [
            103.922697925,
            1.30345462800005
          ],
          [
            103.922442484,
            1.30344801400003
          ],
          [
            103.922316195,
            1.30344267400005
          ],
          [
            103.922244086,
            1.30343385300004
          ],
          [
            103.922099974,
            1.30341490300003
          ],
          [
            103.922017503,
            1.30340337500007
          ],
          [
            103.921904217,
            1.30338426500004
          ],
          [
            103.921882534,
            1.30337987700005
          ],
          [
            103.921824577,
            1.30336752300002
          ],
          [
            103.921699644,
            1.30333815200003
          ],
          [
            103.921584968,
            1.30330760800005
          ],
          [
            103.921358343,
            1.30323277200006
          ],
          [
            103.921293281,
            1.30320910300004
          ],
          [
            103.921147091,
            1.30314557000002
          ],
          [
            103.921024997,
            1.30309185600004
          ],
          [
            103.920939632,
            1.30305108100002
          ],
          [
            103.920909824,
            1.30303684300002
          ],
          [
            103.920612389,
            1.30289389300003
          ],
          [
            103.920508661,
            1.30284817100005
          ],
          [
            103.920441212,
            1.30282607800006
          ],
          [
            103.920357768,
            1.30280525000005
          ],
          [
            103.920238251,
            1.30277839500007
          ],
          [
            103.92001466,
            1.30273091500003
          ],
          [
            103.91993362,
            1.30271454800003
          ],
          [
            103.919889518,
            1.30271882400006
          ],
          [
            103.919845336,
            1.30274468500005
          ],
          [
            103.919813312,
            1.30277201700005
          ],
          [
            103.919780725,
            1.30280950700007
          ],
          [
            103.919750661,
            1.30284675500007
          ],
          [
            103.919680343,
            1.30289552500006
          ],
          [
            103.919659719,
            1.30289961700003
          ],
          [
            103.919639711,
            1.30290358600007
          ],
          [
            103.919588446,
            1.30289569600005
          ],
          [
            103.919569431,
            1.30289277000002
          ],
          [
            103.919478234,
            1.30287321900004
          ],
          [
            103.919400108,
            1.30285394300005
          ],
          [
            103.919310646,
            1.30284085900006
          ],
          [
            103.919259133,
            1.30280740700005
          ],
          [
            103.919191757,
            1.30276149800005
          ],
          [
            103.91910275,
            1.30269111800004
          ],
          [
            103.919014617,
            1.30261945800002
          ],
          [
            103.918994626,
            1.30260431400004
          ],
          [
            103.918986359,
            1.30261844200005
          ],
          [
            103.918730982,
            1.30305483700005
          ],
          [
            103.918726174,
            1.30307335900004
          ],
          [
            103.918764612,
            1.30320387100005
          ],
          [
            103.918780022,
            1.30323130000004
          ],
          [
            103.918780803,
            1.30324406600004
          ],
          [
            103.918793004,
            1.30324764100003
          ],
          [
            103.919190075,
            1.30336232300005
          ],
          [
            103.91916553,
            1.30345173400002
          ],
          [
            103.918901333,
            1.30337692400001
          ],
          [
            103.918875024,
            1.30347015600006
          ],
          [
            103.918843268,
            1.30358269100003
          ],
          [
            103.918828637,
            1.30363453900003
          ]
        ]
      },
      "properties": {
        "OBJECTID": 66,
        "pcn_loop": "Eastern Coastal Loop",
        "pcn": "East Coast Park",
        "descriptionHTML": "East Coast Park is one of Singapore's most treasured urban getaways, offering a exciting diversity of recreational, sporting and dining activities. With the theme “Recreation for All”, the park has an activity for everyone.",
        "address": "",
        "Shape__Length": 5148.140183761764
      }
    },
    {
      "type": "Feature",
      "id": 67,
      "geometry": {
        "type": "LineString",
        "coordinates": [
          [
            103.975250691,
            1.31693134800003
          ],
          [
            103.974958449,
            1.31687288400003
          ],
          [
            103.97491506,
            1.31686417000002
          ],
          [
            103.974831946,
            1.31685234400003
          ],
          [
            103.974681206,
            1.31683412300002
          ],
          [
            103.974574607,
            1.31682277900006
          ],
          [
            103.974477865,
            1.31681538400005
          ],
          [
            103.974410934,
            1.31681025700005
          ],
          [
            103.974291977,
            1.31680669900003
          ],
          [
            103.974209012,
            1.31680983400001
          ],
          [
            103.974140782,
            1.31681293500001
          ],
          [
            103.974064162,
            1.31682020600004
          ],
          [
            103.973963931,
            1.31682967900002
          ],
          [
            103.973776129,
            1.31683267800004
          ],
          [
            103.973571019,
            1.31681735500007
          ],
          [
            103.973493705,
            1.31681158400005
          ],
          [
            103.97343614,
            1.31680500700003
          ],
          [
            103.973366511,
            1.31679066200006
          ],
          [
            103.973282869,
            1.31677344800005
          ],
          [
            103.972698747,
            1.31660168300005
          ],
          [
            103.972627423,
            1.31658305800006
          ],
          [
            103.972566195,
            1.31657417100006
          ],
          [
            103.972507304,
            1.31656562800003
          ],
          [
            103.972469564,
            1.31656554500005
          ],
          [
            103.972410824,
            1.31656544000003
          ],
          [
            103.972351125,
            1.31656818100003
          ],
          [
            103.972206642,
            1.31659940700006
          ],
          [
            103.971726066,
            1.31670370400003
          ],
          [
            103.971632469,
            1.31671763400006
          ],
          [
            103.971554202,
            1.31672046800002
          ],
          [
            103.971452265,
            1.31671683100006
          ],
          [
            103.971338574,
            1.31670500000007
          ],
          [
            103.971166501,
            1.31668710400003
          ],
          [
            103.970986576,
            1.31666868900005
          ],
          [
            103.970865715,
            1.31666060100004
          ],
          [
            103.97076267,
            1.31665511200004
          ],
          [
            103.970689354,
            1.31664802700004
          ],
          [
            103.970618594,
            1.31663594000002
          ],
          [
            103.970560896,
            1.31662371800008
          ],
          [
            103.970490419,
            1.31660880000003
          ],
          [
            103.970421617,
            1.31659431300005
          ],
          [
            103.970213076,
            1.31655895100003
          ],
          [
            103.970036317,
            1.31652952600005
          ],
          [
            103.969819086,
            1.31649062700007
          ],
          [
            103.969438099,
            1.31641324700007
          ],
          [
            103.969281554,
            1.31637868400004
          ],
          [
            103.969201699,
            1.31635829200007
          ],
          [
            103.969148336,
            1.31634072400006
          ],
          [
            103.969107449,
            1.31632590100002
          ],
          [
            103.969038309,
            1.31629396200001
          ],
          [
            103.968959153,
            1.31625740100004
          ],
          [
            103.968808097,
            1.31618897800007
          ],
          [
            103.968545578,
            1.31607221800004
          ],
          [
            103.968445551,
            1.31602819200002
          ],
          [
            103.968385992,
            1.31600686100006
          ],
          [
            103.968331841,
            1.31599265200003
          ],
          [
            103.968272945,
            1.31598011800003
          ],
          [
            103.968047161,
            1.31594038600001
          ],
          [
            103.967865062,
            1.31591142100007
          ],
          [
            103.967795284,
            1.31589856300007
          ],
          [
            103.967749356,
            1.31588651200002
          ],
          [
            103.967715055,
            1.31587709600006
          ],
          [
            103.96732743,
            1.31574867200004
          ],
          [
            103.96728049,
            1.31573682300007
          ],
          [
            103.967225954,
            1.31572409100004
          ],
          [
            103.967182108,
            1.31571763500005
          ],
          [
            103.967121416,
            1.31571407400004
          ],
          [
            103.967086327,
            1.31571395500002
          ],
          [
            103.966680879,
            1.31575544200006
          ],
          [
            103.966571859,
            1.31576691600004
          ],
          [
            103.966516645,
            1.31576980900006
          ],
          [
            103.966455782,
            1.31576431000003
          ],
          [
            103.966317815,
            1.31573071100008
          ],
          [
            103.966091454,
            1.31566139700004
          ],
          [
            103.965868689,
            1.31557265600002
          ],
          [
            103.96546382,
            1.31538614900006
          ],
          [
            103.965065824,
            1.31521584000006
          ],
          [
            103.964891509,
            1.31514887300004
          ],
          [
            103.964756155,
            1.31510729200006
          ],
          [
            103.964634987,
            1.31507550200007
          ],
          [
            103.964497967,
            1.31504983900004
          ],
          [
            103.964379466,
            1.31502700100003
          ],
          [
            103.964281112,
            1.31499757400007
          ],
          [
            103.964060218,
            1.31486665100005
          ],
          [
            103.964003708,
            1.31483712600004
          ],
          [
            103.96395653,
            1.31481720600003
          ],
          [
            103.963923586,
            1.31481191000005
          ],
          [
            103.963875798,
            1.31480790300003
          ],
          [
            103.963837237,
            1.314813354
          ],
          [
            103.963780545,
            1.31483519800003
          ],
          [
            103.96374157,
            1.31486010000002
          ],
          [
            103.963714188,
            1.31487758600002
          ],
          [
            103.963641904,
            1.31494397400006
          ],
          [
            103.963506061,
            1.31524810600007
          ],
          [
            103.963391227,
            1.31550520300004
          ],
          [
            103.963249682,
            1.31582209900006
          ],
          [
            103.96318404,
            1.31607288300005
          ],
          [
            103.963184747,
            1.31624531200003
          ],
          [
            103.963156788,
            1.31638355600006
          ],
          [
            103.963107465,
            1.31643813100003
          ],
          [
            103.963040862,
            1.31644851300006
          ],
          [
            103.96275074,
            1.31632980900002
          ],
          [
            103.962481957,
            1.31621929100005
          ],
          [
            103.96235267,
            1.31616278900002
          ],
          [
            103.962251866,
            1.31602156600007
          ],
          [
            103.962238279,
            1.31600202700002
          ],
          [
            103.962209136,
            1.31596634500006
          ],
          [
            103.962171574,
            1.31592035600005
          ],
          [
            103.962116053,
            1.31586637800008
          ],
          [
            103.961705923,
            1.31549986500005
          ],
          [
            103.961614767,
            1.31543434400003
          ],
          [
            103.961433989,
            1.31531445200004
          ],
          [
            103.960697572,
            1.31500232000006
          ],
          [
            103.960344507,
            1.31485965500002
          ],
          [
            103.960173085,
            1.31479262100004
          ],
          [
            103.960010628,
            1.31473478200008
          ],
          [
            103.959863812,
            1.31469232500007
          ],
          [
            103.959795862,
            1.31467396700003
          ],
          [
            103.959655962,
            1.31463999700003
          ],
          [
            103.95951089,
            1.31460547000005
          ],
          [
            103.959342073,
            1.31456968800005
          ],
          [
            103.95923794,
            1.31454692200002
          ]
        ]
      },
      "properties": {
        "OBJECTID": 67,
        "pcn_loop": "Eastern Coastal Loop",
        "pcn": "East Coast Park",
        "descriptionHTML": "East Coast Park is one of Singapore's most treasured urban getaways, offering a exciting diversity of recreational, sporting and dining activities. With the theme “Recreation for All”, the park has an activity for everyone.",
        "address": "",
        "Shape__Length": 2009.9292632310837
      }
    },
    {
      "type": "Feature",
      "id": 68,
      "geometry": {
        "type": "LineString",
        "coordinates": [
          [
            103.975250701,
            1.31693131100008
          ],
          [
            103.975329951,
            1.31688880100007
          ],
          [
            103.975414233,
            1.31686591600003
          ],
          [
            103.975504088,
            1.31686654400003
          ],
          [
            103.975593943,
            1.31686852800004
          ],
          [
            103.975683708,
            1.31687096500002
          ],
          [
            103.975773563,
            1.31687168300004
          ],
          [
            103.975863418,
            1.31687158800002
          ],
          [
            103.975953273,
            1.31687158200002
          ],
          [
            103.976043128,
            1.31687266300001
          ],
          [
            103.976130558,
            1.31689201100006
          ],
          [
            103.976218886,
            1.31690466700007
          ],
          [
            103.97630874,
            1.31690610900005
          ],
          [
            103.976398595,
            1.31690483700004
          ],
          [
            103.97648845,
            1.31690637000002
          ],
          [
            103.976578215,
            1.31690790200002
          ],
          [
            103.97666807,
            1.31690681100003
          ],
          [
            103.976757835,
            1.31690427400001
          ],
          [
            103.97684769,
            1.31690426900001
          ],
          [
            103.976937544,
            1.31690118900001
          ],
          [
            103.977027309,
            1.31689810900002
          ],
          [
            103.977117074,
            1.31690099700005
          ],
          [
            103.977206929,
            1.31690063000002
          ],
          [
            103.977296155,
            1.31691120600005
          ],
          [
            103.977382867,
            1.31693453400003
          ],
          [
            103.977468679,
            1.31696129800002
          ],
          [
            103.977553324,
            1.31699168000006
          ],
          [
            103.977636173,
            1.31702613100003
          ],
          [
            103.977714169,
            1.31707098300007
          ],
          [
            103.97778974,
            1.31711999500003
          ],
          [
            103.977864322,
            1.31717036300005
          ],
          [
            103.977936389,
            1.31722425900006
          ],
          [
            103.978001627,
            1.31728593300006
          ],
          [
            103.978059767,
            1.31735484200004
          ],
          [
            103.97811602,
            1.31742537900004
          ],
          [
            103.97816814,
            1.31749899100004
          ],
          [
            103.978219901,
            1.31757296400002
          ],
          [
            103.978269326,
            1.31764847600003
          ],
          [
            103.978318391,
            1.31772425800006
          ],
          [
            103.978367007,
            1.31780031200002
          ],
          [
            103.978413196,
            1.31787781300004
          ],
          [
            103.978457859,
            1.31795630900008
          ],
          [
            103.978504857,
            1.31803335800003
          ],
          [
            103.978562368,
            1.31809177700007
          ],
          [
            103.978649167,
            1.31807838700007
          ],
          [
            103.978707748,
            1.31800992300004
          ],
          [
            103.978776843,
            1.31795204000003
          ],
          [
            103.978840906,
            1.31788882200003
          ],
          [
            103.978906766,
            1.31782732100004
          ],
          [
            103.978975053,
            1.31776862400006
          ],
          [
            103.979041182,
            1.31770730400007
          ],
          [
            103.979104706,
            1.31764345300007
          ],
          [
            103.979169487,
            1.31758077700005
          ],
          [
            103.979233371,
            1.31751710600001
          ],
          [
            103.979296714,
            1.31745298300006
          ],
          [
            103.979366978,
            1.31739663700004
          ],
          [
            103.979431939,
            1.31733423200006
          ],
          [
            103.979496361,
            1.31727119400005
          ],
          [
            103.979560514,
            1.31720779500004
          ],
          [
            103.979624217,
            1.31714403300002
          ],
          [
            103.979691066,
            1.31708370900003
          ],
          [
            103.979762138,
            1.31702862900004
          ],
          [
            103.979837972,
            1.31698141700001
          ],
          [
            103.979926928,
            1.31696920200006
          ],
          [
            103.980016693,
            1.31696530800002
          ],
          [
            103.980106457,
            1.31696060000007
          ],
          [
            103.980196042,
            1.31695372200005
          ],
          [
            103.980285717,
            1.31694856200006
          ],
          [
            103.980374943,
            1.31695606300001
          ],
          [
            103.980463721,
            1.31696953200003
          ],
          [
            103.980552947,
            1.31697766600007
          ],
          [
            103.980642802,
            1.31697558100007
          ],
          [
            103.980732296,
            1.31696752700002
          ],
          [
            103.980820265,
            1.31698479500005
          ],
          [
            103.980904821,
            1.31701499600007
          ],
          [
            103.980989016,
            1.31704655300007
          ],
          [
            103.98107456,
            1.31707376900004
          ],
          [
            103.98116163,
            1.31709610100005
          ],
          [
            103.981248521,
            1.31711933800005
          ],
          [
            103.981335772,
            1.31714067600006
          ],
          [
            103.98142401,
            1.31715767300006
          ],
          [
            103.981512967,
            1.31717005700004
          ],
          [
            103.981602373,
            1.31717936700004
          ],
          [
            103.98169133,
            1.31719066600004
          ],
          [
            103.98177858,
            1.31721209400007
          ],
          [
            103.9818661,
            1.31723261800005
          ],
          [
            103.981953261,
            1.31725458900008
          ],
          [
            103.982040241,
            1.31727719200006
          ],
          [
            103.982127043,
            1.31730079100002
          ],
          [
            103.982213574,
            1.31732511300005
          ],
          [
            103.982300465,
            1.31734771700008
          ],
          [
            103.982388973,
            1.31736317600008
          ],
          [
            103.982478379,
            1.31736579400008
          ],
          [
            103.982565896,
            1.31734516900001
          ],
          [
            103.982648471,
            1.31731088900005
          ],
          [
            103.982727181,
            1.31726765500002
          ],
          [
            103.982799601,
            1.31721420300006
          ],
          [
            103.982866808,
            1.31715442100005
          ],
          [
            103.98292539,
            1.31708613800003
          ],
          [
            103.98297849,
            1.31701342400003
          ],
          [
            103.983029074,
            1.31694125300003
          ],
          [
            103.983105986,
            1.31689440200007
          ],
          [
            103.983189373,
            1.31691592100002
          ],
          [
            103.983270874,
            1.31695362800002
          ],
          [
            103.98335444,
            1.31698382900005
          ],
          [
            103.983443666,
            1.31699069600006
          ],
          [
            103.983532892,
            1.31698228100003
          ],
          [
            103.983621219,
            1.31697341200003
          ],
          [
            103.983705054,
            1.31699655900007
          ],
          [
            103.983766968,
            1.31706148800004
          ],
          [
            103.983801118,
            1.31714514000004
          ],
          [
            103.98383383,
            1.31722942400005
          ],
          [
            103.983867711,
            1.31731316600001
          ],
          [
            103.983903208,
            1.31739627500002
          ],
          [
            103.983939784,
            1.31747884100003
          ],
          [
            103.983973395,
            1.31756276300007
          ],
          [
            103.984003322,
            1.31764795200006
          ],
          [
            103.984037382,
            1.31773151300007
          ],
          [
            103.984075126,
            1.31781353700007
          ],
          [
            103.984110623,
            1.31789664500007
          ],
          [
            103.984147199,
            1.317979211
          ],
          [
            103.984181619,
            1.31806277200009
          ],
          [
            103.984217745,
            1.31814551900003
          ],
          [
            103.984256388,
            1.31822718100004
          ],
          [
            103.984331595,
            1.31821207300005
          ],
          [
            103.984414349,
            1.31817670800006
          ],
          [
            103.984497014,
            1.31814134200005
          ],
          [
            103.984579678,
            1.31810597600002
          ],
          [
            103.984662432,
            1.31807061100005
          ],
          [
            103.984745097,
            1.31803524500003
          ],
          [
            103.984827851,
            1.31799988000006
          ],
          [
            103.984910515,
            1.31796451400004
          ],
          [
            103.984993179,
            1.31792914800008
          ],
          [
            103.985075844,
            1.31789378300004
          ],
          [
            103.985158598,
            1.31785841700003
          ],
          [
            103.985241262,
            1.31782305200006
          ],
          [
            103.985324016,
            1.31778768600003
          ],
          [
            103.98540668,
            1.31775232000007
          ],
          [
            103.985489345,
            1.31771695500002
          ],
          [
            103.985572099,
            1.31768158900006
          ],
          [
            103.985654763,
            1.31764622400004
          ],
          [
            103.985737517,
            1.31761085800003
          ],
          [
            103.985820182,
            1.31757549200004
          ],
          [
            103.985902846,
            1.31754012700003
          ],
          [
            103.9859856,
            1.31750476100006
          ],
          [
            103.986068264,
            1.31746939500004
          ],
          [
            103.986151018,
            1.31743403000007
          ],
          [
            103.986234671,
            1.31740128700005
          ],
          [
            103.986319133,
            1.31737026200005
          ],
          [
            103.986403594,
            1.31733941800007
          ],
          [
            103.986488146,
            1.31730884500006
          ],
          [
            103.986572877,
            1.31727863400003
          ],
          [
            103.986657698,
            1.31724887600005
          ],
          [
            103.986742699,
            1.31721956900003
          ],
          [
            103.98682788,
            1.31719080500005
          ],
          [
            103.98691324,
            1.31716267400003
          ],
          [
            103.98699887,
            1.31713499500004
          ],
          [
            103.98708459,
            1.31710785900003
          ],
          [
            103.987170399,
            1.31708117500005
          ],
          [
            103.987256389,
            1.31705494300006
          ],
          [
            103.987342468,
            1.31702907300007
          ],
          [
            103.987428637,
            1.31700347500003
          ],
          [
            103.987514896,
            1.31697805700003
          ],
          [
            103.987601245,
            1.31695291000005
          ],
          [
            103.987687504,
            1.31692776300002
          ],
          [
            103.987773853,
            1.31690279800005
          ],
          [
            103.987860292,
            1.31687783200004
          ],
          [
            103.987946641,
            1.31685295700003
          ],
          [
            103.98803299,
            1.31682808100003
          ],
          [
            103.988117272,
            1.31679669500006
          ],
          [
            103.988201553,
            1.31676521800005
          ],
          [
            103.988285745,
            1.31673374100006
          ],
          [
            103.988369578,
            1.31670126900001
          ],
          [
            103.988452152,
            1.31666563200002
          ],
          [
            103.988534816,
            1.31662999500003
          ],
          [
            103.988617391,
            1.31659444800003
          ],
          [
            103.988699965,
            1.31655881100004
          ],
          [
            103.988782629,
            1.31652326500005
          ],
          [
            103.988865203,
            1.31648762800006
          ],
          [
            103.988947778,
            1.31645199000007
          ],
          [
            103.989030352,
            1.31641644400001
          ],
          [
            103.989113016,
            1.31638080700002
          ],
          [
            103.989195591,
            1.31634526000003
          ],
          [
            103.989278165,
            1.31630962300005
          ],
          [
            103.989360739,
            1.31627398600006
          ],
          [
            103.989443403,
            1.31623844000006
          ],
          [
            103.989526067,
            1.31620298300004
          ],
          [
            103.989608732,
            1.31616761800007
          ],
          [
            103.989691486,
            1.31613225200005
          ],
          [
            103.98977415,
            1.31609688600002
          ],
          [
            103.989856814,
            1.31606152000006
          ],
          [
            103.989939568,
            1.31602615500003
          ],
          [
            103.990022232,
            1.31599078900008
          ],
          [
            103.990104986,
            1.31595542300002
          ],
          [
            103.99018765,
            1.31592005700004
          ],
          [
            103.990270314,
            1.31588469200004
          ],
          [
            103.990353068,
            1.31584932600003
          ],
          [
            103.990435732,
            1.31581396000007
          ],
          [
            103.990518486,
            1.31577859400003
          ],
          [
            103.990601151,
            1.31574322900002
          ],
          [
            103.990683815,
            1.31570786300004
          ],
          [
            103.990766569,
            1.31567249700002
          ],
          [
            103.990849233,
            1.31563713100007
          ],
          [
            103.990931987,
            1.31560176600004
          ],
          [
            103.991014651,
            1.31556640000002
          ],
          [
            103.991097315,
            1.31553103400005
          ],
          [
            103.991180069,
            1.31549566800004
          ],
          [
            103.991262733,
            1.31546030200001
          ],
          [
            103.991345487,
            1.31542493700004
          ],
          [
            103.991428151,
            1.31538957100003
          ],
          [
            103.991510815,
            1.31535420500006
          ],
          [
            103.991593569,
            1.31531883900004
          ],
          [
            103.991676233,
            1.31528347300003
          ],
          [
            103.991758987,
            1.31524810800006
          ],
          [
            103.991841651,
            1.31521274200003
          ],
          [
            103.991924315,
            1.31517737600005
          ],
          [
            103.992007069,
            1.31514201000004
          ],
          [
            103.992089733,
            1.31510664400003
          ],
          [
            103.992172487,
            1.31507127900003
          ],
          [
            103.992255151,
            1.31503591300002
          ],
          [
            103.992337816,
            1.31500054700007
          ],
          [
            103.99242048,
            1.31496518100005
          ],
          [
            103.992503234,
            1.31492981500002
          ],
          [
            103.992585987,
            1.31489444900006
          ],
          [
            103.992668652,
            1.31485908400002
          ],
          [
            103.992751316,
            1.31482371800006
          ],
          [
            103.99283398,
            1.31478835200005
          ],
          [
            103.992916734,
            1.31475298600002
          ],
          [
            103.992999398,
            1.31471762000007
          ],
          [
            103.993082152,
            1.31468225400005
          ],
          [
            103.993164816,
            1.31464688900006
          ],
          [
            103.99324748,
            1.31461152300005
          ],
          [
            103.993330234,
            1.31457615700004
          ],
          [
            103.993412898,
            1.31454079100006
          ],
          [
            103.993495651,
            1.31450542500004
          ],
          [
            103.993578316,
            1.31447005900001
          ],
          [
            103.99366098,
            1.31443469300005
          ],
          [
            103.993743733,
            1.31439932800003
          ],
          [
            103.993826397,
            1.31436396200005
          ],
          [
            103.993909151,
            1.31432859600005
          ],
          [
            103.993991815,
            1.31429323000003
          ],
          [
            103.994074479,
            1.31425786400007
          ],
          [
            103.994157233,
            1.31422249800005
          ],
          [
            103.994239897,
            1.31418713200003
          ],
          [
            103.994322651,
            1.31415176600005
          ],
          [
            103.994405315,
            1.31411640100003
          ],
          [
            103.994487979,
            1.31408103500007
          ],
          [
            103.994570733,
            1.31404566900004
          ],
          [
            103.994653397,
            1.31401030300004
          ],
          [
            103.994736151,
            1.31397493700007
          ],
          [
            103.994818815,
            1.31393957100004
          ],
          [
            103.994901479,
            1.31390420500002
          ],
          [
            103.994984233,
            1.31386883900007
          ],
          [
            103.995066897,
            1.31383347300003
          ],
          [
            103.995149651,
            1.31379810700002
          ],
          [
            103.995232315,
            1.31376274200006
          ],
          [
            103.995314979,
            1.31372737600002
          ],
          [
            103.995397642,
            1.31369201000007
          ],
          [
            103.995480396,
            1.31365664400006
          ],
          [
            103.99556306,
            1.31362127800002
          ],
          [
            103.995645814,
            1.31358591200007
          ],
          [
            103.995728478,
            1.31355054600003
          ],
          [
            103.995811142,
            1.31351518000002
          ],
          [
            103.995893896,
            1.31347981400006
          ],
          [
            103.99597656,
            1.31344444800004
          ],
          [
            103.996059314,
            1.31340908200001
          ],
          [
            103.996141978,
            1.31337371600006
          ],
          [
            103.996224642,
            1.31333835000003
          ],
          [
            103.996307395,
            1.31330298400007
          ],
          [
            103.996390059,
            1.31326761900003
          ],
          [
            103.996472813,
            1.31323225300002
          ],
          [
            103.996555477,
            1.31319688700006
          ],
          [
            103.996638231,
            1.31316152100005
          ],
          [
            103.996720895,
            1.31312615500001
          ],
          [
            103.996803559,
            1.31309078900003
          ],
          [
            103.996886312,
            1.31305542300003
          ],
          [
            103.996968976,
            1.31302005700006
          ],
          [
            103.99705173,
            1.31298469100005
          ],
          [
            103.997134394,
            1.31294932500005
          ],
          [
            103.997217058,
            1.31291395900007
          ],
          [
            103.997299812,
            1.31287859300006
          ],
          [
            103.997382476,
            1.31284322700002
          ],
          [
            103.997464151,
            1.31280541900002
          ],
          [
            103.997545737,
            1.31276761200006
          ],
          [
            103.997627322,
            1.31272971400006
          ],
          [
            103.997708908,
            1.31269190600006
          ],
          [
            103.997790493,
            1.31265409800006
          ],
          [
            103.997872168,
            1.31261620000003
          ],
          [
            103.997953754,
            1.31257830200003
          ],
          [
            103.998035339,
            1.31254049400006
          ],
          [
            103.998116925,
            1.31250259600006
          ],
          [
            103.99819851,
            1.31246478800006
          ],
          [
            103.998280186,
            1.31242689000004
          ],
          [
            103.998361951,
            1.31238953500002
          ],
          [
            103.998443986,
            1.31235245000004
          ],
          [
            103.998525931,
            1.31231536600007
          ],
          [
            103.998607875,
            1.31227837200002
          ],
          [
            103.99868982,
            1.31224128800004
          ],
          [
            103.998771765,
            1.31220420400007
          ],
          [
            103.9988538,
            1.31216712000003
          ],
          [
            103.998936105,
            1.31213094000002
          ],
          [
            103.999019487,
            1.31209729200004
          ],
          [
            103.999104398,
            1.31206798500006
          ],
          [
            103.999190207,
            1.31204121000008
          ],
          [
            103.999277994,
            1.31202158000002
          ],
          [
            103.99936614,
            1.31200466200006
          ],
          [
            103.999455185,
            1.31199226700006
          ],
          [
            103.99954468,
            1.31198538700005
          ],
          [
            103.999634354,
            1.31198104100001
          ],
          [
            103.99972403,
            1.31198655100007
          ],
          [
            103.999813884,
            1.31198808300007
          ],
          [
            103.999903739,
            1.31198653900002
          ],
          [
            103.999993503,
            1.31198282500004
          ],
          [
            104.000083178,
            1.31197721200004
          ],
          [
            104.000172762,
            1.31197015200007
          ],
          [
            104.000262257,
            1.31196191600003
          ],
          [
            104.000351661,
            1.31195268600005
          ],
          [
            104.000440976,
            1.31194264200002
          ],
          [
            104.000530201,
            1.31193196400005
          ],
          [
            104.000619336,
            1.31192074400002
          ],
          [
            104.000708471,
            1.31190907200005
          ],
          [
            104.000797516,
            1.31189712800004
          ],
          [
            104.000886561,
            1.31188491300002
          ],
          [
            104.000975606,
            1.31187260800004
          ],
          [
            104.001064561,
            1.31186021200005
          ],
          [
            104.001153606,
            1.31184790700006
          ],
          [
            104.001242651,
            1.31183569200004
          ],
          [
            104.001331696,
            1.31182374900003
          ],
          [
            104.001420831,
            1.31181207600001
          ],
          [
            104.001509966,
            1.31180085600003
          ],
          [
            104.001599191,
            1.31179026900003
          ],
          [
            104.001688506,
            1.31178040600003
          ],
          [
            104.00177791,
            1.31177162700005
          ],
          [
            104.001867495,
            1.31176402400006
          ],
          [
            104.001957079,
            1.31175795900002
          ],
          [
            104.002046934,
            1.31175415500007
          ],
          [
            104.002136788,
            1.31175315400003
          ],
          [
            104.002226553,
            1.31175631300004
          ],
          [
            104.002316049,
            1.31176435600003
          ],
          [
            104.002405365,
            1.31177375500004
          ],
          [
            104.002494591,
            1.31178433000002
          ],
          [
            104.002583727,
            1.31179599000007
          ],
          [
            104.002672684,
            1.31180873600005
          ],
          [
            104.002761461,
            1.31182256600005
          ],
          [
            104.002850149,
            1.31183748200004
          ],
          [
            104.002938567,
            1.31185348300005
          ],
          [
            104.003026805,
            1.31187057000005
          ],
          [
            104.003114774,
            1.31188874100006
          ],
          [
            104.003202563,
            1.31190799800005
          ],
          [
            104.003290173,
            1.31192834000007
          ],
          [
            104.003377423,
            1.31194976800003
          ],
          [
            104.003464493,
            1.31197228000002
          ],
          [
            104.003551204,
            1.31199578800004
          ],
          [
            104.003637736,
            1.31202047100004
          ],
          [
            104.003723818,
            1.31204614900002
          ],
          [
            104.003809631,
            1.31207291200008
          ],
          [
            104.003894007,
            1.31210374500005
          ],
          [
            104.003977214,
            1.31213801500007
          ],
          [
            104.004060422,
            1.31217219400001
          ],
          [
            104.00414363,
            1.31220637300004
          ],
          [
            104.004226747,
            1.31224055200005
          ],
          [
            104.004307439,
            1.31228033800004
          ],
          [
            104.004387682,
            1.31232102900003
          ],
          [
            104.004467925,
            1.31236162900006
          ],
          [
            104.004548168,
            1.31240232000005
          ],
          [
            104.004627782,
            1.31244427700004
          ],
          [
            104.004704611,
            1.31249120800003
          ],
          [
            104.00478144,
            1.31253804800002
          ],
          [
            104.004858269,
            1.31258497900006
          ],
          [
            104.004935097,
            1.31263191000003
          ],
          [
            104.005010848,
            1.31268046900003
          ],
          [
            104.00508579,
            1.31273029400007
          ],
          [
            104.005160732,
            1.31278021000004
          ],
          [
            104.005235674,
            1.31283012600005
          ],
          [
            104.005310616,
            1.31288004100003
          ],
          [
            104.005385469,
            1.31292995700005
          ],
          [
            104.005460411,
            1.31297987200002
          ],
          [
            104.005535353,
            1.31302978800004
          ],
          [
            104.005610026,
            1.313080155
          ],
          [
            104.0056838,
            1.31313178900007
          ],
          [
            104.005757574,
            1.31318333300003
          ],
          [
            104.005831348,
            1.31323496600004
          ],
          [
            104.005905212,
            1.31328660000002
          ],
          [
            104.005978986,
            1.31333814400006
          ],
          [
            104.00605276,
            1.31338977800005
          ],
          [
            104.006126534,
            1.31344141100004
          ],
          [
            104.006200308,
            1.31349304500003
          ],
          [
            104.006274083,
            1.31354467900008
          ],
          [
            104.006347857,
            1.31359622300004
          ],
          [
            104.006421631,
            1.31364785600004
          ],
          [
            104.006495405,
            1.31369949000002
          ],
          [
            104.006569179,
            1.31375112400002
          ],
          [
            104.006643043,
            1.31380266800005
          ],
          [
            104.006716817,
            1.31385430100004
          ],
          [
            104.006790592,
            1.31390593500003
          ],
          [
            104.006864366,
            1.31395756900002
          ],
          [
            104.00693814,
            1.31400911200006
          ],
          [
            104.007011285,
            1.31406165100004
          ],
          [
            104.007084251,
            1.31411455100005
          ],
          [
            104.007157127,
            1.31416745100005
          ],
          [
            104.007230002,
            1.31422035100008
          ],
          [
            104.007302788,
            1.31427325100003
          ],
          [
            104.007375664,
            1.31432615100005
          ],
          [
            104.007448629,
            1.31437905100006
          ],
          [
            104.007521505,
            1.31443195000003
          ],
          [
            104.007594381,
            1.31448485000005
          ],
          [
            104.007667257,
            1.31453775000006
          ],
          [
            104.007740043,
            1.31459065000008
          ],
          [
            104.007813008,
            1.31464355000002
          ],
          [
            104.007887411,
            1.314694189
          ],
          [
            104.007962354,
            1.31474401400004
          ],
          [
            104.008037386,
            1.31479383900006
          ],
          [
            104.008112328,
            1.31484375500003
          ],
          [
            104.00818727,
            1.31489358000004
          ],
          [
            104.008262302,
            1.31494340500006
          ],
          [
            104.008337244,
            1.31499323000001
          ],
          [
            104.008412187,
            1.31504314500005
          ],
          [
            104.008487308,
            1.31509269900003
          ],
          [
            104.008566114,
            1.31513628300008
          ],
          [
            104.008644919,
            1.31517977700002
          ],
          [
            104.008723635,
            1.31522327200002
          ],
          [
            104.008802441,
            1.31526676600002
          ],
          [
            104.008881246,
            1.31531026000003
          ],
          [
            104.008959962,
            1.31535375400006
          ],
          [
            104.009038767,
            1.31539724800006
          ],
          [
            104.009117483,
            1.31544074200002
          ],
          [
            104.009197367,
            1.31548206600006
          ],
          [
            104.009279407,
            1.31551895800002
          ],
          [
            104.009361536,
            1.31555585000006
          ],
          [
            104.009443486,
            1.31559265200003
          ],
          [
            104.009525616,
            1.31562954400005
          ],
          [
            104.009607656,
            1.31566643600007
          ],
          [
            104.009689696,
            1.31570323800003
          ],
          [
            104.009771736,
            1.31574013000005
          ],
          [
            104.009853776,
            1.31577702200002
          ],
          [
            104.009937522,
            1.31580957300002
          ],
          [
            104.010022347,
            1.31583950100001
          ],
          [
            104.010107082,
            1.31586952000002
          ],
          [
            104.010191907,
            1.31589953800005
          ],
          [
            104.010276642,
            1.31592946700005
          ],
          [
            104.010361377,
            1.31595948500006
          ],
          [
            104.010446202,
            1.31598941400004
          ],
          [
            104.010530937,
            1.31601943200006
          ],
          [
            104.010615762,
            1.31604936100006
          ],
          [
            104.010701575,
            1.31607612400006
          ],
          [
            104.010787478,
            1.31610261500003
          ],
          [
            104.010873381,
            1.31612901600004
          ],
          [
            104.010959374,
            1.31615550800006
          ],
          [
            104.011045277,
            1.31618200000002
          ],
          [
            104.01113118,
            1.31620840100003
          ],
          [
            104.011217082,
            1.31623489200006
          ],
          [
            104.011303075,
            1.31626129400006
          ],
          [
            104.011388978,
            1.31628778500005
          ],
          [
            104.011474881,
            1.31631418600005
          ],
          [
            104.011560784,
            1.31634067800008
          ],
          [
            104.011646777,
            1.31636716900004
          ],
          [
            104.01173268,
            1.31639366100006
          ],
          [
            104.011818583,
            1.31642006200001
          ],
          [
            104.011904486,
            1.31644655400003
          ],
          [
            104.011990388,
            1.31647295500004
          ],
          [
            104.012076291,
            1.316499446
          ],
          [
            104.012162284,
            1.31652584700003
          ],
          [
            104.012248187,
            1.31655233900006
          ],
          [
            104.01233409,
            1.31657883100005
          ],
          [
            104.012419993,
            1.31660523200001
          ],
          [
            104.012505986,
            1.31663172300006
          ],
          [
            104.012591889,
            1.31665812400005
          ],
          [
            104.012677792,
            1.31668461600002
          ],
          [
            104.012763695,
            1.31671110700005
          ],
          [
            104.012849687,
            1.31673750800008
          ],
          [
            104.01293559,
            1.31676400000004
          ],
          [
            104.013021493,
            1.31679049200004
          ],
          [
            104.013107396,
            1.31681698300002
          ],
          [
            104.013193299,
            1.31684347500003
          ],
          [
            104.013279292,
            1.31686996600006
          ],
          [
            104.013365105,
            1.31689645800004
          ],
          [
            104.013451098,
            1.31692285900003
          ],
          [
            104.013537001,
            1.31694935000007
          ],
          [
            104.013622904,
            1.31697584200003
          ],
          [
            104.013708807,
            1.31700233300005
          ],
          [
            104.01379471,
            1.31702882500002
          ],
          [
            104.013880613,
            1.31705531600006
          ],
          [
            104.013966516,
            1.31708180800006
          ],
          [
            104.014052508,
            1.31710829900002
          ],
          [
            104.014138411,
            1.31713479100005
          ],
          [
            104.014223955,
            1.31716227700001
          ],
          [
            104.014308331,
            1.31719347100004
          ],
          [
            104.014391089,
            1.31722855400004
          ],
          [
            104.014472321,
            1.31726734500006
          ],
          [
            104.014551576,
            1.31730984500008
          ],
          [
            104.014628944,
            1.31735587100007
          ],
          [
            104.014704695,
            1.31740452000003
          ],
          [
            104.014780446,
            1.31745316900003
          ],
          [
            104.014856107,
            1.31750190800005
          ],
          [
            104.014931858,
            1.31755055700006
          ],
          [
            104.015007609,
            1.31759929700007
          ],
          [
            104.015079048,
            1.31765400500007
          ],
          [
            104.015150396,
            1.31770898500001
          ],
          [
            104.015221835,
            1.31776396500004
          ],
          [
            104.015291746,
            1.31782048200006
          ],
          [
            104.015358332,
            1.31788134100004
          ],
          [
            104.015424829,
            1.31794219900008
          ],
          [
            104.015491236,
            1.31800296800002
          ],
          [
            104.015554678,
            1.31806699200008
          ],
          [
            104.015615874,
            1.31813327700006
          ],
          [
            104.01567698,
            1.31819947100007
          ],
          [
            104.015738176,
            1.31826575600008
          ],
          [
            104.015794161,
            1.31833638300003
          ],
          [
            104.015849606,
            1.31840764200006
          ],
          [
            104.015904962,
            1.31847881100004
          ],
          [
            104.015959239,
            1.31855088500004
          ],
          [
            104.016008395,
            1.31862657600004
          ],
          [
            104.016057641,
            1.31870217700003
          ],
          [
            104.016106797,
            1.31877786800003
          ],
          [
            104.01615209,
            1.31885582100005
          ],
          [
            104.01619289,
            1.31893639600003
          ],
          [
            104.01623324,
            1.31901724300006
          ],
          [
            104.016273052,
            1.31909836100003
          ],
          [
            104.016312414,
            1.31917957000007
          ],
          [
            104.016351327,
            1.31926114000003
          ],
          [
            104.016389791,
            1.31934280100005
          ],
          [
            104.016427716,
            1.31942482400006
          ],
          [
            104.016465281,
            1.31950702700004
          ],
          [
            104.016502217,
            1.31958941200002
          ],
          [
            104.016538794,
            1.31967206800004
          ],
          [
            104.016574832,
            1.31975490400003
          ],
          [
            104.016610421,
            1.31983792200003
          ],
          [
            104.01664547,
            1.31992121100006
          ],
          [
            104.01668007,
            1.32000468100006
          ],
          [
            104.016714131,
            1.32008833100002
          ],
          [
            104.016748642,
            1.32017189200008
          ],
          [
            104.016783691,
            1.32025509000004
          ],
          [
            104.016818741,
            1.320338379
          ],
          [
            104.01685379,
            1.32042166800005
          ],
          [
            104.01688884,
            1.32050495700003
          ],
          [
            104.016923889,
            1.32058824600004
          ],
          [
            104.016958939,
            1.32067144500007
          ],
          [
            104.016993988,
            1.32075473400005
          ],
          [
            104.017029038,
            1.32083802300002
          ],
          [
            104.017064087,
            1.32092131100005
          ],
          [
            104.017099137,
            1.32100460000005
          ],
          [
            104.017134186,
            1.32108788900006
          ],
          [
            104.017169146,
            1.32117108800001
          ],
          [
            104.017204285,
            1.32125437700006
          ],
          [
            104.017239335,
            1.32133766600002
          ],
          [
            104.017274294,
            1.32142095500005
          ],
          [
            104.017309344,
            1.32150424400004
          ],
          [
            104.017344393,
            1.32158753300006
          ],
          [
            104.017379443,
            1.32167073100003
          ],
          [
            104.017414582,
            1.32175402000007
          ],
          [
            104.017449542,
            1.32183730900004
          ],
          [
            104.017484591,
            1.32192059800002
          ],
          [
            104.017519641,
            1.32200379600004
          ],
          [
            104.01755469,
            1.32208717600002
          ],
          [
            104.01758983,
            1.32217037400004
          ],
          [
            104.017624789,
            1.32225366300002
          ],
          [
            104.017659929,
            1.32233695200006
          ],
          [
            104.017694888,
            1.32242024100003
          ],
          [
            104.017730028,
            1.32250344000004
          ],
          [
            104.017765077,
            1.32258672800003
          ],
          [
            104.017800127,
            1.32267001700007
          ],
          [
            104.017835176,
            1.32275330600004
          ],
          [
            104.017870226,
            1.32283659500007
          ],
          [
            104.017905275,
            1.32291979400004
          ],
          [
            104.017940325,
            1.32300308300005
          ],
          [
            104.017975374,
            1.32308637200002
          ],
          [
            104.018010424,
            1.32316966000008
          ],
          [
            104.018045474,
            1.32325294900005
          ],
          [
            104.018080523,
            1.32333623800002
          ],
          [
            104.018115573,
            1.32341943700003
          ],
          [
            104.018150622,
            1.32350272600008
          ],
          [
            104.018185672,
            1.32358601500004
          ],
          [
            104.018220721,
            1.32366930400004
          ],
          [
            104.018255861,
            1.32375250200006
          ],
          [
            104.018291,
            1.32383570100006
          ],
          [
            104.01832623,
            1.32391889900003
          ],
          [
            104.018361459,
            1.32400218800007
          ],
          [
            104.018396598,
            1.32408538600003
          ],
          [
            104.018431828,
            1.32416858500005
          ],
          [
            104.018466967,
            1.32425178300002
          ],
          [
            104.018502196,
            1.32433498200003
          ],
          [
            104.018537336,
            1.32441818000007
          ],
          [
            104.018572565,
            1.32450137900003
          ],
          [
            104.018607794,
            1.32458466800006
          ],
          [
            104.018642934,
            1.32466786600003
          ],
          [
            104.018678163,
            1.32475106400005
          ],
          [
            104.018713392,
            1.32483426300007
          ],
          [
            104.018748532,
            1.32491746100004
          ],
          [
            104.018783761,
            1.32500066000006
          ],
          [
            104.018818901,
            1.32508385800004
          ],
          [
            104.01885413,
            1.32516714700006
          ],
          [
            104.018889269,
            1.32525034600007
          ],
          [
            104.018924499,
            1.32533354400004
          ],
          [
            104.018959728,
            1.32541674300005
          ],
          [
            104.018994868,
            1.32549994100004
          ],
          [
            104.019030007,
            1.32558313900007
          ],
          [
            104.019065146,
            1.32566642800004
          ],
          [
            104.019100286,
            1.32574971700007
          ],
          [
            104.019135336,
            1.32583291600002
          ],
          [
            104.019170385,
            1.32591620500006
          ],
          [
            104.019205525,
            1.32599940300003
          ],
          [
            104.019240664,
            1.32608269200005
          ],
          [
            104.019275714,
            1.32616589000003
          ],
          [
            104.019310853,
            1.32624917900006
          ],
          [
            104.019345903,
            1.32633246800004
          ],
          [
            104.019381043,
            1.32641566700004
          ],
          [
            104.019416092,
            1.32649895500003
          ],
          [
            104.019451232,
            1.32658215400004
          ],
          [
            104.019486371,
            1.32666544300002
          ],
          [
            104.019521421,
            1.32674864100006
          ],
          [
            104.01955656,
            1.32683193000002
          ],
          [
            104.01959161,
            1.32691521900005
          ],
          [
            104.01962675,
            1.32699841700002
          ],
          [
            104.019661799,
            1.32708170600005
          ],
          [
            104.019696939,
            1.32716499500002
          ],
          [
            104.019731989,
            1.32724819400005
          ],
          [
            104.019767128,
            1.32733148300001
          ],
          [
            104.019802268,
            1.32741468100005
          ],
          [
            104.019837317,
            1.32749797000001
          ],
          [
            104.019872367,
            1.32758116800005
          ],
          [
            104.019907507,
            1.32766445700003
          ],
          [
            104.019942646,
            1.32774774600006
          ],
          [
            104.019977696,
            1.32783094400002
          ],
          [
            104.020012835,
            1.32791423300006
          ],
          [
            104.020047975,
            1.32799743200007
          ],
          [
            104.020083025,
            1.32808072100005
          ],
          [
            104.020118074,
            1.32816391900007
          ],
          [
            104.020153214,
            1.32824720800005
          ],
          [
            104.020188264,
            1.32833049700003
          ],
          [
            104.020223313,
            1.32841369500005
          ],
          [
            104.020258363,
            1.32849707500003
          ],
          [
            104.020293323,
            1.32858027300006
          ],
          [
            104.020328373,
            1.32866356200004
          ],
          [
            104.020363422,
            1.32874685100006
          ],
          [
            104.020398472,
            1.32883014000003
          ],
          [
            104.020433432,
            1.32891342800003
          ],
          [
            104.020468482,
            1.32899671700006
          ],
          [
            104.020503531,
            1.32908000600003
          ],
          [
            104.020538491,
            1.32916329500006
          ],
          [
            104.020573541,
            1.32924658400002
          ],
          [
            104.020608591,
            1.32932987300006
          ],
          [
            104.020643551,
            1.32941316200004
          ],
          [
            104.0206786,
            1.32949645000001
          ],
          [
            104.02071365,
            1.32957973900006
          ],
          [
            104.02074861,
            1.32966302800002
          ],
          [
            104.02078366,
            1.32974631700005
          ],
          [
            104.02081871,
            1.32982960600003
          ],
          [
            104.02085358,
            1.32991289500006
          ],
          [
            104.02088854,
            1.32999627400006
          ],
          [
            104.02092341,
            1.33007956300002
          ],
          [
            104.02095837,
            1.33016294200007
          ],
          [
            104.02099324,
            1.33024623100005
          ],
          [
            104.0210282,
            1.33032961000003
          ],
          [
            104.02106307,
            1.33041289900006
          ],
          [
            104.02109794,
            1.33049627800004
          ],
          [
            104.0211329,
            1.33057956700002
          ],
          [
            104.02116777,
            1.33066294700005
          ],
          [
            104.02120273,
            1.33074623500005
          ],
          [
            104.0212376,
            1.33082952400001
          ],
          [
            104.02127247,
            1.33091290400005
          ],
          [
            104.02130743,
            1.33099619200005
          ],
          [
            104.0213423,
            1.33107957200001
          ],
          [
            104.02137726,
            1.33116286100005
          ],
          [
            104.02141213,
            1.33124624000005
          ],
          [
            104.021447,
            1.33132952900008
          ],
          [
            104.02148223,
            1.33141272700005
          ],
          [
            104.021517998,
            1.33149574500005
          ],
          [
            104.021553767,
            1.33157867200003
          ],
          [
            104.021589536,
            1.33166168900003
          ],
          [
            104.021625214,
            1.33174461600004
          ],
          [
            104.021660983,
            1.33182763400002
          ],
          [
            104.021696752,
            1.33191056100004
          ],
          [
            104.02173252,
            1.33199357800003
          ],
          [
            104.021768199,
            1.33207650500002
          ],
          [
            104.021803968,
            1.33215952300004
          ],
          [
            104.021839736,
            1.33224245000002
          ],
          [
            104.021875505,
            1.33232546700003
          ],
          [
            104.021911184,
            1.33240839400001
          ],
          [
            104.021946953,
            1.33249141200003
          ],
          [
            104.021982721,
            1.33257433900006
          ],
          [
            104.02201849,
            1.33265735600002
          ],
          [
            104.022054169,
            1.33274028300002
          ],
          [
            104.022089937,
            1.33282330000003
          ],
          [
            104.022125706,
            1.33290622800007
          ],
          [
            104.022161475,
            1.33298924500002
          ],
          [
            104.022197154,
            1.33307217200007
          ],
          [
            104.022232922,
            1.33315518900001
          ],
          [
            104.022268691,
            1.33323811600007
          ],
          [
            104.02230446,
            1.33332113400006
          ],
          [
            104.022340139,
            1.33340406100007
          ],
          [
            104.022375907,
            1.33348698800005
          ],
          [
            104.022411676,
            1.33357000500006
          ],
          [
            104.022446816,
            1.33365320400002
          ],
          [
            104.022481866,
            1.33373649300007
          ],
          [
            104.022516826,
            1.33381987200005
          ],
          [
            104.022551786,
            1.33390316100003
          ],
          [
            104.022586836,
            1.33398644900007
          ],
          [
            104.022621796,
            1.33406973800003
          ],
          [
            104.022656846,
            1.33415302700006
          ],
          [
            104.022691806,
            1.33423631600004
          ],
          [
            104.022726856,
            1.33431960500008
          ],
          [
            104.022761816,
            1.33440289300005
          ],
          [
            104.022796866,
            1.33448618200004
          ],
          [
            104.022831826,
            1.33456947100005
          ],
          [
            104.022866875,
            1.33465276000003
          ],
          [
            104.022901836,
            1.33473604900008
          ],
          [
            104.022936796,
            1.33481933700005
          ],
          [
            104.022971846,
            1.33490262600003
          ],
          [
            104.023006806,
            1.33498591500006
          ],
          [
            104.023041856,
            1.33506920400004
          ],
          [
            104.023076816,
            1.33515249300006
          ],
          [
            104.023111866,
            1.33523578100004
          ],
          [
            104.023146826,
            1.33531907000002
          ],
          [
            104.023181876,
            1.33540235900005
          ],
          [
            104.023216836,
            1.33548564800003
          ],
          [
            104.023251886,
            1.33556893700007
          ],
          [
            104.023286846,
            1.33565222500005
          ],
          [
            104.023321806,
            1.33573560500002
          ],
          [
            104.023356856,
            1.33581889300006
          ],
          [
            104.023391816,
            1.33590218200004
          ],
          [
            104.023426866,
            1.33598538100007
          ],
          [
            104.023461826,
            1.33606876000005
          ],
          [
            104.023496876,
            1.33615204900001
          ],
          [
            104.023531926,
            1.33623533700005
          ],
          [
            104.023566886,
            1.33631862600004
          ],
          [
            104.023601846,
            1.33640191500007
          ],
          [
            104.023636896,
            1.33648520400004
          ],
          [
            104.023671856,
            1.33656849300008
          ],
          [
            104.023706906,
            1.33665178100006
          ],
          [
            104.023741866,
            1.33673507000002
          ],
          [
            104.023776916,
            1.33681835900007
          ],
          [
            104.023811877,
            1.33690164800003
          ],
          [
            104.023846927,
            1.33698493600001
          ],
          [
            104.023881887,
            1.33706822500006
          ],
          [
            104.023916937,
            1.33715151400003
          ],
          [
            104.023951897,
            1.33723480300006
          ],
          [
            104.023986857,
            1.33731809200002
          ],
          [
            104.024021907,
            1.33740138000006
          ],
          [
            104.024056867,
            1.33748466900005
          ],
          [
            104.024091917,
            1.33756795800003
          ],
          [
            104.024126877,
            1.33765133700007
          ],
          [
            104.024161927,
            1.33773462600004
          ],
          [
            104.024196888,
            1.33781791500006
          ],
          [
            104.024232027,
            1.33790111300005
          ],
          [
            104.024267886,
            1.33798404000003
          ],
          [
            104.024303745,
            1.33806696700002
          ],
          [
            104.024339604,
            1.33814989400002
          ],
          [
            104.024375462,
            1.338232821
          ],
          [
            104.024411321,
            1.33831574800007
          ],
          [
            104.02444718,
            1.33839867500006
          ],
          [
            104.024483038,
            1.33848151100004
          ],
          [
            104.024518897,
            1.33856452900005
          ],
          [
            104.024554756,
            1.33864736500003
          ],
          [
            104.024590615,
            1.33873029200003
          ],
          [
            104.024626473,
            1.33881321900003
          ],
          [
            104.024662332,
            1.33889614600002
          ],
          [
            104.024698281,
            1.33897907300008
          ],
          [
            104.024734049,
            1.33906200000006
          ],
          [
            104.024769998,
            1.33914492700006
          ],
          [
            104.024805857,
            1.33922785400005
          ],
          [
            104.024841716,
            1.33931078100005
          ],
          [
            104.024877574,
            1.33939370800004
          ],
          [
            104.024912624,
            1.33947690600008
          ],
          [
            104.024946596,
            1.33956064700004
          ],
          [
            104.024980658,
            1.33964438800006
          ],
          [
            104.02501472,
            1.33972803800003
          ],
          [
            104.025048781,
            1.33981168900003
          ],
          [
            104.025082843,
            1.33989543000006
          ],
          [
            104.025116815,
            1.33997917100004
          ],
          [
            104.025150877,
            1.34006282200004
          ],
          [
            104.025184938,
            1.34014647200008
          ],
          [
            104.025219,
            1.34023021300005
          ],
          [
            104.025253062,
            1.34031395400006
          ],
          [
            104.025287034,
            1.34039760500001
          ],
          [
            104.025321095,
            1.34048125500003
          ],
          [
            104.025355157,
            1.34056499600007
          ],
          [
            104.025389219,
            1.34064864700002
          ],
          [
            104.025423191,
            1.34073238800005
          ],
          [
            104.025457253,
            1.34081603800007
          ],
          [
            104.025491314,
            1.34089977900004
          ],
          [
            104.025525376,
            1.34098343000005
          ],
          [
            104.025559528,
            1.34106708000007
          ],
          [
            104.025595027,
            1.34115018800003
          ],
          [
            104.025630526,
            1.34123329600003
          ],
          [
            104.025666026,
            1.34131631300005
          ],
          [
            104.025701525,
            1.34139942100005
          ],
          [
            104.025737025,
            1.34148252900007
          ],
          [
            104.025772524,
            1.34156563700003
          ],
          [
            104.025808023,
            1.34164865400004
          ],
          [
            104.025843523,
            1.34173176200006
          ],
          [
            104.025879022,
            1.34181477900006
          ],
          [
            104.025914522,
            1.34189788700007
          ],
          [
            104.025950021,
            1.34198099500003
          ],
          [
            104.02598552,
            1.34206401200003
          ],
          [
            104.02602102,
            1.34214712000005
          ],
          [
            104.026056519,
            1.34223022800005
          ],
          [
            104.026092019,
            1.34231324500008
          ],
          [
            104.026127518,
            1.34239635300002
          ],
          [
            104.026163018,
            1.34247946100003
          ],
          [
            104.026198517,
            1.34256247800004
          ],
          [
            104.026234017,
            1.34264558600006
          ],
          [
            104.026269516,
            1.34272869400006
          ],
          [
            104.026305015,
            1.34281180200002
          ],
          [
            104.026340515,
            1.34289481900003
          ],
          [
            104.026376014,
            1.34297792700004
          ],
          [
            104.026411514,
            1.34306094400006
          ],
          [
            104.026447013,
            1.34314405200007
          ],
          [
            104.026482513,
            1.34322716000002
          ],
          [
            104.026518012,
            1.34331017700003
          ],
          [
            104.026553512,
            1.34339328500005
          ],
          [
            104.026589011,
            1.34347639300005
          ],
          [
            104.026624511,
            1.34355950100006
          ],
          [
            104.02666001,
            1.34364251800003
          ],
          [
            104.02669551,
            1.34372562600003
          ],
          [
            104.026731009,
            1.34380864300004
          ],
          [
            104.026766508,
            1.34389175100005
          ],
          [
            104.026802008,
            1.34397485900007
          ],
          [
            104.026837597,
            1.34405796700002
          ],
          [
            104.026873007,
            1.34414098400003
          ],
          [
            104.026908506,
            1.34422409200004
          ],
          [
            104.026944006,
            1.34430720000006
          ],
          [
            104.026979595,
            1.34439021700007
          ],
          [
            104.027015095,
            1.34447332500001
          ],
          [
            104.027050504,
            1.34455634200003
          ],
          [
            104.027086004,
            1.34463945000003
          ],
          [
            104.027121414,
            1.34472255800004
          ],
          [
            104.027156733,
            1.34480575600002
          ],
          [
            104.027191963,
            1.34488895400006
          ],
          [
            104.027227283,
            1.34497215200002
          ],
          [
            104.027262513,
            1.34505526000003
          ],
          [
            104.027297833,
            1.34513845800006
          ],
          [
            104.027333153,
            1.34522165700002
          ],
          [
            104.027368473,
            1.34530485500005
          ],
          [
            104.027403703,
            1.34538796300006
          ],
          [
            104.027439022,
            1.34547116100004
          ],
          [
            104.027474252,
            1.34555435900007
          ],
          [
            104.027509572,
            1.34563746700007
          ],
          [
            104.027544802,
            1.34572066500003
          ],
          [
            104.027580122,
            1.34580386300007
          ],
          [
            104.027615442,
            1.34588697100002
          ],
          [
            104.027650672,
            1.34597016900004
          ],
          [
            104.027685992,
            1.34605336800007
          ],
          [
            104.027721222,
            1.34613647500003
          ],
          [
            104.027756542,
            1.34621967400005
          ],
          [
            104.027791861,
            1.34630287200003
          ],
          [
            104.027827091,
            1.34638607000004
          ],
          [
            104.027862411,
            1.34646917800006
          ],
          [
            104.027897641,
            1.34655237600003
          ],
          [
            104.027932961,
            1.34663557400005
          ],
          [
            104.027968191,
            1.34671877200003
          ],
          [
            104.028003511,
            1.34680188000003
          ],
          [
            104.028038831,
            1.34688507800007
          ],
          [
            104.028074061,
            1.34696827700004
          ],
          [
            104.028109381,
            1.34705147500005
          ],
          [
            104.028144611,
            1.34713458300007
          ],
          [
            104.028179931,
            1.34721778100003
          ],
          [
            104.028215161,
            1.34730097900006
          ],
          [
            104.028250301,
            1.34738417700004
          ],
          [
            104.028284004,
            1.34746800900006
          ],
          [
            104.028317706,
            1.34755184000004
          ],
          [
            104.028351409,
            1.34763567100004
          ],
          [
            104.028385111,
            1.34771950300006
          ],
          [
            104.028418814,
            1.34780333400005
          ],
          [
            104.028452606,
            1.34788716500004
          ],
          [
            104.028486309,
            1.34797099700006
          ],
          [
            104.028520011,
            1.34805482800004
          ],
          [
            104.028553714,
            1.34813866000008
          ],
          [
            104.028587416,
            1.34822249100006
          ],
          [
            104.028621119,
            1.34830632200004
          ],
          [
            104.028654822,
            1.34839015400007
          ],
          [
            104.028688524,
            1.34847398500005
          ],
          [
            104.028722227,
            1.34855781600004
          ],
          [
            104.028755929,
            1.34864164800008
          ],
          [
            104.028789632,
            1.34872547900005
          ],
          [
            104.028823424,
            1.34880931100002
          ],
          [
            104.028857127,
            1.34889314200007
          ],
          [
            104.02889083,
            1.34897697300004
          ],
          [
            104.028924532,
            1.34906080500002
          ],
          [
            104.028958235,
            1.34914463600007
          ],
          [
            104.028991937,
            1.34922846700005
          ],
          [
            104.02902564,
            1.34931229900007
          ],
          [
            104.029059343,
            1.34939613000005
          ],
          [
            104.029093045,
            1.34947996100004
          ],
          [
            104.029126748,
            1.34956379300005
          ],
          [
            104.02916045,
            1.34964762400005
          ],
          [
            104.029194153,
            1.34973145600002
          ],
          [
            104.029227856,
            1.34981528700006
          ],
          [
            104.029261558,
            1.34989911800005
          ],
          [
            104.029295261,
            1.34998295000003
          ],
          [
            104.029328963,
            1.35006678100006
          ],
          [
            104.029362666,
            1.35015061200004
          ],
          [
            104.029396459,
            1.35023444400002
          ],
          [
            104.029430161,
            1.35031827500006
          ],
          [
            104.029463864,
            1.35040210600004
          ],
          [
            104.029497567,
            1.35048593800002
          ],
          [
            104.029531269,
            1.35056976900005
          ],
          [
            104.029564972,
            1.35065360000004
          ],
          [
            104.029598674,
            1.35073743200007
          ],
          [
            104.029632377,
            1.35082126300005
          ],
          [
            104.02966608,
            1.35090509500002
          ],
          [
            104.029699782,
            1.35098892600007
          ],
          [
            104.029733485,
            1.35107275700005
          ],
          [
            104.029767278,
            1.35115658900002
          ],
          [
            104.02980098,
            1.35124042000007
          ],
          [
            104.029835402,
            1.35132398000007
          ],
          [
            104.029870183,
            1.35140726900004
          ],
          [
            104.029905053,
            1.35149064800003
          ],
          [
            104.029939834,
            1.35157402700003
          ],
          [
            104.029974705,
            1.35165740600006
          ],
          [
            104.030009576,
            1.35174078500007
          ],
          [
            104.030044357,
            1.35182416400004
          ],
          [
            104.030079228,
            1.35190745200003
          ],
          [
            104.030114008,
            1.35199083200005
          ],
          [
            104.030148879,
            1.35207421100005
          ],
          [
            104.03018366,
            1.35215759000004
          ],
          [
            104.030218531,
            1.35224096900002
          ],
          [
            104.030253402,
            1.35232434800003
          ],
          [
            104.030288183,
            1.35240772700008
          ],
          [
            104.030323053,
            1.35249101500006
          ],
          [
            104.030357834,
            1.35257439500004
          ],
          [
            104.030392705,
            1.35265777400003
          ],
          [
            104.030427486,
            1.35274115300007
          ],
          [
            104.030462357,
            1.35282453200005
          ],
          [
            104.030497138,
            1.35290791100004
          ],
          [
            104.030532009,
            1.35299119900003
          ],
          [
            104.03056679,
            1.35307457800007
          ],
          [
            104.030601661,
            1.35315795700006
          ],
          [
            104.030636441,
            1.35324133700004
          ],
          [
            104.030671312,
            1.35332471600003
          ],
          [
            104.030706183,
            1.35340809500001
          ],
          [
            104.030740964,
            1.35349147400007
          ],
          [
            104.030775835,
            1.35357476200004
          ],
          [
            104.030810616,
            1.35365814100002
          ],
          [
            104.030845487,
            1.35374152000002
          ],
          [
            104.030880268,
            1.35382489900008
          ],
          [
            104.030915139,
            1.35390827800005
          ],
          [
            104.030950009,
            1.35399165800003
          ],
          [
            104.03098479,
            1.35407503700001
          ],
          [
            104.031019661,
            1.35415832500007
          ],
          [
            104.031054442,
            1.35424170400006
          ],
          [
            104.031089313,
            1.35432508300004
          ],
          [
            104.031124094,
            1.35440846200004
          ],
          [
            104.031158965,
            1.35449184100002
          ],
          [
            104.031193836,
            1.35457522000007
          ],
          [
            104.031228617,
            1.35465850900004
          ],
          [
            104.031263488,
            1.35474188800004
          ],
          [
            104.031298269,
            1.35482526700003
          ],
          [
            104.03133314,
            1.35490864600005
          ],
          [
            104.031367921,
            1.35499202500006
          ],
          [
            104.031402791,
            1.35507540400004
          ],
          [
            104.031437573,
            1.35515878300004
          ],
          [
            104.031470377,
            1.35524288600005
          ],
          [
            104.031500575,
            1.35532807400006
          ],
          [
            104.031527988,
            1.35541425700007
          ],
          [
            104.031552616,
            1.35550116400004
          ],
          [
            104.031574548,
            1.35558888500003
          ],
          [
            104.031593515,
            1.35567733000004
          ],
          [
            104.031609786,
            1.35576622700006
          ],
          [
            104.031623092,
            1.35585566700005
          ],
          [
            104.031633612,
            1.35594546900007
          ],
          [
            104.031641168,
            1.35603554200003
          ],
          [
            104.031645937,
            1.35612588700007
          ],
          [
            104.031647742,
            1.35621632300006
          ],
          [
            104.031646671,
            1.35630675900005
          ],
          [
            104.031642814,
            1.35639710500003
          ],
          [
            104.031635903,
            1.35648718000004
          ],
          [
            104.031626206,
            1.35657716400004
          ],
          [
            104.031613633,
            1.35666669700002
          ],
          [
            104.031598185,
            1.35675577700004
          ],
          [
            104.031579862,
            1.35684431600002
          ],
          [
            104.031558753,
            1.35693222100001
          ],
          [
            104.031535847,
            1.35701967400007
          ],
          [
            104.031512851,
            1.35710703700003
          ],
          [
            104.031489675,
            1.35719440000002
          ],
          [
            104.031459131,
            1.35727950300004
          ],
          [
            104.031428587,
            1.35736451500003
          ],
          [
            104.031398042,
            1.35744961800004
          ],
          [
            104.031365611,
            1.35753390700006
          ],
          [
            104.031327789,
            1.35761593500007
          ],
          [
            104.031289966,
            1.35769796400005
          ],
          [
            104.031252143,
            1.35777999200007
          ],
          [
            104.031210906,
            1.35786021200004
          ],
          [
            104.031166074,
            1.35793862400004
          ],
          [
            104.031121242,
            1.35801694500003
          ],
          [
            104.03107641,
            1.35809526600001
          ],
          [
            104.031026726,
            1.35817060400006
          ],
          [
            104.030975244,
            1.35824467500004
          ],
          [
            104.030923673,
            1.35831883700008
          ],
          [
            104.030872192,
            1.35839290800002
          ],
          [
            104.030814779,
            1.35846245800002
          ],
          [
            104.030757007,
            1.35853164600007
          ],
          [
            104.030699146,
            1.35860092500007
          ],
          [
            104.030640475,
            1.35866929900004
          ],
          [
            104.030576772,
            1.35873315200006
          ],
          [
            104.030513249,
            1.35879700500003
          ],
          [
            104.030449547,
            1.35886094800003
          ],
          [
            104.030383867,
            1.35892245000002
          ],
          [
            104.030314952,
            1.35898042500003
          ],
          [
            104.030245947,
            1.35903840000005
          ],
          [
            104.030177032,
            1.35909646600003
          ],
          [
            104.030105062,
            1.35915055200006
          ],
          [
            104.030031384,
            1.35920219700005
          ],
          [
            104.029957616,
            1.35925384200004
          ],
          [
            104.029883849,
            1.35930557800002
          ],
          [
            104.029806576,
            1.35935152500001
          ],
          [
            104.029728585,
            1.35939647800005
          ],
          [
            104.029650593,
            1.35944143100005
          ],
          [
            104.029572332,
            1.35948584200003
          ],
          [
            104.029490746,
            1.35952374100003
          ],
          [
            104.029409159,
            1.35956155000001
          ],
          [
            104.029327573,
            1.35959944900003
          ],
          [
            104.029245537,
            1.35963626300003
          ],
          [
            104.029162333,
            1.35967045500007
          ],
          [
            104.029079129,
            1.35970464700007
          ],
          [
            104.028996015,
            1.35973883800005
          ],
          [
            104.028912811,
            1.35977303000003
          ],
          [
            104.028829607,
            1.35980722100003
          ],
          [
            104.028746403,
            1.35984150300004
          ],
          [
            104.028663199,
            1.35987569500002
          ],
          [
            104.028580085,
            1.35990988600002
          ],
          [
            104.028496881,
            1.35994407800007
          ],
          [
            104.028413677,
            1.35997826900008
          ],
          [
            104.028330473,
            1.36001246100005
          ],
          [
            104.028247358,
            1.36004665200005
          ],
          [
            104.028164154,
            1.36008084400003
          ],
          [
            104.02808095,
            1.36011512600003
          ],
          [
            104.027997836,
            1.36014931700003
          ],
          [
            104.027914632,
            1.36018350900002
          ],
          [
            104.027831428,
            1.36021770100006
          ],
          [
            104.027748224,
            1.36025189200008
          ],
          [
            104.02766502,
            1.36028608400006
          ],
          [
            104.027581906,
            1.36032027500004
          ],
          [
            104.027498702,
            1.36035446700003
          ],
          [
            104.027415498,
            1.36038874900004
          ],
          [
            104.027332293,
            1.36042294000004
          ],
          [
            104.027249179,
            1.36045713200002
          ],
          [
            104.027165975,
            1.36049132300007
          ],
          [
            104.027082771,
            1.36052551500006
          ],
          [
            104.026999567,
            1.36055970600005
          ],
          [
            104.026916453,
            1.36059389800004
          ],
          [
            104.026833249,
            1.36062808900004
          ],
          [
            104.026750045,
            1.36066237100004
          ],
          [
            104.02666693,
            1.36069656200003
          ],
          [
            104.026583726,
            1.36073075400003
          ],
          [
            104.026500522,
            1.36076494500002
          ],
          [
            104.026417318,
            1.36079913700007
          ],
          [
            104.026334114,
            1.36083332800006
          ],
          [
            104.026251449,
            1.36086869500001
          ],
          [
            104.026168694,
            1.36090406300002
          ],
          [
            104.026086029,
            1.36093943000004
          ],
          [
            104.026003364,
            1.36097488700005
          ],
          [
            104.0259207,
            1.36101025400005
          ],
          [
            104.025838035,
            1.36104562100007
          ],
          [
            104.02575528,
            1.36108098800001
          ],
          [
            104.025672615,
            1.36111644600004
          ],
          [
            104.02558995,
            1.36115181300004
          ],
          [
            104.025507195,
            1.36118727100006
          ],
          [
            104.02542453,
            1.36122263800007
          ],
          [
            104.025341866,
            1.36125800500003
          ],
          [
            104.025259201,
            1.36129346200005
          ],
          [
            104.025176446,
            1.36132882900005
          ],
          [
            104.025093781,
            1.36136419600006
          ],
          [
            104.025011116,
            1.36139956300001
          ],
          [
            104.024928361,
            1.36143502100004
          ],
          [
            104.024845696,
            1.36147038800004
          ],
          [
            104.024763031,
            1.36150575500005
          ],
          [
            104.024680366,
            1.36154121200003
          ],
          [
            104.024597701,
            1.36157658000006
          ],
          [
            104.024514947,
            1.36161194700003
          ],
          [
            104.024432282,
            1.36164731400003
          ],
          [
            104.024349617,
            1.36168277100006
          ],
          [
            104.024266862,
            1.36171813800009
          ],
          [
            104.024184197,
            1.36175350500003
          ],
          [
            104.024101532,
            1.36178896300003
          ],
          [
            104.024018867,
            1.36182433000003
          ],
          [
            104.023936112,
            1.36185969700005
          ],
          [
            104.023853447,
            1.36189506400007
          ],
          [
            104.023770782,
            1.36193052100002
          ],
          [
            104.023688117,
            1.36196588800004
          ],
          [
            104.023605363,
            1.36200134600005
          ],
          [
            104.023522698,
            1.36203671300006
          ],
          [
            104.023440033,
            1.36207208000006
          ],
          [
            104.023357368,
            1.36210753700005
          ],
          [
            104.023274613,
            1.36214290400005
          ],
          [
            104.023191948,
            1.36217827100004
          ],
          [
            104.023109283,
            1.36221363800006
          ],
          [
            104.023026528,
            1.36224909600002
          ],
          [
            104.022943953,
            1.36228446300003
          ],
          [
            104.022861198,
            1.36231983000004
          ],
          [
            104.022778533,
            1.36235528700007
          ],
          [
            104.022695868,
            1.36239074400002
          ],
          [
            104.022613203,
            1.36242620200005
          ],
          [
            104.022530538,
            1.36246156900005
          ],
          [
            104.022447783,
            1.36249693600006
          ],
          [
            104.022365118,
            1.36253239300004
          ],
          [
            104.022282453,
            1.36256776000006
          ],
          [
            104.022199698,
            1.36260312700005
          ],
          [
            104.022117033,
            1.36263858500007
          ],
          [
            104.022034368,
            1.36267395200002
          ],
          [
            104.021951703,
            1.36270931900002
          ],
          [
            104.021869038,
            1.36274468600004
          ],
          [
            104.021786283,
            1.36278005300006
          ],
          [
            104.021703618,
            1.36281551000006
          ],
          [
            104.021620953,
            1.36285087700002
          ],
          [
            104.021538198,
            1.36288624400002
          ],
          [
            104.021455533,
            1.36292170100006
          ],
          [
            104.021372868,
            1.36295706800007
          ],
          [
            104.021290113,
            1.36299243500001
          ],
          [
            104.021207448,
            1.36302789300004
          ],
          [
            104.021124783,
            1.36306325900005
          ],
          [
            104.021042118,
            1.36309862600007
          ],
          [
            104.020959453,
            1.36313399300001
          ],
          [
            104.020876698,
            1.36316945100004
          ],
          [
            104.020794033,
            1.36320481800004
          ],
          [
            104.020711368,
            1.36324018500006
          ],
          [
            104.020628613,
            1.36327564200008
          ],
          [
            104.020545948,
            1.36331100900002
          ],
          [
            104.020463283,
            1.36334637600004
          ],
          [
            104.020380528,
            1.36338174300003
          ],
          [
            104.020297953,
            1.36341729100007
          ],
          [
            104.020215288,
            1.36345283800006
          ],
          [
            104.020132713,
            1.36348838600002
          ],
          [
            104.020050137,
            1.36352402400008
          ],
          [
            104.019967382,
            1.36355930100006
          ],
          [
            104.019884448,
            1.36359421600002
          ],
          [
            104.019801603,
            1.36362922100006
          ],
          [
            104.019718758,
            1.36366413500002
          ],
          [
            104.019635913,
            1.36369923100005
          ],
          [
            104.019553248,
            1.36373468800002
          ],
          [
            104.019470583,
            1.36377023600005
          ],
          [
            104.019388008,
            1.36380569300007
          ],
          [
            104.019305343,
            1.36384115100003
          ],
          [
            104.019222678,
            1.36387660800005
          ],
          [
            104.019139923,
            1.36391197500005
          ],
          [
            104.019057168,
            1.36394716100006
          ],
          [
            104.018974413,
            1.36398225700003
          ],
          [
            104.018891568,
            1.36401744300002
          ],
          [
            104.018808813,
            1.36405262900006
          ],
          [
            104.018726058,
            1.36408781500005
          ],
          [
            104.018643393,
            1.36412327200003
          ],
          [
            104.018560638,
            1.36415863900005
          ],
          [
            104.018477972,
            1.36419400600004
          ],
          [
            104.018395307,
            1.36422937200006
          ],
          [
            104.018312642,
            1.36426473900002
          ],
          [
            104.018229887,
            1.36430019700002
          ],
          [
            104.018147222,
            1.36433556400003
          ],
          [
            104.018064467,
            1.36437093000006
          ],
          [
            104.017981802,
            1.36440629700008
          ],
          [
            104.017899137,
            1.36444166400003
          ],
          [
            104.017816382,
            1.36447703100004
          ],
          [
            104.017733716,
            1.36451239800003
          ],
          [
            104.017650961,
            1.36454767400005
          ],
          [
            104.017568206,
            1.36458286000003
          ],
          [
            104.017485361,
            1.36461804600004
          ],
          [
            104.017402696,
            1.36465341300004
          ],
          [
            104.017320031,
            1.36468878000004
          ],
          [
            104.017237366,
            1.36472414700007
          ],
          [
            104.017154611,
            1.36475960400002
          ],
          [
            104.017072036,
            1.36479506100003
          ],
          [
            104.016989191,
            1.36483006600001
          ],
          [
            104.016906256,
            1.36486489000002
          ],
          [
            104.016823321,
            1.36489980500004
          ],
          [
            104.016739847,
            1.36493318200007
          ],
          [
            104.016656103,
            1.36496610700004
          ],
          [
            104.01657245,
            1.36499912300006
          ],
          [
            104.016488616,
            1.36503168600006
          ],
          [
            104.016404872,
            1.36506434000006
          ],
          [
            104.01632014,
            1.36509446200005
          ],
          [
            104.016235408,
            1.36512458300007
          ],
          [
            104.016150675,
            1.36515470500006
          ],
          [
            104.016065494,
            1.36518347000002
          ],
          [
            104.015980312,
            1.36521223500004
          ],
          [
            104.01589513,
            1.36524109100002
          ],
          [
            104.015809679,
            1.36526895200007
          ],
          [
            104.015723778,
            1.36529563700003
          ],
          [
            104.015637608,
            1.36532132700005
          ],
          [
            104.015551527,
            1.36534710800004
          ],
          [
            104.015465267,
            1.36537261800003
          ],
          [
            104.015379097,
            1.36539821800005
          ],
          [
            104.015293555,
            1.36542571700005
          ],
          [
            104.015207924,
            1.36545330600006
          ],
          [
            104.015122653,
            1.36548189000007
          ],
          [
            104.015037471,
            1.36551047500006
          ],
          [
            104.014952559,
            1.36554023500002
          ],
          [
            104.014867737,
            1.36556999500003
          ],
          [
            104.014783274,
            1.36560093000003
          ],
          [
            104.014698811,
            1.36563177500005
          ],
          [
            104.014614888,
            1.36566397700004
          ],
          [
            104.014530874,
            1.36569608800004
          ],
          [
            104.014447131,
            1.36572883200006
          ],
          [
            104.014363836,
            1.36576293300004
          ],
          [
            104.014280812,
            1.36579739500007
          ],
          [
            104.014197697,
            1.36583176700003
          ],
          [
            104.014114852,
            1.36586686200008
          ],
          [
            104.014032187,
            1.36590213900007
          ],
          [
            104.013949431,
            1.36593750600001
          ],
          [
            104.013866766,
            1.36597287200004
          ],
          [
            104.013784011,
            1.36600814900003
          ],
          [
            104.013701346,
            1.36604351500005
          ],
          [
            104.013618591,
            1.36607897200002
          ],
          [
            104.013535925,
            1.36611443000003
          ],
          [
            104.01345326,
            1.36614988700007
          ],
          [
            104.013370685,
            1.36618534400004
          ],
          [
            104.013287929,
            1.36622071100004
          ],
          [
            104.013205264,
            1.36625607700005
          ],
          [
            104.013122509,
            1.36629144400007
          ],
          [
            104.013039844,
            1.36632672000007
          ],
          [
            104.012957088,
            1.36636208700004
          ],
          [
            104.012874423,
            1.36639745400003
          ],
          [
            104.012791758,
            1.36643282000005
          ],
          [
            104.012709003,
            1.36646818700006
          ],
          [
            104.012626337,
            1.36650346300007
          ],
          [
            104.012543582,
            1.36653883000002
          ],
          [
            104.012460917,
            1.36657419700003
          ],
          [
            104.012378162,
            1.36660956300005
          ],
          [
            104.012295496,
            1.36664483900005
          ],
          [
            104.012212741,
            1.36668020600007
          ],
          [
            104.012130076,
            1.36671557300002
          ],
          [
            104.01204732,
            1.36675093900005
          ],
          [
            104.011964655,
            1.36678630600005
          ],
          [
            104.01188199,
            1.36682167300006
          ],
          [
            104.011799235,
            1.36685703900003
          ],
          [
            104.011716569,
            1.36689240600004
          ],
          [
            104.011633814,
            1.36692777300003
          ],
          [
            104.011551149,
            1.36696313900005
          ],
          [
            104.011468483,
            1.36699850600007
          ],
          [
            104.011385728,
            1.36703387300001
          ],
          [
            104.011303063,
            1.36706923900004
          ],
          [
            104.011220307,
            1.36710460600006
          ],
          [
            104.011137642,
            1.36713997300006
          ],
          [
            104.011054977,
            1.36717533900002
          ],
          [
            104.010972221,
            1.36721070600003
          ],
          [
            104.010889556,
            1.36724607200005
          ],
          [
            104.010806801,
            1.36728143900007
          ],
          [
            104.010724135,
            1.36731680600008
          ],
          [
            104.01064147,
            1.36735217200004
          ],
          [
            104.010558715,
            1.36738753900005
          ],
          [
            104.010476049,
            1.36742290600006
          ],
          [
            104.010393384,
            1.36745836300002
          ],
          [
            104.010310629,
            1.36749382000004
          ],
          [
            104.010228053,
            1.36752918600006
          ],
          [
            104.010145298,
            1.36756455300003
          ],
          [
            104.010062632,
            1.36760001000004
          ],
          [
            104.009979967,
            1.36763546700007
          ],
          [
            104.009897302,
            1.36767083400001
          ],
          [
            104.009814546,
            1.36770620000004
          ],
          [
            104.009731881,
            1.36774165700006
          ],
          [
            104.009649126,
            1.36777693300007
          ],
          [
            104.00956637,
            1.36781211900006
          ],
          [
            104.009483615,
            1.36784730500004
          ],
          [
            104.00940086,
            1.36788258100005
          ],
          [
            104.009318194,
            1.36791785700006
          ],
          [
            104.009235439,
            1.36795331400003
          ],
          [
            104.009152774,
            1.36798868100004
          ],
          [
            104.009070108,
            1.36802404700005
          ],
          [
            104.008987443,
            1.36805950400003
          ],
          [
            104.008904687,
            1.36809487100004
          ],
          [
            104.008822022,
            1.36813023700005
          ],
          [
            104.008739356,
            1.36816569400002
          ],
          [
            104.008656691,
            1.36820106100004
          ],
          [
            104.008573936,
            1.36823651800006
          ],
          [
            104.00849127,
            1.36827188500006
          ],
          [
            104.008408605,
            1.36830725100004
          ],
          [
            104.008325849,
            1.36834261800004
          ],
          [
            104.008243184,
            1.36837798400007
          ],
          [
            104.008160519,
            1.36841335100006
          ],
          [
            104.008077763,
            1.36844871700002
          ],
          [
            104.007995098,
            1.36848408400004
          ],
          [
            104.007912342,
            1.36851945000005
          ],
          [
            104.007829677,
            1.36855472600006
          ],
          [
            104.007746922,
            1.36859009300002
          ],
          [
            104.007664256,
            1.36862545900004
          ],
          [
            104.007581501,
            1.36866082600005
          ],
          [
            104.007498835,
            1.36869619300005
          ],
          [
            104.00741608,
            1.36873146900005
          ],
          [
            104.007333414,
            1.36876683500003
          ],
          [
            104.007250659,
            1.36880211100002
          ],
          [
            104.007167993,
            1.36883747800005
          ],
          [
            104.007085238,
            1.36887275400005
          ],
          [
            104.007002483,
            1.36890812000008
          ],
          [
            104.006919817,
            1.36894339600001
          ],
          [
            104.006837062,
            1.36897876300003
          ],
          [
            104.006754396,
            1.36901403900004
          ],
          [
            104.006671641,
            1.36904940500006
          ],
          [
            104.006588975,
            1.36908468200004
          ],
          [
            104.00650622,
            1.36912004800006
          ],
          [
            104.006423465,
            1.36915532400009
          ],
          [
            104.006340799,
            1.36919069100003
          ],
          [
            104.006258044,
            1.36922605700005
          ],
          [
            104.006175378,
            1.36926142400006
          ],
          [
            104.006092713,
            1.36929679000002
          ],
          [
            104.006009957,
            1.36933224700004
          ],
          [
            104.005927292,
            1.36936761300005
          ],
          [
            104.005844626,
            1.36940298000007
          ],
          [
            104.00576196,
            1.36943843700003
          ],
          [
            104.005679295,
            1.36947389400007
          ],
          [
            104.00559654,
            1.36950926000002
          ],
          [
            104.005513874,
            1.36954462700004
          ],
          [
            104.005431208,
            1.36958008400006
          ],
          [
            104.005348543,
            1.36961554000005
          ],
          [
            104.005265877,
            1.36965090700004
          ],
          [
            104.005183212,
            1.36968636400007
          ],
          [
            104.005100456,
            1.36972173000003
          ],
          [
            104.005017791,
            1.36975718700006
          ],
          [
            104.004935215,
            1.36979282500005
          ],
          [
            104.004852819,
            1.36982891500002
          ],
          [
            104.004771142,
            1.36986536600006
          ],
          [
            104.004791546,
            1.36995335900002
          ],
          [
            104.004806468,
            1.37004252800006
          ],
          [
            104.004814652,
            1.37013242100005
          ],
          [
            104.004817803,
            1.37022276600004
          ],
          [
            104.004820415,
            1.37031320200002
          ],
          [
            104.004824285,
            1.37040354700002
          ],
          [
            104.004829054,
            1.37049389300006
          ],
          [
            104.004834542,
            1.37058414700003
          ],
          [
            104.004844073,
            1.37067404000004
          ],
          [
            104.004844709,
            1.37076411400005
          ],
          [
            104.004833573,
            1.37085319400006
          ],
          [
            104.004800332,
            1.37093721200006
          ],
          [
            104.004776795,
            1.37102430400006
          ],
          [
            104.004766918,
            1.37111356500003
          ],
          [
            104.004768362,
            1.37120400100002
          ],
          [
            104.004777174,
            1.37129398400002
          ],
          [
            104.004798117,
            1.37138170500004
          ],
          [
            104.004826158,
            1.37146743600004
          ],
          [
            104.004858333,
            1.37155172100005
          ],
          [
            104.00486436,
            1.37164188500003
          ],
          [
            104.004866343,
            1.37173232100001
          ],
          [
            104.00486635,
            1.37182275700007
          ],
          [
            104.004865457,
            1.37191319300005
          ],
          [
            104.004875797,
            1.37200281400003
          ],
          [
            104.004885868,
            1.37209261600003
          ],
          [
            104.004891176,
            1.37218287100006
          ],
          [
            104.004901336,
            1.37227276400007
          ],
          [
            104.004908441,
            1.37236283800007
          ],
          [
            104.004912221,
            1.37245318300005
          ],
          [
            104.004918608,
            1.37254343800003
          ],
          [
            104.004920681,
            1.37263369300005
          ],
          [
            104.004919968,
            1.37272412900005
          ],
          [
            104.004917459,
            1.37281456500004
          ],
          [
            104.004887722,
            1.37289831100003
          ],
          [
            104.004858165,
            1.37298314200005
          ],
          [
            104.004849542,
            1.37302112600002
          ]
        ]
      },
      "properties": {
        "OBJECTID": 68,
        "pcn_loop": "Eastern Coastal Loop",
        "pcn": "Coastal Park Connector",
        "descriptionHTML": "Coastal Park Connector starts from Changi Beach Park Car Park 7 and ends at East Coast Park. This 15km park connector runs along Aviation Park Road and Tanah Merah Coast Road, alongside the future Changi Airport Runway 3 and Terminal 5. At the East Coast Park towards Coastal Park Connector next to Changi Coast Walk, you can take a leisurely stroll amidst the lush greenery whilst enjoying the cool sea breeze.",
        "address": "",
        "Shape__Length": 13451.962358054056
      }
    },
    {
      "type": "Feature",
      "id": 69,
      "geometry": {
        "type": "LineString",
        "coordinates": [
          [
            104.004849501,
            1.37302116600006
          ],
          [
            104.005846868,
            1.37302209300002
          ],
          [
            104.005895399,
            1.37329418400004
          ],
          [
            104.00589967,
            1.37331815800007
          ],
          [
            104.005914939,
            1.37342895100006
          ],
          [
            104.005918873,
            1.37347066700003
          ],
          [
            104.005925366,
            1.37353950500004
          ],
          [
            104.005930617,
            1.37364846600003
          ],
          [
            104.00593155,
            1.37366783900006
          ],
          [
            104.005931132,
            1.37372282600005
          ],
          [
            104.00592766,
            1.37377042700008
          ],
          [
            104.005926454,
            1.37378696500002
          ],
          [
            104.005919828,
            1.37378477000005
          ],
          [
            104.005912936,
            1.37378369600003
          ],
          [
            104.005905961,
            1.37378377000005
          ],
          [
            104.005899093,
            1.37378499200002
          ],
          [
            104.005892516,
            1.37378732600008
          ],
          [
            104.005886406,
            1.37379071300006
          ],
          [
            104.005880928,
            1.37379505700004
          ],
          [
            104.00587623,
            1.37380024600003
          ],
          [
            104.005872438,
            1.37380613800001
          ],
          [
            104.005869655,
            1.37381257400005
          ],
          [
            104.005867955,
            1.37381938200001
          ],
          [
            104.005867383,
            1.37382637800005
          ],
          [
            104.005868019,
            1.37383374700004
          ],
          [
            104.005869906,
            1.37384089600005
          ],
          [
            104.005872988,
            1.37384761000004
          ],
          [
            104.005877173,
            1.37385369100003
          ],
          [
            104.005882336,
            1.37385895400007
          ],
          [
            104.005888323,
            1.37386324500005
          ],
          [
            104.005904454,
            1.37386881200007
          ],
          [
            104.005841185,
            1.37396566900003
          ],
          [
            104.005770061,
            1.37407044100007
          ],
          [
            104.005580715,
            1.37433798300003
          ],
          [
            104.005532861,
            1.37440114300006
          ],
          [
            104.005430249,
            1.37452716900004
          ],
          [
            104.005387716,
            1.37458174200002
          ],
          [
            104.005345792,
            1.37464100500006
          ],
          [
            104.005311905,
            1.37469649500001
          ],
          [
            104.005272183,
            1.37476933600004
          ],
          [
            104.005249091,
            1.37482076500004
          ],
          [
            104.00524,
            1.37485446900006
          ],
          [
            104.005231038,
            1.37491883400003
          ],
          [
            104.005226372,
            1.37494284600006
          ],
          [
            104.005218912,
            1.37496577700006
          ],
          [
            104.005208758,
            1.37498444900007
          ],
          [
            104.00519198,
            1.37500214000004
          ],
          [
            104.005145544,
            1.37503702700008
          ],
          [
            104.005136291,
            1.37504660300003
          ],
          [
            104.005129454,
            1.37505641300003
          ],
          [
            104.00511792,
            1.37508094700007
          ],
          [
            104.005111437,
            1.37510084500001
          ],
          [
            104.005103985,
            1.37513281400004
          ],
          [
            104.005099762,
            1.37515850400006
          ],
          [
            104.005093961,
            1.37522068200001
          ],
          [
            104.005087252,
            1.37525104600009
          ],
          [
            104.005069752,
            1.37529484000003
          ],
          [
            104.005057295,
            1.37531752300003
          ],
          [
            104.00504049,
            1.37534080700004
          ],
          [
            104.0050206,
            1.37536373000005
          ],
          [
            104.004962069,
            1.37542574300005
          ],
          [
            104.004945905,
            1.37544589600002
          ],
          [
            104.004933207,
            1.37546501800005
          ],
          [
            104.004907356,
            1.37551508900003
          ],
          [
            104.004884118,
            1.37557369300003
          ],
          [
            104.004863488,
            1.37563916600003
          ],
          [
            104.004833212,
            1.37575065800007
          ],
          [
            104.004797166,
            1.37590375200006
          ],
          [
            104.004776284,
            1.37597069900005
          ],
          [
            104.004742727,
            1.37606572700002
          ],
          [
            104.004720333,
            1.37612500000006
          ],
          [
            104.004695077,
            1.37618618200003
          ],
          [
            104.00463463,
            1.37631748400003
          ],
          [
            104.004572524,
            1.37644001800004
          ],
          [
            104.00442295,
            1.37672282900007
          ],
          [
            104.004354747,
            1.37686087800006
          ],
          [
            104.004269402,
            1.37704053800006
          ],
          [
            104.004225447,
            1.37714066200005
          ],
          [
            104.004205716,
            1.37719196000005
          ],
          [
            104.00416379,
            1.37731000400003
          ],
          [
            104.004142495,
            1.37736350800003
          ],
          [
            104.00412513,
            1.37740098600006
          ],
          [
            104.004081518,
            1.37748779200006
          ],
          [
            104.004062455,
            1.37753131300003
          ],
          [
            104.004049437,
            1.37756941200007
          ],
          [
            104.00403814,
            1.37761306500003
          ],
          [
            104.004012116,
            1.37775225200005
          ],
          [
            104.004002403,
            1.37779713800006
          ],
          [
            104.003992118,
            1.37783446100002
          ],
          [
            104.00398039,
            1.37786777800004
          ],
          [
            104.003965149,
            1.37791066300003
          ],
          [
            104.003953179,
            1.37793121000003
          ],
          [
            104.00392511,
            1.37795653600005
          ],
          [
            104.003914358,
            1.37797066100007
          ],
          [
            104.003904729,
            1.37798823600001
          ],
          [
            104.003877441,
            1.37805745600002
          ],
          [
            104.003842746,
            1.37814105200005
          ],
          [
            104.003778025,
            1.37831711300003
          ],
          [
            104.003748322,
            1.37839190900007
          ],
          [
            104.003723141,
            1.37844675800004
          ],
          [
            104.003691924,
            1.37850639200002
          ],
          [
            104.003567247,
            1.37871842700002
          ],
          [
            104.003520103,
            1.37880602000007
          ],
          [
            104.003497698,
            1.37885408700004
          ],
          [
            104.00347927,
            1.37889987900006
          ],
          [
            104.003464466,
            1.37894428300006
          ],
          [
            104.003453133,
            1.37898776100006
          ],
          [
            104.003437978,
            1.37908489500008
          ],
          [
            104.003430241,
            1.37911968900004
          ],
          [
            104.00341044,
            1.37917875400006
          ],
          [
            104.003386317,
            1.37923222100005
          ],
          [
            104.003364295,
            1.37926750400004
          ],
          [
            104.003312989,
            1.37933345300007
          ],
          [
            104.003293243,
            1.37936215100006
          ],
          [
            104.003272585,
            1.37939943400005
          ],
          [
            104.003252988,
            1.37944246600005
          ],
          [
            104.003235235,
            1.37948822100004
          ],
          [
            104.003189424,
            1.37961641400005
          ],
          [
            104.00317355,
            1.37965468700001
          ],
          [
            104.003157507,
            1.37968808500005
          ],
          [
            104.003137838,
            1.37972077200002
          ],
          [
            104.003091615,
            1.37978527200004
          ],
          [
            104.003073748,
            1.37981291500005
          ],
          [
            104.003058764,
            1.37984289500001
          ],
          [
            104.003050335,
            1.37987087200003
          ],
          [
            104.003048474,
            1.37989119200005
          ],
          [
            104.003049681,
            1.37990944900002
          ],
          [
            104.003053363,
            1.37993022700005
          ],
          [
            104.003076566,
            1.38001793100005
          ],
          [
            104.003080304,
            1.38005224800003
          ],
          [
            104.003078175,
            1.38007460700003
          ],
          [
            104.003069385,
            1.38010666700008
          ],
          [
            104.00305337,
            1.38014852500003
          ],
          [
            104.003035612,
            1.38018374400001
          ],
          [
            104.002987607,
            1.38025802200003
          ],
          [
            104.002969033,
            1.38029226700006
          ],
          [
            104.002947999,
            1.38034026700006
          ],
          [
            104.002935236,
            1.38037822600006
          ],
          [
            104.002931291,
            1.38039038500006
          ],
          [
            104.002923041,
            1.38042793800001
          ],
          [
            104.002914791,
            1.38048795000003
          ],
          [
            104.002912559,
            1.38051419500005
          ],
          [
            104.002910443,
            1.38058628000003
          ],
          [
            104.002907667,
            1.38060750700002
          ],
          [
            104.0029031,
            1.38062597000004
          ],
          [
            104.002890776,
            1.38065415100003
          ],
          [
            104.002859181,
            1.38070623900005
          ],
          [
            104.00284783,
            1.38072827500003
          ],
          [
            104.00283699,
            1.38075567800006
          ],
          [
            104.002827639,
            1.38078504400004
          ],
          [
            104.002819686,
            1.38081665800007
          ],
          [
            104.002812985,
            1.38085109300005
          ],
          [
            104.002803894,
            1.38091915400003
          ],
          [
            104.002790234,
            1.381067506
          ],
          [
            104.002785593,
            1.38114718900003
          ],
          [
            104.002781759,
            1.38122786300004
          ],
          [
            104.002773765,
            1.38128425300004
          ],
          [
            104.002762969,
            1.38132027200004
          ],
          [
            104.002727885,
            1.38140706000006
          ],
          [
            104.002721398,
            1.38143140800003
          ],
          [
            104.002718556,
            1.38145372800006
          ],
          [
            104.002718429,
            1.38145896400004
          ],
          [
            104.002719913,
            1.38147910000004
          ],
          [
            104.002726917,
            1.38152324900006
          ],
          [
            104.002728031,
            1.38154058800007
          ],
          [
            104.002727588,
            1.38155029700004
          ],
          [
            104.002722709,
            1.38158143100004
          ],
          [
            104.002715806,
            1.38160961400006
          ],
          [
            104.002705756,
            1.38163749700004
          ],
          [
            104.002684737,
            1.38168048200003
          ],
          [
            104.002624035,
            1.38178242200008
          ],
          [
            104.002599827,
            1.38183031400007
          ],
          [
            104.002562092,
            1.38191970500002
          ],
          [
            104.00253905,
            1.38198345400002
          ],
          [
            104.002526106,
            1.38203408100002
          ],
          [
            104.002507859,
            1.38212486900006
          ],
          [
            104.002495105,
            1.38217236700006
          ],
          [
            104.002472074,
            1.38223207100004
          ],
          [
            104.002452011,
            1.38227400800001
          ],
          [
            104.002402349,
            1.38237072400005
          ],
          [
            104.002380534,
            1.38241837600004
          ],
          [
            104.002333397,
            1.38254509600006
          ],
          [
            104.002313462,
            1.38259227700008
          ],
          [
            104.00230425,
            1.38261120400005
          ],
          [
            104.002287754,
            1.38264218000005
          ],
          [
            104.002248659,
            1.38270494600005
          ],
          [
            104.002231486,
            1.38274103400005
          ],
          [
            104.002219913,
            1.38277921700005
          ],
          [
            104.00221117,
            1.38280567400006
          ],
          [
            104.002205359,
            1.38283312500003
          ],
          [
            104.002202248,
            1.38286060900002
          ],
          [
            104.002197216,
            1.38294003900006
          ],
          [
            104.002192912,
            1.38296676400006
          ],
          [
            104.002186423,
            1.38299231100006
          ],
          [
            104.002180253,
            1.38301283500005
          ],
          [
            104.002168098,
            1.38305009200008
          ],
          [
            104.002154896,
            1.38308470800006
          ],
          [
            104.002117955,
            1.38316455600006
          ],
          [
            104.002090373,
            1.38321622800003
          ],
          [
            104.002058752,
            1.38326800600004
          ],
          [
            104.002026397,
            1.38331559900007
          ],
          [
            104.001983283,
            1.38337477900005
          ],
          [
            104.001969927,
            1.38339291200002
          ],
          [
            104.001923205,
            1.38345626900001
          ],
          [
            104.001896086,
            1.38349003700007
          ],
          [
            104.001867164,
            1.38352098100006
          ],
          [
            104.001836087,
            1.38354872900004
          ],
          [
            104.001784698,
            1.38358200000004
          ],
          [
            104.001766421,
            1.38359799000005
          ],
          [
            104.001749762,
            1.38361996400004
          ],
          [
            104.001742227,
            1.38363274900007
          ],
          [
            104.00173572,
            1.38364777000003
          ],
          [
            104.001713823,
            1.38372573100001
          ],
          [
            104.001706747,
            1.38374332400001
          ],
          [
            104.001698426,
            1.38375778400006
          ],
          [
            104.00168856,
            1.38377071700005
          ],
          [
            104.001673176,
            1.38378979900005
          ],
          [
            104.001654387,
            1.38380718600005
          ],
          [
            104.001581932,
            1.38385730000003
          ],
          [
            104.001559701,
            1.38387207700003
          ],
          [
            104.001503374,
            1.38390538800008
          ],
          [
            104.001476113,
            1.38392550800007
          ],
          [
            104.001447093,
            1.38395301300004
          ],
          [
            104.001403794,
            1.38399819000005
          ],
          [
            104.001374533,
            1.38403190900004
          ],
          [
            104.001351465,
            1.38406318900007
          ],
          [
            104.001334947,
            1.38409186900004
          ],
          [
            104.00131787,
            1.38412551600005
          ],
          [
            104.001306106,
            1.38414869600006
          ],
          [
            104.001303701,
            1.38416120500005
          ],
          [
            104.001297186,
            1.38419510300002
          ],
          [
            104.001278567,
            1.38432316500006
          ],
          [
            104.001264012,
            1.38442291800004
          ],
          [
            104.001254131,
            1.38449137800006
          ],
          [
            104.001245594,
            1.38453091700006
          ],
          [
            104.001233287,
            1.38456217200007
          ],
          [
            104.001222808,
            1.38458461600003
          ],
          [
            104.001195642,
            1.38461286300002
          ],
          [
            104.001149989,
            1.38465274600002
          ],
          [
            104.001107862,
            1.38468274200005
          ],
          [
            104.00106235,
            1.38472142600005
          ],
          [
            104.001046977,
            1.38473940200003
          ],
          [
            104.001039721,
            1.38476111700004
          ],
          [
            104.001037994,
            1.38478912200002
          ],
          [
            104.001032188,
            1.38488309600007
          ],
          [
            104.001030229,
            1.38491381600005
          ],
          [
            104.001006513,
            1.38498210300003
          ],
          [
            104.000971177,
            1.38508565300003
          ],
          [
            104.000962064,
            1.38511252800003
          ],
          [
            104.000943578,
            1.38516708200007
          ],
          [
            104.000917792,
            1.38524314400006
          ],
          [
            104.000884951,
            1.38534767200002
          ],
          [
            104.000847899,
            1.38546787500006
          ],
          [
            104.00084304,
            1.38548285300005
          ],
          [
            104.000825053,
            1.38552561100004
          ],
          [
            104.00078305,
            1.38562235300003
          ],
          [
            104.000756772,
            1.38568269000006
          ],
          [
            104.0007247,
            1.38575633400006
          ],
          [
            104.000682824,
            1.38585249300007
          ],
          [
            104.000664256,
            1.38589513000005
          ],
          [
            104.000633265,
            1.38596628900005
          ],
          [
            104.000595942,
            1.38605194300002
          ],
          [
            104.000572861,
            1.38610262300005
          ],
          [
            104.000545359,
            1.38615561000006
          ],
          [
            104.000526941,
            1.38618822900003
          ],
          [
            104.000506058,
            1.38622325400007
          ],
          [
            104.000493779,
            1.38624364500003
          ],
          [
            104.000480489,
            1.38626115600004
          ],
          [
            104.000469794,
            1.38626937600002
          ],
          [
            104.000409357,
            1.38630909100003
          ],
          [
            104.000368793,
            1.38633539300002
          ],
          [
            104.000343554,
            1.38635499600001
          ],
          [
            104.000325561,
            1.38638025100004
          ],
          [
            104.000126185,
            1.38669006700006
          ],
          [
            104.000011309,
            1.38686911100006
          ],
          [
            103.999976796,
            1.38692271400003
          ],
          [
            103.999822873,
            1.38716000100005
          ],
          [
            103.99975425,
            1.38726583800007
          ],
          [
            103.999722951,
            1.38731411100001
          ],
          [
            103.999629488,
            1.38745826000005
          ],
          [
            103.999555541,
            1.38757258300006
          ],
          [
            103.999491245,
            1.38767207500007
          ],
          [
            103.999429961,
            1.38776691400004
          ],
          [
            103.999367758,
            1.38786317200003
          ],
          [
            103.999069888,
            1.38832269600004
          ],
          [
            103.999039204,
            1.38836988800006
          ],
          [
            103.99894886,
            1.38850850300002
          ],
          [
            103.998892994,
            1.38859362200004
          ],
          [
            103.998876533,
            1.38861869900005
          ],
          [
            103.998854678,
            1.38865198800004
          ],
          [
            103.998833026,
            1.38868498600004
          ],
          [
            103.998802993,
            1.38872954500006
          ],
          [
            103.998775054,
            1.38876985300004
          ],
          [
            103.99875107,
            1.38880423300003
          ],
          [
            103.998733513,
            1.38882867400002
          ],
          [
            103.998715364,
            1.38885233700004
          ],
          [
            103.998684567,
            1.38889147900004
          ],
          [
            103.998652393,
            1.38893158800005
          ],
          [
            103.998634333,
            1.38895338300005
          ],
          [
            103.998590296,
            1.38900306100004
          ],
          [
            103.998569811,
            1.38902292700003
          ],
          [
            103.998549589,
            1.38904253700002
          ],
          [
            103.998522449,
            1.38906885500005
          ],
          [
            103.998493025,
            1.38910713600007
          ],
          [
            103.998457244,
            1.38915077000006
          ],
          [
            103.998411827,
            1.38919513100005
          ],
          [
            103.99839455,
            1.38921004300004
          ],
          [
            103.998351529,
            1.38924223000003
          ],
          [
            103.998313313,
            1.38926885400001
          ],
          [
            103.998263531,
            1.38930354400002
          ],
          [
            103.998179594,
            1.38936112700003
          ],
          [
            103.998141426,
            1.38938276400006
          ],
          [
            103.998094752,
            1.38940501200005
          ],
          [
            103.998029369,
            1.38943573300003
          ],
          [
            103.997992584,
            1.38945302200005
          ],
          [
            103.997943712,
            1.38947598500004
          ],
          [
            103.997896701,
            1.38949807600006
          ],
          [
            103.997840981,
            1.38952413900005
          ],
          [
            103.997795582,
            1.38954436000006
          ],
          [
            103.997731247,
            1.38957149200007
          ],
          [
            103.997691298,
            1.38958731500003
          ],
          [
            103.997631007,
            1.38960828900002
          ],
          [
            103.997566822,
            1.38962865600007
          ],
          [
            103.997498234,
            1.38964739500005
          ],
          [
            103.997454741,
            1.38965853700004
          ],
          [
            103.997379244,
            1.38967501900004
          ],
          [
            103.99729673,
            1.38969084100005
          ],
          [
            103.997203582,
            1.38970653600006
          ],
          [
            103.997079078,
            1.38972390500003
          ],
          [
            103.996962184,
            1.38974020600005
          ],
          [
            103.996861012,
            1.38975310100005
          ],
          [
            103.996726404,
            1.38976559800006
          ],
          [
            103.996610203,
            1.38977774600004
          ],
          [
            103.996502181,
            1.38979029500006
          ],
          [
            103.996449093,
            1.38979646300005
          ],
          [
            103.996387425,
            1.38980362600005
          ],
          [
            103.996341978,
            1.38980890400007
          ],
          [
            103.996317495,
            1.38981407100004
          ],
          [
            103.996286419,
            1.38985289400004
          ],
          [
            103.996265471,
            1.38987852200007
          ],
          [
            103.996245498,
            1.38989786400002
          ],
          [
            103.996231801,
            1.38990530400002
          ],
          [
            103.996194115,
            1.38991865400003
          ],
          [
            103.996152823,
            1.38993154200005
          ],
          [
            103.996106416,
            1.38994602500003
          ],
          [
            103.996052539,
            1.38996283500007
          ],
          [
            103.996002191,
            1.38997854900003
          ],
          [
            103.9959874,
            1.38998310600004
          ],
          [
            103.995955388,
            1.38999321000005
          ],
          [
            103.995896607,
            1.39001184100004
          ],
          [
            103.995842391,
            1.39002740800004
          ],
          [
            103.995780837,
            1.39003557600007
          ],
          [
            103.995741414,
            1.39004056700002
          ],
          [
            103.995684206,
            1.39004674600006
          ],
          [
            103.99562022,
            1.39004104600002
          ],
          [
            103.995582834,
            1.39003455400007
          ],
          [
            103.995546335,
            1.39002551500003
          ],
          [
            103.995499505,
            1.39001281000004
          ],
          [
            103.995435256,
            1.38999775900004
          ],
          [
            103.995407904,
            1.38999307800004
          ],
          [
            103.995344042,
            1.38999375300005
          ],
          [
            103.995290029,
            1.38999493100004
          ],
          [
            103.995229738,
            1.38999624700004
          ],
          [
            103.995178693,
            1.39000145700003
          ],
          [
            103.995116724,
            1.39000922400003
          ],
          [
            103.995073682,
            1.39001733500003
          ],
          [
            103.995044642,
            1.39002980100003
          ],
          [
            103.995019654,
            1.39004458900008
          ],
          [
            103.994983137,
            1.39006721700001
          ],
          [
            103.994932116,
            1.39009535800004
          ],
          [
            103.994913066,
            1.39010274600003
          ],
          [
            103.994867642,
            1.39012100900003
          ],
          [
            103.994848341,
            1.39012933700006
          ],
          [
            103.994817214,
            1.39015205100002
          ],
          [
            103.99474536,
            1.39020170200007
          ],
          [
            103.994706944,
            1.39022420200008
          ],
          [
            103.994671673,
            1.39024604000001
          ],
          [
            103.994646863,
            1.39026398800005
          ],
          [
            103.994622706,
            1.39029245000005
          ],
          [
            103.994597807,
            1.39032246500005
          ],
          [
            103.994570858,
            1.39035152400004
          ],
          [
            103.994558744,
            1.39036276100006
          ],
          [
            103.994540778,
            1.39037758700005
          ],
          [
            103.994518744,
            1.39038996900008
          ],
          [
            103.994490819,
            1.39040057300002
          ],
          [
            103.994466151,
            1.39040569000003
          ],
          [
            103.99444656,
            1.39041103800002
          ],
          [
            103.994399699,
            1.39041931900003
          ],
          [
            103.994349638,
            1.39042562000003
          ],
          [
            103.994307926,
            1.39042823200003
          ],
          [
            103.99426032,
            1.39042747900003
          ],
          [
            103.99419393,
            1.39042180700007
          ],
          [
            103.994181491,
            1.39042016400003
          ],
          [
            103.994137247,
            1.39041311500006
          ],
          [
            103.994090026,
            1.39040380800002
          ],
          [
            103.994044279,
            1.39039510900005
          ],
          [
            103.994000607,
            1.39038739000005
          ],
          [
            103.993966865,
            1.39038183000003
          ],
          [
            103.993941517,
            1.39037862200007
          ],
          [
            103.99391057,
            1.39037606100004
          ],
          [
            103.993885135,
            1.39037849000004
          ],
          [
            103.993858523,
            1.39038372200002
          ],
          [
            103.993818922,
            1.39040071400007
          ],
          [
            103.993811788,
            1.39040506300006
          ],
          [
            103.993781447,
            1.39042348500003
          ],
          [
            103.993718719,
            1.39046527400006
          ],
          [
            103.993673369,
            1.39049249500003
          ],
          [
            103.993646826,
            1.39050653800007
          ],
          [
            103.993624371,
            1.39051464000004
          ],
          [
            103.993574955,
            1.39052717900005
          ],
          [
            103.993543084,
            1.39053407400006
          ],
          [
            103.993521367,
            1.39053885000004
          ],
          [
            103.993483869,
            1.39054862800003
          ],
          [
            103.993430642,
            1.39056419700008
          ],
          [
            103.993360569,
            1.39058823000004
          ],
          [
            103.993322141,
            1.39060449500005
          ],
          [
            103.993281295,
            1.39062486700004
          ],
          [
            103.993234253,
            1.39064998700008
          ],
          [
            103.993224214,
            1.39065588800002
          ],
          [
            103.993149512,
            1.39069970400003
          ],
          [
            103.993091978,
            1.39073257300003
          ],
          [
            103.993059273,
            1.39074963400003
          ],
          [
            103.993056765,
            1.39075079000003
          ],
          [
            103.993032023,
            1.39076220400005
          ],
          [
            103.993007553,
            1.39077151700006
          ],
          [
            103.992973279,
            1.39077891100006
          ],
          [
            103.992833746,
            1.39081248600007
          ],
          [
            103.992824723,
            1.39081490500007
          ],
          [
            103.992769718,
            1.39082918300006
          ],
          [
            103.992695951,
            1.39084728200003
          ],
          [
            103.992669472,
            1.39085244900001
          ],
          [
            103.992622433,
            1.39086146000006
          ],
          [
            103.992588566,
            1.39086729400003
          ],
          [
            103.992539139,
            1.39087568700005
          ],
          [
            103.992535886,
            1.39087626600004
          ],
          [
            103.992506128,
            1.39088383000005
          ],
          [
            103.992441009,
            1.39090593400003
          ],
          [
            103.992419503,
            1.39091511000004
          ],
          [
            103.992412233,
            1.39091842200002
          ],
          [
            103.992342437,
            1.39095303400006
          ],
          [
            103.992291159,
            1.39098246000002
          ],
          [
            103.992286932,
            1.39098492800002
          ],
          [
            103.992250606,
            1.39100737300002
          ],
          [
            103.99219625,
            1.39104239700003
          ],
          [
            103.992162961,
            1.39106435500001
          ],
          [
            103.992150043,
            1.39107211700002
          ],
          [
            103.992085777,
            1.39110465000004
          ],
          [
            103.992079689,
            1.39110747800003
          ],
          [
            103.992022973,
            1.39113287600002
          ],
          [
            103.991933375,
            1.39116702400002
          ],
          [
            103.991893317,
            1.39118000200005
          ],
          [
            103.991849698,
            1.39119342800006
          ],
          [
            103.991754354,
            1.39122247600005
          ],
          [
            103.991712271,
            1.39123594800002
          ],
          [
            103.991600016,
            1.39127374600001
          ],
          [
            103.991516364,
            1.39130192500005
          ],
          [
            103.991476005,
            1.39131538000004
          ],
          [
            103.991424779,
            1.39133076400003
          ],
          [
            103.991420671,
            1.39133191200006
          ],
          [
            103.991275148,
            1.39137021700003
          ],
          [
            103.991216903,
            1.39138360500005
          ],
          [
            103.991180662,
            1.39139081100007
          ],
          [
            103.991140434,
            1.39139900300006
          ],
          [
            103.991063789,
            1.39141486400005
          ],
          [
            103.991003508,
            1.39142670000007
          ],
          [
            103.990949302,
            1.39143340200007
          ],
          [
            103.990895111,
            1.39143688600006
          ],
          [
            103.990823808,
            1.39144864900004
          ],
          [
            103.990772874,
            1.39145933700008
          ],
          [
            103.990706569,
            1.39147358700007
          ],
          [
            103.990687294,
            1.39148119200007
          ],
          [
            103.990682015,
            1.39148237700004
          ],
          [
            103.990651434,
            1.39150361000001
          ],
          [
            103.99062783,
            1.39152849600004
          ],
          [
            103.990600161,
            1.39155602900007
          ],
          [
            103.990582254,
            1.39157050100003
          ],
          [
            103.990555355,
            1.39158887200005
          ],
          [
            103.990535564,
            1.39159810800003
          ],
          [
            103.990501914,
            1.39160971700005
          ],
          [
            103.990468461,
            1.39161765700003
          ],
          [
            103.990421107,
            1.39163000500003
          ],
          [
            103.990396345,
            1.39163910900003
          ],
          [
            103.990354924,
            1.39165533600003
          ],
          [
            103.990174184,
            1.39172371700003
          ],
          [
            103.99014796,
            1.39173328300007
          ],
          [
            103.990122918,
            1.39174244700007
          ],
          [
            103.990014226,
            1.39178364900002
          ],
          [
            103.989978369,
            1.39179479200003
          ],
          [
            103.989927161,
            1.39181831700006
          ],
          [
            103.989917054,
            1.39185617900005
          ],
          [
            103.989900577,
            1.39188481700004
          ],
          [
            103.989871349,
            1.39190609000001
          ],
          [
            103.989842617,
            1.39191573500005
          ],
          [
            103.989826244,
            1.39192137600004
          ],
          [
            103.989799333,
            1.39191709800001
          ],
          [
            103.989757053,
            1.39190099500007
          ],
          [
            103.989682291,
            1.39185913300002
          ],
          [
            103.989650687,
            1.39183506200003
          ],
          [
            103.989628384,
            1.39181094900002
          ],
          [
            103.989611103,
            1.39178217300003
          ],
          [
            103.989600893,
            1.39175037000007
          ],
          [
            103.989592202,
            1.39170152300004
          ],
          [
            103.989457041,
            1.39173233900004
          ],
          [
            103.989269945,
            1.39136654500004
          ],
          [
            103.989070224,
            1.39139813400003
          ],
          [
            103.989031936,
            1.39141860600006
          ],
          [
            103.989010348,
            1.39139042500006
          ],
          [
            103.988984981,
            1.39136563900008
          ],
          [
            103.988956355,
            1.39134475400003
          ],
          [
            103.988681694,
            1.39121780400007
          ],
          [
            103.988598834,
            1.39115296700003
          ],
          [
            103.988562623,
            1.39111080000002
          ]
        ]
      },
      "properties": {
        "OBJECTID": 69,
        "pcn_loop": "Eastern Coastal Loop",
        "pcn": "Changi Beach Park",
        "descriptionHTML": "One of the oldest coastal parks in Singapore, Changi Beach Park still retains a kampong ambience. With stretches of pristine white beaches dotted with coconut palms, BBQ pits, park benches and shelters, the park is a great place for families to gather for swimming, picnics and barbeques. Fitness enthusiasts can jog and cycle along the winding tracks. Alternatively, experience seafront dining at a bistro in the park or at the nearby Changi Village and enjoy the gentle sea breeze and the sound of rolling waves as you dine. Approximately 3.3km long, Changi Beach Park stretches from Changi Point to Changi Ferry Terminal and overlooks Pulau Ubin.",
        "address": "",
        "Shape__Length": 3376.268013231147
      }
    },
    {
      "type": "Feature",
      "id": 162,
      "geometry": {
        "type": "LineString",
        "coordinates": [
          [
            103.869038848,
            1.30504179100006
          ],
          [
            103.869038707,
            1.30503757100007
          ],
          [
            103.869040191,
            1.30503458500004
          ],
          [
            103.869043043,
            1.30502930200004
          ],
          [
            103.869044983,
            1.30502539700007
          ],
          [
            103.86904795,
            1.30501999800004
          ],
          [
            103.869058282,
            1.30500262900005
          ],
          [
            103.869069674,
            1.30498347500001
          ],
          [
            103.869082373,
            1.30496212400003
          ],
          [
            103.869091219,
            1.30494725200003
          ],
          [
            103.869102744,
            1.30492787300006
          ],
          [
            103.869111289,
            1.30491350700004
          ],
          [
            103.86912409,
            1.30489198600003
          ],
          [
            103.869160385,
            1.30484351200005
          ],
          [
            103.869199183,
            1.30477919300005
          ],
          [
            103.869234558,
            1.30473210200005
          ],
          [
            103.869282486,
            1.30467237700001
          ],
          [
            103.869321284,
            1.30461265100007
          ],
          [
            103.869363507,
            1.30455177800006
          ],
          [
            103.8693966,
            1.30451502400007
          ],
          [
            103.869453657,
            1.30447827000005
          ],
          [
            103.869555219,
            1.30442313800006
          ],
          [
            103.869639664,
            1.30440016600003
          ],
          [
            103.869748074,
            1.30439442200002
          ],
          [
            103.869840888,
            1.30440628900003
          ],
          [
            103.869860288,
            1.30441126600004
          ],
          [
            103.869897566,
            1.30441662500004
          ],
          [
            103.86994093,
            1.30443461800007
          ],
          [
            103.869968698,
            1.30444916600004
          ],
          [
            103.869992282,
            1.30446448000003
          ],
          [
            103.870012443,
            1.30447481600003
          ],
          [
            103.870028039,
            1.30448630100006
          ],
          [
            103.870049341,
            1.30450238100003
          ],
          [
            103.870079291,
            1.30453121800003
          ],
          [
            103.870107479,
            1.30455835700007
          ],
          [
            103.870136451,
            1.30458660700003
          ],
          [
            103.870172613,
            1.30462140100002
          ],
          [
            103.870201596,
            1.30464928800005
          ],
          [
            103.870227363,
            1.30467542600008
          ],
          [
            103.87025074,
            1.30469785000001
          ],
          [
            103.870276461,
            1.30472252400006
          ],
          [
            103.870314093,
            1.30476654300003
          ],
          [
            103.87036012,
            1.30481899200003
          ],
          [
            103.870397779,
            1.30485536200007
          ],
          [
            103.870430873,
            1.30489173200005
          ],
          [
            103.870470629,
            1.30492667300006
          ],
          [
            103.870508853,
            1.30496447300004
          ],
          [
            103.870558304,
            1.30501232700004
          ],
          [
            103.870597865,
            1.30505061200007
          ],
          [
            103.87063172,
            1.30508200500002
          ],
          [
            103.870663291,
            1.30510880400004
          ],
          [
            103.870694864,
            1.30513330600007
          ],
          [
            103.870743934,
            1.30517350400004
          ],
          [
            103.870799851,
            1.30520642800001
          ],
          [
            103.870849682,
            1.30523743800007
          ],
          [
            103.870912903,
            1.30526317000004
          ],
          [
            103.870946978,
            1.30527474000009
          ],
          [
            103.871013737,
            1.30529007200005
          ],
          [
            103.87108674,
            1.30529867000007
          ],
          [
            103.871148739,
            1.30530483800003
          ],
          [
            103.871195897,
            1.30530952900005
          ],
          [
            103.871225822,
            1.30531205300002
          ],
          [
            103.871264,
            1.30530364400004
          ],
          [
            103.871292908,
            1.30529637000005
          ],
          [
            103.871326383,
            1.30528373500005
          ],
          [
            103.871350252,
            1.30527167800005
          ],
          [
            103.871378379,
            1.30525747000007
          ],
          [
            103.871407722,
            1.30524264800005
          ],
          [
            103.871438012,
            1.30522734700003
          ],
          [
            103.871469787,
            1.30520639700005
          ],
          [
            103.871509727,
            1.30518036300003
          ],
          [
            103.871552709,
            1.30515088300006
          ],
          [
            103.871599497,
            1.30509115800003
          ],
          [
            103.871632376,
            1.30504061300007
          ],
          [
            103.871655412,
            1.30499736000007
          ],
          [
            103.871680136,
            1.30495103400006
          ],
          [
            103.871703339,
            1.30490509200005
          ],
          [
            103.871777805,
            1.30465864300002
          ],
          [
            103.871819458,
            1.30448457400006
          ],
          [
            103.871886021,
            1.30425486500006
          ],
          [
            103.872019152,
            1.30398686900002
          ],
          [
            103.872237868,
            1.30359444500004
          ],
          [
            103.872428054,
            1.30321159400004
          ],
          [
            103.872627751,
            1.30281917200004
          ],
          [
            103.872846466,
            1.30243631900004
          ],
          [
            103.87313175,
            1.30206303800002
          ],
          [
            103.873508957,
            1.30159404200003
          ],
          [
            103.87392027,
            1.30113831800003
          ],
          [
            103.874274023,
            1.30084830400007
          ],
          [
            103.874562161,
            1.30063869000003
          ],
          [
            103.874816064,
            1.30040323400003
          ],
          [
            103.87499294,
            1.30024243500002
          ],
          [
            103.875129878,
            1.30014767800003
          ],
          [
            103.875406604,
            1.29994667800002
          ],
          [
            103.875512159,
            1.29986627800001
          ],
          [
            103.875677627,
            1.29986053200001
          ],
          [
            103.875811712,
            1.29988062900002
          ],
          [
            103.875898848,
            1.29992337300006
          ],
          [
            103.876003423,
            1.29997467200006
          ],
          [
            103.876224521,
            1.29996509600004
          ],
          [
            103.876369542,
            1.29993638000002
          ],
          [
            103.876493167,
            1.29988852300004
          ],
          [
            103.876652452,
            1.29983348500001
          ],
          [
            103.87676419,
            1.29983348300004
          ],
          [
            103.876868796,
            1.29985741000008
          ],
          [
            103.877239674,
            1.30002489900005
          ],
          [
            103.877746066,
            1.30027374200006
          ],
          [
            103.877879202,
            1.30034552400002
          ],
          [
            103.877976675,
            1.30036466500006
          ],
          [
            103.8778578,
            1.30005838800002
          ],
          [
            103.877760322,
            1.29981432400008
          ],
          [
            103.877655711,
            1.29952240300003
          ],
          [
            103.87757456,
            1.29934326400006
          ],
          [
            103.877450929,
            1.29903698700002
          ],
          [
            103.877227906,
            1.298455368
          ],
          [
            103.877154617,
            1.29825510200004
          ],
          [
            103.877108713,
            1.29812966900005
          ]
        ]
      },
      "properties": {
        "OBJECTID": 162,
        "pcn_loop": "Eastern Coastal Loop",
        "pcn": "Stadium Park Connector",
        "descriptionHTML": "",
        "address": "",
        "Shape__Length": 1665.6474671156059
      }
    },
    {
      "type": "Feature",
      "id": 163,
      "geometry": {
        "type": "LineString",
        "coordinates": [
          [
            103.86660644,
            1.29407466100001
          ],
          [
            103.866789563,
            1.29413082700006
          ],
          [
            103.867030278,
            1.29417749800008
          ],
          [
            103.867209795,
            1.29421230300004
          ],
          [
            103.867443717,
            1.29425765600007
          ],
          [
            103.867601772,
            1.29428837200003
          ],
          [
            103.867801348,
            1.29432730800005
          ],
          [
            103.86803064,
            1.29437204200002
          ],
          [
            103.868145065,
            1.29439436600006
          ],
          [
            103.868197764,
            1.29440464700003
          ],
          [
            103.868226991,
            1.29441035000002
          ],
          [
            103.868257236,
            1.29441625000005
          ],
          [
            103.868274508,
            1.29440416200003
          ],
          [
            103.868302131,
            1.29436049900005
          ],
          [
            103.868308787,
            1.29430690000004
          ],
          [
            103.868316395,
            1.29427627300003
          ],
          [
            103.868339872,
            1.29416066700003
          ],
          [
            103.868362693,
            1.29403509300005
          ],
          [
            103.868379429,
            1.29394014600007
          ],
          [
            103.868398234,
            1.29385094800005
          ],
          [
            103.868416396,
            1.29373142700005
          ],
          [
            103.868536217,
            1.29376128700004
          ],
          [
            103.868586999,
            1.29381641700006
          ],
          [
            103.868618952,
            1.29386408100003
          ],
          [
            103.868603623,
            1.29403478200005
          ],
          [
            103.86872836,
            1.29412229200006
          ],
          [
            103.868840149,
            1.29412728700003
          ],
          [
            103.868908618,
            1.29415025600003
          ],
          [
            103.868977088,
            1.29419045400003
          ],
          [
            103.869087625,
            1.29415393200002
          ],
          [
            103.86940848,
            1.29407756000004
          ],
          [
            103.869596718,
            1.29399843000004
          ],
          [
            103.869921735,
            1.29401697000003
          ],
          [
            103.870290901,
            1.29407964500007
          ],
          [
            103.870611548,
            1.29416050900005
          ],
          [
            103.870825772,
            1.29423730100006
          ],
          [
            103.871040472,
            1.29431426400004
          ],
          [
            103.871428844,
            1.29438005300005
          ],
          [
            103.871846025,
            1.29440386300007
          ],
          [
            103.872089541,
            1.29439984900005
          ],
          [
            103.872349726,
            1.29438690000007
          ],
          [
            103.872457308,
            1.29438415300006
          ],
          [
            103.872689752,
            1.29439705700003
          ],
          [
            103.872959729,
            1.29440909900006
          ],
          [
            103.873107706,
            1.29441501700006
          ],
          [
            103.873233587,
            1.29442009900002
          ],
          [
            103.873327761,
            1.29442858400005
          ],
          [
            103.873450553,
            1.29432239900006
          ],
          [
            103.873669391,
            1.29424186700004
          ],
          [
            103.87378158,
            1.29418498000007
          ],
          [
            103.873946346,
            1.29410191300002
          ],
          [
            103.874180735,
            1.29393769500007
          ],
          [
            103.874414668,
            1.29370798300005
          ],
          [
            103.874705656,
            1.29339787000004
          ],
          [
            103.875047996,
            1.29304755800007
          ],
          [
            103.875241988,
            1.29288101600002
          ],
          [
            103.87553298,
            1.29277764300001
          ],
          [
            103.875863915,
            1.29285229200001
          ],
          [
            103.876086443,
            1.29304754100002
          ],
          [
            103.876240504,
            1.29338635900006
          ],
          [
            103.876428801,
            1.29379983300002
          ],
          [
            103.876685567,
            1.29417310600006
          ],
          [
            103.876938559,
            1.29440694300006
          ],
          [
            103.87719909,
            1.29448320300003
          ],
          [
            103.877655551,
            1.29452339400006
          ],
          [
            103.878066367,
            1.29455210100002
          ],
          [
            103.878636943,
            1.29458080500006
          ],
          [
            103.879378692,
            1.29460376200007
          ],
          [
            103.880069089,
            1.29463246300003
          ],
          [
            103.880622547,
            1.29463819600004
          ],
          [
            103.881204536,
            1.29466689800007
          ],
          [
            103.881643879,
            1.29467837500004
          ],
          [
            103.882088929,
            1.29469559500005
          ],
          [
            103.88232857,
            1.29467261900002
          ],
          [
            103.882613858,
            1.29466687100005
          ],
          [
            103.883278686,
            1.29470447200004
          ],
          [
            103.883748304,
            1.29470878600005
          ],
          [
            103.884138756,
            1.29467132900004
          ],
          [
            103.884707309,
            1.29458932700004
          ],
          [
            103.885183224,
            1.29456160100006
          ],
          [
            103.885326784,
            1.29465367500005
          ],
          [
            103.885606782,
            1.29471720400004
          ],
          [
            103.886679005,
            1.29470041600006
          ],
          [
            103.887042987,
            1.29467672400004
          ],
          [
            103.887441243,
            1.29464242000005
          ],
          [
            103.888037235,
            1.29457999700003
          ],
          [
            103.888116298,
            1.29457115200006
          ],
          [
            103.88891522,
            1.29449589000007
          ],
          [
            103.889028565,
            1.29448893000005
          ],
          [
            103.889746541,
            1.294445003
          ],
          [
            103.890116989,
            1.29444485900006
          ],
          [
            103.890530433,
            1.29448321200004
          ],
          [
            103.891228312,
            1.29457323200006
          ],
          [
            103.892034834,
            1.29471097400004
          ],
          [
            103.892900047,
            1.29487784900005
          ],
          [
            103.893967333,
            1.29500757800001
          ],
          [
            103.89463501,
            1.29507781800005
          ],
          [
            103.895273643,
            1.29514566000007
          ],
          [
            103.895519774,
            1.29516963600003
          ],
          [
            103.895741167,
            1.29521765000004
          ],
          [
            103.89590873,
            1.29526280500004
          ],
          [
            103.896147634,
            1.29533163800004
          ],
          [
            103.896620435,
            1.29547434600004
          ],
          [
            103.896837018,
            1.29552806100003
          ],
          [
            103.897015333,
            1.29556320900002
          ],
          [
            103.897142619,
            1.29556947300005
          ],
          [
            103.897395938,
            1.29555709700003
          ],
          [
            103.897706727,
            1.29558330400005
          ],
          [
            103.897998296,
            1.29564304200005
          ],
          [
            103.898220171,
            1.29569169600006
          ],
          [
            103.898341299,
            1.29571902500003
          ],
          [
            103.89863878,
            1.29581899700004
          ],
          [
            103.898765967,
            1.29587583400007
          ],
          [
            103.898961736,
            1.29595999300004
          ],
          [
            103.899172054,
            1.29605317600004
          ],
          [
            103.899304799,
            1.29611125400004
          ],
          [
            103.899431347,
            1.29615972800001
          ],
          [
            103.899611181,
            1.29620430000004
          ],
          [
            103.899722318,
            1.29620988300006
          ],
          [
            103.900121423,
            1.29619696900005
          ],
          [
            103.90039232,
            1.29622491500004
          ],
          [
            103.900628669,
            1.29631373000007
          ],
          [
            103.900829074,
            1.29639028900003
          ],
          [
            103.901040173,
            1.29646212700003
          ],
          [
            103.901470744,
            1.29662617100007
          ],
          [
            103.901882761,
            1.29678887300001
          ],
          [
            103.90252372,
            1.29696507400007
          ],
          [
            103.903009179,
            1.29714248100003
          ],
          [
            103.903237022,
            1.29721470700004
          ],
          [
            103.903584508,
            1.29729373000002
          ],
          [
            103.904012791,
            1.29737898500002
          ],
          [
            103.904315437,
            1.29745345900006
          ],
          [
            103.904459121,
            1.29754285600007
          ],
          [
            103.90461556,
            1.29767427900003
          ],
          [
            103.904771806,
            1.29779748500003
          ],
          [
            103.904954461,
            1.29788426800008
          ],
          [
            103.905399414,
            1.29799156100005
          ],
          [
            103.905890183,
            1.29808504400007
          ],
          [
            103.906282611,
            1.29823784300004
          ],
          [
            103.906705865,
            1.29840074500003
          ],
          [
            103.907053443,
            1.29847951600005
          ],
          [
            103.907214293,
            1.29855687800006
          ],
          [
            103.907344362,
            1.29860442400006
          ],
          [
            103.907465097,
            1.29862119600005
          ],
          [
            103.907843811,
            1.29864015700003
          ],
          [
            103.908228734,
            1.29863466300003
          ],
          [
            103.908471132,
            1.29859574100006
          ],
          [
            103.908681525,
            1.29860986100004
          ],
          [
            103.908932817,
            1.29868388000005
          ],
          [
            103.909249474,
            1.29882365300005
          ],
          [
            103.909446264,
            1.29893514500002
          ],
          [
            103.909642451,
            1.29903814000005
          ],
          [
            103.90970699,
            1.29907039700004
          ],
          [
            103.910045653,
            1.29924831500005
          ],
          [
            103.910284292,
            1.29935895500005
          ],
          [
            103.910429146,
            1.29941172500002
          ],
          [
            103.91053795,
            1.29944798800005
          ],
          [
            103.91076269,
            1.29951448100008
          ],
          [
            103.910919681,
            1.29958265700001
          ],
          [
            103.911029826,
            1.29971999200005
          ],
          [
            103.911134687,
            1.29979713700003
          ],
          [
            103.911334037,
            1.29984066400005
          ],
          [
            103.911456049,
            1.29985721200005
          ],
          [
            103.911756833,
            1.29996204900006
          ],
          [
            103.911925142,
            1.30002950600005
          ],
          [
            103.912055585,
            1.30008025300003
          ],
          [
            103.912427741,
            1.30022729600005
          ],
          [
            103.912535371,
            1.30026645900005
          ],
          [
            103.912615738,
            1.30032093300001
          ],
          [
            103.912811175,
            1.30047228400001
          ],
          [
            103.91304737,
            1.30057117000006
          ],
          [
            103.913264433,
            1.30062182300002
          ],
          [
            103.913411098,
            1.30066700400004
          ],
          [
            103.913565463,
            1.30073398800003
          ],
          [
            103.913754643,
            1.30085735800002
          ],
          [
            103.913891356,
            1.30088722600003
          ],
          [
            103.914074278,
            1.30091404500006
          ],
          [
            103.914330219,
            1.30095407800006
          ],
          [
            103.914594819,
            1.30100861000004
          ],
          [
            103.914747031,
            1.30103814500005
          ],
          [
            103.914960255,
            1.30102747000007
          ],
          [
            103.915140718,
            1.30102717300001
          ],
          [
            103.915239359,
            1.30105349300003
          ],
          [
            103.915424083,
            1.30114075700004
          ],
          [
            103.915543182,
            1.30125963100005
          ],
          [
            103.915687388,
            1.30136954800002
          ],
          [
            103.915835744,
            1.30149369300006
          ],
          [
            103.91596834,
            1.30156109400002
          ],
          [
            103.916194225,
            1.30166169000007
          ],
          [
            103.916568912,
            1.30179067500006
          ],
          [
            103.916789153,
            1.30187742800006
          ],
          [
            103.917173907,
            1.30198730100005
          ],
          [
            103.917525626,
            1.30205842400004
          ],
          [
            103.917876796,
            1.30215374000004
          ],
          [
            103.918215877,
            1.30223826400004
          ],
          [
            103.918439198,
            1.30230086400008
          ],
          [
            103.918695252,
            1.30241381900003
          ],
          [
            103.918994626,
            1.30260431400004
          ]
        ]
      },
      "properties": {
        "OBJECTID": 163,
        "pcn_loop": "Eastern Coastal Loop",
        "pcn": "East Coast Park",
        "descriptionHTML": "East Coast Park is one of Singapore's most treasured urban getaways, offering a exciting diversity of recreational, sporting and dining activities. With the theme “Recreation for All”, the park has an activity for everyone.",
        "address": "",
        "Shape__Length": 6283.186688634898
      }
    },
    {
      "type": "Feature",
      "id": 169,
      "geometry": {
        "type": "LineString",
        "coordinates": [
          [
            103.949384614,
            1.33355856500002
          ],
          [
            103.94945066,
            1.33345963200001
          ],
          [
            103.949488965,
            1.33340225600005
          ],
          [
            103.949534859,
            1.33333351100004
          ],
          [
            103.949572543,
            1.33327706100004
          ],
          [
            103.949617295,
            1.33321002800005
          ],
          [
            103.949660625,
            1.33314512200007
          ],
          [
            103.949696106,
            1.33309197400007
          ],
          [
            103.949745442,
            1.33301807200007
          ],
          [
            103.949791625,
            1.33295162200004
          ],
          [
            103.949832705,
            1.33289132200002
          ],
          [
            103.949889024,
            1.33280638800006
          ],
          [
            103.949973666,
            1.33267909500007
          ],
          [
            103.950039947,
            1.33257904300007
          ],
          [
            103.950109301,
            1.33247435200002
          ],
          [
            103.950167242,
            1.33238688900002
          ],
          [
            103.950222423,
            1.33230359100003
          ],
          [
            103.950342605,
            1.33212581300007
          ],
          [
            103.950430759,
            1.33199541000004
          ],
          [
            103.950599034,
            1.33174648700002
          ],
          [
            103.950710862,
            1.33158106500001
          ],
          [
            103.950830159,
            1.33140459500004
          ],
          [
            103.950910316,
            1.33128602200003
          ],
          [
            103.951026922,
            1.33111353100001
          ],
          [
            103.951124557,
            1.33097805500007
          ],
          [
            103.951276974,
            1.33074364000003
          ],
          [
            103.95133328,
            1.33065039500001
          ],
          [
            103.951693647,
            1.33010509700005
          ],
          [
            103.951659883,
            1.33008314900006
          ],
          [
            103.951761182,
            1.32990841500003
          ]
        ]
      },
      "properties": {
        "OBJECTID": 169,
        "pcn_loop": "Eastern Coastal Loop",
        "pcn": "Bedok Park Connector",
        "descriptionHTML": "Starting at Bedok Reservoir Park near Jalan Lembah Bedok, Bedok Park Connector ends at the underpass behind Bedok Camp, in the direction of East Coast Park. Here, you can enjoy scenic views of Bedok Reservoir along the park connector, which also provides an alternative route linking you to East Coast Park from Bedok Reservoir Park or vice versa. Our Park Connector Network Pit Stop at East Coast Park Area G offers you two recreational options – cycling or roller blading.",
        "address": "",
        "Shape__Length": 489.54298026682454
      }
    },
    {
      "type": "Feature",
      "id": 227,
      "geometry": {
        "type": "LineString",
        "coordinates": [
          [
            103.889851898,
            1.30778396000006
          ],
          [
            103.889896282,
            1.30763492800002
          ],
          [
            103.889934318,
            1.30751241600007
          ],
          [
            103.889987569,
            1.30738224700002
          ],
          [
            103.890008883,
            1.30722083400003
          ],
          [
            103.890024875,
            1.30711766300004
          ],
          [
            103.890020074,
            1.30702933800007
          ],
          [
            103.890002343,
            1.30690575700004
          ],
          [
            103.889974864,
            1.30680279200004
          ],
          [
            103.889937537,
            1.30672895300005
          ],
          [
            103.889902636,
            1.30665991300003
          ],
          [
            103.889802616,
            1.30653514000005
          ],
          [
            103.889733239,
            1.30647823200008
          ],
          [
            103.889679171,
            1.30643388100003
          ],
          [
            103.889568009,
            1.30637621300002
          ],
          [
            103.88953754,
            1.30636040500003
          ],
          [
            103.889463112,
            1.30633984400002
          ],
          [
            103.889383951,
            1.30631797600005
          ],
          [
            103.889126503,
            1.30627515300005
          ],
          [
            103.888978424,
            1.30625052200003
          ],
          [
            103.888831239,
            1.30622604000005
          ],
          [
            103.888678234,
            1.30620059000006
          ],
          [
            103.8885166,
            1.30617370400006
          ],
          [
            103.888363155,
            1.30614818000002
          ],
          [
            103.888152572,
            1.30611315300007
          ],
          [
            103.888021784,
            1.30609139800003
          ],
          [
            103.887909479,
            1.30607271800006
          ],
          [
            103.887793501,
            1.30605342600007
          ],
          [
            103.887423291,
            1.30599184800007
          ],
          [
            103.88731221,
            1.30597337200003
          ],
          [
            103.887146842,
            1.30594586500007
          ],
          [
            103.886925965,
            1.30590912600007
          ],
          [
            103.886787771,
            1.30588614000005
          ],
          [
            103.886639724,
            1.30586151400007
          ],
          [
            103.886484015,
            1.30583561500003
          ],
          [
            103.886346061,
            1.30582693500003
          ],
          [
            103.886206502,
            1.30581265200003
          ],
          [
            103.886092386,
            1.30578968300006
          ],
          [
            103.88588722,
            1.30574678600003
          ],
          [
            103.885742429,
            1.30571312100005
          ],
          [
            103.885585288,
            1.30569295400006
          ],
          [
            103.885402226,
            1.30566663700005
          ],
          [
            103.885229864,
            1.30563074900004
          ],
          [
            103.885087219,
            1.30560084100006
          ],
          [
            103.884967159,
            1.30556734400004
          ],
          [
            103.884875628,
            1.30553982900005
          ],
          [
            103.884792418,
            1.30550513600002
          ],
          [
            103.884680679,
            1.30547044200006
          ],
          [
            103.884561807,
            1.30540823200005
          ],
          [
            103.884444124,
            1.30534721800007
          ],
          [
            103.884357817,
            1.30526904500003
          ],
          [
            103.884274131,
            1.30520013400007
          ],
          [
            103.884190445,
            1.30512356600003
          ],
          [
            103.884121974,
            1.30506231200007
          ],
          [
            103.883913935,
            1.30493243400001
          ]
        ]
      },
      "properties": {
        "OBJECTID": 227,
        "pcn_loop": "Eastern Coastal Loop",
        "pcn": "Geylang Park Connector",
        "descriptionHTML": "Situated between Guillemard Road and Tanjong Rhu, the Geylang Park Connector runs along Geylang River before heading to Marina Reservoir and connecting seamlessly to Gardens by the Bay via Tanjong Rhu Promenade. Savour the calm and soothing breeze under the shade of the trees or enjoy birdwatching under the mature canopy en route to one of the most coveted views of the Singapore city skyline.",
        "address": "Geylang Park Connector starts at Guillemard Road (near Grandlink Square) and crosses over Mountbatten Road before ending at Tanjong Rhu Bridge flyover",
        "Shape__Length": 839.1463768067408
      }
    },
    {
      "type": "Feature",
      "id": 240,
      "geometry": {
        "type": "LineString",
        "coordinates": [
          [
            103.93517698,
            1.33910169800003
          ],
          [
            103.935078678,
            1.33922323000007
          ],
          [
            103.934984978,
            1.33931543400008
          ],
          [
            103.934934933,
            1.33936468000008
          ],
          [
            103.934884975,
            1.33941384000003
          ],
          [
            103.934827325,
            1.33947057100005
          ],
          [
            103.93473835,
            1.33955812400007
          ],
          [
            103.934683593,
            1.33957161500007
          ],
          [
            103.934647512,
            1.33958050300001
          ],
          [
            103.934563326,
            1.33966383600005
          ],
          [
            103.934500177,
            1.33962580700006
          ],
          [
            103.934440038,
            1.33969789700005
          ],
          [
            103.934380301,
            1.33978259900004
          ],
          [
            103.934317861,
            1.33987113300004
          ],
          [
            103.934235686,
            1.33998765200004
          ],
          [
            103.934153372,
            1.34013944100008
          ],
          [
            103.934107687,
            1.34027298200005
          ],
          [
            103.934075413,
            1.34046758300002
          ],
          [
            103.933998069,
            1.34060460500006
          ],
          [
            103.933892188,
            1.34079218500005
          ],
          [
            103.933791757,
            1.34093070400007
          ],
          [
            103.933685699,
            1.34101543900003
          ],
          [
            103.933531465,
            1.34113866200004
          ],
          [
            103.933409759,
            1.34122958800003
          ],
          [
            103.933325563,
            1.34129249000005
          ],
          [
            103.933199863,
            1.34138661800005
          ],
          [
            103.933109455,
            1.34145447400004
          ],
          [
            103.93296809,
            1.34155125500007
          ],
          [
            103.932776698,
            1.34168479900005
          ],
          [
            103.932689119,
            1.34172954000007
          ],
          [
            103.932537929,
            1.34184117000006
          ],
          [
            103.932412616,
            1.34193369400002
          ],
          [
            103.932270155,
            1.34203887900002
          ],
          [
            103.932147478,
            1.34212945700006
          ],
          [
            103.932005343,
            1.34223440200004
          ],
          [
            103.931912017,
            1.34230330900004
          ],
          [
            103.931767571,
            1.34240995900007
          ],
          [
            103.931672927,
            1.34247983800003
          ],
          [
            103.931586403,
            1.34254372300007
          ],
          [
            103.931442884,
            1.34263965600006
          ],
          [
            103.931291977,
            1.34274122500006
          ],
          [
            103.931203198,
            1.34280140000003
          ],
          [
            103.931114346,
            1.34289260000003
          ],
          [
            103.931041919,
            1.34296826300005
          ],
          [
            103.930900643,
            1.34312761200005
          ],
          [
            103.930811044,
            1.34322867400004
          ],
          [
            103.930741272,
            1.34330737100004
          ],
          [
            103.930627344,
            1.34342900900002
          ],
          [
            103.930527969,
            1.34353020900004
          ],
          [
            103.930407737,
            1.34364384000003
          ],
          [
            103.930332359,
            1.34371508000005
          ],
          [
            103.930234895,
            1.34380582800002
          ],
          [
            103.930131369,
            1.34395503500002
          ],
          [
            103.930071632,
            1.34406636500006
          ],
          [
            103.930035271,
            1.34413412900004
          ],
          [
            103.929960071,
            1.34428913800001
          ],
          [
            103.929888812,
            1.34444190400006
          ],
          [
            103.929812726,
            1.34457963100005
          ],
          [
            103.929704277,
            1.34472681100004
          ],
          [
            103.929505079,
            1.34489263100004
          ],
          [
            103.929274309,
            1.34502933900008
          ],
          [
            103.928993405,
            1.34517082000001
          ],
          [
            103.928850578,
            1.34523431700006
          ],
          [
            103.928734807,
            1.34526869500007
          ],
          [
            103.928567748,
            1.34529315000003
          ],
          [
            103.928439984,
            1.34533649600008
          ],
          [
            103.928336749,
            1.34542855000007
          ],
          [
            103.928223273,
            1.34553275900002
          ],
          [
            103.928099796,
            1.34563529300004
          ],
          [
            103.9280152,
            1.34569619400003
          ],
          [
            103.92790429,
            1.34575692400004
          ],
          [
            103.927682737,
            1.34585706300004
          ],
          [
            103.927563503,
            1.34593722600003
          ],
          [
            103.927357891,
            1.34609786900005
          ],
          [
            103.92716036,
            1.34625240500003
          ],
          [
            103.927031036,
            1.34634636600004
          ],
          [
            103.926844314,
            1.34648203200003
          ],
          [
            103.926742864,
            1.34655344600001
          ],
          [
            103.926616112,
            1.34663084300006
          ],
          [
            103.926444577,
            1.34672642000003
          ],
          [
            103.926262769,
            1.34682580300006
          ],
          [
            103.926050036,
            1.34694173800005
          ],
          [
            103.925941543,
            1.34700099200006
          ],
          [
            103.925711945,
            1.34712418000004
          ],
          [
            103.925574393,
            1.34717992900004
          ],
          [
            103.925439041,
            1.34720629700006
          ],
          [
            103.925273612,
            1.34719925000007
          ],
          [
            103.925035103,
            1.34717381300004
          ],
          [
            103.924833221,
            1.34715127100003
          ],
          [
            103.924499241,
            1.34711450700006
          ],
          [
            103.92441519,
            1.34710518200006
          ],
          [
            103.924291124,
            1.34709142100007
          ],
          [
            103.924137462,
            1.34707418700003
          ],
          [
            103.923835165,
            1.34702197900003
          ],
          [
            103.92371574,
            1.34699417600007
          ],
          [
            103.923593062,
            1.34696532700002
          ],
          [
            103.923474259,
            1.34693673500004
          ],
          [
            103.923393472,
            1.34691633700003
          ],
          [
            103.923221082,
            1.34685822500007
          ],
          [
            103.923055232,
            1.34677695500005
          ],
          [
            103.922934033,
            1.34671756200004
          ],
          [
            103.922829049,
            1.34666611500006
          ],
          [
            103.92271758,
            1.34661149200002
          ],
          [
            103.92250354,
            1.34650660500005
          ],
          [
            103.922385832,
            1.34645114100005
          ],
          [
            103.922206836,
            1.34638182800007
          ],
          [
            103.92210135,
            1.34634945300006
          ],
          [
            103.921781574,
            1.34626421500008
          ],
          [
            103.921658705,
            1.34623146400002
          ],
          [
            103.921404156,
            1.34616602000005
          ],
          [
            103.921268988,
            1.34613127200004
          ],
          [
            103.921121361,
            1.34609120500005
          ],
          [
            103.921017397,
            1.34605639000004
          ],
          [
            103.920898412,
            1.34601299200006
          ],
          [
            103.920676906,
            1.34593219700002
          ],
          [
            103.920562559,
            1.34588887900003
          ],
          [
            103.920317702,
            1.34578743800005
          ],
          [
            103.920200152,
            1.34573862200006
          ],
          [
            103.920180117,
            1.34569704900002
          ],
          [
            103.920147478,
            1.34564300200004
          ],
          [
            103.920055172,
            1.34553333800004
          ],
          [
            103.920001596,
            1.34553437800001
          ],
          [
            103.919933785,
            1.34551300700002
          ],
          [
            103.91985533,
            1.34538814800004
          ],
          [
            103.919797149,
            1.34531630200006
          ],
          [
            103.919810333,
            1.34525905300006
          ],
          [
            103.919802585,
            1.34520001300007
          ],
          [
            103.919724654,
            1.34507517200006
          ],
          [
            103.919662113,
            1.34496496400003
          ],
          [
            103.919592938,
            1.34483931000004
          ],
          [
            103.919564438,
            1.34472181700006
          ],
          [
            103.919549855,
            1.34466813300001
          ],
          [
            103.919488227,
            1.34456968100006
          ],
          [
            103.919430091,
            1.34447171800003
          ],
          [
            103.919371161,
            1.34437224900004
          ],
          [
            103.919313869,
            1.34426167100001
          ],
          [
            103.919264907,
            1.34416716900005
          ],
          [
            103.919184303,
            1.34401250400002
          ],
          [
            103.91913312,
            1.34392082300007
          ],
          [
            103.919085412,
            1.34383632800007
          ],
          [
            103.919024624,
            1.34370122500008
          ],
          [
            103.919008154,
            1.34364582400002
          ],
          [
            103.918998266,
            1.34353871000007
          ],
          [
            103.919020689,
            1.34320951400001
          ],
          [
            103.919025773,
            1.34317715900004
          ],
          [
            103.919038359,
            1.34313757800002
          ],
          [
            103.919130031,
            1.34292174900002
          ],
          [
            103.919176162,
            1.34281732700003
          ],
          [
            103.919197237,
            1.34276338300003
          ],
          [
            103.919185157,
            1.34257567900004
          ],
          [
            103.919163337,
            1.34248876200006
          ],
          [
            103.919126552,
            1.34241294100002
          ],
          [
            103.919051771,
            1.34230748900006
          ],
          [
            103.919009968,
            1.34224281000007
          ],
          [
            103.918924981,
            1.34209435200007
          ],
          [
            103.918905759,
            1.34205789600001
          ],
          [
            103.918884443,
            1.34198694400002
          ],
          [
            103.918975261,
            1.34190413800007
          ],
          [
            103.919186684,
            1.34179306900006
          ],
          [
            103.919303085,
            1.34173793100006
          ],
          [
            103.919373993,
            1.34170205900005
          ],
          [
            103.91959799,
            1.34154984300006
          ],
          [
            103.919682264,
            1.34148048000003
          ],
          [
            103.919731562,
            1.34130167200005
          ],
          [
            103.919735819,
            1.34122987700003
          ],
          [
            103.919735275,
            1.34112733500007
          ],
          [
            103.919726858,
            1.34101862900007
          ],
          [
            103.919705616,
            1.34082766000005
          ],
          [
            103.919702212,
            1.34073766600005
          ],
          [
            103.919709763,
            1.34054556200004
          ],
          [
            103.91972425,
            1.34038277000008
          ],
          [
            103.919765399,
            1.34023590200008
          ],
          [
            103.919814497,
            1.34008445800002
          ],
          [
            103.919875286,
            1.34003156300004
          ],
          [
            103.919975989,
            1.33997471200006
          ],
          [
            103.920204835,
            1.33986626100005
          ],
          [
            103.920329408,
            1.33980795600008
          ],
          [
            103.920492328,
            1.33973170100005
          ],
          [
            103.920581982,
            1.33968831700001
          ],
          [
            103.920843177,
            1.33956192400006
          ],
          [
            103.921005382,
            1.33948020900005
          ],
          [
            103.921122336,
            1.33942129100005
          ],
          [
            103.921198615,
            1.33938190100001
          ],
          [
            103.921303095,
            1.33932833800003
          ],
          [
            103.921410881,
            1.33927472500005
          ],
          [
            103.921512655,
            1.33922999700006
          ],
          [
            103.92170936,
            1.33905234000002
          ],
          [
            103.921801005,
            1.33892902900004
          ],
          [
            103.921851646,
            1.33883761600003
          ],
          [
            103.921857791,
            1.33880970900004
          ],
          [
            103.921957206,
            1.33886411700007
          ],
          [
            103.92213001,
            1.33885579200006
          ],
          [
            103.922218961,
            1.33886804400003
          ],
          [
            103.922428875,
            1.33886705700006
          ],
          [
            103.922619772,
            1.33886616000006
          ],
          [
            103.922831691,
            1.33883014800006
          ],
          [
            103.922977026,
            1.33880107200002
          ],
          [
            103.923156802,
            1.33875896300002
          ],
          [
            103.923265191,
            1.33872435900002
          ],
          [
            103.923405073,
            1.33871969900002
          ],
          [
            103.923558055,
            1.33870478800003
          ],
          [
            103.923691028,
            1.33868579900008
          ],
          [
            103.923755651,
            1.33869060600006
          ],
          [
            103.923825894,
            1.33871681800002
          ],
          [
            103.92389377,
            1.33872475800007
          ],
          [
            103.92407315,
            1.33867774400005
          ],
          [
            103.924244001,
            1.33864603200003
          ],
          [
            103.924393848,
            1.33861319200003
          ],
          [
            103.92462477,
            1.33855759300006
          ],
          [
            103.924793452,
            1.33848532600007
          ],
          [
            103.924904788,
            1.33839824300002
          ],
          [
            103.924956086,
            1.33830768600006
          ],
          [
            103.924973455,
            1.33824114200007
          ],
          [
            103.925228814,
            1.33830129300002
          ]
        ]
      },
      "properties": {
        "OBJECTID": 240,
        "pcn_loop": "Eastern Coastal Loop",
        "pcn": "Bedok Reservoir Park",
        "descriptionHTML": "Located in the north of Bedok New Town, Bedok Reservoir Park is popular amongst joggers and water sports enthusiasts in the eastern part of Singapore. A converted sand quarry, the park surrounds the 88-hectare Bedok Reservoir, making it a great place for water activities.",
        "address": "",
        "Shape__Length": 3475.619594444169
      }
    },
    {
      "type": "Feature",
      "id": 241,
      "geometry": {
        "type": "LineString",
        "coordinates": [
          [
            103.943886658,
            1.35813585200003
          ],
          [
            103.94385848,
            1.35813430100005
          ],
          [
            103.943820754,
            1.35814161400005
          ],
          [
            103.943787214,
            1.35814811500008
          ],
          [
            103.943730327,
            1.35815914200003
          ],
          [
            103.943658451,
            1.35817238500004
          ],
          [
            103.943572675,
            1.35818819000003
          ],
          [
            103.943502908,
            1.35819992400006
          ],
          [
            103.943450216,
            1.35819958000007
          ],
          [
            103.943406488,
            1.35820240300006
          ],
          [
            103.943334181,
            1.35820707100002
          ],
          [
            103.943285683,
            1.35821020300006
          ],
          [
            103.943209141,
            1.35821709300006
          ],
          [
            103.943172348,
            1.35822040500005
          ],
          [
            103.94313247,
            1.35822399600005
          ],
          [
            103.943073033,
            1.35822934600002
          ],
          [
            103.943026316,
            1.35823355200006
          ],
          [
            103.94298255,
            1.35825436000003
          ],
          [
            103.942933295,
            1.35828021500004
          ],
          [
            103.942889398,
            1.35830458300005
          ],
          [
            103.942845188,
            1.35832912500006
          ],
          [
            103.942811293,
            1.35836376500002
          ],
          [
            103.942773339,
            1.35840255300006
          ],
          [
            103.942755055,
            1.35844371200006
          ],
          [
            103.942727397,
            1.35850596700004
          ],
          [
            103.942714284,
            1.35856644400007
          ],
          [
            103.942703892,
            1.35865223100007
          ],
          [
            103.942700081,
            1.35871079200007
          ],
          [
            103.942697936,
            1.35876980600006
          ],
          [
            103.942696036,
            1.35882208900005
          ],
          [
            103.942696988,
            1.35886752100004
          ],
          [
            103.942699055,
            1.35896614400002
          ],
          [
            103.942701748,
            1.35900079200007
          ],
          [
            103.94270318,
            1.35902104400002
          ],
          [
            103.942709704,
            1.35908005000004
          ],
          [
            103.94271931,
            1.35915207600004
          ],
          [
            103.942733155,
            1.35918605100005
          ],
          [
            103.942748101,
            1.35922272600005
          ],
          [
            103.942772981,
            1.35927210900007
          ],
          [
            103.942796239,
            1.35931135600004
          ],
          [
            103.942829857,
            1.35936472200007
          ],
          [
            103.942854554,
            1.35940392000003
          ],
          [
            103.942873658,
            1.35943423700007
          ],
          [
            103.942910075,
            1.35949203500008
          ],
          [
            103.94293194,
            1.35953418400003
          ],
          [
            103.942964705,
            1.35958185600004
          ],
          [
            103.94299212,
            1.35960823200003
          ],
          [
            103.943013806,
            1.35962909800003
          ],
          [
            103.943068592,
            1.35966755700002
          ],
          [
            103.943123886,
            1.35969067400003
          ],
          [
            103.943159583,
            1.35970559800006
          ],
          [
            103.943241749,
            1.35973610600007
          ],
          [
            103.943289486,
            1.35975383100003
          ],
          [
            103.943341025,
            1.35977296800008
          ],
          [
            103.943397843,
            1.35979406400003
          ],
          [
            103.94342873,
            1.35980370800007
          ],
          [
            103.943508422,
            1.35982474700005
          ],
          [
            103.943556256,
            1.35983516900006
          ],
          [
            103.943612143,
            1.35983967100003
          ],
          [
            103.943722639,
            1.35984212300002
          ],
          [
            103.943771021,
            1.35984030900004
          ],
          [
            103.943856662,
            1.35981969500004
          ],
          [
            103.943902353,
            1.35980872500003
          ],
          [
            103.943971001,
            1.35979224200002
          ],
          [
            103.944030535,
            1.35977695300004
          ],
          [
            103.944081948,
            1.35976281900002
          ],
          [
            103.944174709,
            1.35973731700005
          ],
          [
            103.94420107,
            1.35973007300002
          ],
          [
            103.944236598,
            1.35972035100001
          ],
          [
            103.944297532,
            1.35970367100003
          ],
          [
            103.944339477,
            1.35969218900006
          ],
          [
            103.944366427,
            1.35968576300007
          ]
        ]
      },
      "properties": {
        "OBJECTID": 241,
        "pcn_loop": "Eastern Coastal Loop",
        "pcn": "Sun Plaza Park",
        "descriptionHTML": "Located at Tampines Avenue 7 and 9, Sun Plaza Park offers a host of exciting activities to provide families with countless hours of fun. With an amphitheatre, a Sense Discovery Garden, a Beach Ball court and a Woodball course, the 9.6-hectare park is a popular meeting place for cultural and social interactions.",
        "address": "",
        "Shape__Length": 435.9657392607104
      }
    },
    {
      "type": "Feature",
      "id": 242,
      "geometry": {
        "type": "LineString",
        "coordinates": [
          [
            103.930476741,
            1.35782459500007
          ],
          [
            103.926801494,
            1.35104920000004
          ],
          [
            103.925908529,
            1.34943266500005
          ],
          [
            103.925390351,
            1.34870860900003
          ],
          [
            103.924813496,
            1.34818059300004
          ],
          [
            103.925238223,
            1.34773362800007
          ],
          [
            103.925309042,
            1.34755608400008
          ],
          [
            103.925273612,
            1.34719925000007
          ]
        ]
      },
      "properties": {
        "OBJECTID": 242,
        "pcn_loop": "Eastern Coastal Loop",
        "pcn": "Tampines Park Connector",
        "descriptionHTML": "Linking Bedok Reservoir Park to Pasir Ris Park, Tampines Park Connector runs along housing estates in Tampines Avenue 1 and 2, providing residents convenient access to the nearby parks. It also allows users to travel to Pasir Ris Town Park via Sungei Tampines, the natural habitat of water birds such as the Common Kingfisher. The Tampines Park Connector also runs under the viaduct of Tampines and Simei MRT stations, allowing park users to travel to Simei estate.",
        "address": "",
        "Shape__Length": 1379.9220267957019
      }
    },
    {
      "type": "Feature",
      "id": 243,
      "geometry": {
        "type": "LineString",
        "coordinates": [
          [
            103.931297277,
            1.36041958400005
          ],
          [
            103.936078814,
            1.36043144600005
          ],
          [
            103.93628083,
            1.36048382200005
          ],
          [
            103.936494808,
            1.36043247700006
          ],
          [
            103.937873726,
            1.36043589700005
          ]
        ]
      },
      "properties": {
        "OBJECTID": 243,
        "pcn_loop": "Eastern Coastal Loop",
        "pcn": "Tampines Park Connector",
        "descriptionHTML": "Linking Bedok Reservoir Park to Pasir Ris Park, Tampines Park Connector runs along housing estates in Tampines Avenue 1 and 2, providing residents convenient access to the nearby parks. It also allows users to travel to Pasir Ris Town Park via Sungei Tampines, the natural habitat of water birds such as the Common Kingfisher. The Tampines Park Connector also runs under the viaduct of Tampines and Simei MRT stations, allowing park users to travel to Simei estate.",
        "address": "",
        "Shape__Length": 733.5095424989637
      }
    },
    {
      "type": "Feature",
      "id": 244,
      "geometry": {
        "type": "LineString",
        "coordinates": [
          [
            103.954490107,
            1.38046433300002
          ],
          [
            103.954587246,
            1.38066917400004
          ],
          [
            103.9547045,
            1.38117143900007
          ],
          [
            103.954778487,
            1.38123912500003
          ],
          [
            103.954859198,
            1.38128650500005
          ],
          [
            103.954926456,
            1.38129327100005
          ],
          [
            103.955047518,
            1.38129326400001
          ],
          [
            103.955155128,
            1.38125264400003
          ],
          [
            103.955545216,
            1.38119170200002
          ],
          [
            103.955807515,
            1.38109015300007
          ],
          [
            103.956056359,
            1.38095697000005
          ],
          [
            103.956358275,
            1.38062545100006
          ],
          [
            103.956660185,
            1.38015580400002
          ],
          [
            103.956608213,
            1.37986786600005
          ],
          [
            103.956742322,
            1.37979044600006
          ],
          [
            103.956868664,
            1.37976749500007
          ],
          [
            103.957240197,
            1.37985371700004
          ],
          [
            103.9576115,
            1.38003020300005
          ],
          [
            103.958214966,
            1.38038514500005
          ],
          [
            103.958442319,
            1.38043096000006
          ],
          [
            103.958684336,
            1.38041805000006
          ],
          [
            103.959192015,
            1.38037697300006
          ],
          [
            103.959497333,
            1.38041514800005
          ],
          [
            103.95977598,
            1.38052524200004
          ],
          [
            103.96028374,
            1.38082241200003
          ],
          [
            103.960805878,
            1.38086820400001
          ],
          [
            103.961299295,
            1.38109274900005
          ],
          [
            103.962338547,
            1.38109235800004
          ],
          [
            103.962697825,
            1.38119776900005
          ],
          [
            103.963160117,
            1.38145982200007
          ],
          [
            103.964019128,
            1.38158439000005
          ],
          [
            103.964477985,
            1.38162660100005
          ],
          [
            103.964704336,
            1.38174997500004
          ]
        ]
      },
      "properties": {
        "OBJECTID": 244,
        "pcn_loop": "Eastern Coastal Loop",
        "pcn": "Pasir Ris Park",
        "descriptionHTML": "Charming and tranquil, Pasir Ris Park is a great place for families to have a fun day out. Aside from modern park activities such as pony rides, water sports, cycling, inline skating and barbeque rental, it also features a carefully preserved six-hectare mangrove forest.",
        "address": "",
        "Shape__Length": 1341.5647217652195
      }
    },
    {
      "type": "Feature",
      "id": 245,
      "geometry": {
        "type": "LineString",
        "coordinates": [
          [
            103.956183868,
            1.38082373500004
          ],
          [
            103.956345174,
            1.38085343200004
          ],
          [
            103.956717321,
            1.38082091400003
          ],
          [
            103.956952357,
            1.38086429200008
          ],
          [
            103.957189601,
            1.38098666800004
          ],
          [
            103.9574511,
            1.38095721200006
          ],
          [
            103.957691324,
            1.38085392800001
          ],
          [
            103.958168154,
            1.38071053700003
          ],
          [
            103.958516423,
            1.38064065800006
          ],
          [
            103.959023861,
            1.38079635600008
          ],
          [
            103.959479158,
            1.38075845900004
          ],
          [
            103.959658606,
            1.38073239300006
          ],
          [
            103.95991614,
            1.38061594800006
          ]
        ]
      },
      "properties": {
        "OBJECTID": 245,
        "pcn_loop": "Eastern Coastal Loop",
        "pcn": "Pasir Ris Park",
        "descriptionHTML": "Charming and tranquil, Pasir Ris Park is a great place for families to have a fun day out. Aside from modern park activities such as pony rides, water sports, cycling, inline skating and barbeque rental, it also features a carefully preserved six-hectare mangrove forest.",
        "address": "",
        "Shape__Length": 431.1417573382161
      }
    },
    {
      "type": "Feature",
      "id": 246,
      "geometry": {
        "type": "LineString",
        "coordinates": [
          [
            103.954490107,
            1.38046433300002
          ],
          [
            103.95434891,
            1.38050511300002
          ],
          [
            103.953778391,
            1.38066988800006
          ],
          [
            103.953473826,
            1.38072826400001
          ],
          [
            103.95327192,
            1.38068382300003
          ],
          [
            103.953221023,
            1.380838512
          ],
          [
            103.953292932,
            1.38099744300006
          ],
          [
            103.953288339,
            1.38116695200006
          ],
          [
            103.953258793,
            1.38137253500003
          ],
          [
            103.953243957,
            1.38144441300005
          ],
          [
            103.953030645,
            1.38163765000008
          ],
          [
            103.952710243,
            1.38175732300003
          ],
          [
            103.952088072,
            1.38195026800003
          ],
          [
            103.951688585,
            1.38186641600004
          ],
          [
            103.951447161,
            1.38192544600002
          ],
          [
            103.950681352,
            1.38221184700006
          ],
          [
            103.950518022,
            1.38215798800007
          ],
          [
            103.950380897,
            1.38223095900001
          ],
          [
            103.950171242,
            1.38234497100005
          ],
          [
            103.949988526,
            1.38234470200007
          ],
          [
            103.949915844,
            1.38217977800002
          ],
          [
            103.949891374,
            1.38197194000003
          ],
          [
            103.949826101,
            1.38186827600003
          ],
          [
            103.949567924,
            1.38200430000006
          ],
          [
            103.949186469,
            1.38212756300004
          ],
          [
            103.948991791,
            1.38214113900006
          ],
          [
            103.948800969,
            1.38245307500004
          ],
          [
            103.948730739,
            1.38278711600001
          ],
          [
            103.948672202,
            1.38289321600007
          ],
          [
            103.948557619,
            1.38299430900003
          ],
          [
            103.94827849,
            1.38306494700005
          ],
          [
            103.947735018,
            1.38308701500004
          ],
          [
            103.947430603,
            1.38316248300003
          ],
          [
            103.947162729,
            1.38340018500002
          ],
          [
            103.946862835,
            1.38370637700007
          ],
          [
            103.946736673,
            1.38380402900002
          ],
          [
            103.946255103,
            1.38401064700002
          ],
          [
            103.946010116,
            1.38412873400007
          ],
          [
            103.945740317,
            1.38417586100007
          ],
          [
            103.945523752,
            1.38422343800005
          ],
          [
            103.945378377,
            1.38429324100002
          ],
          [
            103.944915763,
            1.38449647400006
          ],
          [
            103.944680243,
            1.38466363800006
          ],
          [
            103.94448106,
            1.38478289400007
          ],
          [
            103.944421307,
            1.38499743600004
          ],
          [
            103.94439298,
            1.38542153100002
          ],
          [
            103.944281159,
            1.38559685900003
          ],
          [
            103.943945898,
            1.38593990800007
          ],
          [
            103.943767371,
            1.38607301300004
          ],
          [
            103.94348528,
            1.38615778600007
          ],
          [
            103.943334564,
            1.38623386900002
          ],
          [
            103.943185413,
            1.38637855100005
          ],
          [
            103.942989466,
            1.38642026900005
          ],
          [
            103.942665646,
            1.38667948500005
          ],
          [
            103.942414541,
            1.38685969200004
          ],
          [
            103.942091165,
            1.38702158000007
          ],
          [
            103.941642885,
            1.38719111200004
          ],
          [
            103.941224451,
            1.38770418000008
          ],
          [
            103.940725869,
            1.38809475800002
          ],
          [
            103.940143449,
            1.38838677800003
          ],
          [
            103.939959693,
            1.38842584900004
          ],
          [
            103.939760436,
            1.38840727800005
          ],
          [
            103.939451541,
            1.38824315500005
          ],
          [
            103.939374879,
            1.38814385200004
          ],
          [
            103.939097859,
            1.38778501800004
          ],
          [
            103.939044395,
            1.38776444000008
          ],
          [
            103.939026007,
            1.38784958900005
          ],
          [
            103.939138368,
            1.38801606000004
          ],
          [
            103.939315394,
            1.38826421300006
          ],
          [
            103.939466215,
            1.38836539700002
          ],
          [
            103.939563859,
            1.38832522700004
          ]
        ]
      },
      "properties": {
        "OBJECTID": 246,
        "pcn_loop": "Eastern Coastal Loop",
        "pcn": "Pasir Ris Park",
        "descriptionHTML": "Charming and tranquil, Pasir Ris Park is a great place for families to have a fun day out. Aside from modern park activities such as pony rides, water sports, cycling, inline skating and barbeque rental, it also features a carefully preserved six-hectare mangrove forest.",
        "address": "",
        "Shape__Length": 2304.166939675727
      }
    },
    {
      "type": "Feature",
      "id": 247,
      "geometry": {
        "type": "LineString",
        "coordinates": [
          [
            103.95327192,
            1.38068382300003
          ],
          [
            103.953347527,
            1.38050437900005
          ],
          [
            103.953306341,
            1.38033888300003
          ],
          [
            103.953271488,
            1.38019910800004
          ],
          [
            103.953205633,
            1.38004404400003
          ],
          [
            103.953066234,
            1.37993689800003
          ],
          [
            103.95299962,
            1.37992788100007
          ],
          [
            103.952777172,
            1.38003547700004
          ],
          [
            103.952569017,
            1.38011010000002
          ],
          [
            103.95231053,
            1.38016832500006
          ],
          [
            103.952058599,
            1.38021567600003
          ],
          [
            103.951846692,
            1.38030498300002
          ],
          [
            103.951701517,
            1.38042208500001
          ],
          [
            103.951550409,
            1.38052541100006
          ],
          [
            103.951409993,
            1.38049904900004
          ],
          [
            103.951218557,
            1.38032735200005
          ],
          [
            103.951114538,
            1.38013956400005
          ],
          [
            103.951052317,
            1.37997951600005
          ],
          [
            103.950979403,
            1.37978103900003
          ],
          [
            103.950868678,
            1.37952522100004
          ],
          [
            103.950666715,
            1.37934471800002
          ],
          [
            103.950430646,
            1.37926662200005
          ],
          [
            103.950223769,
            1.37922828100005
          ],
          [
            103.95015206,
            1.37907537100005
          ],
          [
            103.950109576,
            1.37889396600002
          ],
          [
            103.950078968,
            1.37856337600004
          ],
          [
            103.949992987,
            1.37815822800007
          ],
          [
            103.949854588,
            1.37793006300006
          ],
          [
            103.94937782,
            1.37759141700008
          ],
          [
            103.949286198,
            1.37756405500005
          ],
          [
            103.949256531,
            1.37753330300006
          ],
          [
            103.948522168,
            1.37861390200003
          ],
          [
            103.948193326,
            1.37900167000004
          ],
          [
            103.948130441,
            1.37926300700001
          ],
          [
            103.948269774,
            1.37950971800006
          ],
          [
            103.948743853,
            1.38005462100005
          ],
          [
            103.949191321,
            1.38053332200008
          ],
          [
            103.949498423,
            1.38064150100006
          ],
          [
            103.949573496,
            1.38096960400004
          ],
          [
            103.94979117,
            1.38132138000003
          ],
          [
            103.949853669,
            1.38151776600005
          ],
          [
            103.949860098,
            1.38174157600002
          ],
          [
            103.949826101,
            1.38186827600003
          ]
        ]
      },
      "properties": {
        "OBJECTID": 247,
        "pcn_loop": "Eastern Coastal Loop",
        "pcn": "Pasir Ris Park",
        "descriptionHTML": "Charming and tranquil, Pasir Ris Park is a great place for families to have a fun day out. Aside from modern park activities such as pony rides, water sports, cycling, inline skating and barbeque rental, it also features a carefully preserved six-hectare mangrove forest.",
        "address": "",
        "Shape__Length": 1334.8873144671054
      }
    },
    {
      "type": "Feature",
      "id": 248,
      "geometry": {
        "type": "LineString",
        "coordinates": [
          [
            103.948932035,
            1.38221530400006
          ],
          [
            103.948754266,
            1.38209922000004
          ],
          [
            103.948681449,
            1.38186762800006
          ],
          [
            103.948655452,
            1.38166878300007
          ],
          [
            103.948517338,
            1.38155446000006
          ],
          [
            103.948377677,
            1.38154780500002
          ],
          [
            103.948266467,
            1.38154250600007
          ],
          [
            103.947766931,
            1.38195224500003
          ],
          [
            103.947458294,
            1.38253383800001
          ],
          [
            103.947089182,
            1.38262731000004
          ],
          [
            103.946600329,
            1.38259915400005
          ],
          [
            103.946333763,
            1.38265645500006
          ],
          [
            103.945771847,
            1.38315082100007
          ],
          [
            103.945345099,
            1.38318138600005
          ],
          [
            103.944934429,
            1.38332436500001
          ],
          [
            103.944544578,
            1.38362917900002
          ],
          [
            103.944312594,
            1.38371762200006
          ],
          [
            103.944056445,
            1.38392156700006
          ],
          [
            103.94399303,
            1.38413925300005
          ],
          [
            103.944090766,
            1.38440124700001
          ],
          [
            103.94448106,
            1.38478289400007
          ]
        ]
      },
      "properties": {
        "OBJECTID": 248,
        "pcn_loop": "Eastern Coastal Loop",
        "pcn": "Pasir Ris Park",
        "descriptionHTML": "Charming and tranquil, Pasir Ris Park is a great place for families to have a fun day out. Aside from modern park activities such as pony rides, water sports, cycling, inline skating and barbeque rental, it also features a carefully preserved six-hectare mangrove forest.",
        "address": "",
        "Shape__Length": 809.113423550668
      }
    }
  ]
}