{
  "type": "FeatureCollection",
  "features": [
    {
      "type": "Feature",
      "id": 332,
      "geometry": {
        "type": "MultiLineString",
        "coordinates": [
          [
            [
              103.944472912,
              1.36046566600003
            ],
            [
              103.942316722,
              1.36049430900003
            ]
          ],
          [
            [
              103.952524556,
              1.37492308600003
            ],
            [
              103.952523963,
              1.37492777700003
            ],
            [
              103.95250537,
              1.37540513700003
            ],
            [
              103.952496988,
              1.37583646100007
            ],
            [
              103.952497001,
              1.37583763100002
            ],
            [
              103.952509574,
              1.37621663100003
            ],
            [
              103.952530496,
              1.37661249100007
            ],
            [
              103.952534341,
              1.37668523000003
            ],
            [
              103.952534917,
              1.37668954500002
            ],
            [
              103.952536171,
              1.37669371100003
            ],
            [
              103.95253807,
              1.37669762200005
            ],
            [
              103.952540567,
              1.37670117700003
            ],
            [
              103.952543597,
              1.37670428400002
            ],
            [
              103.952547081,
              1.37670686400003
            ],
            [
              103.952550931,
              1.37670884900007
            ],
            [
              103.952555046,
              1.37671018900004
            ],
            [
              103.952559322,
              1.37671085000004
            ],
            [
              103.952563647,
              1.37671081300004
            ],
            [
              103.953039015,
              1.37666828500005
            ],
            [
              103.953075323,
              1.37676571400003
            ],
            [
              103.953082422,
              1.37695122900005
            ],
            [
              103.953082811,
              1.37695489700008
            ],
            [
              103.953083072,
              1.37695619900007
            ],
            [
              103.953155657,
              1.37727755400004
            ],
            [
              103.953156189,
              1.37727955300006
            ],
            [
              103.953279576,
              1.37768124500007
            ],
            [
              103.953280034,
              1.37768260900003
            ],
            [
              103.953417969,
              1.37805518300005
            ],
            [
              103.953419197,
              1.37805800200004
            ],
            [
              103.95358967,
              1.37839559300005
            ],
            [
              103.953631428,
              1.37848729200005
            ],
            [
              103.953631925,
              1.37848832600003
            ],
            [
              103.95367775,
              1.37857865400001
            ],
            [
              103.953678291,
              1.37857966500008
            ],
            [
              103.953726515,
              1.37866554100003
            ],
            [
              103.953747862,
              1.37873253200006
            ],
            [
              103.953764816,
              1.37880264300002
            ],
            [
              103.95377674,
              1.37887379500005
            ],
            [
              103.953783576,
              1.37894562300005
            ],
            [
              103.95378531,
              1.37901873200002
            ],
            [
              103.953785655,
              1.37902245800007
            ],
            [
              103.953794808,
              1.37907884600002
            ],
            [
              103.953795307,
              1.37908117900001
            ],
            [
              103.953809651,
              1.37913628200005
            ],
            [
              103.953810404,
              1.37913870400007
            ],
            [
              103.953829847,
              1.37919222100004
            ],
            [
              103.953830831,
              1.37919458000003
            ],
            [
              103.953855188,
              1.37924599900002
            ],
            [
              103.953856282,
              1.37924807100006
            ],
            [
              103.953885447,
              1.37929713500005
            ],
            [
              103.953886507,
              1.37929878000005
            ],
            [
              103.953935682,
              1.37936937500006
            ],
            [
              103.953978597,
              1.37944274400006
            ],
            [
              103.954015792,
              1.37951971700005
            ],
            [
              103.954034421,
              1.37956324200008
            ],
            [
              103.954046822,
              1.37960772900004
            ],
            [
              103.954053242,
              1.37965347900006
            ],
            [
              103.954053567,
              1.37969968200003
            ],
            [
              103.954047564,
              1.37974731500003
            ],
            [
              103.954047437,
              1.37974854800005
            ],
            [
              103.95404348,
              1.37979795800003
            ],
            [
              103.954043393,
              1.37980014000005
            ],
            [
              103.954043405,
              1.37980096100006
            ],
            [
              103.954044899,
              1.37985050800006
            ],
            [
              103.954045154,
              1.37985350000001
            ],
            [
              103.95405208,
              1.37990257700006
            ],
            [
              103.954052222,
              1.37990347500004
            ],
            [
              103.954052663,
              1.37990552400003
            ],
            [
              103.954064938,
              1.37995353000002
            ],
            [
              103.954065777,
              1.37995622100005
            ],
            [
              103.954083313,
              1.38000273800003
            ],
            [
              103.954084525,
              1.38000548400004
            ],
            [
              103.954106616,
              1.38004888500005
            ],
            [
              103.954135109,
              1.38011413400005
            ],
            [
              103.954135782,
              1.38011556000005
            ],
            [
              103.954168361,
              1.38017974600005
            ],
            [
              103.954169069,
              1.38018105000003
            ],
            [
              103.954205348,
              1.38024330200005
            ],
            [
              103.954206181,
              1.38024464000006
            ],
            [
              103.954386683,
              1.38050203600005
            ],
            [
              103.954396803,
              1.38051062100004
            ],
            [
              103.954298636,
              1.38055047700004
            ]
          ],
          [
            [
              103.954298636,
              1.38055047700004
            ],
            [
              103.953344153,
              1.38078271600005
            ]
          ],
          [
            [
              103.953171026,
              1.36528690700003
            ],
            [
              103.953223444,
              1.36534124100007
            ],
            [
              103.953230134,
              1.36534924000005
            ],
            [
              103.953233209,
              1.36535236400004
            ],
            [
              103.953236745,
              1.36535494700007
            ],
            [
              103.95324065,
              1.36535692100005
            ],
            [
              103.95324482,
              1.36535823400004
            ],
            [
              103.953249146,
              1.36535885200005
            ],
            [
              103.953253514,
              1.36535875900006
            ],
            [
              103.953257811,
              1.36535795600002
            ],
            [
              103.953914648,
              1.36517877600005
            ],
            [
              103.953993796,
              1.36546709700003
            ],
            [
              103.953499953,
              1.36560181300007
            ],
            [
              103.95340342,
              1.36562814700004
            ],
            [
              103.953105801,
              1.36570933400002
            ],
            [
              103.95310154,
              1.36571089500006
            ],
            [
              103.953097598,
              1.36571315200006
            ],
            [
              103.953094089,
              1.36571604100005
            ],
            [
              103.95309111,
              1.36571948200003
            ],
            [
              103.953088747,
              1.36572337700004
            ],
            [
              103.953087065,
              1.36572761600009
            ],
            [
              103.953086114,
              1.36573207800006
            ],
            [
              103.953085919,
              1.36573663700004
            ],
            [
              103.953086486,
              1.36574116500002
            ],
            [
              103.953087799,
              1.36574553300005
            ],
            [
              103.953089821,
              1.36574961800006
            ],
            [
              103.953291654,
              1.36608362900005
            ],
            [
              103.953387047,
              1.36627455700005
            ],
            [
              103.953477331,
              1.36645526100005
            ],
            [
              103.953628519,
              1.36684047500006
            ],
            [
              103.953683725,
              1.36702535400001
            ],
            [
              103.953728293,
              1.36717227700006
            ],
            [
              103.953818564,
              1.36760045300002
            ],
            [
              103.953858415,
              1.36791247200006
            ],
            [
              103.9538662,
              1.36800595600004
            ],
            [
              103.953873981,
              1.36813859100003
            ],
            [
              103.953878546,
              1.36836640000006
            ],
            [
              103.953878589,
              1.36913113700007
            ],
            [
              103.953824702,
              1.36913103800004
            ],
            [
              103.953820162,
              1.369131421
            ],
            [
              103.953815752,
              1.36913256800005
            ],
            [
              103.953811596,
              1.36913444600002
            ],
            [
              103.953807814,
              1.36913700200005
            ],
            [
              103.953804514,
              1.36914016200006
            ],
            [
              103.953801789,
              1.36914383700002
            ],
            [
              103.953799718,
              1.36914792000005
            ],
            [
              103.95379836,
              1.36915229600004
            ],
            [
              103.953797753,
              1.36915684000006
            ],
            [
              103.953783669,
              1.36944603700004
            ],
            [
              103.953783808,
              1.36945042000002
            ],
            [
              103.953784647,
              1.36945472300005
            ],
            [
              103.953786163,
              1.36945883300005
            ],
            [
              103.953788318,
              1.36946264400005
            ],
            [
              103.953791054,
              1.36946605600003
            ],
            [
              103.953794301,
              1.36946898000001
            ],
            [
              103.953797973,
              1.36947133900002
            ],
            [
              103.953801975,
              1.36947307200004
            ],
            [
              103.953806202,
              1.36947413400004
            ],
            [
              103.953810544,
              1.36947449600007
            ],
            [
              103.953864342,
              1.36947459600004
            ],
            [
              103.953863596,
              1.36967861600004
            ],
            [
              103.953859743,
              1.37073209800009
            ],
            [
              103.953852492,
              1.37087758600007
            ],
            [
              103.953840493,
              1.37100661400006
            ],
            [
              103.95380715,
              1.37119230000005
            ],
            [
              103.9537742,
              1.37134254500006
            ],
            [
              103.953718769,
              1.37155020000006
            ],
            [
              103.953641109,
              1.37175672700005
            ],
            [
              103.95351438,
              1.37203550100002
            ],
            [
              103.953357669,
              1.37236799200003
            ],
            [
              103.952960445,
              1.37324453300004
            ],
            [
              103.952960095,
              1.37324534100001
            ],
            [
              103.952888859,
              1.37341710700002
            ],
            [
              103.952888579,
              1.37341781100001
            ],
            [
              103.952806492,
              1.37363243700002
            ],
            [
              103.952805952,
              1.37363403600006
            ],
            [
              103.952736231,
              1.37386414200005
            ],
            [
              103.952735945,
              1.37386515500003
            ],
            [
              103.952648664,
              1.37419913700006
            ],
            [
              103.952648366,
              1.37420040200005
            ],
            [
              103.952587221,
              1.37449014400004
            ],
            [
              103.952587027,
              1.37449115600001
            ],
            [
              103.95252302,
              1.37487081200004
            ],
            [
              103.95252264,
              1.37487535200006
            ],
            [
              103.952522648,
              1.37487601600002
            ],
            [
              103.952523951,
              1.37492950500007
            ],
            [
              103.952524427,
              1.37493396000002
            ]
          ],
          [
            [
              103.935117501,
              1.33910813900008
            ],
            [
              103.935115908,
              1.33910590600005
            ],
            [
              103.935112556,
              1.33910260800008
            ],
            [
              103.935108687,
              1.33909994400003
            ],
            [
              103.935104417,
              1.33909799500002
            ],
            [
              103.935099877,
              1.33909682000005
            ],
            [
              103.935095204,
              1.33909645500006
            ],
            [
              103.935090538,
              1.33909691000002
            ],
            [
              103.935086021,
              1.33909817200003
            ],
            [
              103.935081789,
              1.33910020200005
            ],
            [
              103.935077971,
              1.33910293900005
            ],
            [
              103.935074682,
              1.33910630100007
            ],
            [
              103.934977219,
              1.33922679400006
            ],
            [
              103.934884613,
              1.33931792100003
            ],
            [
              103.934834568,
              1.33936716700003
            ],
            [
              103.934784609,
              1.33941632700003
            ],
            [
              103.934726959,
              1.33947305800007
            ],
            [
              103.934643258,
              1.33955542200004
            ],
            [
              103.934595663,
              1.33956714800008
            ],
            [
              103.934559583,
              1.33957603700002
            ],
            [
              103.934556136,
              1.33957713700005
            ],
            [
              103.934552867,
              1.33957869200003
            ],
            [
              103.934549833,
              1.33958067400004
            ],
            [
              103.93454709,
              1.33958304600003
            ],
            [
              103.934477763,
              1.33965167100006
            ],
            [
              103.934432316,
              1.33962430400006
            ],
            [
              103.93442854,
              1.33962245300007
            ],
            [
              103.934424525,
              1.33962121400004
            ],
            [
              103.934420366,
              1.33962061800002
            ],
            [
              103.934416167,
              1.33962067900005
            ],
            [
              103.934412027,
              1.33962139600005
            ],
            [
              103.934408049,
              1.33962275200002
            ],
            [
              103.934404328,
              1.33962471300004
            ],
            [
              103.934400955,
              1.33962723200005
            ],
            [
              103.934398012,
              1.33963024800004
            ],
            [
              103.93433787,
              1.33970234100001
            ],
            [
              103.934336536,
              1.33970407900005
            ],
            [
              103.934276799,
              1.33978878100004
            ],
            [
              103.93421436,
              1.33987731600006
            ],
            [
              103.934132184,
              1.33999383500002
            ],
            [
              103.93413082,
              1.33999597400004
            ],
            [
              103.934130504,
              1.33999654000007
            ],
            [
              103.93404819,
              1.34014832900004
            ],
            [
              103.934046442,
              1.34015227200007
            ],
            [
              103.934000679,
              1.34028603600005
            ],
            [
              103.933999599,
              1.34029028000004
            ],
            [
              103.933968091,
              1.34048025300007
            ],
            [
              103.933893111,
              1.34061309000003
            ],
            [
              103.933787988,
              1.34079932700006
            ],
            [
              103.933690615,
              1.34093362700001
            ],
            [
              103.933587419,
              1.34101607600007
            ],
            [
              103.933433528,
              1.34113902600006
            ],
            [
              103.933312172,
              1.34122969000002
            ],
            [
              103.933227963,
              1.341292601
            ],
            [
              103.93310224,
              1.34138674600007
            ],
            [
              103.933012289,
              1.34145425900003
            ],
            [
              103.932871311,
              1.34155077600003
            ],
            [
              103.932681333,
              1.34168333200007
            ],
            [
              103.932595398,
              1.34172723300003
            ],
            [
              103.932594119,
              1.34172793100004
            ],
            [
              103.932591654,
              1.34172955100008
            ],
            [
              103.932440464,
              1.34184118000007
            ],
            [
              103.932315151,
              1.34193370500002
            ],
            [
              103.93217269,
              1.34203889000001
            ],
            [
              103.932050013,
              1.34212946800004
            ],
            [
              103.931907878,
              1.34223441300003
            ],
            [
              103.931814552,
              1.34230331900004
            ],
            [
              103.931670106,
              1.34240996900007
            ],
            [
              103.931575462,
              1.34247984900003
            ],
            [
              103.931489445,
              1.34254335900004
            ],
            [
              103.931346414,
              1.34263896500005
            ],
            [
              103.931195435,
              1.34274058300002
            ],
            [
              103.93110662,
              1.34280078300002
            ],
            [
              103.931104349,
              1.34280250300003
            ],
            [
              103.93110243,
              1.34280429100005
            ],
            [
              103.931013496,
              1.34289557600003
            ],
            [
              103.930940986,
              1.34297132600005
            ],
            [
              103.930940286,
              1.34297208600002
            ],
            [
              103.93079901,
              1.34313143500003
            ],
            [
              103.93070941,
              1.34323249700004
            ],
            [
              103.930639884,
              1.34331091700005
            ],
            [
              103.930526427,
              1.34343205100003
            ],
            [
              103.93042763,
              1.34353266400006
            ],
            [
              103.930307764,
              1.34364594800008
            ],
            [
              103.930232459,
              1.34371711900008
            ],
            [
              103.930135069,
              1.34380779900005
            ],
            [
              103.930132724,
              1.34381027600006
            ],
            [
              103.930131274,
              1.34381218100003
            ],
            [
              103.930027748,
              1.34396138800002
            ],
            [
              103.930026503,
              1.34396335700006
            ],
            [
              103.93002613,
              1.34396402900005
            ],
            [
              103.929966393,
              1.34407535900005
            ],
            [
              103.929930032,
              1.34414312300003
            ],
            [
              103.929929527,
              1.34414411100003
            ],
            [
              103.929854238,
              1.34429930700002
            ],
            [
              103.929783283,
              1.34445141900004
            ],
            [
              103.929708503,
              1.34458678100003
            ],
            [
              103.929603054,
              1.34472989000005
            ],
            [
              103.929408034,
              1.34489223300004
            ],
            [
              103.929179905,
              1.34502737500003
            ],
            [
              103.9289004,
              1.34516815200004
            ],
            [
              103.928759759,
              1.34523067800006
            ],
            [
              103.928647503,
              1.34526401100004
            ],
            [
              103.928482347,
              1.34528818800004
            ],
            [
              103.928481545,
              1.34528831800002
            ],
            [
              103.928477617,
              1.34528932700004
            ],
            [
              103.928349853,
              1.34533267200004
            ],
            [
              103.928346534,
              1.34533405200006
            ],
            [
              103.928343428,
              1.34533586400004
            ],
            [
              103.928340588,
              1.34533807500003
            ],
            [
              103.928237206,
              1.34543026100005
            ],
            [
              103.928124079,
              1.34553414800006
            ],
            [
              103.928001837,
              1.34563565600007
            ],
            [
              103.927919343,
              1.34569504400003
            ],
            [
              103.92781079,
              1.34575448400004
            ],
            [
              103.927590173,
              1.34585420000007
            ],
            [
              103.927587738,
              1.34585545400006
            ],
            [
              103.927586243,
              1.34585638900006
            ],
            [
              103.927467009,
              1.34593655200005
            ],
            [
              103.927465453,
              1.34593768100006
            ],
            [
              103.927259834,
              1.34609832900002
            ],
            [
              103.927062673,
              1.34625257500005
            ],
            [
              103.926933738,
              1.34634625500008
            ],
            [
              103.926747179,
              1.34648180100002
            ],
            [
              103.926646612,
              1.34655259400006
            ],
            [
              103.926521067,
              1.34662925300007
            ],
            [
              103.926350096,
              1.34672451600005
            ],
            [
              103.926168398,
              1.34682383900002
            ],
            [
              103.92595567,
              1.34693977200003
            ],
            [
              103.925847253,
              1.34699898400004
            ],
            [
              103.925619017,
              1.34712144200005
            ],
            [
              103.925485207,
              1.34717567400004
            ],
            [
              103.925355502,
              1.34720094200003
            ],
            [
              103.925194084,
              1.34719406600004
            ],
            [
              103.924956489,
              1.34716872600006
            ],
            [
              103.924754653,
              1.34714619000006
            ],
            [
              103.924420663,
              1.34710942400005
            ],
            [
              103.924336623,
              1.34710010000004
            ],
            [
              103.924212573,
              1.34708634100002
            ],
            [
              103.924059717,
              1.34706919800004
            ],
            [
              103.923758966,
              1.34701725600008
            ],
            [
              103.923640324,
              1.34698963500005
            ],
            [
              103.923517743,
              1.34696081000004
            ],
            [
              103.923399153,
              1.34693226900003
            ],
            [
              103.923319523,
              1.34691216300006
            ],
            [
              103.923149786,
              1.34685494500007
            ],
            [
              103.922985512,
              1.34677444800007
            ],
            [
              103.922864314,
              1.34671505500007
            ],
            [
              103.922759329,
              1.34666360700004
            ],
            [
              103.92264786,
              1.34660898500004
            ],
            [
              103.922433635,
              1.34650400900005
            ],
            [
              103.922315741,
              1.34644845600007
            ],
            [
              103.922313991,
              1.34644770600004
            ],
            [
              103.922134765,
              1.34637830600002
            ],
            [
              103.922133178,
              1.34637776300001
            ],
            [
              103.922027692,
              1.34634538800003
            ],
            [
              103.922026731,
              1.34634511200005
            ],
            [
              103.921706955,
              1.34625987400005
            ],
            [
              103.921583971,
              1.34622709300004
            ],
            [
              103.921329308,
              1.34616161900004
            ],
            [
              103.921194313,
              1.34612691500007
            ],
            [
              103.921047612,
              1.34608709900005
            ],
            [
              103.920944726,
              1.34605264600002
            ],
            [
              103.920826077,
              1.34600937000005
            ],
            [
              103.920604727,
              1.34592863300003
            ],
            [
              103.92049092,
              1.34588551900004
            ],
            [
              103.920246453,
              1.34578424000005
            ],
            [
              103.920138405,
              1.34573936900004
            ],
            [
              103.920122851,
              1.34570709500002
            ],
            [
              103.920121942,
              1.34570536900002
            ],
            [
              103.920121632,
              1.34570484300002
            ],
            [
              103.920088993,
              1.34565079600003
            ],
            [
              103.920086566,
              1.34564739900003
            ],
            [
              103.91999422,
              1.34553768600005
            ],
            [
              103.919991461,
              1.34553485600001
            ],
            [
              103.919988321,
              1.34553246100005
            ],
            [
              103.919984868,
              1.34553055300005
            ],
            [
              103.919981176,
              1.34552917100006
            ],
            [
              103.919977323,
              1.34552834600003
            ],
            [
              103.919973391,
              1.34552809500002
            ],
            [
              103.919923943,
              1.34552905200008
            ],
            [
              103.919869761,
              1.34551197700005
            ],
            [
              103.919796593,
              1.34539553300004
            ],
            [
              103.919794706,
              1.34539289300005
            ],
            [
              103.919744873,
              1.345331357
            ],
            [
              103.919755074,
              1.34528706500002
            ],
            [
              103.919755612,
              1.34528386500007
            ],
            [
              103.919755768,
              1.34528062300007
            ],
            [
              103.919755538,
              1.34527738600002
            ],
            [
              103.919747789,
              1.34521834600003
            ],
            [
              103.919747012,
              1.34521454300004
            ],
            [
              103.919745703,
              1.34521089200008
            ],
            [
              103.91974389,
              1.34520746500003
            ],
            [
              103.919666261,
              1.34508310700005
            ],
            [
              103.919604088,
              1.34497354600005
            ],
            [
              103.919536748,
              1.34485122800004
            ],
            [
              103.919509105,
              1.34473726800007
            ],
            [
              103.91950892,
              1.34473654800006
            ],
            [
              103.919494337,
              1.34468286400004
            ],
            [
              103.919493008,
              1.34467909100005
            ],
            [
              103.919491142,
              1.34467555700006
            ],
            [
              103.919429686,
              1.34457737700005
            ],
            [
              103.919371718,
              1.34447970000002
            ],
            [
              103.919313188,
              1.34438090400005
            ],
            [
              103.919256251,
              1.34427101200003
            ],
            [
              103.919207274,
              1.34417648200003
            ],
            [
              103.919126655,
              1.34402178800001
            ],
            [
              103.919126284,
              1.34402110000003
            ],
            [
              103.919075069,
              1.34392936200004
            ],
            [
              103.919027939,
              1.34384588900001
            ],
            [
              103.918968409,
              1.34371358300006
            ],
            [
              103.918953227,
              1.34366251500005
            ],
            [
              103.918943788,
              1.34356026700003
            ],
            [
              103.918965981,
              1.34323445200006
            ],
            [
              103.918970556,
              1.34320533600005
            ],
            [
              103.918982125,
              1.34316895200004
            ],
            [
              103.919073221,
              1.34295447900007
            ],
            [
              103.919119273,
              1.34285023600006
            ],
            [
              103.919119729,
              1.34284914200004
            ],
            [
              103.919140804,
              1.34279519700005
            ],
            [
              103.919141975,
              1.34279140700005
            ],
            [
              103.919142584,
              1.34278748500002
            ],
            [
              103.919142618,
              1.34278351500005
            ],
            [
              103.919130537,
              1.34259581100001
            ],
            [
              103.919130184,
              1.34259285300003
            ],
            [
              103.919129772,
              1.34259091900002
            ],
            [
              103.919107952,
              1.34250400100006
            ],
            [
              103.919107147,
              1.34250136700007
            ],
            [
              103.91910604,
              1.34249874300004
            ],
            [
              103.919069255,
              1.34242292300005
            ],
            [
              103.919068376,
              1.34242126100003
            ],
            [
              103.919066973,
              1.34241906600004
            ],
            [
              103.91899253,
              1.34231409000005
            ],
            [
              103.918951442,
              1.34225051700003
            ],
            [
              103.918867053,
              1.34210310300005
            ],
            [
              103.918849282,
              1.34206939900002
            ],
            [
              103.918833663,
              1.34201741000004
            ],
            [
              103.918909278,
              1.34194846600007
            ],
            [
              103.919117146,
              1.34183926400005
            ],
            [
              103.919233044,
              1.34178436500002
            ],
            [
              103.919233671,
              1.34178405800003
            ],
            [
              103.919304579,
              1.34174818600006
            ],
            [
              103.919305952,
              1.34174744100004
            ],
            [
              103.919307557,
              1.34174643100003
            ],
            [
              103.919531554,
              1.34159421400004
            ],
            [
              103.919533535,
              1.34159273100005
            ],
            [
              103.919617941,
              1.34152325900003
            ],
            [
              103.919620887,
              1.34152039600002
            ],
            [
              103.919623369,
              1.34151711700002
            ],
            [
              103.919625328,
              1.34151349700005
            ],
            [
              103.91962672,
              1.34150962000006
            ],
            [
              103.919676017,
              1.34133081200002
            ],
            [
              103.919676589,
              1.34132826800003
            ],
            [
              103.919676951,
              1.34132517400008
            ],
            [
              103.919681208,
              1.34125337800003
            ],
            [
              103.919681255,
              1.34125169000002
            ],
            [
              103.919680711,
              1.34114907600001
            ],
            [
              103.91968063,
              1.34114711200004
            ],
            [
              103.919672213,
              1.34103840700004
            ],
            [
              103.919672127,
              1.34103749700006
            ],
            [
              103.919650995,
              1.34084751800003
            ],
            [
              103.919647669,
              1.34075957200003
            ],
            [
              103.919655152,
              1.34056919500005
            ],
            [
              103.919669355,
              1.34040959000004
            ],
            [
              103.919709675,
              1.34026568100005
            ],
            [
              103.919756278,
              1.34012193300004
            ],
            [
              103.919809333,
              1.34007576800001
            ],
            [
              103.91990682,
              1.34002073300007
            ],
            [
              103.920134741,
              1.33991272000001
            ],
            [
              103.920259255,
              1.33985444200004
            ],
            [
              103.920422332,
              1.33977811300001
            ],
            [
              103.920512143,
              1.33973465500003
            ],
            [
              103.920773531,
              1.33960816600006
            ],
            [
              103.920935928,
              1.33952635600002
            ],
            [
              103.921053002,
              1.33946737700005
            ],
            [
              103.921129366,
              1.33942794400002
            ],
            [
              103.921233665,
              1.33937447400006
            ],
            [
              103.921340733,
              1.33932121800006
            ],
            [
              103.921441923,
              1.33927674600005
            ],
            [
              103.921445717,
              1.33927470200007
            ],
            [
              103.921449139,
              1.33927207500005
            ],
            [
              103.921645844,
              1.33909441900004
            ],
            [
              103.921648491,
              1.33909166500007
            ],
            [
              103.921649426,
              1.33909047700006
            ],
            [
              103.921741071,
              1.33896716500004
            ],
            [
              103.92174293,
              1.33896430300006
            ],
            [
              103.92179367,
              1.33887271400005
            ],
            [
              103.92179393,
              1.33887214200007
            ],
            [
              103.921862809,
              1.33890983800006
            ],
            [
              103.921866151,
              1.33891137900002
            ],
            [
              103.921869669,
              1.33891244900002
            ],
            [
              103.9218733,
              1.33891302700004
            ],
            [
              103.921876975,
              1.33891310200005
            ],
            [
              103.922047296,
              1.33890489700002
            ],
            [
              103.922133786,
              1.33891681000005
            ],
            [
              103.922137504,
              1.33891706100009
            ],
            [
              103.922347481,
              1.33891607300006
            ],
            [
              103.922538378,
              1.33891517600005
            ],
            [
              103.92254274,
              1.33891479800007
            ],
            [
              103.922754756,
              1.33887876900007
            ],
            [
              103.922755426,
              1.33887864400003
            ],
            [
              103.922900761,
              1.33884956900005
            ],
            [
              103.922901616,
              1.33884938300002
            ],
            [
              103.923081393,
              1.33880727400002
            ],
            [
              103.923083433,
              1.33880671000002
            ],
            [
              103.923188279,
              1.33877323700005
            ],
            [
              103.923324445,
              1.33876870100003
            ],
            [
              103.923326152,
              1.33876859000001
            ],
            [
              103.923479134,
              1.33875367800004
            ],
            [
              103.923480322,
              1.33875353600006
            ],
            [
              103.923610419,
              1.33873495700005
            ],
            [
              103.923668338,
              1.33873926600006
            ],
            [
              103.923735079,
              1.33876417100003
            ],
            [
              103.923739694,
              1.33876542300004
            ],
            [
              103.923741262,
              1.33876565300006
            ],
            [
              103.923809138,
              1.33877359400002
            ],
            [
              103.92381246,
              1.33877377400006
            ],
            [
              103.923815779,
              1.33877354200005
            ],
            [
              103.923819044,
              1.33877289900005
            ],
            [
              103.923997479,
              1.33872613200004
            ],
            [
              103.92416737,
              1.33869459900005
            ],
            [
              103.924168217,
              1.33869442800005
            ],
            [
              103.924318332,
              1.33866152600006
            ],
            [
              103.924549522,
              1.33860586500004
            ],
            [
              103.92455247,
              1.33860497300003
            ],
            [
              103.924553808,
              1.33860444200008
            ],
            [
              103.92472249,
              1.33853217500006
            ],
            [
              103.924725412,
              1.33853070800008
            ],
            [
              103.924728474,
              1.33852863400004
            ],
            [
              103.924839809,
              1.33844155100008
            ],
            [
              103.924842424,
              1.33843921600003
            ],
            [
              103.924844717,
              1.33843656100003
            ],
            [
              103.92484665,
              1.33843363000004
            ],
            [
              103.924897984,
              1.33834300900002
            ],
            [
              103.924899897,
              1.33833885000007
            ],
            [
              103.924900638,
              1.33833646500005
            ],
            [
              103.92491134,
              1.33829546300006
            ],
            [
              103.925141151,
              1.33834959600004
            ],
            [
              103.925145802,
              1.33835026900004
            ],
            [
              103.925150498,
              1.33835011800005
            ],
            [
              103.925155098,
              1.33834914900006
            ],
            [
              103.92515946,
              1.33834739000003
            ],
            [
              103.925163452,
              1.33834489600002
            ],
            [
              103.925166953,
              1.33834174200006
            ],
            [
              103.925169857,
              1.33833802400004
            ],
            [
              103.925172076,
              1.33833385500002
            ],
            [
              103.925173541,
              1.33832936200002
            ],
            [
              103.925174209,
              1.33832468100006
            ],
            [
              103.925174059,
              1.33831995400004
            ],
            [
              103.925173096,
              1.33831532500005
            ],
            [
              103.925171349,
              1.33831093500003
            ]
          ],
          [
            [
              103.925120756,
              1.33831841600005
            ],
            [
              103.925120337,
              1.33832311100001
            ],
            [
              103.925120732,
              1.33832780800003
            ],
            [
              103.92512193,
              1.33833236600003
            ],
            [
              103.925123892,
              1.33833664600007
            ],
            [
              103.925126562,
              1.33834052000002
            ],
            [
              103.925129857,
              1.33834387000007
            ],
            [
              103.925133679,
              1.33834659600005
            ],
            [
              103.925137912,
              1.33834861400004
            ],
            [
              103.925142428,
              1.33834986500005
            ],
            [
              103.925303282,
              1.33837957400004
            ],
            [
              103.925556274,
              1.33845686100005
            ],
            [
              103.925859627,
              1.33855710000006
            ],
            [
              103.926249592,
              1.33872594200006
            ],
            [
              103.926617502,
              1.33889049700002
            ],
            [
              103.926880967,
              1.33901916800006
            ],
            [
              103.926926429,
              1.33904137100007
            ],
            [
              103.926928467,
              1.33904226400005
            ],
            [
              103.927210761,
              1.33915223000002
            ],
            [
              103.927212276,
              1.33915275300007
            ],
            [
              103.927462472,
              1.33923057500004
            ],
            [
              103.927465953,
              1.33923140700005
            ],
            [
              103.927720897,
              1.33927263600004
            ],
            [
              103.927724746,
              1.33927297600007
            ],
            [
              103.92775573,
              1.33927347100005
            ],
            [
              103.927770125,
              1.33927370000003
            ],
            [
              103.928011545,
              1.33927754600006
            ],
            [
              103.928015355,
              1.33927730500005
            ],
            [
              103.928251898,
              1.33924524700005
            ],
            [
              103.928252983,
              1.33924507700003
            ],
            [
              103.928256342,
              1.33924425400004
            ]
          ],
          [
            [
              103.93305976,
              1.33806783500006
            ],
            [
              103.932346566,
              1.33794617900002
            ],
            [
              103.93198995,
              1.33794619300004
            ],
            [
              103.931169745,
              1.33823336200004
            ],
            [
              103.930313878,
              1.33848464000005
            ],
            [
              103.929564994,
              1.33873591400002
            ],
            [
              103.928994419,
              1.33898718000007
            ],
            [
              103.928256342,
              1.33924425400004
            ]
          ],
          [
            [
              103.953171026,
              1.36528690700003
            ],
            [
              103.952883495,
              1.36487970800004
            ],
            [
              103.952882178,
              1.36487826900002
            ],
            [
              103.951529823,
              1.36350313700005
            ],
            [
              103.950464341,
              1.36241479400007
            ],
            [
              103.950307897,
              1.36225684900006
            ],
            [
              103.950307092,
              1.36225607000007
            ],
            [
              103.950010447,
              1.36198041900001
            ],
            [
              103.950009292,
              1.36197940800003
            ],
            [
              103.949698108,
              1.36172645900007
            ],
            [
              103.949696634,
              1.36172534300004
            ],
            [
              103.949342361,
              1.36147563700006
            ],
            [
              103.949340799,
              1.36147461500001
            ],
            [
              103.948991029,
              1.36126274800005
            ],
            [
              103.948989719,
              1.36126201800005
            ],
            [
              103.948653786,
              1.36108724000008
            ],
            [
              103.948652327,
              1.36108653600008
            ],
            [
              103.948417769,
              1.36098194000004
            ],
            [
              103.948416576,
              1.36098144200002
            ],
            [
              103.94793036,
              1.36079211900004
            ],
            [
              103.947928564,
              1.36079151100005
            ],
            [
              103.947400622,
              1.36063366700005
            ],
            [
              103.947398311,
              1.36063308600008
            ],
            [
              103.946916359,
              1.36053457200007
            ],
            [
              103.946915673,
              1.36053444200007
            ],
            [
              103.946914304,
              1.36053423500004
            ],
            [
              103.946431151,
              1.36047405700003
            ],
            [
              103.946427952,
              1.36047385200005
            ],
            [
              103.944560384,
              1.36046603200003
            ],
            [
              103.944472912,
              1.36046566600003
            ]
          ],
          [
            [
              103.942358447,
              1.36071299600007
            ],
            [
              103.941769674,
              1.36073597100005
            ],
            [
              103.941624848,
              1.36073820100006
            ],
            [
              103.941618425,
              1.36073830000004
            ],
            [
              103.941269926,
              1.36074367100002
            ],
            [
              103.941231268,
              1.36074426700003
            ],
            [
              103.941176939,
              1.36073860000005
            ],
            [
              103.941171253,
              1.36073800600002
            ],
            [
              103.941138821,
              1.36073462300003
            ],
            [
              103.941006289,
              1.36072079800005
            ],
            [
              103.941003509,
              1.36072065300004
            ],
            [
              103.940687903,
              1.36072066700007
            ],
            [
              103.9406869,
              1.36072066800006
            ],
            [
              103.940682219,
              1.36072108000008
            ],
            [
              103.940680381,
              1.36072154700002
            ],
            [
              103.940677669,
              1.36072225700002
            ],
            [
              103.940576931,
              1.36074750700003
            ],
            [
              103.9402502,
              1.36074456000005
            ],
            [
              103.940248343,
              1.36074454300005
            ],
            [
              103.940136831,
              1.36074353600003
            ],
            [
              103.940019621,
              1.360718661
            ],
            [
              103.940018739,
              1.36071848900002
            ],
            [
              103.940014348,
              1.36071807800004
            ],
            [
              103.939870379,
              1.36071652700002
            ],
            [
              103.939868021,
              1.36071650200007
            ],
            [
              103.939491527,
              1.36071244600003
            ],
            [
              103.939422218,
              1.36071206000001
            ],
            [
              103.939420402,
              1.36071204900002
            ],
            [
              103.938962332,
              1.36070949500003
            ],
            [
              103.938960455,
              1.36070948400004
            ],
            [
              103.938557764,
              1.36070723900002
            ],
            [
              103.938556793,
              1.36070723300002
            ],
            [
              103.938428781,
              1.36070652000005
            ],
            [
              103.938426085,
              1.36070664800009
            ]
          ],
          [
            [
              103.938428781,
              1.36070652000005
            ],
            [
              103.937775075,
              1.36061140300006
            ],
            [
              103.937773687,
              1.36061061700003
            ],
            [
              103.937755159,
              1.36060068800003
            ],
            [
              103.937751615,
              1.36059903100003
            ],
            [
              103.93774327,
              1.36059567100005
            ],
            [
              103.937731675,
              1.36059100200002
            ],
            [
              103.937730615,
              1.36059059500006
            ],
            [
              103.937727975,
              1.36058974200005
            ],
            [
              103.937707285,
              1.36058393700005
            ],
            [
              103.937703672,
              1.36058312300003
            ],
            [
              103.937682277,
              1.36057957700008
            ],
            [
              103.937678286,
              1.36057914500002
            ],
            [
              103.937657012,
              1.36057804200005
            ],
            [
              103.937655181,
              1.36057799400004
            ],
            [
              103.937535074,
              1.36057793600003
            ],
            [
              103.937532402,
              1.36057793500003
            ],
            [
              103.937527887,
              1.36057793300006
            ],
            [
              103.937394981,
              1.36056668900007
            ],
            [
              103.937369195,
              1.36056450800002
            ],
            [
              103.937365973,
              1.36056423600008
            ],
            [
              103.937346669,
              1.36056260300005
            ],
            [
              103.937275461,
              1.36055657900003
            ],
            [
              103.937264952,
              1.36055569000006
            ],
            [
              103.937264096,
              1.36055562700007
            ],
            [
              103.937248816,
              1.36055470400005
            ],
            [
              103.93724666,
              1.36055463900004
            ],
            [
              103.937245807,
              1.36055464900004
            ],
            [
              103.936935473,
              1.36056207400003
            ],
            [
              103.936619351,
              1.36056208800005
            ],
            [
              103.936613725,
              1.36056208800005
            ],
            [
              103.936231816,
              1.36056210500003
            ],
            [
              103.936174271,
              1.36056210400005
            ],
            [
              103.936168029,
              1.36056265400004
            ],
            [
              103.936167224,
              1.36056280700005
            ],
            [
              103.936058475,
              1.36058469300001
            ],
            [
              103.936050748,
              1.36058470800003
            ],
            [
              103.936041951,
              1.36058472200005
            ],
            [
              103.935891884,
              1.36058472800005
            ],
            [
              103.935861427,
              1.36057982500006
            ],
            [
              103.935855223,
              1.36057882600004
            ],
            [
              103.93575429,
              1.36056257600004
            ],
            [
              103.935748606,
              1.36056212200002
            ],
            [
              103.935667495,
              1.36056214900002
            ],
            [
              103.935663435,
              1.36056215200006
            ],
            [
              103.93504133,
              1.36056233200003
            ]
          ],
          [
            [
              103.93504133,
              1.36056233200003
            ],
            [
              103.934000232,
              1.36054809600005
            ],
            [
              103.933996655,
              1.36054791600001
            ],
            [
              103.933452579,
              1.36054793900006
            ],
            [
              103.933374083,
              1.36055590800004
            ],
            [
              103.933313459,
              1.36056452500003
            ],
            [
              103.933235716,
              1.36056524600003
            ],
            [
              103.933150243,
              1.36056480300006
            ],
            [
              103.933038148,
              1.36055520400005
            ],
            [
              103.932977523,
              1.360560231
            ],
            [
              103.932700872,
              1.36056557300003
            ]
          ],
          [
            [
              103.932700158,
              1.36056629100004
            ],
            [
              103.931948231,
              1.36058023500004
            ],
            [
              103.93168062,
              1.36055115500005
            ],
            [
              103.931676725,
              1.36055094600004
            ],
            [
              103.931323944,
              1.36055166900007
            ],
            [
              103.931321346,
              1.36055171200006
            ],
            [
              103.931320252,
              1.36055174700004
            ],
            [
              103.93131793,
              1.36055185900006
            ],
            [
              103.931316838,
              1.36055192800005
            ],
            [
              103.93131452,
              1.36055211100006
            ],
            [
              103.93131343,
              1.36055221400005
            ],
            [
              103.931311119,
              1.36055246700005
            ],
            [
              103.931310033,
              1.36055260300003
            ],
            [
              103.93130773,
              1.36055292700005
            ],
            [
              103.931306649,
              1.36055309700003
            ],
            [
              103.931304267,
              1.36055350700001
            ],
            [
              103.931303281,
              1.36055369400002
            ],
            [
              103.931301003,
              1.36055415800008
            ],
            [
              103.931299934,
              1.36055439300003
            ],
            [
              103.93129767,
              1.36055492800005
            ],
            [
              103.931296608,
              1.36055519500006
            ],
            [
              103.931294362,
              1.36055579900004
            ],
            [
              103.931293309,
              1.36055609900006
            ],
            [
              103.931291082,
              1.36055677100006
            ],
            [
              103.931290039,
              1.36055710300007
            ],
            [
              103.931287833,
              1.36055784300002
            ],
            [
              103.931286851,
              1.36055818800003
            ],
            [
              103.931284617,
              1.36055901400005
            ],
            [
              103.931283596,
              1.36055941000008
            ],
            [
              103.931281439,
              1.36056028300004
            ],
            [
              103.93128043,
              1.36056071000007
            ],
            [
              103.931278301,
              1.36056164900003
            ],
            [
              103.931277305,
              1.360562107
            ],
            [
              103.931275205,
              1.36056311100003
            ],
            [
              103.931274224,
              1.36056359800007
            ],
            [
              103.931272155,
              1.36056466600008
            ],
            [
              103.931271189,
              1.36056518400005
            ],
            [
              103.931269153,
              1.36056631500003
            ],
            [
              103.931268377,
              1.36056676000005
            ],
            [
              103.931266203,
              1.36056805400005
            ],
            [
              103.93126527,
              1.36056863000005
            ],
            [
              103.931263307,
              1.36056988300003
            ],
            [
              103.931262392,
              1.36057048700006
            ],
            [
              103.931260467,
              1.36057180000006
            ],
            [
              103.931259571,
              1.36057243200002
            ],
            [
              103.931257687,
              1.36057380300001
            ],
            [
              103.93125681,
              1.36057446200004
            ],
            [
              103.931254968,
              1.36057589100004
            ],
            [
              103.931254112,
              1.36057657600004
            ],
            [
              103.93125216,
              1.36057818900002
            ],
            [
              103.931247712,
              1.36058261500006
            ],
            [
              103.931244094,
              1.36058774900004
            ],
            [
              103.931242845,
              1.36059040300005
            ]
          ],
          [
            [
              103.930422177,
              1.35784638200004
            ],
            [
              103.930599155,
              1.35816269800005
            ],
            [
              103.930615402,
              1.35821388100003
            ],
            [
              103.930615689,
              1.35821470600007
            ],
            [
              103.930616601,
              1.35821698400002
            ],
            [
              103.930690699,
              1.35838532100007
            ],
            [
              103.930758353,
              1.35855367400005
            ],
            [
              103.93077735,
              1.35862992000005
            ],
            [
              103.930814138,
              1.35877756900004
            ],
            [
              103.930824835,
              1.35882050000004
            ],
            [
              103.930825437,
              1.35882263900003
            ],
            [
              103.930865587,
              1.35895003200004
            ],
            [
              103.930902719,
              1.35907833700003
            ],
            [
              103.930903453,
              1.35908059400004
            ],
            [
              103.930904188,
              1.35908246400004
            ],
            [
              103.930974295,
              1.35924719200005
            ],
            [
              103.931011429,
              1.35941115900004
            ],
            [
              103.931028009,
              1.35964221600004
            ],
            [
              103.931028315,
              1.35964499100005
            ],
            [
              103.931058436,
              1.35984652100007
            ],
            [
              103.931081275,
              1.36004901500006
            ],
            [
              103.931081592,
              1.36005121800003
            ],
            [
              103.931082195,
              1.36005401000005
            ],
            [
              103.931088253,
              1.36007753200005
            ],
            [
              103.931090114,
              1.36008295100003
            ],
            [
              103.931092803,
              1.36008800500002
            ],
            [
              103.931105851,
              1.36010845200002
            ],
            [
              103.931108561,
              1.36011215700006
            ],
            [
              103.93111321,
              1.36011679800004
            ],
            [
              103.931132173,
              1.36013230800006
            ],
            [
              103.931136869,
              1.36013556100004
            ],
            [
              103.931211223,
              1.36017876000005
            ],
            [
              103.931244094,
              1.36058774900004
            ]
          ],
          [
            [
              103.930416554,
              1.35786306700004
            ],
            [
              103.930418976,
              1.35785930700006
            ],
            [
              103.930420749,
              1.35785519600006
            ],
            [
              103.930421826,
              1.35785084900004
            ],
            [
              103.930422177,
              1.35784638200004
            ],
            [
              103.930421793,
              1.35784191800002
            ],
            [
              103.930420685,
              1.35783757800004
            ],
            [
              103.930418881,
              1.35783348100005
            ],
            [
              103.926743584,
              1.35105799400004
            ],
            [
              103.925850461,
              1.34944117600003
            ],
            [
              103.925848882,
              1.34943869400007
            ],
            [
              103.925330704,
              1.34871463800004
            ],
            [
              103.92532948,
              1.34871305500008
            ],
            [
              103.925326968,
              1.34871042300005
            ],
            [
              103.924770562,
              1.34820112600006
            ],
            [
              103.925176184,
              1.34777426600005
            ],
            [
              103.925178389,
              1.34777162900001
            ],
            [
              103.925180244,
              1.34776873200003
            ],
            [
              103.925181719,
              1.34776562200006
            ],
            [
              103.925252538,
              1.34758807800006
            ],
            [
              103.925253822,
              1.34758392600001
            ],
            [
              103.925254429,
              1.34757962000004
            ],
            [
              103.925254345,
              1.34757527200003
            ],
            [
              103.925218915,
              1.34721843800001
            ],
            [
              103.925218131,
              1.34721411700002
            ],
            [
              103.925216664,
              1.34720998000006
            ],
            [
              103.925214553,
              1.34720613500002
            ],
            [
              103.925211854,
              1.34720268300002
            ],
            [
              103.925208636,
              1.34719971500004
            ],
            [
              103.925204984,
              1.34719730900001
            ],
            [
              103.925200995,
              1.34719552800004
            ],
            [
              103.925196772,
              1.34719441700002
            ]
          ],
          [
            [
              103.93564875,
              1.33973533800002
            ],
            [
              103.935649775,
              1.33973072200007
            ],
            [
              103.935660335,
              1.33965096100008
            ],
            [
              103.935660567,
              1.33964689100002
            ],
            [
              103.93566019,
              1.33964283200004
            ],
            [
              103.935659213,
              1.33963887500004
            ],
            [
              103.935657658,
              1.33963511100007
            ],
            [
              103.93565556,
              1.33963162300005
            ],
            [
              103.935652967,
              1.33962849100004
            ],
            [
              103.93560042,
              1.33957395100003
            ],
            [
              103.935423332,
              1.33939014900007
            ]
          ],
          [
            [
              103.935423332,
              1.33939014900007
            ],
            [
              103.935294376,
              1.33926168000004
            ],
            [
              103.93529105,
              1.33925886200005
            ],
            [
              103.935287316,
              1.33925662000007
            ],
            [
              103.935283273,
              1.33925501000006
            ],
            [
              103.935279025,
              1.33925407600002
            ],
            [
              103.935274684,
              1.33925384100007
            ],
            [
              103.935270361,
              1.33925431200003
            ],
            [
              103.93526617,
              1.33925547600006
            ],
            [
              103.935262219,
              1.33925730300008
            ],
            [
              103.935257089,
              1.33926020100007
            ],
            [
              103.935249168,
              1.33925447000008
            ],
            [
              103.935231268,
              1.33923580800007
            ],
            [
              103.935218506,
              1.33922252600007
            ],
            [
              103.935205525,
              1.33920901600003
            ],
            [
              103.935141242,
              1.33914228000003
            ],
            [
              103.935117582,
              1.33910808100005
            ],
            [
              103.935116102,
              1.33910613600004
            ],
            [
              103.935068502,
              1.33904913500004
            ],
            [
              103.935066489,
              1.33904697400005
            ],
            [
              103.934812878,
              1.33880309000006
            ],
            [
              103.934811582,
              1.33880192200008
            ],
            [
              103.934810235,
              1.33880085600003
            ],
            [
              103.934647925,
              1.33868061700002
            ],
            [
              103.934645548,
              1.33867904400006
            ],
            [
              103.934382619,
              1.33852437300004
            ],
            [
              103.93438058,
              1.33852329500008
            ],
            [
              103.934150124,
              1.33841388100006
            ],
            [
              103.934081248,
              1.33837116500007
            ],
            [
              103.934080584,
              1.33837076600002
            ],
            [
              103.934076629,
              1.33836888100006
            ],
            [
              103.933669725,
              1.33821423500006
            ],
            [
              103.933667735,
              1.33821357900007
            ],
            [
              103.933412709,
              1.33814050900002
            ],
            [
              103.933410964,
              1.33814007200004
            ],
            [
              103.933092043,
              1.33807145500002
            ],
            [
              103.933090892,
              1.33807123400005
            ],
            [
              103.933069099,
              1.33806769900001
            ],
            [
              103.933064424,
              1.33806735700006
            ],
            [
              103.93305976,
              1.33806783500006
            ],
            [
              103.933055249,
              1.33806911800001
            ],
            [
              103.933051027,
              1.33807116900003
            ],
            [
              103.933047222,
              1.33807392500005
            ],
            [
              103.933043949,
              1.33807730300003
            ],
            [
              103.933041307,
              1.33808120000003
            ]
          ],
          [
            [
              103.93579782,
              1.33953217700003
            ],
            [
              103.935801405,
              1.33953483400007
            ],
            [
              103.935805376,
              1.33953686100006
            ],
            [
              103.935809624,
              1.33953820200003
            ],
            [
              103.935814033,
              1.33953882100008
            ],
            [
              103.935818484,
              1.33953870200003
            ],
            [
              103.935822854,
              1.33953784600005
            ],
            [
              103.935827025,
              1.33953627900007
            ],
            [
              103.935830883,
              1.33953404200002
            ],
            [
              103.935834322,
              1.33953119600005
            ],
            [
              103.938167886,
              1.33725029300006
            ],
            [
              103.938550705,
              1.33687218500006
            ],
            [
              103.938614563,
              1.33681043500006
            ],
            [
              103.938712763,
              1.33673534800004
            ],
            [
              103.938855616,
              1.33664631600003
            ],
            [
              103.939021695,
              1.33656812200007
            ],
            [
              103.939252862,
              1.33649863900006
            ],
            [
              103.94007033,
              1.33633446800007
            ],
            [
              103.940071349,
              1.33633424300007
            ]
          ],
          [
            [
              103.940071349,
              1.33633424300007
            ],
            [
              103.940259715,
              1.33628871700005
            ],
            [
              103.94065134,
              1.33662614500002
            ],
            [
              103.940654808,
              1.33662865600007
            ],
            [
              103.940658626,
              1.33663058500002
            ],
            [
              103.940662699,
              1.33663188200006
            ],
            [
              103.940666925,
              1.33663251500008
            ],
            [
              103.940671197,
              1.33663246800007
            ],
            [
              103.940675408,
              1.33663174300005
            ],
            [
              103.940679452,
              1.33663035600005
            ],
            [
              103.940683227,
              1.33662834500006
            ],
            [
              103.94068664,
              1.33662575800003
            ],
            [
              103.940689603,
              1.33662266100003
            ],
            [
              103.941060468,
              1.33615783000004
            ],
            [
              103.941306866,
              1.33610794000003
            ],
            [
              103.94136549,
              1.33609686700004
            ],
            [
              103.943522899,
              1.33566073400005
            ],
            [
              103.943533379,
              1.33565904100004
            ],
            [
              103.943558713,
              1.33579257900004
            ],
            [
              103.943559837,
              1.33579670500006
            ],
            [
              103.943561591,
              1.33580060100007
            ],
            [
              103.943563932,
              1.33580417200005
            ],
            [
              103.943566802,
              1.33580732800005
            ],
            [
              103.943570129,
              1.33580999100008
            ],
            [
              103.94357383,
              1.33581209400006
            ],
            [
              103.943577814,
              1.33581358600003
            ],
            [
              103.943581981,
              1.33581442800004
            ],
            [
              103.943586228,
              1.33581460100004
            ],
            [
              103.943590449,
              1.33581410000005
            ],
            [
              103.94366034,
              1.33580011100004
            ],
            [
              103.943730231,
              1.33578612300005
            ],
            [
              103.943734702,
              1.33578481600004
            ],
            [
              103.943738882,
              1.33578275400003
            ],
            [
              103.943742647,
              1.33578000000005
            ],
            [
              103.943745886,
              1.33577663400006
            ],
            [
              103.9437485,
              1.33577275800008
            ],
            [
              103.943750413,
              1.33576848600008
            ],
            [
              103.943751568,
              1.33576394800002
            ],
            [
              103.943751929,
              1.33575927700002
            ],
            [
              103.943751487,
              1.33575461300007
            ],
            [
              103.943727409,
              1.33562769400004
            ],
            [
              103.943729778,
              1.33562731100005
            ],
            [
              103.943742177,
              1.33562519500002
            ],
            [
              103.943847973,
              1.33560869100006
            ],
            [
              103.943848765,
              1.33560855400002
            ],
            [
              103.948668484,
              1.33466272200007
            ],
            [
              103.948716324,
              1.33465333600003
            ],
            [
              103.949046608,
              1.33458853800004
            ],
            [
              103.949050533,
              1.33458745300003
            ],
            [
              103.949054251,
              1.33458578500006
            ],
            [
              103.949057677,
              1.33458357300003
            ],
            [
              103.949060733,
              1.33458086700007
            ],
            [
              103.94906335,
              1.33457772900004
            ],
            [
              103.949473942,
              1.33400200800001
            ],
            [
              103.949652727,
              1.33379926700006
            ],
            [
              103.949653216,
              1.33379869600003
            ],
            [
              103.949654965,
              1.33379635200003
            ],
            [
              103.951927002,
              1.33038096300003
            ],
            [
              103.952035385,
              1.33021803600008
            ],
            [
              103.952037524,
              1.33021417400004
            ],
            [
              103.952039011,
              1.33021001400004
            ],
            [
              103.952039806,
              1.33020566500004
            ],
            [
              103.95203989,
              1.33020124500006
            ],
            [
              103.952039258,
              1.33019686900002
            ],
            [
              103.952037929,
              1.33019265500007
            ],
            [
              103.952035938,
              1.33018871400004
            ],
            [
              103.952033337,
              1.33018515100003
            ],
            [
              103.952030195,
              1.33018206000002
            ],
            [
              103.95171286,
              1.32992016300005
            ],
            [
              103.951749401,
              1.32984717300008
            ],
            [
              103.951766083,
              1.32983057300003
            ],
            [
              103.951769124,
              1.32982696800002
            ],
            [
              103.951771496,
              1.32982288500005
            ],
            [
              103.951773128,
              1.32981845100006
            ],
            [
              103.95177397,
              1.32981379800004
            ]
          ],
          [
            [
              103.951766084,
              1.32983057200005
            ],
            [
              103.95179628,
              1.32980052200002
            ],
            [
              103.951797977,
              1.32979866800001
            ],
            [
              103.951799652,
              1.32979643500005
            ],
            [
              103.952067283,
              1.32939839000004
            ],
            [
              103.952248076,
              1.32912395500005
            ],
            [
              103.952304019,
              1.32904438900005
            ],
            [
              103.952304513,
              1.32904366200005
            ],
            [
              103.952358847,
              1.32896079900007
            ],
            [
              103.952415497,
              1.32887885600007
            ],
            [
              103.952468698,
              1.32880034100003
            ],
            [
              103.95254219,
              1.32869105700008
            ],
            [
              103.952615509,
              1.32858418400003
            ],
            [
              103.952692048,
              1.32848286700006
            ],
            [
              103.952693337,
              1.32848100400002
            ],
            [
              103.952758083,
              1.32837851600005
            ],
            [
              103.952824527,
              1.32827818300005
            ],
            [
              103.952891302,
              1.32817958200008
            ],
            [
              103.952966262,
              1.32807705000005
            ],
            [
              103.952967409,
              1.32807535000006
            ],
            [
              103.953034925,
              1.32796662800007
            ],
            [
              103.953106518,
              1.32785576900004
            ],
            [
              103.953176979,
              1.32774825400002
            ],
            [
              103.953229627,
              1.32766778000007
            ],
            [
              103.953280054,
              1.32759314900005
            ],
            [
              103.953333904,
              1.32752082600007
            ],
            [
              103.953388391,
              1.32744860200005
            ],
            [
              103.953389247,
              1.32744740000004
            ],
            [
              103.953439729,
              1.32737231800007
            ],
            [
              103.953440064,
              1.32737180700002
            ],
            [
              103.953488602,
              1.32729598900005
            ],
            [
              103.953563152,
              1.32718584600001
            ],
            [
              103.953636283,
              1.32707987900005
            ],
            [
              103.953706452,
              1.32697369600003
            ],
            [
              103.95377667,
              1.32686787100004
            ],
            [
              103.953777054,
              1.32686727600002
            ],
            [
              103.954008934,
              1.32649720100004
            ],
            [
              103.954139843,
              1.32639993800007
            ],
            [
              103.954140982,
              1.32639904300003
            ],
            [
              103.954233732,
              1.32632207100005
            ],
            [
              103.95423435,
              1.32632153800005
            ],
            [
              103.954321444,
              1.32624402400006
            ],
            [
              103.954408921,
              1.32616909200004
            ],
            [
              103.95449895,
              1.32609494000008
            ],
            [
              103.954588901,
              1.32602124000004
            ],
            [
              103.954678847,
              1.32595156100006
            ],
            [
              103.954679836,
              1.32595075600006
            ],
            [
              103.954764761,
              1.32587756100001
            ],
            [
              103.954851703,
              1.32580485900007
            ],
            [
              103.954852142,
              1.32580448200001
            ],
            [
              103.954939994,
              1.32572737800008
            ],
            [
              103.955027927,
              1.32565325800004
            ],
            [
              103.955055667,
              1.32563004800004
            ],
            [
              103.955110094,
              1.32558455100002
            ],
            [
              103.9551945,
              1.32551892400005
            ],
            [
              103.955280412,
              1.32544978600003
            ],
            [
              103.955370393,
              1.32537653300006
            ],
            [
              103.955464109,
              1.32530069200003
            ],
            [
              103.9554649,
              1.32530001300006
            ],
            [
              103.955551389,
              1.32522269600001
            ],
            [
              103.955643831,
              1.32514873000003
            ],
            [
              103.955730502,
              1.32507654400008
            ],
            [
              103.955732835,
              1.32507433800003
            ],
            [
              103.955797311,
              1.32500567900006
            ],
            [
              103.955875986,
              1.32494927400005
            ],
            [
              103.955962554,
              1.32488517200006
            ],
            [
              103.955963961,
              1.32488405500004
            ],
            [
              103.956049889,
              1.32481071100004
            ],
            [
              103.956138469,
              1.32474190900006
            ],
            [
              103.956139332,
              1.32474121000007
            ],
            [
              103.95622898,
              1.32466543400004
            ],
            [
              103.956318123,
              1.32458886500007
            ],
            [
              103.956411002,
              1.32451520600006
            ],
            [
              103.95641148,
              1.32451481800007
            ],
            [
              103.956506283,
              1.32443604500003
            ],
            [
              103.956506885,
              1.32443552500006
            ],
            [
              103.956596877,
              1.32435550900006
            ],
            [
              103.956598108,
              1.32435434300002
            ],
            [
              103.956680548,
              1.32427122000007
            ],
            [
              103.956762092,
              1.32418779700003
            ],
            [
              103.957214316,
              1.32382631300004
            ],
            [
              103.95721488,
              1.32382585000004
            ],
            [
              103.957217507,
              1.32382330700005
            ],
            [
              103.957281606,
              1.32375226800002
            ],
            [
              103.957365046,
              1.32368963800006
            ],
            [
              103.957366208,
              1.32368871500006
            ],
            [
              103.957629131,
              1.32346776400002
            ],
            [
              103.958019145,
              1.32314799800003
            ],
            [
              103.958106989,
              1.32308079200003
            ],
            [
              103.958196388,
              1.32301073500002
            ],
            [
              103.958197156,
              1.32301011100002
            ],
            [
              103.958199093,
              1.32300830500003
            ],
            [
              103.958277587,
              1.32292758500006
            ],
            [
              103.958460505,
              1.32277851000003
            ],
            [
              103.958560295,
              1.32270035500005
            ],
            [
              103.958662452,
              1.32262039000005
            ],
            [
              103.958663231,
              1.32261975600004
            ],
            [
              103.958664333,
              1.32261877200005
            ],
            [
              103.958757369,
              1.32253103900007
            ],
            [
              103.958956353,
              1.32237101800006
            ],
            [
              103.958956973,
              1.32237050300006
            ],
            [
              103.959182522,
              1.32217546300006
            ],
            [
              103.959353323,
              1.32202869000003
            ],
            [
              103.959416671,
              1.32197425400005
            ],
            [
              103.959419778,
              1.32197110700002
            ],
            [
              103.959422334,
              1.32196749200005
            ],
            [
              103.959424271,
              1.32196350600004
            ],
            [
              103.959425536,
              1.32195925600007
            ],
            [
              103.959426096,
              1.32195485500005
            ],
            [
              103.959425936,
              1.32195042100006
            ],
            [
              103.95942506,
              1.32194607300003
            ],
            [
              103.959423491,
              1.32194192600002
            ],
            [
              103.959421272,
              1.32193809300003
            ],
            [
              103.959418462,
              1.32193467400003
            ],
            [
              103.959415136,
              1.32193176200002
            ],
            [
              103.959376048,
              1.32190283700003
            ],
            [
              103.959373557,
              1.32190119900002
            ],
            [
              103.959369903,
              1.32189943100003
            ],
            [
              103.95931416,
              1.32187747600006
            ],
            [
              103.959202513,
              1.32181718000004
            ],
            [
              103.959098386,
              1.32175864800006
            ],
            [
              103.958990927,
              1.32169837000002
            ],
            [
              103.958990386,
              1.32169807400004
            ],
            [
              103.958884109,
              1.32164162100004
            ],
            [
              103.958778112,
              1.32157946500006
            ],
            [
              103.9587768,
              1.32157874700005
            ],
            [
              103.958667847,
              1.32152302500004
            ],
            [
              103.958551095,
              1.32145685200004
            ],
            [
              103.958497843,
              1.32142774800006
            ],
            [
              103.958446695,
              1.32139940200004
            ],
            [
              103.958349397,
              1.32133468700005
            ],
            [
              103.958347832,
              1.32133372300008
            ],
            [
              103.958238016,
              1.32127215900005
            ],
            [
              103.95812989,
              1.32120936600006
            ],
            [
              103.958020281,
              1.32114706300007
            ],
            [
              103.958019189,
              1.32114647600002
            ],
            [
              103.95790868,
              1.32109023500003
            ],
            [
              103.95779897,
              1.32103238800005
            ],
            [
              103.957684903,
              1.32095897500006
            ],
            [
              103.957683939,
              1.32095838300006
            ],
            [
              103.957602416,
              1.32091063300004
            ],
            [
              103.957485817,
              1.32084448100004
            ],
            [
              103.957382432,
              1.32077746000004
            ],
            [
              103.957381203,
              1.32077671000007
            ],
            [
              103.957284553,
              1.32072175000007
            ],
            [
              103.957180754,
              1.32066287500004
            ],
            [
              103.9571801,
              1.32066251600003
            ],
            [
              103.957073717,
              1.32060601600006
            ],
            [
              103.956997465,
              1.32055756600004
            ],
            [
              103.956978484,
              1.32039869500004
            ],
            [
              103.956977722,
              1.32039477800005
            ],
            [
              103.956976397,
              1.32039101600004
            ],
            [
              103.956974538,
              1.32038749000002
            ],
            [
              103.956972185,
              1.32038427600002
            ],
            [
              103.956969389,
              1.32038144500007
            ],
            [
              103.956966211,
              1.32037905700004
            ],
            [
              103.956726903,
              1.32022550500004
            ],
            [
              103.956725738,
              1.32022479900007
            ],
            [
              103.956659145,
              1.32018725000005
            ],
            [
              103.956655188,
              1.32018542400004
            ],
            [
              103.956652399,
              1.32018457200006
            ],
            [
              103.956615499,
              1.32017545000001
            ],
            [
              103.956569057,
              1.32014306900003
            ],
            [
              103.956567183,
              1.32014187400006
            ],
            [
              103.956565071,
              1.32014076900003
            ],
            [
              103.956541234,
              1.32012961400006
            ],
            [
              103.956512634,
              1.32011066400003
            ],
            [
              103.956511288,
              1.32010982900004
            ],
            [
              103.956509047,
              1.32010866400003
            ],
            [
              103.956479546,
              1.32009504800003
            ],
            [
              103.956455364,
              1.32008313800001
            ],
            [
              103.956454108,
              1.32008255900007
            ],
            [
              103.956407943,
              1.32006270400008
            ]
          ],
          [
            [
              103.956407943,
              1.32006270400008
            ],
            [
              103.956354065,
              1.31999876000003
            ],
            [
              103.956173817,
              1.32003621000006
            ],
            [
              103.953254245,
              1.31869899700007
            ],
            [
              103.952823325,
              1.31653971000003
            ],
            [
              103.952341087,
              1.31385244800003
            ],
            [
              103.9514836,
              1.31311866800006
            ],
            [
              103.951637385,
              1.31270189600003
            ],
            [
              103.95166345,
              1.31263976300005
            ],
            [
              103.954950835,
              1.31397224000005
            ],
            [
              103.955144857,
              1.31401313900003
            ],
            [
              103.958236635,
              1.31524733200008
            ],
            [
              103.958783563,
              1.31546348400002
            ],
            [
              103.95913103,
              1.31467785000006
            ],
            [
              103.959160328,
              1.31459565400006
            ]
          ],
          [
            [
              103.93632906,
              1.34054102900006
            ],
            [
              103.936543202,
              1.34032675700008
            ],
            [
              103.935830883,
              1.33953404200002
            ]
          ],
          [
            [
              103.93564875,
              1.33973533800002
            ],
            [
              103.93632384,
              1.34054625100003
            ],
            [
              103.93632906,
              1.34054102900006
            ]
          ]
        ]
      },
      "properties": {
        "OBJECTID": 332,
        "pcn_loop": "Eastern Corridor",
        "pcn": "Eastern Corridor",
        "descriptionHTML": null,
        "address": null,
        "Shape__Length": 17613.65783492672
      }
    }
  ]
}