{
  "type": "FeatureCollection",
  "features": [
    {
      "type": "Feature",
      "id": 70,
      "geometry": {
        "type": "LineString",
        "coordinates": [
          [
            103.922449456,
            1.39770167400007
          ],
          [
            103.922594619,
            1.39782004900008
          ],
          [
            103.922814006,
            1.39798408500008
          ],
          [
            103.923039873,
            1.39814589100007
          ],
          [
            103.923371686,
            1.39837518200005
          ],
          [
            103.923476917,
            1.39844547900003
          ],
          [
            103.923734388,
            1.39860658000003
          ],
          [
            103.92394282,
            1.39873269200006
          ],
          [
            103.924012353,
            1.39874163300003
          ],
          [
            103.924043846,
            1.39874949100004
          ],
          [
            103.924240787,
            1.39885778000007
          ],
          [
            103.924704569,
            1.39911041000006
          ],
          [
            103.925188038,
            1.39937274500005
          ],
          [
            103.925351327,
            1.39946039500007
          ],
          [
            103.925512519,
            1.39955946500002
          ],
          [
            103.92557661,
            1.39960972500006
          ],
          [
            103.9256454,
            1.39968273100004
          ],
          [
            103.925707672,
            1.39977557900006
          ],
          [
            103.925749243,
            1.39986326700005
          ],
          [
            103.925768226,
            1.39991931900005
          ],
          [
            103.925781652,
            1.39997856800005
          ],
          [
            103.925788961,
            1.40002984600005
          ],
          [
            103.925792215,
            1.40008164800002
          ],
          [
            103.925791374,
            1.40013354600007
          ],
          [
            103.925786464,
            1.40018505200003
          ],
          [
            103.925775355,
            1.40024693500002
          ],
          [
            103.925758421,
            1.40030673700004
          ],
          [
            103.925735637,
            1.40036473000002
          ],
          [
            103.925707085,
            1.40042110600008
          ],
          [
            103.925673332,
            1.40047444500004
          ],
          [
            103.925634667,
            1.40052429300005
          ],
          [
            103.925591107,
            1.40057055300002
          ],
          [
            103.925551369,
            1.40060617900001
          ],
          [
            103.925508784,
            1.40063827700005
          ],
          [
            103.925463647,
            1.40066662600003
          ],
          [
            103.925416286,
            1.40069102200005
          ],
          [
            103.925365494,
            1.40071192500005
          ],
          [
            103.925273066,
            1.40074496300002
          ],
          [
            103.925177495,
            1.40078484700007
          ],
          [
            103.92499574,
            1.40087742000003
          ],
          [
            103.924906055,
            1.40093234900006
          ],
          [
            103.924820701,
            1.40099131400007
          ],
          [
            103.924745215,
            1.40104866200004
          ],
          [
            103.924672446,
            1.40110964800004
          ],
          [
            103.924572286,
            1.40120208200005
          ],
          [
            103.924613603,
            1.40168080400002
          ],
          [
            103.924641343,
            1.40196697600004
          ],
          [
            103.924653177,
            1.40210536400002
          ],
          [
            103.924661143,
            1.40224330500007
          ],
          [
            103.924665155,
            1.40237675400004
          ],
          [
            103.92465894,
            1.40243736800004
          ],
          [
            103.924647384,
            1.40249947700005
          ],
          [
            103.924630796,
            1.40256042200001
          ],
          [
            103.924609286,
            1.40261978800003
          ],
          [
            103.924583002,
            1.40267717300003
          ],
          [
            103.924553581,
            1.40272958800005
          ],
          [
            103.924453326,
            1.40285857100003
          ],
          [
            103.924369065,
            1.40293331800006
          ],
          [
            103.924270591,
            1.40299716800007
          ],
          [
            103.921453475,
            1.40453494500002
          ],
          [
            103.921435475,
            1.40454741100007
          ]
        ]
      },
      "properties": {
        "OBJECTID": 70,
        "pcn_loop": "North Eastern Riverine Loop",
        "pcn": "Punggol Promenade Nature Walk",
        "descriptionHTML": "Visit this 2.4 km Nature Walk, the middle section of Punggol Promenade that lies between Punggol Point Walk and Riverside Walk. This area also features a number of fishing platforms and rest shelters along its meandering track - spots that are perfect for a quiet respite and for one to take in the scenic views.",
        "address": "",
        "Shape__Length": 1240.2863160094012
      }
    },
    {
      "type": "Feature",
      "id": 71,
      "geometry": {
        "type": "LineString",
        "coordinates": [
          [
            103.917131092,
            1.40844204700006
          ],
          [
            103.917110422,
            1.40847812100003
          ],
          [
            103.917101626,
            1.40848982200004
          ],
          [
            103.91601235,
            1.41044258500006
          ],
          [
            103.915714261,
            1.41097785400006
          ],
          [
            103.914821501,
            1.41258056700003
          ],
          [
            103.914809739,
            1.41261107800006
          ],
          [
            103.914757394,
            1.41274277100006
          ],
          [
            103.914738028,
            1.41282290000003
          ],
          [
            103.914724214,
            1.41289651100004
          ],
          [
            103.914561516,
            1.41376069500006
          ],
          [
            103.914165265,
            1.41587088300002
          ],
          [
            103.914130423,
            1.41597712500003
          ],
          [
            103.914101058,
            1.41613030600006
          ]
        ]
      },
      "properties": {
        "OBJECTID": 71,
        "pcn_loop": "North Eastern Riverine Loop",
        "pcn": "Punggol Promenade Nature Walk",
        "descriptionHTML": "Visit this 2.4 km Nature Walk, the middle section of Punggol Promenade that lies between Punggol Point Walk and Riverside Walk. This area also features a number of fishing platforms and rest shelters along its meandering track - spots that are perfect for a quiet respite and for one to take in the scenic views.",
        "address": "",
        "Shape__Length": 931.4788391485399
      }
    },
    {
      "type": "Feature",
      "id": 72,
      "geometry": {
        "type": "LineString",
        "coordinates": [
          [
            103.921435475,
            1.40454741100007
          ],
          [
            103.921290211,
            1.40464801200005
          ],
          [
            103.917350108,
            1.40820383300006
          ],
          [
            103.917239892,
            1.40830916900005
          ]
        ]
      },
      "properties": {
        "OBJECTID": 72,
        "pcn_loop": "North Eastern Riverine Loop",
        "pcn": "Punggol Promenade Nature Walk",
        "descriptionHTML": "Visit this 2.4 km Nature Walk, the middle section of Punggol Promenade that lies between Punggol Point Walk and Riverside Walk. This area also features a number of fishing platforms and rest shelters along its meandering track - spots that are perfect for a quiet respite and for one to take in the scenic views.",
        "address": "",
        "Shape__Length": 627.5404519326656
      }
    },
    {
      "type": "Feature",
      "id": 73,
      "geometry": {
        "type": "LineString",
        "coordinates": [
          [
            103.917239892,
            1.40830916900005
          ],
          [
            103.917215454,
            1.40833252500005
          ],
          [
            103.917191716,
            1.40835443400005
          ],
          [
            103.917163133,
            1.40838905300007
          ],
          [
            103.917135412,
            1.40843450800003
          ],
          [
            103.917131092,
            1.40844204700006
          ]
        ]
      },
      "properties": {
        "OBJECTID": 73,
        "pcn_loop": "North Eastern Riverine Loop",
        "pcn": "Punggol Promenade Nature Walk",
        "descriptionHTML": "Visit this 2.4 km Nature Walk, the middle section of Punggol Promenade that lies between Punggol Point Walk and Riverside Walk. This area also features a number of fishing platforms and rest shelters along its meandering track - spots that are perfect for a quiet respite and for one to take in the scenic views.",
        "address": "",
        "Shape__Length": 19.25409153827619
      }
    },
    {
      "type": "Feature",
      "id": 74,
      "geometry": {
        "type": "LineString",
        "coordinates": [
          [
            103.908507526,
            1.42107108800007
          ],
          [
            103.908631741,
            1.42109039400003
          ],
          [
            103.908666074,
            1.42110123300005
          ],
          [
            103.909855807,
            1.42128631300005
          ],
          [
            103.910747283,
            1.42142499400006
          ],
          [
            103.910819334,
            1.42141080800007
          ],
          [
            103.91165698,
            1.42123056100007
          ],
          [
            103.912599536,
            1.42102398700007
          ],
          [
            103.912626508,
            1.42101528300002
          ],
          [
            103.912656893,
            1.42100386100003
          ],
          [
            103.912675167,
            1.42098294600004
          ],
          [
            103.912751436,
            1.42083453200009
          ],
          [
            103.912883417,
            1.42055048000003
          ],
          [
            103.912894152,
            1.42051216600003
          ],
          [
            103.912929123,
            1.42036928500006
          ],
          [
            103.912973761,
            1.42013187000002
          ],
          [
            103.913052038,
            1.41991399200003
          ],
          [
            103.913091907,
            1.41983567800002
          ],
          [
            103.913175369,
            1.41969204600002
          ],
          [
            103.913281847,
            1.41948015300005
          ],
          [
            103.913364813,
            1.41925722400003
          ],
          [
            103.913431736,
            1.41914072600002
          ],
          [
            103.913534644,
            1.41900334500002
          ],
          [
            103.913661348,
            1.41887429100006
          ],
          [
            103.913776268,
            1.41873064000003
          ],
          [
            103.913866243,
            1.41855822900004
          ],
          [
            103.913925175,
            1.41838213600002
          ],
          [
            103.913959093,
            1.41820477000004
          ],
          [
            103.913963893,
            1.41801814600007
          ],
          [
            103.913925676,
            1.41763069400003
          ],
          [
            103.913958406,
            1.41744226300005
          ],
          [
            103.913975252,
            1.41734229700006
          ],
          [
            103.914010026,
            1.41680134100004
          ],
          [
            103.91400351,
            1.41667386400007
          ],
          [
            103.914029161,
            1.41651388200007
          ],
          [
            103.914073338,
            1.41634550600003
          ],
          [
            103.914089608,
            1.41620093000005
          ],
          [
            103.914101058,
            1.41613030600006
          ]
        ]
      },
      "properties": {
        "OBJECTID": 74,
        "pcn_loop": "North Eastern Riverine Loop",
        "pcn": "Punggol Promenade Punggol Point Walk",
        "descriptionHTML": "Begin your seaside stroll at Punggol Point Park. Once a popular seafood haunt, the site adjacent to Punggol Jetty has now been transformed into an idyllic waterfront destination. While much of the Punggol coastline used to be inaccessible to the public, today’s Punggol Promenade Punggol Point Walk allows you to enjoy the greenery and biodiversity flourishing along the sea. With lookout decks, a sand-filled playground and an event plaza, the park allows you to soak in the laidback coastal atmosphere and take in views of Pulau Ubin and the Johor Straits on a ship-inspired, elevated viewing deck.",
        "address": "",
        "Shape__Length": 1051.4445368781962
      }
    },
    {
      "type": "Feature",
      "id": 75,
      "geometry": {
        "type": "LineString",
        "coordinates": [
          [
            103.896129487,
            1.41018102300006
          ],
          [
            103.896560404,
            1.410802814
          ],
          [
            103.89662457,
            1.41095978400005
          ],
          [
            103.896826061,
            1.41133686100005
          ],
          [
            103.897065582,
            1.41188641000001
          ],
          [
            103.897296271,
            1.41241491200003
          ],
          [
            103.897994017,
            1.41401860400004
          ],
          [
            103.898047744,
            1.41414208700007
          ],
          [
            103.898110879,
            1.41411131900001
          ],
          [
            103.899387477,
            1.41348921300005
          ],
          [
            103.899453883,
            1.41345685300007
          ],
          [
            103.89947541,
            1.41349381600003
          ],
          [
            103.899556004,
            1.41367880300004
          ],
          [
            103.899709896,
            1.41404171200003
          ],
          [
            103.900455844,
            1.41581088500004
          ],
          [
            103.900466875,
            1.41583874700005
          ],
          [
            103.900468244,
            1.41584107700004
          ],
          [
            103.900469216,
            1.41584360200005
          ],
          [
            103.900469763,
            1.41584625300003
          ],
          [
            103.900469871,
            1.41584895800001
          ],
          [
            103.900469536,
            1.41585164500002
          ],
          [
            103.900468767,
            1.41585424000004
          ],
          [
            103.900467588,
            1.41585667300005
          ],
          [
            103.900466027,
            1.41585887800006
          ],
          [
            103.900464127,
            1.41586079500008
          ],
          [
            103.900461941,
            1.41586237400001
          ],
          [
            103.900459528,
            1.41586357000007
          ],
          [
            103.900456952,
            1.41586435200003
          ],
          [
            103.900341802,
            1.41591528500003
          ],
          [
            103.900211916,
            1.41597796300005
          ],
          [
            103.900144734,
            1.41600969500007
          ],
          [
            103.900127153,
            1.41601903900005
          ],
          [
            103.900101471,
            1.41603432300007
          ],
          [
            103.900071199,
            1.41605240700005
          ],
          [
            103.900042073,
            1.41607230400007
          ],
          [
            103.900005054,
            1.41609674100004
          ],
          [
            103.899969315,
            1.41612303700004
          ],
          [
            103.899920951,
            1.41615580500007
          ],
          [
            103.899851006,
            1.41620000200003
          ],
          [
            103.899801086,
            1.41623066500006
          ],
          [
            103.89975245,
            1.41626335000006
          ],
          [
            103.899699119,
            1.41629734900004
          ],
          [
            103.899644952,
            1.41633170000005
          ],
          [
            103.899513914,
            1.41641546800002
          ],
          [
            103.89946034,
            1.41644991900006
          ],
          [
            103.89938074,
            1.41650242700006
          ],
          [
            103.899321322,
            1.41654261100008
          ],
          [
            103.899311489,
            1.41655142600007
          ],
          [
            103.899303132,
            1.41656166900002
          ],
          [
            103.899296452,
            1.41657309100003
          ],
          [
            103.899291613,
            1.41658541600002
          ],
          [
            103.89928873,
            1.41659834800004
          ],
          [
            103.899287871,
            1.41661157300006
          ],
          [
            103.89928906,
            1.41662477200003
          ],
          [
            103.899292267,
            1.41663762700006
          ],
          [
            103.899297413,
            1.41664982500003
          ],
          [
            103.899329688,
            1.41669891500003
          ],
          [
            103.899363974,
            1.41674660500007
          ],
          [
            103.899443075,
            1.41686376300003
          ],
          [
            103.899526051,
            1.41697817300007
          ],
          [
            103.89956529,
            1.41701975800004
          ],
          [
            103.899617448,
            1.41708090100002
          ],
          [
            103.899665846,
            1.41714509900005
          ],
          [
            103.899710311,
            1.41721211700002
          ],
          [
            103.89972225,
            1.41722862400007
          ],
          [
            103.899732254,
            1.41724638500004
          ],
          [
            103.89977211,
            1.41730790500003
          ],
          [
            103.899796602,
            1.41733394100004
          ],
          [
            103.899861603,
            1.41739305700003
          ],
          [
            103.900055938,
            1.41750110600002
          ],
          [
            103.90011441,
            1.41754584100003
          ],
          [
            103.900309029,
            1.41773158800005
          ],
          [
            103.900324049,
            1.41774710100003
          ],
          [
            103.900400535,
            1.41782223300005
          ],
          [
            103.900528446,
            1.41792847600003
          ],
          [
            103.900692993,
            1.41806293500004
          ],
          [
            103.900755078,
            1.41811544100005
          ],
          [
            103.900822026,
            1.41817082400007
          ],
          [
            103.900922781,
            1.41825370600003
          ],
          [
            103.900985193,
            1.41830524800001
          ],
          [
            103.900998922,
            1.41831690900006
          ],
          [
            103.901062242,
            1.41836861300003
          ],
          [
            103.901126904,
            1.41841860700002
          ],
          [
            103.901194368,
            1.41846977400008
          ],
          [
            103.901264744,
            1.41851680200007
          ],
          [
            103.901337781,
            1.41855952400005
          ],
          [
            103.901413219,
            1.41859778600001
          ],
          [
            103.901415811,
            1.41859900400005
          ],
          [
            103.90144888,
            1.41861436100003
          ],
          [
            103.901477823,
            1.41862691400007
          ],
          [
            103.90152048,
            1.41864639000005
          ],
          [
            103.901561238,
            1.41866962500007
          ],
          [
            103.901599771,
            1.41869643000006
          ],
          [
            103.901635771,
            1.41872659200004
          ],
          [
            103.901707018,
            1.41878655000006
          ],
          [
            103.901721221,
            1.41879950000002
          ],
          [
            103.901733178,
            1.41881128600005
          ],
          [
            103.901799964,
            1.41887661300007
          ],
          [
            103.901868819,
            1.41893972600008
          ],
          [
            103.901913696,
            1.41898044200001
          ],
          [
            103.901962177,
            1.41901673200004
          ],
          [
            103.902013833,
            1.41904827400003
          ],
          [
            103.902068207,
            1.41907478800005
          ],
          [
            103.902124818,
            1.41909604000004
          ],
          [
            103.902155919,
            1.41910895200004
          ],
          [
            103.902173857,
            1.41911399300005
          ],
          [
            103.902193123,
            1.41912125000003
          ],
          [
            103.902270947,
            1.41915549400004
          ],
          [
            103.902346018,
            1.41919548300006
          ],
          [
            103.902417915,
            1.41924099800002
          ],
          [
            103.902437382,
            1.41925414000002
          ],
          [
            103.902454621,
            1.41927012600007
          ],
          [
            103.902490539,
            1.41929638400005
          ],
          [
            103.902610709,
            1.41938464400004
          ],
          [
            103.902727824,
            1.41947696900006
          ],
          [
            103.902825451,
            1.41954515600002
          ],
          [
            103.9028755,
            1.41957124800006
          ],
          [
            103.902935462,
            1.41959598800003
          ],
          [
            103.902997488,
            1.41961488700001
          ],
          [
            103.903094702,
            1.41964620500004
          ],
          [
            103.903133282,
            1.41965665100003
          ],
          [
            103.903184912,
            1.41967665400005
          ],
          [
            103.903235711,
            1.41969870800005
          ],
          [
            103.903297406,
            1.41972797400007
          ],
          [
            103.903346548,
            1.41975398000006
          ],
          [
            103.903406819,
            1.41978629000003
          ],
          [
            103.903441632,
            1.41980593000006
          ],
          [
            103.90359136,
            1.41989726800005
          ],
          [
            103.903707755,
            1.41996913000003
          ],
          [
            103.903827583,
            1.42003503100005
          ],
          [
            103.903901068,
            1.42007180700005
          ],
          [
            103.90397667,
            1.42010394500006
          ],
          [
            103.9040541,
            1.42013132200001
          ],
          [
            103.904133062,
            1.42015383300004
          ],
          [
            103.904213256,
            1.42017139300003
          ],
          [
            103.904336569,
            1.42018901900002
          ],
          [
            103.90446058,
            1.42020066500003
          ],
          [
            103.904585006,
            1.42020630200004
          ],
          [
            103.904681365,
            1.42020946500003
          ],
          [
            103.904777626,
            1.42021487900006
          ],
          [
            103.90485741,
            1.42022012600006
          ],
          [
            103.904971498,
            1.42023070800002
          ],
          [
            103.905152408,
            1.42025723900001
          ],
          [
            103.905206826,
            1.42026713900002
          ],
          [
            103.905261634,
            1.42027455900006
          ],
          [
            103.905336369,
            1.42028629200007
          ],
          [
            103.905411686,
            1.42029331900006
          ],
          [
            103.905487291,
            1.42029561200008
          ],
          [
            103.905562891,
            1.42029316100006
          ],
          [
            103.905657413,
            1.42028480200002
          ],
          [
            103.905751418,
            1.42027182900007
          ],
          [
            103.905844687,
            1.42025427600002
          ],
          [
            103.905902721,
            1.42023880200002
          ],
          [
            103.905959625,
            1.42021953500005
          ],
          [
            103.906015152,
            1.42019655900002
          ],
          [
            103.90603241,
            1.42018962700007
          ],
          [
            103.906071512,
            1.42017214700007
          ],
          [
            103.906076453,
            1.42017010800003
          ],
          [
            103.906081008,
            1.42016730100005
          ],
          [
            103.906085057,
            1.42016379600005
          ],
          [
            103.906131781,
            1.42013977900007
          ],
          [
            103.906180646,
            1.42012055400005
          ],
          [
            103.906231167,
            1.42010631300007
          ],
          [
            103.906277005,
            1.42010234900005
          ],
          [
            103.906323003,
            1.42010135800006
          ],
          [
            103.906349101,
            1.42010129100003
          ],
          [
            103.906394606,
            1.42010298700006
          ],
          [
            103.906450206,
            1.42010120800008
          ],
          [
            103.906608215,
            1.42006108300006
          ],
          [
            103.906904719,
            1.41997658200005
          ],
          [
            103.906922593,
            1.41997204300002
          ],
          [
            103.907001014,
            1.41995082000004
          ],
          [
            103.907015903,
            1.41995008800005
          ],
          [
            103.90703071,
            1.41995181600003
          ],
          [
            103.907045037,
            1.41995595700006
          ],
          [
            103.907058499,
            1.41996240000002
          ],
          [
            103.907086618,
            1.41998775200004
          ],
          [
            103.907112295,
            1.42001560600005
          ],
          [
            103.907144865,
            1.42005448500003
          ],
          [
            103.907174955,
            1.42009533700003
          ],
          [
            103.907206639,
            1.42013935500006
          ],
          [
            103.907199872,
            1.42014545600006
          ],
          [
            103.907304377,
            1.42025958600004
          ],
          [
            103.907400682,
            1.42036499100004
          ],
          [
            103.907472874,
            1.42044503900006
          ],
          [
            103.907547648,
            1.42052573500006
          ],
          [
            103.907649308,
            1.42063704400004
          ],
          [
            103.907791266,
            1.42079275800005
          ],
          [
            103.907863097,
            1.42087137600003
          ],
          [
            103.907898183,
            1.42090595600006
          ],
          [
            103.907937764,
            1.42093685400004
          ],
          [
            103.907959102,
            1.42095130500006
          ],
          [
            103.907986539,
            1.42096684100005
          ],
          [
            103.908009185,
            1.42097785700002
          ],
          [
            103.908033061,
            1.42098720400002
          ],
          [
            103.908051716,
            1.42099331600001
          ],
          [
            103.90805415,
            1.42099411200007
          ],
          [
            103.908079249,
            1.42100180100004
          ],
          [
            103.908110851,
            1.42101055000006
          ],
          [
            103.908243467,
            1.42103115500003
          ],
          [
            103.908409479,
            1.42105584900003
          ],
          [
            103.908507526,
            1.42107108800007
          ]
        ]
      },
      "properties": {
        "OBJECTID": 75,
        "pcn_loop": "North Eastern Riverine Loop",
        "pcn": "Punggol Park Connector",
        "descriptionHTML": "Running along Punggol reservoir and the Straits of Johor, this 6.1 km water-themed park connector links Punggol Promenade to Gerald Drive. Completed and opened to the public in 2010, it not only improves accessibility but also enhances biodiversity in the area, featuring a variety of birds including the majestic Grey Heron, migratory Little Egret and the commonly seen Collared Kingfisher. This park connector also joins Punggol Waterway and passes Anchorvale Community Club, Sengkang Sports Complex and Singapore’s largest man-made wetland, Sengkang Floating Wetland, before ending at Gerald Drive.",
        "address": "Punggol Park Connector starts at Gerald Drive and runs along Punggol Reservoir and Straits of Johor before ending at Punggol Promenade.",
        "Shape__Length": 2339.987458500437
      }
    },
    {
      "type": "Feature",
      "id": 76,
      "geometry": {
        "type": "LineString",
        "coordinates": [
          [
            103.877249762,
            1.38293777700003
          ],
          [
            103.877261334,
            1.38293341100005
          ],
          [
            103.877268022,
            1.38296481700008
          ],
          [
            103.87727576,
            1.38299414100004
          ],
          [
            103.877317219,
            1.38307562400006
          ],
          [
            103.877410011,
            1.38319781600007
          ],
          [
            103.877492356,
            1.38328445200005
          ],
          [
            103.877535816,
            1.38333365700003
          ],
          [
            103.877547393,
            1.38334720900002
          ],
          [
            103.877587779,
            1.38341954800007
          ],
          [
            103.877662214,
            1.38353628700001
          ],
          [
            103.877752104,
            1.38366638500002
          ],
          [
            103.877898862,
            1.38389250100004
          ],
          [
            103.878074165,
            1.38416459700004
          ],
          [
            103.878263556,
            1.38445689900004
          ],
          [
            103.878417396,
            1.38469436800004
          ],
          [
            103.878515868,
            1.38484780100002
          ],
          [
            103.878551843,
            1.38489047900003
          ],
          [
            103.878591569,
            1.38492387700004
          ],
          [
            103.878595799,
            1.38492755200003
          ],
          [
            103.878615844,
            1.38494421900004
          ],
          [
            103.878664666,
            1.38497535700003
          ],
          [
            103.878804402,
            1.38505508500002
          ],
          [
            103.87903677,
            1.38518917300006
          ],
          [
            103.879324999,
            1.38535380000007
          ],
          [
            103.879360297,
            1.38537388000003
          ],
          [
            103.879559932,
            1.38548906300001
          ],
          [
            103.879785736,
            1.38561549400003
          ],
          [
            103.879993441,
            1.38573185200006
          ],
          [
            103.879996467,
            1.38573354500007
          ],
          [
            103.880074777,
            1.38577734500007
          ],
          [
            103.880152514,
            1.38582258200005
          ],
          [
            103.880186524,
            1.38584498100004
          ],
          [
            103.880191365,
            1.38584827700003
          ],
          [
            103.880228701,
            1.38587261200007
          ],
          [
            103.880233799,
            1.38587701400006
          ],
          [
            103.88027257,
            1.38590866800007
          ],
          [
            103.880311316,
            1.38594097700007
          ],
          [
            103.880374004,
            1.38600666200005
          ],
          [
            103.880431568,
            1.38608377100006
          ],
          [
            103.880487163,
            1.38617815800008
          ],
          [
            103.880530479,
            1.38627982700006
          ],
          [
            103.880539257,
            1.38631133800004
          ],
          [
            103.880556772,
            1.38638008200007
          ],
          [
            103.880590888,
            1.38656525700003
          ],
          [
            103.880599316,
            1.38660905000005
          ],
          [
            103.880640547,
            1.38684947100006
          ],
          [
            103.880648804,
            1.38689670900003
          ],
          [
            103.880675205,
            1.38705915400004
          ],
          [
            103.880685225,
            1.38710719000004
          ],
          [
            103.880697323,
            1.38717176500005
          ],
          [
            103.880703265,
            1.38720397600002
          ],
          [
            103.880785671,
            1.38766994000003
          ],
          [
            103.880794078,
            1.38770543600003
          ],
          [
            103.880798778,
            1.38774819300004
          ],
          [
            103.880805675,
            1.38779064700004
          ],
          [
            103.880815404,
            1.38781798100007
          ],
          [
            103.880828879,
            1.38784365500003
          ],
          [
            103.880871387,
            1.38789451700005
          ],
          [
            103.880915649,
            1.38794803000008
          ],
          [
            103.880938966,
            1.38798455800003
          ],
          [
            103.880949288,
            1.38800796900005
          ],
          [
            103.880951744,
            1.38801263500004
          ],
          [
            103.880995238,
            1.38811071700006
          ],
          [
            103.881017397,
            1.38815949600007
          ],
          [
            103.88104263,
            1.38820637100003
          ],
          [
            103.881060059,
            1.38823525600002
          ],
          [
            103.881080036,
            1.38826356700002
          ],
          [
            103.881114279,
            1.38831093100003
          ],
          [
            103.881133476,
            1.38833055400005
          ],
          [
            103.881254045,
            1.38848640200007
          ],
          [
            103.88125712,
            1.38849038300003
          ],
          [
            103.881307053,
            1.38855524800005
          ],
          [
            103.881308283,
            1.38855698900005
          ],
          [
            103.88136632,
            1.38863970300003
          ],
          [
            103.881372423,
            1.38864889400003
          ],
          [
            103.881413719,
            1.38871138500002
          ],
          [
            103.881418558,
            1.38871896800003
          ],
          [
            103.881473973,
            1.38880805600007
          ],
          [
            103.881475766,
            1.38881156100006
          ],
          [
            103.881478,
            1.38881479900004
          ],
          [
            103.881480639,
            1.38881771300004
          ],
          [
            103.881483635,
            1.38882025200007
          ],
          [
            103.881529941,
            1.38890215400007
          ],
          [
            103.881531457,
            1.38890534100005
          ],
          [
            103.881533446,
            1.38890825200001
          ],
          [
            103.881535862,
            1.38891081600001
          ],
          [
            103.881538644,
            1.38891297100003
          ],
          [
            103.881597497,
            1.38902722200003
          ],
          [
            103.881599496,
            1.38903093400007
          ],
          [
            103.881646013,
            1.38912622600003
          ],
          [
            103.881658885,
            1.38915320800003
          ],
          [
            103.881715496,
            1.38928150100003
          ],
          [
            103.881751612,
            1.38937218200004
          ],
          [
            103.881766539,
            1.38940970600003
          ],
          [
            103.881767228,
            1.38941136500006
          ],
          [
            103.88181287,
            1.38953983200003
          ],
          [
            103.8818142,
            1.38954312400005
          ],
          [
            103.881854799,
            1.38967210100003
          ],
          [
            103.881855685,
            1.38967499000007
          ],
          [
            103.881856999,
            1.38967770800001
          ],
          [
            103.881858711,
            1.38968019200007
          ],
          [
            103.881860781,
            1.38968238200004
          ],
          [
            103.88186316,
            1.38968422800002
          ],
          [
            103.881920613,
            1.38993920500007
          ],
          [
            103.881921208,
            1.38994224300005
          ],
          [
            103.881922267,
            1.38994515200006
          ],
          [
            103.881923763,
            1.38994785800001
          ],
          [
            103.881925661,
            1.38995029700004
          ],
          [
            103.881946496,
            1.39007745000004
          ],
          [
            103.881946382,
            1.39007793700005
          ],
          [
            103.88194621,
            1.39007840700004
          ],
          [
            103.881951572,
            1.39010794400002
          ],
          [
            103.881955378,
            1.39013054200005
          ],
          [
            103.881972177,
            1.39021828800003
          ],
          [
            103.881983616,
            1.39030636800003
          ],
          [
            103.881987014,
            1.39034197300004
          ],
          [
            103.881988591,
            1.39035418400004
          ],
          [
            103.881989686,
            1.39036670200004
          ],
          [
            103.881989658,
            1.39036997100005
          ],
          [
            103.881990271,
            1.39038532300002
          ],
          [
            103.881991049,
            1.39049232300005
          ],
          [
            103.881991231,
            1.39049876600006
          ],
          [
            103.881991015,
            1.39050580300004
          ],
          [
            103.881990743,
            1.39062694100005
          ],
          [
            103.881990512,
            1.39063347200004
          ],
          [
            103.881990563,
            1.39063653100004
          ],
          [
            103.881987892,
            1.39077134700005
          ],
          [
            103.881987556,
            1.39077852500003
          ],
          [
            103.881980521,
            1.39090837500004
          ],
          [
            103.881980541,
            1.39090968300006
          ],
          [
            103.881979951,
            1.39091681500002
          ],
          [
            103.881971018,
            1.39104317400007
          ],
          [
            103.881951807,
            1.39128812300003
          ],
          [
            103.881950756,
            1.39130260600006
          ],
          [
            103.881950756,
            1.39130283700006
          ],
          [
            103.881944159,
            1.39139540500002
          ],
          [
            103.881947698,
            1.39170020800003
          ],
          [
            103.881940242,
            1.39185571300003
          ],
          [
            103.881922565,
            1.39203564800005
          ],
          [
            103.881923639,
            1.39205936500002
          ],
          [
            103.881925653,
            1.39207616100003
          ],
          [
            103.881931889,
            1.39214605900002
          ],
          [
            103.88193212,
            1.39214857500002
          ],
          [
            103.881933962,
            1.39216844700007
          ],
          [
            103.881934784,
            1.39217685700002
          ],
          [
            103.881933561,
            1.39220335200003
          ],
          [
            103.881933551,
            1.39220430700004
          ],
          [
            103.8819336,
            1.39220640400005
          ],
          [
            103.881932301,
            1.39223347900001
          ],
          [
            103.881932009,
            1.39224014700005
          ],
          [
            103.881928694,
            1.39231590200006
          ],
          [
            103.881922927,
            1.39242544000006
          ],
          [
            103.881918323,
            1.39250801700006
          ],
          [
            103.881925267,
            1.39257767900006
          ],
          [
            103.88192707,
            1.39259572100001
          ],
          [
            103.881935302,
            1.39265275800006
          ],
          [
            103.881946034,
            1.39271808300002
          ],
          [
            103.881956168,
            1.39275733800003
          ],
          [
            103.881966766,
            1.39278782100007
          ],
          [
            103.88197882,
            1.39282181700002
          ],
          [
            103.882007785,
            1.39289955700004
          ],
          [
            103.882023508,
            1.39293093300004
          ],
          [
            103.882042805,
            1.39296446400005
          ],
          [
            103.882057108,
            1.39298839200005
          ],
          [
            103.882073815,
            1.39301634500003
          ],
          [
            103.882115335,
            1.39308081700004
          ],
          [
            103.882135273,
            1.39310559800002
          ],
          [
            103.882144945,
            1.39311540500006
          ],
          [
            103.882154698,
            1.39312529200004
          ],
          [
            103.882162588,
            1.39313202600005
          ],
          [
            103.882169221,
            1.39314001700005
          ],
          [
            103.882201254,
            1.39317249600004
          ],
          [
            103.882247358,
            1.39321923900007
          ],
          [
            103.882266476,
            1.39323862300006
          ],
          [
            103.882295554,
            1.39325989600007
          ],
          [
            103.882323222,
            1.39328013700003
          ],
          [
            103.882388797,
            1.39332492500005
          ],
          [
            103.882402475,
            1.39333361900004
          ],
          [
            103.882424857,
            1.39334784500004
          ],
          [
            103.882450412,
            1.39335950300006
          ],
          [
            103.882663356,
            1.39345678500006
          ],
          [
            103.882690686,
            1.39346798400003
          ],
          [
            103.882882117,
            1.39354435900003
          ],
          [
            103.883037362,
            1.39360826900002
          ],
          [
            103.883553834,
            1.39381255100006
          ],
          [
            103.883580798,
            1.39382348300006
          ],
          [
            103.883632383,
            1.39384439500003
          ],
          [
            103.883659733,
            1.39385548300004
          ],
          [
            103.883813253,
            1.39391458200003
          ],
          [
            103.883926713,
            1.39396217700005
          ],
          [
            103.884580637,
            1.39431913500004
          ],
          [
            103.8846239,
            1.39434148300007
          ],
          [
            103.884845708,
            1.39448566300007
          ],
          [
            103.885036633,
            1.39464592400002
          ],
          [
            103.885082194,
            1.39468323900007
          ],
          [
            103.885179428,
            1.39478298900001
          ],
          [
            103.885242963,
            1.39486225600006
          ],
          [
            103.885302311,
            1.39494216600002
          ],
          [
            103.885350552,
            1.39500721400003
          ],
          [
            103.8854264,
            1.39511057600002
          ],
          [
            103.885486089,
            1.39521939500002
          ],
          [
            103.885549414,
            1.395344349
          ],
          [
            103.885602789,
            1.39545931400004
          ],
          [
            103.885767416,
            1.39588179500004
          ],
          [
            103.885879643,
            1.39614628400005
          ],
          [
            103.88587986,
            1.39616230200006
          ],
          [
            103.886188625,
            1.39691067400003
          ],
          [
            103.88620366,
            1.39694686300003
          ],
          [
            103.886366835,
            1.39734358600003
          ],
          [
            103.886402618,
            1.39743081500006
          ],
          [
            103.88648489,
            1.39763257800007
          ]
        ]
      },
      "properties": {
        "OBJECTID": 76,
        "pcn_loop": "North Eastern Riverine Loop",
        "pcn": "Punggol Park Connector",
        "descriptionHTML": "Running along Punggol reservoir and the Straits of Johor, this 6.1 km water-themed park connector links Punggol Promenade to Gerald Drive. Completed and opened to the public in 2010, it not only improves accessibility but also enhances biodiversity in the area, featuring a variety of birds including the majestic Grey Heron, migratory Little Egret and the commonly seen Collared Kingfisher. This park connector also joins Punggol Waterway and passes Anchorvale Community Club, Sengkang Sports Complex and Singapore’s largest man-made wetland, Sengkang Floating Wetland, before ending at Gerald Drive.",
        "address": "Punggol Park Connector starts at Gerald Drive and runs along Punggol Reservoir and Straits of Johor before ending at Punggol Promenade.",
        "Shape__Length": 2080.844079811672
      }
    },
    {
      "type": "Feature",
      "id": 77,
      "geometry": {
        "type": "LineString",
        "coordinates": [
          [
            103.87639562,
            1.37913121900005
          ],
          [
            103.876459089,
            1.37925703400003
          ],
          [
            103.876616769,
            1.38118142800003
          ],
          [
            103.876687992,
            1.38280385700006
          ],
          [
            103.876702364,
            1.38288047900005
          ],
          [
            103.876863978,
            1.38288701700002
          ],
          [
            103.877058288,
            1.38289487800005
          ],
          [
            103.877060488,
            1.38300918800007
          ],
          [
            103.877249762,
            1.38293777700003
          ]
        ]
      },
      "properties": {
        "OBJECTID": 77,
        "pcn_loop": "North Eastern Riverine Loop",
        "pcn": "Punggol Park Connector",
        "descriptionHTML": "Running along Punggol reservoir and the Straits of Johor, this 6.1 km water-themed park connector links Punggol Promenade to Gerald Drive. Completed and opened to the public in 2010, it not only improves accessibility but also enhances biodiversity in the area, featuring a variety of birds including the majestic Grey Heron, migratory Little Egret and the commonly seen Collared Kingfisher. This park connector also joins Punggol Waterway and passes Anchorvale Community Club, Sengkang Sports Complex and Singapore’s largest man-made wetland, Sengkang Floating Wetland, before ending at Gerald Drive.",
        "address": "Punggol Park Connector starts at Gerald Drive and runs along Punggol Reservoir and Straits of Johor before ending at Punggol Promenade.",
        "Shape__Length": 495.11319403894055
      }
    },
    {
      "type": "Feature",
      "id": 78,
      "geometry": {
        "type": "LineString",
        "coordinates": [
          [
            103.887564952,
            1.40055721700001
          ],
          [
            103.887561535,
            1.40082292900007
          ],
          [
            103.88755895,
            1.40101648600005
          ],
          [
            103.88755119,
            1.40120990400002
          ],
          [
            103.887538259,
            1.40140304100004
          ],
          [
            103.887562713,
            1.40238047500004
          ],
          [
            103.887620361,
            1.40263738500005
          ],
          [
            103.887860516,
            1.40306705000005
          ],
          [
            103.888246653,
            1.40357593500005
          ],
          [
            103.888688376,
            1.40399269300003
          ],
          [
            103.889029201,
            1.40424543100005
          ],
          [
            103.890889685,
            1.40509038100003
          ],
          [
            103.89170834,
            1.40558669100005
          ],
          [
            103.89258821,
            1.40639346600005
          ],
          [
            103.893228216,
            1.40707926300006
          ],
          [
            103.89364265,
            1.40750372000001
          ],
          [
            103.894088037,
            1.40801842800004
          ],
          [
            103.894306235,
            1.40823022100005
          ],
          [
            103.894388563,
            1.40824533500006
          ],
          [
            103.89472432,
            1.40861541400005
          ],
          [
            103.894824821,
            1.40862986200005
          ],
          [
            103.895019814,
            1.40879590800005
          ],
          [
            103.895038067,
            1.40894283500006
          ],
          [
            103.89514461,
            1.40907237200003
          ]
        ]
      },
      "properties": {
        "OBJECTID": 78,
        "pcn_loop": "North Eastern Riverine Loop",
        "pcn": "Punggol Park Connector",
        "descriptionHTML": "Running along Punggol reservoir and the Straits of Johor, this 6.1 km water-themed park connector links Punggol Promenade to Gerald Drive. Completed and opened to the public in 2010, it not only improves accessibility but also enhances biodiversity in the area, featuring a variety of birds including the majestic Grey Heron, migratory Little Egret and the commonly seen Collared Kingfisher. This park connector also joins Punggol Waterway and passes Anchorvale Community Club, Sengkang Sports Complex and Singapore’s largest man-made wetland, Sengkang Floating Wetland, before ending at Gerald Drive.",
        "address": "Punggol Park Connector starts at Gerald Drive and runs along Punggol Reservoir and Straits of Johor before ending at Punggol Promenade.",
        "Shape__Length": 1360.2522220359879
      }
    },
    {
      "type": "Feature",
      "id": 79,
      "geometry": {
        "type": "LineString",
        "coordinates": [
          [
            103.886496778,
            1.39765650500003
          ],
          [
            103.886517516,
            1.39770280200002
          ],
          [
            103.886529478,
            1.39772950500002
          ],
          [
            103.886533769,
            1.39776364600004
          ],
          [
            103.886558888,
            1.39779249000002
          ],
          [
            103.886596358,
            1.39781255900004
          ],
          [
            103.886626491,
            1.39782895700006
          ],
          [
            103.886652465,
            1.39784783600003
          ],
          [
            103.886687485,
            1.39788269600007
          ],
          [
            103.886719139,
            1.39791647900006
          ],
          [
            103.886746908,
            1.39794312900005
          ],
          [
            103.886780895,
            1.39796894300002
          ],
          [
            103.886807224,
            1.39798016400005
          ],
          [
            103.886836943,
            1.39800932500004
          ],
          [
            103.886846527,
            1.39803611900002
          ],
          [
            103.886862492,
            1.39811217800008
          ],
          [
            103.886872937,
            1.39817228100002
          ],
          [
            103.886881266,
            1.39824679700007
          ],
          [
            103.886887952,
            1.39831243600002
          ],
          [
            103.886901776,
            1.39843818900003
          ],
          [
            103.886914841,
            1.39849033900004
          ],
          [
            103.886927453,
            1.39852880000005
          ],
          [
            103.886933236,
            1.39854106200005
          ],
          [
            103.886946998,
            1.39857024700005
          ],
          [
            103.886978182,
            1.39861444900003
          ],
          [
            103.887020404,
            1.39867614500001
          ],
          [
            103.887043302,
            1.39871790700003
          ],
          [
            103.887063963,
            1.39875929700001
          ],
          [
            103.88708356,
            1.39881132400006
          ],
          [
            103.887092478,
            1.39884705700007
          ],
          [
            103.887100709,
            1.39889866200002
          ],
          [
            103.887107605,
            1.39894899200005
          ],
          [
            103.887124038,
            1.39899797100002
          ],
          [
            103.887154684,
            1.39906104800002
          ],
          [
            103.887186154,
            1.39911961800004
          ],
          [
            103.887218355,
            1.39918020800006
          ],
          [
            103.887236218,
            1.39922526300006
          ],
          [
            103.887248013,
            1.39927463400005
          ],
          [
            103.88725035,
            1.39930873300006
          ],
          [
            103.88725209,
            1.39934795700003
          ],
          [
            103.887250853,
            1.39939080800001
          ],
          [
            103.887254064,
            1.39945974600004
          ],
          [
            103.887263664,
            1.39952808200006
          ],
          [
            103.887279568,
            1.39959521400004
          ],
          [
            103.88730164,
            1.39966055600007
          ],
          [
            103.887329684,
            1.39972353600007
          ],
          [
            103.887360419,
            1.39978415300004
          ],
          [
            103.887385727,
            1.39984725900007
          ],
          [
            103.887405411,
            1.39991236500002
          ],
          [
            103.88742104,
            1.40000020200004
          ],
          [
            103.887429777,
            1.40003617100005
          ],
          [
            103.887442276,
            1.40006636600004
          ],
          [
            103.887447007,
            1.40008397800004
          ],
          [
            103.8874504,
            1.40010840700007
          ],
          [
            103.887452428,
            1.40016460600003
          ],
          [
            103.887460628,
            1.40023457900003
          ],
          [
            103.887473017,
            1.40030651100006
          ],
          [
            103.887489328,
            1.40037764600004
          ],
          [
            103.887506875,
            1.40043937300003
          ],
          [
            103.887518668,
            1.40047839000004
          ],
          [
            103.887527377,
            1.40050017100002
          ],
          [
            103.887544137,
            1.40052969600004
          ],
          [
            103.887564952,
            1.40055721700001
          ]
        ]
      },
      "properties": {
        "OBJECTID": 79,
        "pcn_loop": "North Eastern Riverine Loop",
        "pcn": "Sengkang Riverside Park",
        "descriptionHTML": "With the Punggol Reservoir, also known as Sungei Punggol, running through it, Sengkang Riverside Park is calm and tranquil. Featuring a constructed wetland and rich biodiversity, it is a favourite of nature lovers. Sengkang Riverside Park is one of four parks located on the North Eastern Riverine Loop of the Park Connector Network. Sengkang Riverside Park was awarded the ABC Waters Certification, as an excellent example of how the protection of our water resources can be creatively integrated with urban planning in a sustainable manner.",
        "address": "",
        "Shape__Length": 355.6742868463527
      }
    },
    {
      "type": "Feature",
      "id": 80,
      "geometry": {
        "type": "LineString",
        "coordinates": [
          [
            103.915954426,
            1.39080431800006
          ],
          [
            103.91596836,
            1.39082778400005
          ],
          [
            103.916174595,
            1.39113545100001
          ],
          [
            103.916315956,
            1.39132916700003
          ],
          [
            103.916473357,
            1.39152296100002
          ],
          [
            103.916580336,
            1.39164351700004
          ],
          [
            103.917441826,
            1.39259559500004
          ],
          [
            103.918897918,
            1.39420790500003
          ],
          [
            103.919667848,
            1.39525086300006
          ],
          [
            103.919737778,
            1.39535172600006
          ],
          [
            103.919813942,
            1.39546188500003
          ],
          [
            103.919864629,
            1.39553272200005
          ],
          [
            103.919921125,
            1.39560366200004
          ],
          [
            103.920049911,
            1.39573192000004
          ],
          [
            103.921599883,
            1.39701898300006
          ]
        ]
      },
      "properties": {
        "OBJECTID": 80,
        "pcn_loop": "North Eastern Riverine Loop",
        "pcn": "Punggol Promenade Riverside Walk",
        "descriptionHTML": "The lookout points along Punggol Promenade Riverside Walk allow visitors to get closer to the adjacent Serangoon Reservoir. Linking Punggol Point to Punggol East, Punggol Promenade is a waterfront recreational destination for residents in this region and provides access to the rustic northeastern coastline. Consisting of three thematic zones – Riverside Walk, Nature Walk and Punggol Point Walk – every segment of the Punggol Promenade is unique and offers a variety of recreational experiences. There is even a cluster of food and beverage outlets at Tebing Lane, located adjacent to the riverside walk.",
        "address": "",
        "Shape__Length": 938.805806337486
      }
    },
    {
      "type": "Feature",
      "id": 81,
      "geometry": {
        "type": "LineString",
        "coordinates": [
          [
            103.921665283,
            1.39800454600004
          ],
          [
            103.921658075,
            1.39800355500006
          ],
          [
            103.921651101,
            1.39800147000005
          ],
          [
            103.921644523,
            1.39799834300004
          ],
          [
            103.921638496,
            1.39799424200003
          ],
          [
            103.92163316,
            1.39798926800005
          ],
          [
            103.921628637,
            1.39798353200006
          ],
          [
            103.921625035,
            1.39797717100003
          ],
          [
            103.921624996,
            1.39797484700005
          ],
          [
            103.921624996,
            1.39797483300004
          ],
          [
            103.92162576,
            1.39796452600006
          ],
          [
            103.921628034,
            1.39795444900004
          ],
          [
            103.921634093,
            1.39793847300006
          ],
          [
            103.921642413,
            1.39792957800006
          ],
          [
            103.92165165,
            1.39792165300003
          ],
          [
            103.921657563,
            1.39791741500003
          ],
          [
            103.921662162,
            1.39791425800007
          ],
          [
            103.921670742,
            1.39791011600004
          ],
          [
            103.921709152,
            1.39789036100007
          ],
          [
            103.921743504,
            1.39787230700004
          ],
          [
            103.921759434,
            1.39786394400004
          ],
          [
            103.9218062,
            1.39783964300005
          ],
          [
            103.921830811,
            1.39782701800004
          ],
          [
            103.921846672,
            1.39781859500004
          ],
          [
            103.921864114,
            1.39780804900006
          ],
          [
            103.921879675,
            1.39779485500002
          ],
          [
            103.921892961,
            1.39777934400007
          ],
          [
            103.921903637,
            1.39776191100002
          ],
          [
            103.92191024,
            1.39774652300003
          ],
          [
            103.921914802,
            1.39773040200005
          ],
          [
            103.921916955,
            1.39771690500003
          ],
          [
            103.921917675,
            1.39770325500006
          ],
          [
            103.92191661,
            1.39768667200002
          ],
          [
            103.921913432,
            1.39767036700004
          ],
          [
            103.921907792,
            1.39765362600003
          ],
          [
            103.921899928,
            1.39763782100005
          ],
          [
            103.921889238,
            1.39762230500003
          ],
          [
            103.92187641,
            1.39760852900003
          ],
          [
            103.921862515,
            1.39759733900006
          ],
          [
            103.921847212,
            1.39758819600007
          ],
          [
            103.921828037,
            1.39758037200004
          ],
          [
            103.921807859,
            1.39757575900007
          ],
          [
            103.921787207,
            1.39757447900007
          ],
          [
            103.921783587,
            1.39757460300008
          ],
          [
            103.9217712,
            1.39757580800004
          ],
          [
            103.921758989,
            1.39757821800003
          ],
          [
            103.921741685,
            1.39758386200004
          ],
          [
            103.921725352,
            1.39759191800003
          ],
          [
            103.921710318,
            1.39760222300002
          ],
          [
            103.921696887,
            1.39761456900003
          ],
          [
            103.921685331,
            1.39762870600002
          ],
          [
            103.921679499,
            1.39763581600003
          ],
          [
            103.921653377,
            1.39766886900003
          ],
          [
            103.921629133,
            1.39769932000007
          ],
          [
            103.921617901,
            1.39771366500002
          ],
          [
            103.921600503,
            1.39773507400002
          ],
          [
            103.921591217,
            1.39774650000004
          ],
          [
            103.921565257,
            1.39777962400007
          ],
          [
            103.921553685,
            1.39779391400002
          ],
          [
            103.921547527,
            1.39780079200005
          ],
          [
            103.921540337,
            1.39780656600003
          ],
          [
            103.921532305,
            1.39781108200004
          ],
          [
            103.92152365,
            1.39781421900005
          ],
          [
            103.921514602,
            1.39781589100004
          ],
          [
            103.921505404,
            1.39781605600006
          ],
          [
            103.921496303,
            1.39781470700008
          ],
          [
            103.921475679,
            1.39780866100005
          ],
          [
            103.921463124,
            1.39778517800006
          ]
        ]
      },
      "properties": {
        "OBJECTID": 81,
        "pcn_loop": "North Eastern Riverine Loop",
        "pcn": "Punggol Waterway Park",
        "descriptionHTML": "Built around the section of Punggol Waterway and located along Sentul Crescent, Punggol Waterway Park is a great place for park users to enjoy a fun-filled day of leisure activities. The park is segmented into four different themes: Nature Cove, Recreation Zone, Heritage Zone and Green Gallery. Fitness enthusiasts can jog or cycle on the well-maintained tracks along the promenade at both sides of the waterway while admiring the surrounding view. Alternatively, sit on the many benches placed around the park and enjoy the breeze as you listen to the soothing sounds of running, trickling, splashing and cascading water. While doing so, look out for the various types of birds that can be spotted along the Waterway.",
        "address": "",
        "Shape__Length": 125.37824311037865
      }
    },
    {
      "type": "Feature",
      "id": 82,
      "geometry": {
        "type": "LineString",
        "coordinates": [
          [
            103.921665283,
            1.39800454600004
          ],
          [
            103.921211268,
            1.39835837000004
          ],
          [
            103.920948034,
            1.39856087700002
          ],
          [
            103.920605228,
            1.39881054000006
          ],
          [
            103.920409823,
            1.39897699000005
          ],
          [
            103.920140395,
            1.39916505100006
          ],
          [
            103.920028642,
            1.39924305700004
          ],
          [
            103.919933634,
            1.39930937400004
          ],
          [
            103.919724305,
            1.39945548700005
          ],
          [
            103.919315221,
            1.39974102900003
          ],
          [
            103.919113693,
            1.39989598200003
          ],
          [
            103.919097709,
            1.39990713900004
          ],
          [
            103.919087167,
            1.39991455400001
          ],
          [
            103.918928342,
            1.40003217600001
          ],
          [
            103.918860132,
            1.40008657400006
          ],
          [
            103.918792485,
            1.40014301500003
          ],
          [
            103.918792051,
            1.40014338600002
          ],
          [
            103.918747452,
            1.40018204300001
          ],
          [
            103.918647744,
            1.40027279100001
          ],
          [
            103.918550909,
            1.40036710700002
          ],
          [
            103.918550511,
            1.40036750800005
          ],
          [
            103.918550362,
            1.40036765700007
          ],
          [
            103.9185499,
            1.40036812200003
          ],
          [
            103.918548662,
            1.40036936800003
          ],
          [
            103.918466477,
            1.40044936000003
          ]
        ]
      },
      "properties": {
        "OBJECTID": 82,
        "pcn_loop": "North Eastern Riverine Loop",
        "pcn": "Punggol Waterway Park",
        "descriptionHTML": "Built around the section of Punggol Waterway and located along Sentul Crescent, Punggol Waterway Park is a great place for park users to enjoy a fun-filled day of leisure activities. The park is segmented into four different themes: Nature Cove, Recreation Zone, Heritage Zone and Green Gallery. Fitness enthusiasts can jog or cycle on the well-maintained tracks along the promenade at both sides of the waterway while admiring the surrounding view. Alternatively, sit on the many benches placed around the park and enjoy the breeze as you listen to the soothing sounds of running, trickling, splashing and cascading water. While doing so, look out for the various types of birds that can be spotted along the Waterway.",
        "address": "",
        "Shape__Length": 448.71322043143226
      }
    },
    {
      "type": "Feature",
      "id": 83,
      "geometry": {
        "type": "LineString",
        "coordinates": [
          [
            103.922449456,
            1.39770167400007
          ],
          [
            103.92244844,
            1.39770077700005
          ],
          [
            103.922433333,
            1.39768746200001
          ],
          [
            103.922413279,
            1.39767006500005
          ],
          [
            103.92239635,
            1.39765923500005
          ],
          [
            103.922377944,
            1.39765120700003
          ],
          [
            103.922358516,
            1.39764617900005
          ],
          [
            103.922338546,
            1.39764427400006
          ],
          [
            103.922318526,
            1.39764554000005
          ],
          [
            103.922267577,
            1.39765611400002
          ],
          [
            103.922239938,
            1.39766333200004
          ],
          [
            103.922211762,
            1.39766799600005
          ],
          [
            103.922202365,
            1.39766906400006
          ],
          [
            103.922179396,
            1.39767350300001
          ],
          [
            103.922157248,
            1.39768106400003
          ],
          [
            103.922136337,
            1.39769160600002
          ],
          [
            103.922117056,
            1.39770492900003
          ],
          [
            103.922114097,
            1.39770739100005
          ],
          [
            103.922101443,
            1.39772027600002
          ],
          [
            103.922086909,
            1.39773096600004
          ],
          [
            103.92207087,
            1.39773918900004
          ],
          [
            103.922053733,
            1.39774473500006
          ],
          [
            103.922035937,
            1.39774746200003
          ],
          [
            103.922025669,
            1.39774878400004
          ],
          [
            103.922012209,
            1.39775037100004
          ],
          [
            103.921999189,
            1.39775415600008
          ],
          [
            103.921986961,
            1.39776003500002
          ],
          [
            103.921975854,
            1.39776785200008
          ],
          [
            103.921966171,
            1.39777739400006
          ],
          [
            103.92195817,
            1.39778840400002
          ],
          [
            103.92195207,
            1.39780058300005
          ],
          [
            103.921949007,
            1.39780530700005
          ],
          [
            103.92194521,
            1.39781168500002
          ],
          [
            103.92194047,
            1.39781738800002
          ],
          [
            103.921934905,
            1.39782227800001
          ],
          [
            103.921764452,
            1.39795995700007
          ],
          [
            103.921755791,
            1.39796585600004
          ],
          [
            103.921749126,
            1.39796974400002
          ],
          [
            103.921742132,
            1.39797298900003
          ],
          [
            103.921740785,
            1.39797350900006
          ],
          [
            103.921734223,
            1.39797622700007
          ],
          [
            103.921728214,
            1.39798002300006
          ],
          [
            103.921722929,
            1.39798478900002
          ],
          [
            103.921718523,
            1.39799038700005
          ],
          [
            103.921716985,
            1.39799324800002
          ],
          [
            103.921714883,
            1.39799624500005
          ],
          [
            103.921712389,
            1.39799892000002
          ],
          [
            103.921709549,
            1.39800122000001
          ],
          [
            103.921698472,
            1.39800474400003
          ],
          [
            103.921686961,
            1.39800632700008
          ],
          [
            103.92167535,
            1.39800592400007
          ],
          [
            103.921672831,
            1.39800564100005
          ],
          [
            103.92166909,
            1.39800486400003
          ],
          [
            103.921665283,
            1.39800454600004
          ]
        ]
      },
      "properties": {
        "OBJECTID": 83,
        "pcn_loop": "North Eastern Riverine Loop",
        "pcn": "Punggol Waterway Park",
        "descriptionHTML": "Built around the section of Punggol Waterway and located along Sentul Crescent, Punggol Waterway Park is a great place for park users to enjoy a fun-filled day of leisure activities. The park is segmented into four different themes: Nature Cove, Recreation Zone, Heritage Zone and Green Gallery. Fitness enthusiasts can jog or cycle on the well-maintained tracks along the promenade at both sides of the waterway while admiring the surrounding view. Alternatively, sit on the many benches placed around the park and enjoy the breeze as you listen to the soothing sounds of running, trickling, splashing and cascading water. While doing so, look out for the various types of birds that can be spotted along the Waterway.",
        "address": "",
        "Shape__Length": 102.66160809776987
      }
    },
    {
      "type": "Feature",
      "id": 84,
      "geometry": {
        "type": "LineString",
        "coordinates": [
          [
            103.921463124,
            1.39778517800006
          ],
          [
            103.921282787,
            1.39787957000004
          ],
          [
            103.921244429,
            1.39791168400006
          ],
          [
            103.92123215,
            1.39792021100004
          ],
          [
            103.921002283,
            1.39810490300004
          ],
          [
            103.92100179,
            1.39810529600004
          ],
          [
            103.920832541,
            1.39823639000002
          ],
          [
            103.920832344,
            1.39823654300006
          ],
          [
            103.920632971,
            1.39838577400007
          ],
          [
            103.920430225,
            1.39853201100005
          ],
          [
            103.920379692,
            1.39856761700002
          ],
          [
            103.920379508,
            1.39856774500003
          ],
          [
            103.920353911,
            1.39858565500003
          ],
          [
            103.92010788,
            1.39875737700004
          ],
          [
            103.92010757,
            1.39875759400007
          ],
          [
            103.919728,
            1.39902252200005
          ],
          [
            103.919522355,
            1.39916605700004
          ],
          [
            103.91948127,
            1.39919473300004
          ],
          [
            103.919480755,
            1.39919400600006
          ],
          [
            103.918764761,
            1.39969377000006
          ],
          [
            103.918625569,
            1.39979537400007
          ],
          [
            103.918623439,
            1.39979705900003
          ],
          [
            103.918495734,
            1.39989858900003
          ],
          [
            103.918370341,
            1.40000677400007
          ],
          [
            103.918249358,
            1.40011993100006
          ],
          [
            103.91813305,
            1.40023780700006
          ],
          [
            103.918029343,
            1.40035136600004
          ],
          [
            103.917929969,
            1.40046865000004
          ],
          [
            103.917834996,
            1.40058957200007
          ],
          [
            103.917744552,
            1.40071396200006
          ],
          [
            103.917660295,
            1.40083937600001
          ],
          [
            103.917575972,
            1.40096425900003
          ],
          [
            103.917488155,
            1.40108327900002
          ],
          [
            103.917395467,
            1.40119849700005
          ],
          [
            103.91729807,
            1.40130970900003
          ],
          [
            103.917196136,
            1.40141672400006
          ],
          [
            103.917090099,
            1.40151910400004
          ],
          [
            103.917022124,
            1.40157881700003
          ],
          [
            103.916951428,
            1.40163465700004
          ],
          [
            103.916877933,
            1.40168671000003
          ],
          [
            103.91680203,
            1.40173471200007
          ],
          [
            103.916710759,
            1.40178546000005
          ],
          [
            103.916616911,
            1.40183043200005
          ],
          [
            103.916520539,
            1.40186962500009
          ],
          [
            103.916421993,
            1.40190289200006
          ],
          [
            103.91632163,
            1.40193011600006
          ],
          [
            103.916216969,
            1.40195178700003
          ],
          [
            103.916112244,
            1.40197147800006
          ],
          [
            103.916006372,
            1.40199404000003
          ],
          [
            103.916005266,
            1.40199428400006
          ],
          [
            103.915977228,
            1.40200070100001
          ],
          [
            103.915772791,
            1.40205321200005
          ],
          [
            103.915617724,
            1.40209992600005
          ],
          [
            103.915464761,
            1.40215200100004
          ],
          [
            103.915313722,
            1.40220948500006
          ],
          [
            103.915164795,
            1.40227230400005
          ],
          [
            103.915018168,
            1.40234038000005
          ],
          [
            103.914874021,
            1.40241362700004
          ],
          [
            103.914732935,
            1.40249173700004
          ],
          [
            103.914538393,
            1.40260689900003
          ],
          [
            103.914346984,
            1.40272675100004
          ],
          [
            103.914158595,
            1.40285135500004
          ],
          [
            103.913973343,
            1.40298063200004
          ],
          [
            103.913791341,
            1.40311450600008
          ],
          [
            103.913612703,
            1.40325289300006
          ],
          [
            103.913437539,
            1.40339570600004
          ],
          [
            103.913266291,
            1.40354257200004
          ],
          [
            103.912506381,
            1.40421907800003
          ],
          [
            103.912399488,
            1.40431874800004
          ],
          [
            103.912296138,
            1.40442436100004
          ],
          [
            103.912198706,
            1.40453348400007
          ],
          [
            103.912196788,
            1.40453573800005
          ],
          [
            103.912130579,
            1.40461599900004
          ],
          [
            103.912066276,
            1.40469933400004
          ],
          [
            103.912005361,
            1.40478381400003
          ],
          [
            103.911974369,
            1.40482830500002
          ],
          [
            103.911857527,
            1.40499603100005
          ],
          [
            103.91176472,
            1.40512925700004
          ],
          [
            103.911713569,
            1.40520018000006
          ],
          [
            103.911660929,
            1.40526834900004
          ],
          [
            103.911591345,
            1.40535187900002
          ],
          [
            103.911518706,
            1.40543212100003
          ],
          [
            103.911442849,
            1.40550928900006
          ],
          [
            103.911363901,
            1.40558325000006
          ],
          [
            103.911281991,
            1.40565388300007
          ],
          [
            103.911154408,
            1.40575506700002
          ],
          [
            103.911022812,
            1.40585091700007
          ],
          [
            103.910887429,
            1.40594126700004
          ],
          [
            103.910748485,
            1.40602596600006
          ],
          [
            103.910606206,
            1.40610487600003
          ],
          [
            103.910461837,
            1.40617738500002
          ],
          [
            103.91031465,
            1.40624393100005
          ],
          [
            103.910164898,
            1.40630440100005
          ],
          [
            103.910012826,
            1.40635869600003
          ],
          [
            103.909858688,
            1.40640672400002
          ],
          [
            103.909702738,
            1.40644840700003
          ],
          [
            103.909544664,
            1.40648380400005
          ],
          [
            103.909452547,
            1.40650131900002
          ],
          [
            103.909356914,
            1.40651714200004
          ],
          [
            103.90924234,
            1.40653773100007
          ],
          [
            103.909126441,
            1.40656478800002
          ],
          [
            103.909012073,
            1.40659778500002
          ],
          [
            103.908899533,
            1.40663663600002
          ],
          [
            103.908789119,
            1.40668123700004
          ],
          [
            103.908681119,
            1.40673147100005
          ],
          [
            103.90857741,
            1.40678636500008
          ],
          [
            103.908575791,
            1.40678727500005
          ],
          [
            103.90856275,
            1.40679466300003
          ],
          [
            103.908556988,
            1.40679795500006
          ],
          [
            103.908414486,
            1.40689107600004
          ],
          [
            103.908275755,
            1.40698979400002
          ],
          [
            103.908141012,
            1.40709395800006
          ],
          [
            103.908010467,
            1.40720340300004
          ],
          [
            103.907969373,
            1.40728223600009
          ],
          [
            103.907887229,
            1.40744389300004
          ],
          [
            103.907879256,
            1.40747594800006
          ],
          [
            103.907839356,
            1.40763635900003
          ],
          [
            103.907833433,
            1.40777354300007
          ],
          [
            103.907860112,
            1.40823663500003
          ],
          [
            103.907809966,
            1.40861328600004
          ],
          [
            103.907769752,
            1.40891610500005
          ],
          [
            103.9076787,
            1.40925391800005
          ],
          [
            103.907492036,
            1.40974423800002
          ],
          [
            103.907256887,
            1.41005856700002
          ],
          [
            103.906979946,
            1.41032685600004
          ],
          [
            103.906666606,
            1.41054664600005
          ],
          [
            103.906149066,
            1.41086258200005
          ],
          [
            103.905501791,
            1.41121929400003
          ],
          [
            103.905173248,
            1.41136704400003
          ],
          [
            103.90486482,
            1.41147934000002
          ],
          [
            103.90454994,
            1.41157052300002
          ],
          [
            103.904129166,
            1.41163731300003
          ],
          [
            103.904013876,
            1.41164972800004
          ],
          [
            103.903900128,
            1.41165816300002
          ],
          [
            103.903785727,
            1.41166282900002
          ],
          [
            103.903676615,
            1.41166368500006
          ],
          [
            103.903640701,
            1.41166139700005
          ],
          [
            103.90360744,
            1.41165554600001
          ],
          [
            103.903575018,
            1.41164606300004
          ],
          [
            103.903544325,
            1.41163327200006
          ],
          [
            103.90350933,
            1.41161348600003
          ],
          [
            103.903477588,
            1.41158967000006
          ],
          [
            103.903449149,
            1.41156195000001
          ],
          [
            103.903424482,
            1.41153078200006
          ],
          [
            103.903403995,
            1.41149668500003
          ],
          [
            103.903388029,
            1.41146022300006
          ],
          [
            103.903376847,
            1.41142199800004
          ],
          [
            103.903370637,
            1.41138264700004
          ],
          [
            103.903369434,
            1.41134055800004
          ],
          [
            103.903370339,
            1.41132562400003
          ],
          [
            103.903370552,
            1.41132336000004
          ],
          [
            103.903377625,
            1.41128182700003
          ],
          [
            103.903389752,
            1.41124177600005
          ],
          [
            103.903391998,
            1.41123598100006
          ],
          [
            103.903402233,
            1.41121015400007
          ],
          [
            103.903427232,
            1.41114349300005
          ],
          [
            103.903470501,
            1.41101284700004
          ],
          [
            103.903506813,
            1.41088078400003
          ],
          [
            103.903508822,
            1.41087261900002
          ],
          [
            103.903539196,
            1.41074792300003
          ],
          [
            103.903582973,
            1.41046862100005
          ],
          [
            103.903583368,
            1.41046550000005
          ],
          [
            103.903584554,
            1.41045576400005
          ],
          [
            103.903599528,
            1.41036744300005
          ],
          [
            103.903629194,
            1.41003414200003
          ],
          [
            103.903634457,
            1.40971175000005
          ],
          [
            103.903616806,
            1.40938980600004
          ],
          [
            103.903574225,
            1.40905691200004
          ],
          [
            103.903513616,
            1.40875769500001
          ],
          [
            103.903457548,
            1.40854681500002
          ],
          [
            103.903391214,
            1.40833956600005
          ],
          [
            103.903213773,
            1.40795316200006
          ],
          [
            103.903188996,
            1.40789201800003
          ],
          [
            103.903161214,
            1.40782947500002
          ],
          [
            103.903130193,
            1.40776494600004
          ],
          [
            103.903095327,
            1.40769713800005
          ],
          [
            103.903020054,
            1.40756136900007
          ],
          [
            103.902884505,
            1.40733024000003
          ],
          [
            103.902870822,
            1.40730465300004
          ],
          [
            103.902839261,
            1.40723927700003
          ],
          [
            103.902821965,
            1.40720774700002
          ],
          [
            103.902796392,
            1.40717060300006
          ],
          [
            103.902766819,
            1.40713975400005
          ],
          [
            103.902736068,
            1.40711627700006
          ],
          [
            103.902702904,
            1.40709606000006
          ],
          [
            103.902666604,
            1.40707810900005
          ],
          [
            103.90262715,
            1.40706217600006
          ],
          [
            103.902590614,
            1.40705046600004
          ],
          [
            103.902552528,
            1.40704135500005
          ],
          [
            103.902514069,
            1.40703512600003
          ],
          [
            103.902474746,
            1.40703187400003
          ],
          [
            103.902429813,
            1.40703372900001
          ],
          [
            103.90238361,
            1.40704290200008
          ],
          [
            103.902337881,
            1.40705872100006
          ],
          [
            103.90229237,
            1.40708061900006
          ],
          [
            103.902253211,
            1.40710377500004
          ],
          [
            103.902211788,
            1.40713180700003
          ],
          [
            103.902092102,
            1.40722254200005
          ],
          [
            103.902052772,
            1.40725071800006
          ],
          [
            103.901999744,
            1.40728781500008
          ],
          [
            103.901946577,
            1.40732739400004
          ],
          [
            103.901894522,
            1.40736858000002
          ],
          [
            103.90184358,
            1.40741137000004
          ],
          [
            103.901793755,
            1.40745575900006
          ],
          [
            103.901745051,
            1.40750174300007
          ],
          [
            103.90169747,
            1.40754931700008
          ],
          [
            103.901484763,
            1.40774747400007
          ],
          [
            103.901417153,
            1.40782257300003
          ],
          [
            103.901348663,
            1.40789570300006
          ],
          [
            103.901278799,
            1.40796741200006
          ],
          [
            103.90120747,
            1.40803778900005
          ],
          [
            103.901102206,
            1.40813829800004
          ],
          [
            103.901027787,
            1.40820341700003
          ],
          [
            103.900990301,
            1.40823318300006
          ],
          [
            103.900950192,
            1.40826304000006
          ],
          [
            103.900859514,
            1.40832476300005
          ],
          [
            103.900755197,
            1.40838892200002
          ],
          [
            103.900617307,
            1.40846768500005
          ],
          [
            103.900546882,
            1.40850613500004
          ],
          [
            103.900475748,
            1.40854312200003
          ],
          [
            103.900403994,
            1.40857860100004
          ],
          [
            103.900331736,
            1.40861251500005
          ],
          [
            103.900259094,
            1.40864480900006
          ],
          [
            103.90018618,
            1.40867543400002
          ],
          [
            103.900113104,
            1.40870434600003
          ],
          [
            103.900040583,
            1.40873127600002
          ],
          [
            103.899975913,
            1.40875245800003
          ],
          [
            103.899901988,
            1.40877272300002
          ],
          [
            103.89982993,
            1.40878989000002
          ],
          [
            103.899656331,
            1.40882841400002
          ],
          [
            103.899570478,
            1.40884973700002
          ],
          [
            103.899492571,
            1.40887256900006
          ],
          [
            103.899422472,
            1.40889730900004
          ],
          [
            103.899321248,
            1.40893867800003
          ],
          [
            103.899222954,
            1.40898301400005
          ],
          [
            103.899122663,
            1.40904613400006
          ],
          [
            103.899019733,
            1.40910479300004
          ],
          [
            103.898914359,
            1.40915888100005
          ],
          [
            103.898806743,
            1.40920829300006
          ],
          [
            103.898789168,
            1.40921781500004
          ],
          [
            103.898752484,
            1.40923529600002
          ],
          [
            103.898716025,
            1.40924823100004
          ],
          [
            103.898678331,
            1.40925733900002
          ],
          [
            103.898640315,
            1.40926244400002
          ],
          [
            103.898598874,
            1.40926371100005
          ],
          [
            103.89853545,
            1.40926456800004
          ],
          [
            103.898469057,
            1.40927005200006
          ],
          [
            103.898405264,
            1.40927977700004
          ],
          [
            103.898291799,
            1.40929851600004
          ],
          [
            103.898179707,
            1.40931198600003
          ],
          [
            103.898067137,
            1.40932050000004
          ],
          [
            103.897953486,
            1.40932406900003
          ],
          [
            103.897779696,
            1.40932569400008
          ],
          [
            103.896819146,
            1.40933467300004
          ],
          [
            103.89671542,
            1.40933564300001
          ]
        ]
      },
      "properties": {
        "OBJECTID": 84,
        "pcn_loop": "North Eastern Riverine Loop",
        "pcn": "Punggol Waterway Park",
        "descriptionHTML": "Built around the section of Punggol Waterway and located along Sentul Crescent, Punggol Waterway Park is a great place for park users to enjoy a fun-filled day of leisure activities. The park is segmented into four different themes: Nature Cove, Recreation Zone, Heritage Zone and Green Gallery. Fitness enthusiasts can jog or cycle on the well-maintained tracks along the promenade at both sides of the waterway while admiring the surrounding view. Alternatively, sit on the many benches placed around the park and enjoy the breeze as you listen to the soothing sounds of running, trickling, splashing and cascading water. While doing so, look out for the various types of birds that can be spotted along the Waterway.",
        "address": "",
        "Shape__Length": 3948.911728846882
      }
    },
    {
      "type": "Feature",
      "id": 85,
      "geometry": {
        "type": "LineString",
        "coordinates": [
          [
            103.89663942,
            1.40936186000005
          ],
          [
            103.896638864,
            1.40930222800005
          ],
          [
            103.896610885,
            1.40930244100003
          ],
          [
            103.896541543,
            1.40930316200007
          ],
          [
            103.896155801,
            1.40930724200006
          ],
          [
            103.896039259,
            1.40930819500005
          ],
          [
            103.896021018,
            1.40930995800005
          ],
          [
            103.895998354,
            1.40931441600001
          ],
          [
            103.895976482,
            1.40932125900001
          ],
          [
            103.89594824,
            1.40933455200008
          ],
          [
            103.895935264,
            1.40934266500005
          ],
          [
            103.895924196,
            1.40935077500006
          ],
          [
            103.895908386,
            1.40936454700003
          ],
          [
            103.895903764,
            1.40936915800005
          ],
          [
            103.895903623,
            1.40936930100002
          ],
          [
            103.895901524,
            1.40937149900002
          ],
          [
            103.895886805,
            1.40938896600005
          ],
          [
            103.89588528,
            1.40939120500002
          ],
          [
            103.895876856,
            1.40940344600004
          ],
          [
            103.895865691,
            1.40942371700005
          ],
          [
            103.895857464,
            1.40944343100006
          ],
          [
            103.89585066,
            1.40946672200006
          ],
          [
            103.895846783,
            1.40948960600001
          ],
          [
            103.895845624,
            1.40950631400005
          ],
          [
            103.895845936,
            1.40952466000003
          ],
          [
            103.895848022,
            1.40954860200003
          ],
          [
            103.895853697,
            1.40957255600004
          ],
          [
            103.895862237,
            1.40959563300005
          ],
          [
            103.89587943,
            1.40962525000003
          ],
          [
            103.89589043,
            1.40964018500006
          ],
          [
            103.895904868,
            1.40965622200002
          ],
          [
            103.895922115,
            1.40967163000005
          ],
          [
            103.895939175,
            1.40968383300003
          ],
          [
            103.895956512,
            1.40969376400004
          ],
          [
            103.895975307,
            1.40970220400005
          ],
          [
            103.896000732,
            1.40971031500004
          ],
          [
            103.896000966,
            1.40971036500004
          ],
          [
            103.896014297,
            1.40971322600007
          ],
          [
            103.896024734,
            1.40971482200007
          ],
          [
            103.896034948,
            1.40971585900007
          ],
          [
            103.896048931,
            1.40971652100007
          ],
          [
            103.89607416,
            1.40971459300005
          ],
          [
            103.896092914,
            1.40971118500005
          ],
          [
            103.896117744,
            1.40970393800006
          ],
          [
            103.896175681,
            1.40968098200004
          ],
          [
            103.896226928,
            1.40966821300004
          ],
          [
            103.896262342,
            1.40966531500004
          ],
          [
            103.896305085,
            1.40966341000005
          ],
          [
            103.896473446,
            1.40966288200001
          ],
          [
            103.896631405,
            1.40966118400007
          ],
          [
            103.896642232,
            1.40966182400006
          ],
          [
            103.896642136,
            1.40965255400004
          ],
          [
            103.896641802,
            1.40961685900003
          ]
        ]
      },
      "properties": {
        "OBJECTID": 85,
        "pcn_loop": "North Eastern Riverine Loop",
        "pcn": "Punggol Waterway Park",
        "descriptionHTML": "Built around the section of Punggol Waterway and located along Sentul Crescent, Punggol Waterway Park is a great place for park users to enjoy a fun-filled day of leisure activities. The park is segmented into four different themes: Nature Cove, Recreation Zone, Heritage Zone and Green Gallery. Fitness enthusiasts can jog or cycle on the well-maintained tracks along the promenade at both sides of the waterway while admiring the surrounding view. Alternatively, sit on the many benches placed around the park and enjoy the breeze as you listen to the soothing sounds of running, trickling, splashing and cascading water. While doing so, look out for the various types of birds that can be spotted along the Waterway.",
        "address": "",
        "Shape__Length": 215.4842408208175
      }
    },
    {
      "type": "Feature",
      "id": 86,
      "geometry": {
        "type": "LineString",
        "coordinates": [
          [
            103.896129487,
            1.41018102300006
          ],
          [
            103.896055538,
            1.41004218700004
          ],
          [
            103.896037281,
            1.41000116100003
          ],
          [
            103.896024973,
            1.40995794700006
          ],
          [
            103.896018865,
            1.40991341600004
          ],
          [
            103.896019079,
            1.40986846300006
          ],
          [
            103.89602561,
            1.40982399300004
          ],
          [
            103.896038326,
            1.40978089900005
          ],
          [
            103.896056972,
            1.40974005100003
          ],
          [
            103.896065368,
            1.40972464400004
          ],
          [
            103.896068971,
            1.40971957400007
          ],
          [
            103.896073119,
            1.40971494600005
          ],
          [
            103.896085676,
            1.40970072200003
          ],
          [
            103.896089101,
            1.40969860800005
          ],
          [
            103.89609228,
            1.40969664600004
          ],
          [
            103.896111871,
            1.40967795900002
          ],
          [
            103.896136032,
            1.40966128300005
          ],
          [
            103.896176203,
            1.40963851400005
          ],
          [
            103.896218577,
            1.40962023300006
          ],
          [
            103.89626266,
            1.40960665200004
          ],
          [
            103.896307942,
            1.40959792800003
          ],
          [
            103.896353892,
            1.40959416300007
          ],
          [
            103.89637903,
            1.40959404900003
          ],
          [
            103.896717802,
            1.40959064200007
          ]
        ]
      },
      "properties": {
        "OBJECTID": 86,
        "pcn_loop": "North Eastern Riverine Loop",
        "pcn": "Punggol Waterway Park",
        "descriptionHTML": "Built around the section of Punggol Waterway and located along Sentul Crescent, Punggol Waterway Park is a great place for park users to enjoy a fun-filled day of leisure activities. The park is segmented into four different themes: Nature Cove, Recreation Zone, Heritage Zone and Green Gallery. Fitness enthusiasts can jog or cycle on the well-maintained tracks along the promenade at both sides of the waterway while admiring the surrounding view. Alternatively, sit on the many benches placed around the park and enjoy the breeze as you listen to the soothing sounds of running, trickling, splashing and cascading water. While doing so, look out for the various types of birds that can be spotted along the Waterway.",
        "address": "",
        "Shape__Length": 131.32530753218265
      }
    },
    {
      "type": "Feature",
      "id": 87,
      "geometry": {
        "type": "LineString",
        "coordinates": [
          [
            103.918466477,
            1.40044936000003
          ],
          [
            103.918320842,
            1.40061383900007
          ],
          [
            103.91813209,
            1.40085792400003
          ],
          [
            103.917855738,
            1.40128006700006
          ],
          [
            103.917705783,
            1.40147470800002
          ],
          [
            103.917550806,
            1.40164222000003
          ],
          [
            103.917333037,
            1.40183322100005
          ],
          [
            103.917053313,
            1.40202185000004
          ],
          [
            103.916833094,
            1.40213511800003
          ],
          [
            103.916488563,
            1.40226105700003
          ],
          [
            103.916124139,
            1.40234749400003
          ],
          [
            103.915933366,
            1.40240301600005
          ],
          [
            103.915685893,
            1.40249308200003
          ],
          [
            103.915443271,
            1.40260273000006
          ],
          [
            103.915094015,
            1.40280240900007
          ],
          [
            103.914632224,
            1.40311640600003
          ],
          [
            103.913886206,
            1.40368040200002
          ]
        ]
      },
      "properties": {
        "OBJECTID": 87,
        "pcn_loop": "North Eastern Riverine Loop",
        "pcn": "Punggol Waterway Park",
        "descriptionHTML": "Built around the section of Punggol Waterway and located along Sentul Crescent, Punggol Waterway Park is a great place for park users to enjoy a fun-filled day of leisure activities. The park is segmented into four different themes: Nature Cove, Recreation Zone, Heritage Zone and Green Gallery. Fitness enthusiasts can jog or cycle on the well-maintained tracks along the promenade at both sides of the waterway while admiring the surrounding view. Alternatively, sit on the many benches placed around the park and enjoy the breeze as you listen to the soothing sounds of running, trickling, splashing and cascading water. While doing so, look out for the various types of birds that can be spotted along the Waterway.",
        "address": "",
        "Shape__Length": 639.8200801518126
      }
    },
    {
      "type": "Feature",
      "id": 88,
      "geometry": {
        "type": "LineString",
        "coordinates": [
          [
            103.913886206,
            1.40368040200002
          ],
          [
            103.913753818,
            1.40378048800006
          ]
        ]
      },
      "properties": {
        "OBJECTID": 88,
        "pcn_loop": "North Eastern Riverine Loop",
        "pcn": "Punggol Waterway Park",
        "descriptionHTML": "Built around the section of Punggol Waterway and located along Sentul Crescent, Punggol Waterway Park is a great place for park users to enjoy a fun-filled day of leisure activities. The park is segmented into four different themes: Nature Cove, Recreation Zone, Heritage Zone and Green Gallery. Fitness enthusiasts can jog or cycle on the well-maintained tracks along the promenade at both sides of the waterway while admiring the surrounding view. Alternatively, sit on the many benches placed around the park and enjoy the breeze as you listen to the soothing sounds of running, trickling, splashing and cascading water. While doing so, look out for the various types of birds that can be spotted along the Waterway.",
        "address": "",
        "Shape__Length": 18.47695819250209
      }
    },
    {
      "type": "Feature",
      "id": 89,
      "geometry": {
        "type": "LineString",
        "coordinates": [
          [
            103.913886206,
            1.40368040200002
          ],
          [
            103.913908714,
            1.40371117200004
          ],
          [
            103.916057459,
            1.40667708100004
          ],
          [
            103.917233534,
            1.40830039400004
          ],
          [
            103.917239892,
            1.40830916900005
          ]
        ]
      },
      "properties": {
        "OBJECTID": 89,
        "pcn_loop": "North Eastern Riverine Loop",
        "pcn": "Punggol Waterway Park",
        "descriptionHTML": "Built around the section of Punggol Waterway and located along Sentul Crescent, Punggol Waterway Park is a great place for park users to enjoy a fun-filled day of leisure activities. The park is segmented into four different themes: Nature Cove, Recreation Zone, Heritage Zone and Green Gallery. Fitness enthusiasts can jog or cycle on the well-maintained tracks along the promenade at both sides of the waterway while admiring the surrounding view. Alternatively, sit on the many benches placed around the park and enjoy the breeze as you listen to the soothing sounds of running, trickling, splashing and cascading water. While doing so, look out for the various types of birds that can be spotted along the Waterway.",
        "address": "",
        "Shape__Length": 636.4282914905351
      }
    },
    {
      "type": "Feature",
      "id": 90,
      "geometry": {
        "type": "LineString",
        "coordinates": [
          [
            103.913753818,
            1.40378048800006
          ],
          [
            103.913766231,
            1.40379761800006
          ],
          [
            103.917114687,
            1.40841940500007
          ],
          [
            103.917131092,
            1.40844204700006
          ]
        ]
      },
      "properties": {
        "OBJECTID": 90,
        "pcn_loop": "North Eastern Riverine Loop",
        "pcn": "Punggol Waterway Park",
        "descriptionHTML": "Built around the section of Punggol Waterway and located along Sentul Crescent, Punggol Waterway Park is a great place for park users to enjoy a fun-filled day of leisure activities. The park is segmented into four different themes: Nature Cove, Recreation Zone, Heritage Zone and Green Gallery. Fitness enthusiasts can jog or cycle on the well-maintained tracks along the promenade at both sides of the waterway while admiring the surrounding view. Alternatively, sit on the many benches placed around the park and enjoy the breeze as you listen to the soothing sounds of running, trickling, splashing and cascading water. While doing so, look out for the various types of birds that can be spotted along the Waterway.",
        "address": "",
        "Shape__Length": 640.9258206190658
      }
    },
    {
      "type": "Feature",
      "id": 91,
      "geometry": {
        "type": "LineString",
        "coordinates": [
          [
            103.913677819,
            1.40380670600006
          ],
          [
            103.913478961,
            1.40395704400003
          ],
          [
            103.912727043,
            1.40449055400007
          ],
          [
            103.912534193,
            1.40465964900006
          ],
          [
            103.912360157,
            1.40484507900003
          ],
          [
            103.911768025,
            1.40566699300005
          ],
          [
            103.911574459,
            1.40589622800008
          ],
          [
            103.911248067,
            1.40620239200008
          ],
          [
            103.911006163,
            1.40638142400007
          ],
          [
            103.910617723,
            1.40660417300006
          ],
          [
            103.910183667,
            1.40677667000005
          ],
          [
            103.909126132,
            1.40692138200006
          ],
          [
            103.908859958,
            1.40700324300001
          ],
          [
            103.90863182,
            1.40711300100002
          ],
          [
            103.908493303,
            1.40719992600003
          ],
          [
            103.908358459,
            1.40729251700002
          ],
          [
            103.908227517,
            1.40739061800003
          ],
          [
            103.908169188,
            1.40745039300002
          ],
          [
            103.908148952,
            1.40749038700006
          ],
          [
            103.908129901,
            1.40753534000002
          ],
          [
            103.908110857,
            1.40759191200004
          ],
          [
            103.90809704,
            1.40764977400004
          ],
          [
            103.908092869,
            1.40767673600003
          ],
          [
            103.908089915,
            1.40770862800002
          ],
          [
            103.908086694,
            1.40781274800001
          ],
          [
            103.908087054,
            1.40785332100006
          ],
          [
            103.908087117,
            1.40786048800004
          ],
          [
            103.908090414,
            1.40790965100006
          ],
          [
            103.908096717,
            1.40796197700007
          ],
          [
            103.908106151,
            1.40801799800004
          ],
          [
            103.908131138,
            1.40813032500006
          ],
          [
            103.908188661,
            1.40834761300005
          ],
          [
            103.908210864,
            1.40843853700005
          ],
          [
            103.908230093,
            1.40853457000002
          ],
          [
            103.908242181,
            1.40862202600005
          ],
          [
            103.908260411,
            1.40881793900006
          ],
          [
            103.908264404,
            1.40889272800006
          ],
          [
            103.908265506,
            1.40896116400006
          ],
          [
            103.908262564,
            1.40908502900004
          ],
          [
            103.908253642,
            1.40918404100005
          ],
          [
            103.908238003,
            1.40927634700006
          ],
          [
            103.908216192,
            1.40936762800003
          ],
          [
            103.908188403,
            1.40945725500006
          ],
          [
            103.908154984,
            1.40954408000005
          ],
          [
            103.908116703,
            1.40962663900006
          ],
          [
            103.908073332,
            1.40970620400002
          ],
          [
            103.908041148,
            1.40975766000001
          ],
          [
            103.908004674,
            1.40981007100003
          ],
          [
            103.907963331,
            1.40986448800003
          ],
          [
            103.907914546,
            1.40992441900005
          ],
          [
            103.907876404,
            1.40996786700003
          ],
          [
            103.907834541,
            1.41001141000003
          ],
          [
            103.90778903,
            1.41005501200004
          ],
          [
            103.907738836,
            1.41009972100005
          ],
          [
            103.907639166,
            1.41018148500007
          ],
          [
            103.907433405,
            1.41034056300003
          ],
          [
            103.907308487,
            1.41043693800003
          ],
          [
            103.907175398,
            1.41053481600004
          ],
          [
            103.907034132,
            1.41063418900006
          ],
          [
            103.906882763,
            1.41073642300006
          ],
          [
            103.90671445,
            1.41084471300007
          ],
          [
            103.906500702,
            1.41097596900003
          ],
          [
            103.906286115,
            1.41110377200004
          ],
          [
            103.906082253,
            1.41122080200005
          ],
          [
            103.905885999,
            1.41132883500006
          ],
          [
            103.905695947,
            1.41142863800007
          ],
          [
            103.905447202,
            1.41155455500006
          ],
          [
            103.905356296,
            1.41159763300005
          ],
          [
            103.905272422,
            1.41163480000006
          ],
          [
            103.905109838,
            1.41170027500005
          ],
          [
            103.904935636,
            1.41176313400006
          ],
          [
            103.904764479,
            1.41181838500004
          ],
          [
            103.904591079,
            1.41186783000006
          ],
          [
            103.904416099,
            1.41191127800003
          ],
          [
            103.904240405,
            1.41194852300004
          ],
          [
            103.904108322,
            1.41197241500003
          ],
          [
            103.903976621,
            1.41199279700004
          ],
          [
            103.903845428,
            1.41200965200004
          ],
          [
            103.903716145,
            1.41202282500007
          ],
          [
            103.903460963,
            1.41204773600003
          ],
          [
            103.903386894,
            1.41205303100002
          ],
          [
            103.903319829,
            1.41205583300005
          ],
          [
            103.903249387,
            1.41205607000007
          ],
          [
            103.903182737,
            1.41205312300002
          ],
          [
            103.903119022,
            1.41204685300005
          ],
          [
            103.90306023,
            1.41203750900007
          ],
          [
            103.902950813,
            1.41201863900005
          ],
          [
            103.902890073,
            1.41200460000004
          ],
          [
            103.902831356,
            1.41198369300002
          ],
          [
            103.902801509,
            1.41196873400002
          ],
          [
            103.90277514,
            1.41195221200007
          ],
          [
            103.902731514,
            1.41191844200006
          ],
          [
            103.902692758,
            1.41188150300008
          ],
          [
            103.902659761,
            1.41184151600004
          ],
          [
            103.902634229,
            1.41179941700006
          ],
          [
            103.902617641,
            1.41176048600005
          ],
          [
            103.902605545,
            1.41172067200006
          ],
          [
            103.902597645,
            1.41167983000002
          ],
          [
            103.90259424,
            1.41163890300003
          ],
          [
            103.902595277,
            1.41160841100003
          ],
          [
            103.902599551,
            1.41157676100005
          ],
          [
            103.902616888,
            1.41150206600003
          ],
          [
            103.90263164,
            1.41145104600003
          ],
          [
            103.902652669,
            1.41139849200004
          ],
          [
            103.902679101,
            1.41134660100005
          ],
          [
            103.902710866,
            1.41129486400006
          ],
          [
            103.902741835,
            1.41125074600006
          ],
          [
            103.902777873,
            1.41120403900003
          ],
          [
            103.90290246,
            1.41105573300007
          ],
          [
            103.902946737,
            1.41099994200004
          ],
          [
            103.902986101,
            1.41094360600004
          ],
          [
            103.903016052,
            1.41089149500003
          ],
          [
            103.903072635,
            1.41077638600006
          ],
          [
            103.903117232,
            1.41067660400006
          ],
          [
            103.903152992,
            1.41058521900002
          ],
          [
            103.903180908,
            1.41049989700001
          ],
          [
            103.903203364,
            1.41041434100004
          ],
          [
            103.903222479,
            1.41032232500003
          ],
          [
            103.903238242,
            1.41022351100002
          ],
          [
            103.903250665,
            1.41011758700005
          ],
          [
            103.903258749,
            1.40999879000002
          ],
          [
            103.903261832,
            1.40985056700001
          ],
          [
            103.903261197,
            1.40975404800001
          ],
          [
            103.903258232,
            1.40966058000004
          ],
          [
            103.903252943,
            1.40957013600007
          ],
          [
            103.903245338,
            1.40948263100005
          ],
          [
            103.903231352,
            1.40936447400002
          ],
          [
            103.90321462,
            1.40925845600002
          ],
          [
            103.903199216,
            1.40918021100004
          ],
          [
            103.903181018,
            1.40910078600006
          ],
          [
            103.903160113,
            1.40902063600004
          ],
          [
            103.903136687,
            1.40894044500003
          ],
          [
            103.903092367,
            1.40880803200003
          ],
          [
            103.903042185,
            1.40867956300002
          ],
          [
            103.902984428,
            1.40855092700001
          ],
          [
            103.902922089,
            1.40842935000007
          ],
          [
            103.902870494,
            1.40833577700004
          ],
          [
            103.902835682,
            1.40827709800003
          ],
          [
            103.902802556,
            1.40822740000004
          ],
          [
            103.902770643,
            1.40818603700007
          ],
          [
            103.902711623,
            1.40812050900007
          ],
          [
            103.902685326,
            1.40809501000006
          ],
          [
            103.902659182,
            1.40807223500001
          ],
          [
            103.902628645,
            1.40804850200004
          ],
          [
            103.902596519,
            1.40802615300003
          ],
          [
            103.902563376,
            1.40800559500002
          ],
          [
            103.902529979,
            1.40798727000003
          ],
          [
            103.902486706,
            1.40796685600003
          ],
          [
            103.902441769,
            1.40794917700003
          ],
          [
            103.902395785,
            1.40793446700008
          ],
          [
            103.902349684,
            1.40792301200002
          ],
          [
            103.902303291,
            1.40791476300005
          ],
          [
            103.902255627,
            1.40790949300002
          ],
          [
            103.902207558,
            1.40790731400004
          ],
          [
            103.902159983,
            1.40790826300001
          ],
          [
            103.902111825,
            1.40791244200006
          ],
          [
            103.902063863,
            1.40791980200003
          ],
          [
            103.902027254,
            1.40792804500007
          ],
          [
            103.901986448,
            1.40794003600006
          ],
          [
            103.901939939,
            1.40795634000006
          ],
          [
            103.90187996,
            1.40797980900004
          ],
          [
            103.901810169,
            1.40801174900003
          ],
          [
            103.901734401,
            1.40805407100005
          ],
          [
            103.901662968,
            1.40809926700006
          ],
          [
            103.901475905,
            1.40822415100007
          ],
          [
            103.901353666,
            1.40830656800004
          ],
          [
            103.90106875,
            1.40851084200005
          ],
          [
            103.900991132,
            1.40856278000007
          ],
          [
            103.900919184,
            1.40860759300006
          ],
          [
            103.90075173,
            1.40870415300003
          ],
          [
            103.900603025,
            1.40878200300006
          ],
          [
            103.900545338,
            1.40880802500005
          ],
          [
            103.900405343,
            1.40886490600007
          ],
          [
            103.900370737,
            1.40888140500004
          ],
          [
            103.90034246,
            1.40889715100008
          ],
          [
            103.900240678,
            1.40896634200004
          ],
          [
            103.900187188,
            1.40899737000006
          ],
          [
            103.900130912,
            1.40902598400002
          ],
          [
            103.900071045,
            1.40905271300005
          ],
          [
            103.900006965,
            1.40907791900002
          ],
          [
            103.899941365,
            1.40910086500003
          ],
          [
            103.899868609,
            1.40912379200005
          ],
          [
            103.899668381,
            1.40917994800003
          ],
          [
            103.899565017,
            1.40921109200001
          ],
          [
            103.899526834,
            1.40921895000002
          ],
          [
            103.89948733,
            1.40922291500004
          ],
          [
            103.899442684,
            1.40921958300004
          ],
          [
            103.899373414,
            1.40920538100005
          ],
          [
            103.899369061,
            1.40920505400004
          ],
          [
            103.899367637,
            1.40920513000003
          ],
          [
            103.899353789,
            1.40920803200004
          ],
          [
            103.899314781,
            1.40922022400002
          ],
          [
            103.899256456,
            1.40924100300003
          ],
          [
            103.899195674,
            1.40926930700005
          ],
          [
            103.899123693,
            1.40930953800007
          ],
          [
            103.898964512,
            1.40940836700002
          ],
          [
            103.89889043,
            1.40945131600006
          ],
          [
            103.898808602,
            1.40949173200004
          ],
          [
            103.898767324,
            1.40950854000003
          ],
          [
            103.898727531,
            1.40952224100004
          ],
          [
            103.898667123,
            1.40953926400004
          ],
          [
            103.898603693,
            1.40955365400002
          ],
          [
            103.898536684,
            1.40956561700004
          ],
          [
            103.898464542,
            1.40957548800002
          ],
          [
            103.898335318,
            1.40958752800002
          ],
          [
            103.898011923,
            1.40960856600003
          ],
          [
            103.89792661,
            1.40961470900004
          ],
          [
            103.89783563,
            1.40961843500003
          ],
          [
            103.897740068,
            1.40961967100003
          ],
          [
            103.897637947,
            1.40961845700004
          ],
          [
            103.897447026,
            1.40961099700008
          ],
          [
            103.896641802,
            1.40961685900003
          ]
        ]
      },
      "properties": {
        "OBJECTID": 91,
        "pcn_loop": "North Eastern Riverine Loop",
        "pcn": "Punggol Waterway Park",
        "descriptionHTML": "Built around the section of Punggol Waterway and located along Sentul Crescent, Punggol Waterway Park is a great place for park users to enjoy a fun-filled day of leisure activities. The park is segmented into four different themes: Nature Cove, Recreation Zone, Heritage Zone and Green Gallery. Fitness enthusiasts can jog or cycle on the well-maintained tracks along the promenade at both sides of the waterway while admiring the surrounding view. Alternatively, sit on the many benches placed around the park and enjoy the breeze as you listen to the soothing sounds of running, trickling, splashing and cascading water. While doing so, look out for the various types of birds that can be spotted along the Waterway.",
        "address": "",
        "Shape__Length": 2882.3122818809525
      }
    },
    {
      "type": "Feature",
      "id": 92,
      "geometry": {
        "type": "LineString",
        "coordinates": [
          [
            103.918466477,
            1.40044936000003
          ],
          [
            103.918483593,
            1.40047298900002
          ],
          [
            103.918484844,
            1.40047471700007
          ],
          [
            103.918917047,
            1.40107128100005
          ],
          [
            103.921393181,
            1.40448903300005
          ],
          [
            103.921435475,
            1.40454741100007
          ]
        ]
      },
      "properties": {
        "OBJECTID": 92,
        "pcn_loop": "North Eastern Riverine Loop",
        "pcn": "Punggol Waterway Park",
        "descriptionHTML": "Built around the section of Punggol Waterway and located along Sentul Crescent, Punggol Waterway Park is a great place for park users to enjoy a fun-filled day of leisure activities. The park is segmented into four different themes: Nature Cove, Recreation Zone, Heritage Zone and Green Gallery. Fitness enthusiasts can jog or cycle on the well-maintained tracks along the promenade at both sides of the waterway while admiring the surrounding view. Alternatively, sit on the many benches placed around the park and enjoy the breeze as you listen to the soothing sounds of running, trickling, splashing and cascading water. While doing so, look out for the various types of birds that can be spotted along the Waterway.",
        "address": "",
        "Shape__Length": 563.4464133513242
      }
    },
    {
      "type": "Feature",
      "id": 93,
      "geometry": {
        "type": "LineString",
        "coordinates": [
          [
            103.921599883,
            1.39701898300006
          ],
          [
            103.921714887,
            1.39710663300001
          ],
          [
            103.921763537,
            1.39713286900007
          ],
          [
            103.921788564,
            1.39714278200006
          ],
          [
            103.921800383,
            1.39714796300007
          ],
          [
            103.921811215,
            1.39715499400006
          ],
          [
            103.92182078,
            1.39716369200006
          ],
          [
            103.921828825,
            1.39717382900006
          ],
          [
            103.921830281,
            1.39717598000004
          ],
          [
            103.921836027,
            1.39718381100004
          ],
          [
            103.92184062,
            1.39719237900005
          ],
          [
            103.921843967,
            1.39720151200003
          ],
          [
            103.921846004,
            1.39721102900005
          ],
          [
            103.921846687,
            1.39722073900002
          ],
          [
            103.921846383,
            1.39722723000006
          ],
          [
            103.921845473,
            1.39723366300006
          ],
          [
            103.921835864,
            1.39727248400005
          ],
          [
            103.921819337,
            1.39732220800003
          ],
          [
            103.921799624,
            1.39737074100003
          ],
          [
            103.92177681,
            1.39741787900004
          ],
          [
            103.921771188,
            1.39742757900005
          ],
          [
            103.921767109,
            1.39743409900007
          ],
          [
            103.92173613,
            1.39748197000005
          ],
          [
            103.921701128,
            1.39752694700007
          ],
          [
            103.921662369,
            1.39756868500006
          ],
          [
            103.921620148,
            1.39760687000005
          ],
          [
            103.921531361,
            1.39768463200005
          ],
          [
            103.921506778,
            1.39770645700002
          ],
          [
            103.921492292,
            1.39771932000001
          ],
          [
            103.921487871,
            1.39772303300003
          ],
          [
            103.921484054,
            1.39772737200004
          ],
          [
            103.921480928,
            1.39773223900005
          ],
          [
            103.921478562,
            1.39773752200005
          ],
          [
            103.921477012,
            1.39774310400002
          ],
          [
            103.921476312,
            1.39774885600002
          ],
          [
            103.921476076,
            1.39775158800006
          ],
          [
            103.921474173,
            1.39776203300003
          ],
          [
            103.921470582,
            1.39777201700001
          ],
          [
            103.9214654,
            1.39778126600002
          ],
          [
            103.921463124,
            1.39778517800006
          ]
        ]
      },
      "properties": {
        "OBJECTID": 93,
        "pcn_loop": "North Eastern Riverine Loop",
        "pcn": "Punggol Waterway Park",
        "descriptionHTML": "Built around the section of Punggol Waterway and located along Sentul Crescent, Punggol Waterway Park is a great place for park users to enjoy a fun-filled day of leisure activities. The park is segmented into four different themes: Nature Cove, Recreation Zone, Heritage Zone and Green Gallery. Fitness enthusiasts can jog or cycle on the well-maintained tracks along the promenade at both sides of the waterway while admiring the surrounding view. Alternatively, sit on the many benches placed around the park and enjoy the breeze as you listen to the soothing sounds of running, trickling, splashing and cascading water. While doing so, look out for the various types of birds that can be spotted along the Waterway.",
        "address": "",
        "Shape__Length": 114.75948265589214
      }
    },
    {
      "type": "Feature",
      "id": 94,
      "geometry": {
        "type": "LineString",
        "coordinates": [
          [
            103.89663942,
            1.40936186000005
          ],
          [
            103.89592075,
            1.40936857800005
          ],
          [
            103.895759624,
            1.40937186000001
          ],
          [
            103.895667475,
            1.40937287800004
          ],
          [
            103.895651812,
            1.40937271400002
          ],
          [
            103.895636238,
            1.40937103200003
          ],
          [
            103.895594266,
            1.40936378100003
          ],
          [
            103.895539412,
            1.40935073300006
          ],
          [
            103.895373082,
            1.40931001300003
          ],
          [
            103.895349728,
            1.40930225800002
          ],
          [
            103.895327902,
            1.40929085300006
          ],
          [
            103.895308163,
            1.40927609000004
          ],
          [
            103.895291016,
            1.40925834800004
          ],
          [
            103.895139935,
            1.40907465900004
          ]
        ]
      },
      "properties": {
        "OBJECTID": 94,
        "pcn_loop": "North Eastern Riverine Loop",
        "pcn": "Punggol Waterway Park",
        "descriptionHTML": "Built around the section of Punggol Waterway and located along Sentul Crescent, Punggol Waterway Park is a great place for park users to enjoy a fun-filled day of leisure activities. The park is segmented into four different themes: Nature Cove, Recreation Zone, Heritage Zone and Green Gallery. Fitness enthusiasts can jog or cycle on the well-maintained tracks along the promenade at both sides of the waterway while admiring the surrounding view. Alternatively, sit on the many benches placed around the park and enjoy the breeze as you listen to the soothing sounds of running, trickling, splashing and cascading water. While doing so, look out for the various types of birds that can be spotted along the Waterway.",
        "address": "",
        "Shape__Length": 179.226102342925
      }
    },
    {
      "type": "Feature",
      "id": 95,
      "geometry": {
        "type": "LineString",
        "coordinates": [
          [
            103.896687765,
            1.37832807500007
          ],
          [
            103.896933333,
            1.37834309300007
          ],
          [
            103.8969922,
            1.37869388000007
          ],
          [
            103.897026384,
            1.37868150900006
          ],
          [
            103.897172425,
            1.37862714800002
          ],
          [
            103.897304827,
            1.37857408000001
          ],
          [
            103.89731283,
            1.37857116700008
          ],
          [
            103.897321197,
            1.37856961200005
          ],
          [
            103.897329705,
            1.37856945500004
          ],
          [
            103.897338124,
            1.37857070200003
          ],
          [
            103.897346226,
            1.37857331900005
          ],
          [
            103.897353794,
            1.37857723600006
          ],
          [
            103.897360623,
            1.37858234500004
          ],
          [
            103.897366529,
            1.37858851100003
          ],
          [
            103.897473286,
            1.37874689000006
          ],
          [
            103.897478094,
            1.37875424200007
          ],
          [
            103.897484075,
            1.37876066100006
          ],
          [
            103.897491056,
            1.37876596200004
          ],
          [
            103.897498832,
            1.37876998900004
          ],
          [
            103.897507174,
            1.37877262500006
          ],
          [
            103.897515842,
            1.37877379200006
          ],
          [
            103.897848367,
            1.37881643500003
          ],
          [
            103.898039323,
            1.37884594400002
          ],
          [
            103.898367092,
            1.37889365600007
          ],
          [
            103.898974176,
            1.37898040900006
          ],
          [
            103.899276683,
            1.37902371600005
          ],
          [
            103.899333725,
            1.37903929000004
          ],
          [
            103.900321976,
            1.37918233100003
          ],
          [
            103.900361488,
            1.37918096400005
          ],
          [
            103.900390496,
            1.37918224600003
          ],
          [
            103.900790556,
            1.37924310600004
          ],
          [
            103.900843783,
            1.37925221200003
          ],
          [
            103.901063898,
            1.37928002900002
          ],
          [
            103.901421396,
            1.37933424300007
          ],
          [
            103.901477989,
            1.37935136700003
          ],
          [
            103.90265103,
            1.37952960300004
          ],
          [
            103.90332415,
            1.37962823200007
          ],
          [
            103.903485831,
            1.37966883400002
          ],
          [
            103.903878457,
            1.37972048600006
          ],
          [
            103.903952833,
            1.37969924400004
          ],
          [
            103.904138018,
            1.37976056400002
          ],
          [
            103.904199425,
            1.37979299500007
          ]
        ]
      },
      "properties": {
        "OBJECTID": 95,
        "pcn_loop": "North Eastern Riverine Loop",
        "pcn": "Sungei Serangoon Park Connector",
        "descriptionHTML": "Forming a crucial link from Punggol Park to Punggol Promenade via Serangoon Park Connector (along Sungei Pinang), the Sungei Serangoon Park Connector provides residents with seamless connectivity to both parks. With its aesthetically pleasing bioswale, it is a favourite destination for residents living in the North-East. Bioswales are shallow vegetated troughs or depressions with bio-retention systems installed at the base, and are designed to treat storm water effectively with their gently sloped sides, preventing erosion. Combined with short-term retention of water, the bioswales enable efficient infiltration of surface water and act as an excellent flood control measure.",
        "address": "",
        "Shape__Length": 893.4392158977339
      }
    },
    {
      "type": "Feature",
      "id": 96,
      "geometry": {
        "type": "LineString",
        "coordinates": [
          [
            103.904199425,
            1.37979299500007
          ],
          [
            103.90426799,
            1.37982920800005
          ],
          [
            103.904283617,
            1.37983422400004
          ],
          [
            103.904299866,
            1.37983647600004
          ],
          [
            103.904316258,
            1.37983589900005
          ],
          [
            103.904332311,
            1.37983250900002
          ],
          [
            103.904347552,
            1.37982640600006
          ],
          [
            103.90436153,
            1.37981777000003
          ],
          [
            103.904373836,
            1.37980685500003
          ],
          [
            103.904384106,
            1.37979398400006
          ],
          [
            103.904392038,
            1.37977953400001
          ],
          [
            103.904443865,
            1.37950167300005
          ],
          [
            103.904489195,
            1.37937092900005
          ],
          [
            103.904544053,
            1.37902741100003
          ]
        ]
      },
      "properties": {
        "OBJECTID": 96,
        "pcn_loop": "North Eastern Riverine Loop",
        "pcn": "Sungei Serangoon Park Connector",
        "descriptionHTML": "Forming a crucial link from Punggol Park to Punggol Promenade via Serangoon Park Connector (along Sungei Pinang), the Sungei Serangoon Park Connector provides residents with seamless connectivity to both parks. With its aesthetically pleasing bioswale, it is a favourite destination for residents living in the North-East. Bioswales are shallow vegetated troughs or depressions with bio-retention systems installed at the base, and are designed to treat storm water effectively with their gently sloped sides, preventing erosion. Combined with short-term retention of water, the bioswales enable efficient infiltration of surface water and act as an excellent flood control measure.",
        "address": "",
        "Shape__Length": 110.71239612145028
      }
    },
    {
      "type": "Feature",
      "id": 97,
      "geometry": {
        "type": "LineString",
        "coordinates": [
          [
            103.888782792,
            1.38166713000005
          ],
          [
            103.888869094,
            1.38159336800004
          ],
          [
            103.889032397,
            1.38146366700004
          ],
          [
            103.889202663,
            1.38135110900004
          ],
          [
            103.889409391,
            1.38117415400005
          ],
          [
            103.889569446,
            1.38103759300003
          ],
          [
            103.890167802,
            1.38053154900006
          ],
          [
            103.890500457,
            1.38027512800005
          ],
          [
            103.890768995,
            1.38011409100005
          ],
          [
            103.891043587,
            1.37997977000003
          ],
          [
            103.891277165,
            1.37989736500003
          ],
          [
            103.89158942,
            1.37983006100007
          ],
          [
            103.891776724,
            1.37979694600005
          ],
          [
            103.892185886,
            1.37976391100005
          ],
          [
            103.892393913,
            1.37976375800002
          ],
          [
            103.892390219,
            1.37958458100007
          ],
          [
            103.892497039,
            1.37958622000003
          ],
          [
            103.892742904,
            1.37966161100007
          ],
          [
            103.892731001,
            1.37987852400006
          ],
          [
            103.893101843,
            1.37987673800007
          ],
          [
            103.893111551,
            1.37966968200005
          ],
          [
            103.893206016,
            1.37966395000006
          ],
          [
            103.89333912,
            1.37966530300002
          ],
          [
            103.893502132,
            1.37966689100005
          ],
          [
            103.893614138,
            1.37968114300003
          ],
          [
            103.893806693,
            1.37968186400001
          ],
          [
            103.894557914,
            1.37967340900003
          ],
          [
            103.894879703,
            1.37966086100004
          ],
          [
            103.895168445,
            1.37961648800006
          ],
          [
            103.896116783,
            1.37925831800003
          ],
          [
            103.896696562,
            1.37900417500003
          ],
          [
            103.896755051,
            1.37887909300001
          ],
          [
            103.896762485,
            1.37881526500006
          ],
          [
            103.896728682,
            1.37859685300002
          ],
          [
            103.896698439,
            1.37850197000005
          ],
          [
            103.896687765,
            1.37832807500007
          ]
        ]
      },
      "properties": {
        "OBJECTID": 97,
        "pcn_loop": "North Eastern Riverine Loop",
        "pcn": "Sungei Serangoon Park Connector",
        "descriptionHTML": "Forming a crucial link from Punggol Park to Punggol Promenade via Serangoon Park Connector (along Sungei Pinang), the Sungei Serangoon Park Connector provides residents with seamless connectivity to both parks. With its aesthetically pleasing bioswale, it is a favourite destination for residents living in the North-East. Bioswales are shallow vegetated troughs or depressions with bio-retention systems installed at the base, and are designed to treat storm water effectively with their gently sloped sides, preventing erosion. Combined with short-term retention of water, the bioswales enable efficient infiltration of surface water and act as an excellent flood control measure.",
        "address": "",
        "Shape__Length": 1107.8436424114057
      }
    },
    {
      "type": "Feature",
      "id": 98,
      "geometry": {
        "type": "LineString",
        "coordinates": [
          [
            103.904544053,
            1.37902741100003
          ],
          [
            103.904547138,
            1.37897674300007
          ],
          [
            103.904592274,
            1.37868755500004
          ],
          [
            103.90462021,
            1.37835325100003
          ],
          [
            103.904632014,
            1.37815484100001
          ],
          [
            103.904617931,
            1.37808657500007
          ],
          [
            103.90461721,
            1.37800248500001
          ],
          [
            103.904640905,
            1.37790449200003
          ],
          [
            103.90463964,
            1.37779205300006
          ],
          [
            103.904621754,
            1.37763959500005
          ],
          [
            103.90459483,
            1.37745026000005
          ],
          [
            103.904563918,
            1.37725596700005
          ],
          [
            103.904540341,
            1.37713234900002
          ],
          [
            103.904500973,
            1.37694629900005
          ],
          [
            103.904443561,
            1.37672334900002
          ],
          [
            103.904376879,
            1.37650369200002
          ],
          [
            103.904346998,
            1.37641329900005
          ],
          [
            103.904311534,
            1.37632697600003
          ],
          [
            103.904306265,
            1.37629070400004
          ],
          [
            103.904312241,
            1.37625041500007
          ],
          [
            103.904389919,
            1.37606361500003
          ],
          [
            103.904393687,
            1.37599604700006
          ],
          [
            103.904417389,
            1.37593965300004
          ],
          [
            103.90445902,
            1.37589742700004
          ],
          [
            103.904520151,
            1.37574106800002
          ],
          [
            103.904518788,
            1.37569102000003
          ],
          [
            103.904507499,
            1.37564831200006
          ],
          [
            103.904415528,
            1.37537645100002
          ],
          [
            103.90431415,
            1.37517148000007
          ],
          [
            103.904098838,
            1.37475246800005
          ],
          [
            103.903969113,
            1.37453452200003
          ],
          [
            103.903843595,
            1.37435470800005
          ],
          [
            103.903648496,
            1.37410926800003
          ],
          [
            103.903570483,
            1.37404938400004
          ],
          [
            103.903523407,
            1.37398924000006
          ],
          [
            103.903504299,
            1.37393185400003
          ],
          [
            103.903186354,
            1.37358394600004
          ],
          [
            103.902758899,
            1.37317063200004
          ],
          [
            103.902691076,
            1.37313195900003
          ],
          [
            103.902640168,
            1.37307901700006
          ],
          [
            103.902601622,
            1.37300920400001
          ],
          [
            103.902351205,
            1.37275337800003
          ],
          [
            103.902305152,
            1.37265161100004
          ],
          [
            103.902254526,
            1.37258939400005
          ],
          [
            103.901989857,
            1.37226919400008
          ],
          [
            103.901756598,
            1.37195867400003
          ],
          [
            103.901726156,
            1.37191681500001
          ],
          [
            103.901489941,
            1.37153054900006
          ],
          [
            103.901355714,
            1.37130945200005
          ],
          [
            103.900993675,
            1.37060820600005
          ],
          [
            103.900869105,
            1.37036684500004
          ],
          [
            103.900750008,
            1.37011203700006
          ],
          [
            103.900554082,
            1.36963331100002
          ],
          [
            103.900500588,
            1.36956238200001
          ],
          [
            103.900470743,
            1.36948863900005
          ],
          [
            103.90046763,
            1.36942547200005
          ],
          [
            103.900294449,
            1.36898941400006
          ],
          [
            103.900102143,
            1.36851243100005
          ],
          [
            103.899881624,
            1.36796548300004
          ],
          [
            103.89964798,
            1.36737107100003
          ],
          [
            103.899662957,
            1.36719175600005
          ],
          [
            103.899640974,
            1.36712975700005
          ],
          [
            103.899584967,
            1.36704819500006
          ],
          [
            103.899560181,
            1.36698299400007
          ],
          [
            103.899552203,
            1.36690170800005
          ],
          [
            103.899502307,
            1.36677621200005
          ],
          [
            103.899454191,
            1.36669305400005
          ],
          [
            103.899422976,
            1.36665706300004
          ],
          [
            103.898965107,
            1.36621643900003
          ],
          [
            103.898294029,
            1.36557338900009
          ],
          [
            103.898214546,
            1.36553033400002
          ],
          [
            103.898164867,
            1.36548336000003
          ],
          [
            103.898114934,
            1.36540387500003
          ],
          [
            103.897688087,
            1.36499337300005
          ],
          [
            103.897515731,
            1.36482846200006
          ],
          [
            103.897119223,
            1.36442037800004
          ],
          [
            103.897052548,
            1.36439388300005
          ],
          [
            103.896868888,
            1.36421749100004
          ],
          [
            103.896832527,
            1.36415424900002
          ],
          [
            103.896212032,
            1.36357097500007
          ],
          [
            103.896175868,
            1.36352811200004
          ],
          [
            103.896025428,
            1.36338370900006
          ],
          [
            103.895995443,
            1.36334659100004
          ],
          [
            103.895970503,
            1.36330586700007
          ],
          [
            103.895951031,
            1.36326222800004
          ],
          [
            103.895937355,
            1.36321641200004
          ],
          [
            103.89592971,
            1.36316919700005
          ],
          [
            103.895914421,
            1.36301191200005
          ],
          [
            103.895902667,
            1.36295621200003
          ],
          [
            103.895846242,
            1.36230746700003
          ],
          [
            103.895816323,
            1.36219949700005
          ],
          [
            103.895793848,
            1.36217576700007
          ]
        ]
      },
      "properties": {
        "OBJECTID": 98,
        "pcn_loop": "North Eastern Riverine Loop",
        "pcn": "Sungei Serangoon Park Connector",
        "descriptionHTML": "Forming a crucial link from Punggol Park to Punggol Promenade via Serangoon Park Connector (along Sungei Pinang), the Sungei Serangoon Park Connector provides residents with seamless connectivity to both parks. With its aesthetically pleasing bioswale, it is a favourite destination for residents living in the North-East. Bioswales are shallow vegetated troughs or depressions with bio-retention systems installed at the base, and are designed to treat storm water effectively with their gently sloped sides, preventing erosion. Combined with short-term retention of water, the bioswales enable efficient infiltration of surface water and act as an excellent flood control measure.",
        "address": "",
        "Shape__Length": 2222.7653172556707
      }
    },
    {
      "type": "Feature",
      "id": 99,
      "geometry": {
        "type": "LineString",
        "coordinates": [
          [
            103.904199425,
            1.37979299500007
          ],
          [
            103.904008444,
            1.38020037800004
          ],
          [
            103.903981399,
            1.38048627200004
          ],
          [
            103.904028747,
            1.38062240900007
          ],
          [
            103.904219522,
            1.38117093700002
          ],
          [
            103.904219511,
            1.38143724000002
          ],
          [
            103.904219494,
            1.38184492000005
          ],
          [
            103.904219488,
            1.38198081400004
          ],
          [
            103.904219459,
            1.38267176400007
          ],
          [
            103.90431346,
            1.38312151000001
          ],
          [
            103.904454392,
            1.38350002300007
          ],
          [
            103.904642906,
            1.38383227900004
          ],
          [
            103.905008557,
            1.38429259900004
          ],
          [
            103.905331133,
            1.38468708800003
          ],
          [
            103.905738982,
            1.38501591400007
          ],
          [
            103.906052126,
            1.38523555800003
          ],
          [
            103.90662,
            1.38553082700002
          ],
          [
            103.907159057,
            1.38570213400006
          ],
          [
            103.907711141,
            1.38582454400005
          ],
          [
            103.908553895,
            1.38595500700006
          ],
          [
            103.909839121,
            1.38614379600005
          ],
          [
            103.911351786,
            1.38574904600006
          ],
          [
            103.911766891,
            1.38565821000003
          ],
          [
            103.912690627,
            1.38557694400003
          ],
          [
            103.913158149,
            1.38569891800006
          ],
          [
            103.913613629,
            1.38593692000005
          ],
          [
            103.913815168,
            1.38612284100002
          ],
          [
            103.914088774,
            1.38651960800007
          ],
          [
            103.914188921,
            1.38664124200005
          ],
          [
            103.914307354,
            1.38681228300004
          ],
          [
            103.914407619,
            1.38696382400001
          ],
          [
            103.914500646,
            1.38712014100001
          ],
          [
            103.914589278,
            1.38728743400002
          ],
          [
            103.914694756,
            1.38751171100006
          ],
          [
            103.914744605,
            1.38762922400002
          ],
          [
            103.914811841,
            1.38780418000003
          ],
          [
            103.91541915,
            1.38963862900005
          ],
          [
            103.915509558,
            1.38989518500005
          ],
          [
            103.915588157,
            1.39008955700007
          ],
          [
            103.915753144,
            1.39044659600006
          ],
          [
            103.915850907,
            1.39062997500001
          ],
          [
            103.915954426,
            1.39080431800006
          ]
        ]
      },
      "properties": {
        "OBJECTID": 99,
        "pcn_loop": "North Eastern Riverine Loop",
        "pcn": "Sungei Serangoon Park Connector",
        "descriptionHTML": "Forming a crucial link from Punggol Park to Punggol Promenade via Serangoon Park Connector (along Sungei Pinang), the Sungei Serangoon Park Connector provides residents with seamless connectivity to both parks. With its aesthetically pleasing bioswale, it is a favourite destination for residents living in the North-East. Bioswales are shallow vegetated troughs or depressions with bio-retention systems installed at the base, and are designed to treat storm water effectively with their gently sloped sides, preventing erosion. Combined with short-term retention of water, the bioswales enable efficient infiltration of surface water and act as an excellent flood control measure.",
        "address": "",
        "Shape__Length": 2171.4044078909606
      }
    },
    {
      "type": "Feature",
      "id": 100,
      "geometry": {
        "type": "LineString",
        "coordinates": [
          [
            103.876478831,
            1.37913121700005
          ],
          [
            103.876603628,
            1.37900903900004
          ],
          [
            103.876857363,
            1.37903143400007
          ],
          [
            103.876986481,
            1.37917422200006
          ],
          [
            103.87703303,
            1.37913291000006
          ],
          [
            103.877073146,
            1.37911002200002
          ],
          [
            103.877174253,
            1.37910146300003
          ],
          [
            103.877943603,
            1.37913746100002
          ],
          [
            103.878038996,
            1.37914513800005
          ],
          [
            103.878165006,
            1.37917636100002
          ],
          [
            103.878271231,
            1.37920154900006
          ],
          [
            103.878667809,
            1.37918397700003
          ],
          [
            103.878788499,
            1.37918704900005
          ],
          [
            103.878957059,
            1.37918736600005
          ],
          [
            103.879365173,
            1.37920597000005
          ],
          [
            103.880343194,
            1.37925152200007
          ],
          [
            103.88114899,
            1.37929552500003
          ],
          [
            103.881265451,
            1.37933459300006
          ],
          [
            103.881321526,
            1.37938234400001
          ],
          [
            103.881343093,
            1.37939970900003
          ],
          [
            103.88144844,
            1.37929229200005
          ],
          [
            103.881616312,
            1.37929930800005
          ],
          [
            103.881770116,
            1.37939535900005
          ],
          [
            103.881865008,
            1.37931721600006
          ],
          [
            103.881951275,
            1.37930419100008
          ],
          [
            103.882335164,
            1.37932588900003
          ],
          [
            103.882442999,
            1.37933456900004
          ],
          [
            103.882537893,
            1.37935627300004
          ],
          [
            103.88261122,
            1.37937363600003
          ],
          [
            103.882731994,
            1.37938665600006
          ],
          [
            103.883038244,
            1.37939099200001
          ],
          [
            103.883504087,
            1.37941702800003
          ],
          [
            103.883831902,
            1.37942136200008
          ],
          [
            103.884211478,
            1.37944740200002
          ],
          [
            103.884310687,
            1.37946910500006
          ],
          [
            103.884453028,
            1.37952987800003
          ],
          [
            103.884517727,
            1.37943003100002
          ],
          [
            103.884729081,
            1.37943436700005
          ],
          [
            103.884823001,
            1.37950530000005
          ],
          [
            103.884970984,
            1.37948581800003
          ],
          [
            103.885426875,
            1.37950398600003
          ],
          [
            103.885596069,
            1.37952985300006
          ],
          [
            103.885781544,
            1.37954287300005
          ],
          [
            103.886021421,
            1.37957237200004
          ],
          [
            103.886241135,
            1.37963485700005
          ],
          [
            103.886423432,
            1.37971695300006
          ],
          [
            103.886718263,
            1.37992192300004
          ],
          [
            103.886957302,
            1.38013704100006
          ],
          [
            103.887335818,
            1.38059820800002
          ],
          [
            103.888434315,
            1.38193044700005
          ],
          [
            103.888537839,
            1.38204331400005
          ],
          [
            103.88880095,
            1.38185663900003
          ],
          [
            103.888792054,
            1.38176115900006
          ],
          [
            103.888782792,
            1.38166713000005
          ]
        ]
      },
      "properties": {
        "OBJECTID": 100,
        "pcn_loop": "North Eastern Riverine Loop",
        "pcn": "Buangkok Park Connector",
        "descriptionHTML": "Running along residential estates, this 1.5 km park connector is popular with a variety of users, including commuters to jogging enthusiasts. It connects to Punggol Park via the Serangoon Park Connector.",
        "address": "Buangkok Park Connector starts at the junction of Yio Chu Kang Road / Buangkok Green and runs along Buangkok Green before ending at Sengkang East Road",
        "Shape__Length": 1561.5538644452458
      }
    },
    {
      "type": "Feature",
      "id": 164,
      "geometry": {
        "type": "LineString",
        "coordinates": [
          [
            103.936185931,
            1.38369269100003
          ],
          [
            103.936156586,
            1.38369556400005
          ],
          [
            103.936126915,
            1.38370245600004
          ],
          [
            103.936096674,
            1.38371049700003
          ],
          [
            103.936072709,
            1.38371509300002
          ],
          [
            103.936033339,
            1.38373174800005
          ],
          [
            103.936001957,
            1.38374782900006
          ],
          [
            103.935968953,
            1.38376750900004
          ],
          [
            103.935938051,
            1.38378860500005
          ],
          [
            103.935888996,
            1.38381774500004
          ],
          [
            103.935807002,
            1.38386645200005
          ],
          [
            103.935745237,
            1.38390314100007
          ],
          [
            103.935677645,
            1.38394329200003
          ],
          [
            103.935625052,
            1.38397453400005
          ],
          [
            103.935562365,
            1.38401177200006
          ],
          [
            103.935466544,
            1.38406869100003
          ],
          [
            103.935353858,
            1.38413563000007
          ],
          [
            103.935277318,
            1.38418143600005
          ],
          [
            103.935214266,
            1.38421884800003
          ],
          [
            103.935142574,
            1.38426633800003
          ],
          [
            103.935100546,
            1.38429072200007
          ],
          [
            103.935032354,
            1.38433028500001
          ],
          [
            103.934981136,
            1.38436000100006
          ],
          [
            103.934935112,
            1.38439148000002
          ],
          [
            103.934884901,
            1.38442287700001
          ],
          [
            103.934825561,
            1.38445924900003
          ],
          [
            103.934755075,
            1.38450129100004
          ],
          [
            103.934699309,
            1.38453525300002
          ],
          [
            103.934636516,
            1.38457349200006
          ],
          [
            103.934531923,
            1.38463718800007
          ],
          [
            103.934460696,
            1.38468056300008
          ],
          [
            103.934392937,
            1.38472182800007
          ],
          [
            103.9343412,
            1.38475333400004
          ],
          [
            103.934291662,
            1.38478356900002
          ],
          [
            103.934221767,
            1.38482622900005
          ],
          [
            103.934163699,
            1.38486167000003
          ],
          [
            103.934088005,
            1.38490786900007
          ],
          [
            103.934022788,
            1.38494767400004
          ],
          [
            103.933964888,
            1.38498301200002
          ],
          [
            103.933910781,
            1.38501603600003
          ],
          [
            103.93384758,
            1.38505461000005
          ],
          [
            103.933813576,
            1.38507528800005
          ],
          [
            103.933779793,
            1.38509583100004
          ],
          [
            103.933737469,
            1.38512156800003
          ],
          [
            103.93370134,
            1.38514353700003
          ],
          [
            103.933645896,
            1.38517725200006
          ],
          [
            103.93359966,
            1.38520536800007
          ],
          [
            103.933528413,
            1.38524869300005
          ],
          [
            103.933455546,
            1.38529300300007
          ],
          [
            103.933416038,
            1.38531709400008
          ],
          [
            103.933358907,
            1.38535193100006
          ],
          [
            103.933299593,
            1.38538809900007
          ],
          [
            103.933242294,
            1.38542303700006
          ],
          [
            103.933176564,
            1.38546311800007
          ],
          [
            103.933113852,
            1.38550135800005
          ],
          [
            103.933063964,
            1.38553177800003
          ],
          [
            103.933013866,
            1.38556232700005
          ],
          [
            103.932972512,
            1.38559036000002
          ],
          [
            103.932931991,
            1.38561782700002
          ],
          [
            103.932886063,
            1.38565495300002
          ],
          [
            103.932839558,
            1.38568865800004
          ],
          [
            103.932796955,
            1.38572235100003
          ],
          [
            103.932759296,
            1.38575183100004
          ],
          [
            103.932716694,
            1.38579164900006
          ],
          [
            103.932677895,
            1.38582955200007
          ],
          [
            103.932648605,
            1.38586094800007
          ],
          [
            103.932633391,
            1.38587702800004
          ],
          [
            103.932605622,
            1.38590727400003
          ],
          [
            103.932571388,
            1.38594824000005
          ],
          [
            103.932540959,
            1.38598767400004
          ],
          [
            103.932512811,
            1.38603017200005
          ],
          [
            103.932483903,
            1.38607305200003
          ],
          [
            103.932459558,
            1.38610904100005
          ],
          [
            103.93243141,
            1.38615307000003
          ],
          [
            103.932409503,
            1.38619584300003
          ],
          [
            103.932378087,
            1.38625718000003
          ],
          [
            103.932349019,
            1.38631393400005
          ],
          [
            103.932314246,
            1.38638182500005
          ],
          [
            103.932290869,
            1.38643723700005
          ],
          [
            103.932274993,
            1.38646333200005
          ],
          [
            103.9322555,
            1.38649537100004
          ],
          [
            103.932232542,
            1.38653310400002
          ],
          [
            103.9322074,
            1.38657442900007
          ],
          [
            103.93217687,
            1.38662460800002
          ],
          [
            103.932136929,
            1.38669025600005
          ],
          [
            103.932101363,
            1.38672969000004
          ],
          [
            103.932060849,
            1.38678443500003
          ],
          [
            103.932013426,
            1.38685777700004
          ],
          [
            103.931977172,
            1.38691384500002
          ],
          [
            103.931920875,
            1.38696974300007
          ],
          [
            103.93186534,
            1.38702793900006
          ],
          [
            103.931802196,
            1.38708383600004
          ],
          [
            103.931721174,
            1.38714777600006
          ],
          [
            103.931659552,
            1.38720290800005
          ],
          [
            103.9315888,
            1.38725919000006
          ],
          [
            103.931528102,
            1.38731067700007
          ],
          [
            103.931489435,
            1.38734347500002
          ],
          [
            103.93143037,
            1.38739357600003
          ],
          [
            103.931368821,
            1.38744328400002
          ],
          [
            103.931301562,
            1.38749957100002
          ],
          [
            103.931168014,
            1.38761133300006
          ],
          [
            103.931072069,
            1.38769162800002
          ],
          [
            103.931030499,
            1.38772641700007
          ],
          [
            103.930967061,
            1.38777950600007
          ],
          [
            103.930932665,
            1.38781453500008
          ],
          [
            103.930906199,
            1.38783693600004
          ],
          [
            103.930890223,
            1.38784689000005
          ],
          [
            103.930871204,
            1.38784918800008
          ],
          [
            103.930853705,
            1.38783846900003
          ],
          [
            103.930839155,
            1.38782831400005
          ],
          [
            103.930806534,
            1.38780554600003
          ],
          [
            103.93077458,
            1.38778717100006
          ],
          [
            103.9307373,
            1.38776879600005
          ],
          [
            103.930704586,
            1.38777645400005
          ],
          [
            103.93067872,
            1.38778870700001
          ],
          [
            103.930665786,
            1.38779636300007
          ],
          [
            103.930611694,
            1.38784010500007
          ],
          [
            103.930545839,
            1.38789335800003
          ],
          [
            103.930450946,
            1.38797009100005
          ],
          [
            103.930359247,
            1.38804424200003
          ],
          [
            103.93022448,
            1.38815322000004
          ],
          [
            103.930109439,
            1.38824624600005
          ],
          [
            103.929982733,
            1.38834870500004
          ],
          [
            103.929823793,
            1.38847723000004
          ],
          [
            103.929692084,
            1.38858373400006
          ],
          [
            103.929609905,
            1.38864660100005
          ],
          [
            103.929531033,
            1.38870694000001
          ],
          [
            103.929386049,
            1.38881785500006
          ],
          [
            103.929273383,
            1.38890404600004
          ],
          [
            103.929143819,
            1.38900316400001
          ],
          [
            103.928968657,
            1.38913716600006
          ],
          [
            103.928848507,
            1.38922861900004
          ],
          [
            103.928724378,
            1.38932351000004
          ],
          [
            103.928637722,
            1.38939560200005
          ],
          [
            103.928552413,
            1.38946028000003
          ],
          [
            103.92843509,
            1.38955359100003
          ],
          [
            103.928280151,
            1.38967682000002
          ],
          [
            103.928184796,
            1.38975265800002
          ],
          [
            103.92801447,
            1.38988812500003
          ],
          [
            103.927885976,
            1.38999032100003
          ],
          [
            103.9277499,
            1.39009854600004
          ],
          [
            103.927668158,
            1.39016192800006
          ],
          [
            103.927574735,
            1.39023650800005
          ],
          [
            103.927501133,
            1.39029526300004
          ],
          [
            103.927384678,
            1.39038822900005
          ],
          [
            103.927223826,
            1.39051663700007
          ],
          [
            103.927147368,
            1.39057521600005
          ],
          [
            103.927080039,
            1.39062345700006
          ],
          [
            103.927018417,
            1.39068318400006
          ],
          [
            103.926985325,
            1.39074520600002
          ],
          [
            103.926945465,
            1.39082213100005
          ],
          [
            103.926846106,
            1.39091290000005
          ],
          [
            103.926753672,
            1.39098985600004
          ],
          [
            103.926672649,
            1.39104958300004
          ],
          [
            103.926560884,
            1.39114270300006
          ],
          [
            103.926467241,
            1.39122072400005
          ],
          [
            103.926386219,
            1.39128964000004
          ],
          [
            103.926326879,
            1.39134362300007
          ],
          [
            103.926282374,
            1.39139760700004
          ],
          [
            103.926260536,
            1.39142036700003
          ],
          [
            103.92610892,
            1.39158138100004
          ],
          [
            103.926038168,
            1.39162388000005
          ],
          [
            103.925981856,
            1.39166877700006
          ],
          [
            103.925918444,
            1.39171933800002
          ],
          [
            103.925845311,
            1.39177204900004
          ],
          [
            103.925747171,
            1.39185589700003
          ],
          [
            103.925557084,
            1.39201526400006
          ],
          [
            103.92543441,
            1.39215309500002
          ],
          [
            103.925326,
            1.39224785400006
          ],
          [
            103.925216243,
            1.39237583400007
          ],
          [
            103.924995066,
            1.39259243000002
          ],
          [
            103.924801072,
            1.39282214600006
          ],
          [
            103.92456758,
            1.39308101000006
          ],
          [
            103.924415934,
            1.39323850800002
          ],
          [
            103.924190558,
            1.39349406800004
          ],
          [
            103.924053619,
            1.39363476900007
          ],
          [
            103.923853919,
            1.39386448600005
          ],
          [
            103.923688872,
            1.39407199800006
          ],
          [
            103.923460224,
            1.39431817600007
          ],
          [
            103.923309712,
            1.39449438300004
          ],
          [
            103.923048688,
            1.39477693400004
          ],
          [
            103.922888755,
            1.39495005700006
          ],
          [
            103.922690679,
            1.39516447000006
          ],
          [
            103.922310999,
            1.39557546100003
          ],
          [
            103.921843662,
            1.39608134000001
          ],
          [
            103.921258853,
            1.39673579900005
          ]
        ]
      },
      "properties": {
        "OBJECTID": 164,
        "pcn_loop": "North Eastern Riverine Loop",
        "pcn": "Lorong Halus Park Connector",
        "descriptionHTML": "The 3-kilometer Lorong Halus Park Connector connects the estates of Pasir Ris and Punggol, and runs through the Pasir Ris Farmway which may bring back your nostalgic memories of the nearby old pet and fish farms. It also serves as the green corridor link between Pasir Ris Park and Coney Island Park, bringing park users to explore the rusticity of the eastern side of Singapore. Park users can have the opportunity to admire the scenic view of the Serangoon Reservoir and Lorong Halus Wetlands as they stroll or cycle through the park connector. Birdwatching enthusiasts can also choose to drop by Lorong Halus Wetlands and spend a fruitful day there spotting many bird species, including the Chestnut Munias and Little Grebes.",
        "address": "",
        "Shape__Length": 2241.643568426532
      }
    },
    {
      "type": "Feature",
      "id": 165,
      "geometry": {
        "type": "LineString",
        "coordinates": [
          [
            103.922535599,
            1.39538299300005
          ],
          [
            103.923771934,
            1.39635920700006
          ],
          [
            103.924875121,
            1.39710571800002
          ],
          [
            103.92633969,
            1.39790964000003
          ],
          [
            103.926929322,
            1.39821589400003
          ],
          [
            103.928622125,
            1.39884752400007
          ],
          [
            103.929915502,
            1.39928774700005
          ]
        ]
      },
      "properties": {
        "OBJECTID": 165,
        "pcn_loop": "North Eastern Riverine Loop",
        "pcn": "Lorong Halus Park Connector",
        "descriptionHTML": "The 3-kilometer Lorong Halus Park Connector connects the estates of Pasir Ris and Punggol, and runs through the Pasir Ris Farmway which may bring back your nostalgic memories of the nearby old pet and fish farms. It also serves as the green corridor link between Pasir Ris Park and Coney Island Park, bringing park users to explore the rusticity of the eastern side of Singapore. Park users can have the opportunity to admire the scenic view of the Serangoon Reservoir and Lorong Halus Wetlands as they stroll or cycle through the park connector. Birdwatching enthusiasts can also choose to drop by Lorong Halus Wetlands and spend a fruitful day there spotting many bird species, including the Chestnut Munias and Little Grebes.",
        "address": "",
        "Shape__Length": 936.8709304544576
      }
    },
    {
      "type": "Feature",
      "id": 222,
      "geometry": {
        "type": "LineString",
        "coordinates": [
          [
            103.897979501,
            1.37878994500006
          ],
          [
            103.897918633,
            1.37863680700002
          ],
          [
            103.897829235,
            1.37844921400005
          ],
          [
            103.897831742,
            1.37830966600006
          ],
          [
            103.89788058,
            1.37812379200006
          ],
          [
            103.89774957,
            1.37807306800003
          ],
          [
            103.897656507,
            1.37808063800003
          ],
          [
            103.89750003,
            1.37809336600002
          ],
          [
            103.897325049,
            1.37814696900005
          ],
          [
            103.897218537,
            1.37810103000004
          ],
          [
            103.897165279,
            1.37800914900004
          ],
          [
            103.897124859,
            1.37787448300002
          ],
          [
            103.897130562,
            1.37777111300005
          ],
          [
            103.897130559,
            1.37765051600007
          ],
          [
            103.897147673,
            1.37752417600007
          ],
          [
            103.897164787,
            1.37737486500003
          ],
          [
            103.897197041,
            1.37721593800006
          ],
          [
            103.897170486,
            1.37710495700003
          ],
          [
            103.897170483,
            1.37701881600002
          ],
          [
            103.897119127,
            1.37691544900002
          ],
          [
            103.897067178,
            1.37672925200008
          ],
          [
            103.89707928,
            1.37658228700007
          ],
          [
            103.897153681,
            1.37642026800007
          ],
          [
            103.897181876,
            1.37628374700005
          ],
          [
            103.897221812,
            1.37609997900006
          ],
          [
            103.897284572,
            1.37589323900004
          ],
          [
            103.89733592,
            1.37568075700006
          ],
          [
            103.897413672,
            1.37553783200003
          ],
          [
            103.897477287,
            1.37542089600002
          ],
          [
            103.897589112,
            1.37535221900003
          ],
          [
            103.897684209,
            1.37526033300003
          ],
          [
            103.897783109,
            1.37516079000005
          ],
          [
            103.897882009,
            1.37503061900003
          ],
          [
            103.898030362,
            1.37495404500003
          ],
          [
            103.898059835,
            1.37535032700003
          ],
          [
            103.898245111,
            1.37519702800007
          ],
          [
            103.898386267,
            1.37504461300006
          ],
          [
            103.898572865,
            1.37484313100002
          ],
          [
            103.898664739,
            1.37492071800006
          ],
          [
            103.898715564,
            1.37501612500006
          ],
          [
            103.898829197,
            1.37511099100005
          ],
          [
            103.898935733,
            1.37516894500004
          ],
          [
            103.899007986,
            1.37520286900002
          ],
          [
            103.899236226,
            1.37528708900003
          ],
          [
            103.899335132,
            1.37538279900002
          ],
          [
            103.899483491,
            1.37556656100003
          ],
          [
            103.89950632,
            1.37576181400004
          ],
          [
            103.899555777,
            1.37594175100002
          ],
          [
            103.89956339,
            1.37615997400006
          ],
          [
            103.899567201,
            1.37638968300007
          ],
          [
            103.899704154,
            1.37675529900002
          ],
          [
            103.899941909,
            1.37703285700006
          ],
          [
            103.900265256,
            1.37736784000002
          ],
          [
            103.900560072,
            1.37768368100007
          ],
          [
            103.900645672,
            1.37806652700004
          ],
          [
            103.90064568,
            1.37835366300004
          ],
          [
            103.900503039,
            1.37863123100005
          ],
          [
            103.900274807,
            1.37885137600005
          ],
          [
            103.900151181,
            1.37894709100005
          ],
          [
            103.900274813,
            1.37906194200002
          ],
          [
            103.900426975,
            1.37918636300003
          ]
        ]
      },
      "properties": {
        "OBJECTID": 222,
        "pcn_loop": "North Eastern Riverine Loop",
        "pcn": "Punggol Park Connector",
        "descriptionHTML": "Running along Punggol reservoir and the Straits of Johor, this 6.1 km water-themed park connector links Punggol Promenade to Gerald Drive. Completed and opened to the public in 2010, it not only improves accessibility but also enhances biodiversity in the area, featuring a variety of birds including the majestic Grey Heron, migratory Little Egret and the commonly seen Collared Kingfisher. This park connector also joins Punggol Waterway and passes Anchorvale Community Club, Sengkang Sports Complex and Singapore’s largest man-made wetland, Sengkang Floating Wetland, before ending at Gerald Drive.",
        "address": "Punggol Park Connector starts at Gerald Drive and runs along Punggol Reservoir and Straits of Johor before ending at Punggol Promenade.",
        "Shape__Length": 1287.3105222972836
      }
    },
    {
      "type": "Feature",
      "id": 223,
      "geometry": {
        "type": "LineString",
        "coordinates": [
          [
            103.902470862,
            1.41065530600002
          ],
          [
            103.902508905,
            1.41077015900004
          ],
          [
            103.902497495,
            1.41083907200003
          ],
          [
            103.902451848,
            1.41086587200006
          ],
          [
            103.902394788,
            1.41089650200007
          ],
          [
            103.902330122,
            1.41097307400001
          ],
          [
            103.902295889,
            1.41108410100004
          ],
          [
            103.90226546,
            1.41116449900006
          ],
          [
            103.90221601,
            1.41124489900005
          ],
          [
            103.902181776,
            1.41132529800007
          ],
          [
            103.902166564,
            1.41145929500004
          ],
          [
            103.902189391,
            1.41156649200001
          ],
          [
            103.902181787,
            1.41168134600002
          ],
          [
            103.902170377,
            1.41178088700001
          ],
          [
            103.902155164,
            1.41187660000001
          ],
          [
            103.902151363,
            1.41197231200004
          ],
          [
            103.902204621,
            1.41202208100003
          ],
          [
            103.902280702,
            1.41204504900002
          ],
          [
            103.902367686,
            1.41207073900007
          ],
          [
            103.902471449,
            1.41212501600004
          ],
          [
            103.902566007,
            1.41214075200001
          ],
          [
            103.90264589,
            1.41211777900002
          ],
          [
            103.902679409,
            1.41210573400003
          ],
          [
            103.902752265,
            1.41207526500006
          ],
          [
            103.902847502,
            1.41206417400002
          ],
          [
            103.902918554,
            1.41209322000004
          ],
          [
            103.902964921,
            1.41209159400005
          ],
          [
            103.90298825,
            1.41204502800001
          ],
          [
            103.902966073,
            1.41197838300008
          ]
        ]
      },
      "properties": {
        "OBJECTID": 223,
        "pcn_loop": "North Eastern Riverine Loop",
        "pcn": "Punggol Waterway Park",
        "descriptionHTML": "Built around the section of Punggol Waterway and located along Sentul Crescent, Punggol Waterway Park is a great place for park users to enjoy a fun-filled day of leisure activities. The park is segmented into four different themes: Nature Cove, Recreation Zone, Heritage Zone and Green Gallery. Fitness enthusiasts can jog or cycle on the well-maintained tracks along the promenade at both sides of the waterway while admiring the surrounding view. Alternatively, sit on the many benches placed around the park and enjoy the breeze as you listen to the soothing sounds of running, trickling, splashing and cascading water. While doing so, look out for the various types of birds that can be spotted along the Waterway.",
        "address": "",
        "Shape__Length": 271.6938865918911
      }
    },
    {
      "type": "Feature",
      "id": 224,
      "geometry": {
        "type": "LineString",
        "coordinates": [
          [
            103.903395256,
            1.41125252100004
          ],
          [
            103.903520788,
            1.41125251700003
          ],
          [
            103.903612085,
            1.41123337100004
          ],
          [
            103.90364632,
            1.41120274200005
          ],
          [
            103.903680554,
            1.41113765800002
          ],
          [
            103.903710985,
            1.41108788600007
          ],
          [
            103.903745222,
            1.41112617000004
          ],
          [
            103.903798479,
            1.41116445300003
          ],
          [
            103.903851736,
            1.41117976500003
          ],
          [
            103.903897384,
            1.41117976400005
          ],
          [
            103.903950641,
            1.41120656200005
          ],
          [
            103.903969663,
            1.41124484600004
          ],
          [
            103.903992489,
            1.41132524300001
          ],
          [
            103.904011512,
            1.41139032700004
          ],
          [
            103.904019121,
            1.41144009700003
          ],
          [
            103.904079986,
            1.41145923700002
          ],
          [
            103.904137047,
            1.41147837800004
          ],
          [
            103.904197911,
            1.41147837600004
          ],
          [
            103.90423595,
            1.41143243300007
          ],
          [
            103.904293009,
            1.41138649000004
          ],
          [
            103.904350067,
            1.41131757600004
          ],
          [
            103.904380498,
            1.41128694700008
          ],
          [
            103.904376691,
            1.41121037700003
          ],
          [
            103.904350062,
            1.41114912300003
          ],
          [
            103.904334844,
            1.41108021000003
          ],
          [
            103.904357667,
            1.41104192500005
          ],
          [
            103.904410921,
            1.41099215300005
          ],
          [
            103.904471784,
            1.41093855200006
          ],
          [
            103.904536452,
            1.41091558000004
          ],
          [
            103.904593511,
            1.41088112200003
          ],
          [
            103.904627745,
            1.41083135000001
          ],
          [
            103.904677196,
            1.41079689200007
          ],
          [
            103.904741864,
            1.41077391900005
          ],
          [
            103.904776099,
            1.41074711900006
          ],
          [
            103.904836963,
            1.41071648900004
          ],
          [
            103.90490163,
            1.41068203100003
          ]
        ]
      },
      "properties": {
        "OBJECTID": 224,
        "pcn_loop": "North Eastern Riverine Loop",
        "pcn": "Punggol Waterway Park",
        "descriptionHTML": "Built around the section of Punggol Waterway and located along Sentul Crescent, Punggol Waterway Park is a great place for park users to enjoy a fun-filled day of leisure activities. The park is segmented into four different themes: Nature Cove, Recreation Zone, Heritage Zone and Green Gallery. Fitness enthusiasts can jog or cycle on the well-maintained tracks along the promenade at both sides of the waterway while admiring the surrounding view. Alternatively, sit on the many benches placed around the park and enjoy the breeze as you listen to the soothing sounds of running, trickling, splashing and cascading water. While doing so, look out for the various types of birds that can be spotted along the Waterway.",
        "address": "",
        "Shape__Length": 255.09083769978488
      }
    },
    {
      "type": "Feature",
      "id": 225,
      "geometry": {
        "type": "LineString",
        "coordinates": [
          [
            103.887630554,
            1.40053565500005
          ],
          [
            103.887658153,
            1.40062111400004
          ],
          [
            103.887777688,
            1.40064879100004
          ],
          [
            103.887887551,
            1.40060931500004
          ],
          [
            103.887958937,
            1.40049627200006
          ],
          [
            103.887999444,
            1.40029579500002
          ],
          [
            103.887975077,
            1.40017414300007
          ],
          [
            103.887914568,
            1.40008557500003
          ],
          [
            103.887843305,
            1.39995388200002
          ],
          [
            103.887828099,
            1.39985750900006
          ],
          [
            103.887837605,
            1.39979932800004
          ],
          [
            103.887893668,
            1.39970982900006
          ],
          [
            103.887975816,
            1.39963111300005
          ],
          [
            103.888032908,
            1.39956206900006
          ],
          [
            103.888108095,
            1.39939804200004
          ],
          [
            103.888116389,
            1.39935473900004
          ],
          [
            103.888109815,
            1.39922465200005
          ],
          [
            103.888062628,
            1.39910373000004
          ],
          [
            103.888003743,
            1.39903170900003
          ],
          [
            103.887949516,
            1.39891228600003
          ],
          [
            103.887868826,
            1.39877500100004
          ],
          [
            103.88782328,
            1.39869451700002
          ],
          [
            103.887784541,
            1.39861696700007
          ],
          [
            103.88775059,
            1.39853341200006
          ],
          [
            103.88767987,
            1.39836191600006
          ],
          [
            103.887662566,
            1.39827956500005
          ],
          [
            103.887675887,
            1.39820284200005
          ],
          [
            103.887706362,
            1.39809040000006
          ],
          [
            103.887715427,
            1.39797659800006
          ],
          [
            103.887689411,
            1.39788332900003
          ],
          [
            103.887659461,
            1.39782674000003
          ],
          [
            103.887595989,
            1.39776153800006
          ],
          [
            103.887464127,
            1.39769179500008
          ],
          [
            103.887350654,
            1.39768115900007
          ],
          [
            103.887266946,
            1.39768721900004
          ],
          [
            103.887161806,
            1.39770690200003
          ],
          [
            103.88708502,
            1.39772941300003
          ],
          [
            103.887022012,
            1.39777400200006
          ],
          [
            103.886983186,
            1.39782612700003
          ],
          [
            103.886956156,
            1.39787873600006
          ],
          [
            103.88691319,
            1.39796755500003
          ],
          [
            103.88680152,
            1.39790454100006
          ],
          [
            103.886758809,
            1.39785876600007
          ],
          [
            103.88665762,
            1.39778428800002
          ]
        ]
      },
      "properties": {
        "OBJECTID": 225,
        "pcn_loop": "North Eastern Riverine Loop",
        "pcn": "Sengkang Riverside Park",
        "descriptionHTML": "With the Punggol Reservoir, also known as Sungei Punggol, running through it, Sengkang Riverside Park is calm and tranquil. Featuring a constructed wetland and rich biodiversity, it is a favourite of nature lovers. Sengkang Riverside Park is one of four parks located on the North Eastern Riverine Loop of the Park Connector Network. Sengkang Riverside Park was awarded the ABC Waters Certification, as an excellent example of how the protection of our water resources can be creatively integrated with urban planning in a sustainable manner.",
        "address": "",
        "Shape__Length": 515.7277302869498
      }
    },
    {
      "type": "Feature",
      "id": 226,
      "geometry": {
        "type": "LineString",
        "coordinates": [
          [
            103.884555258,
            1.39592804100004
          ],
          [
            103.88439882,
            1.39601657800005
          ],
          [
            103.884299938,
            1.39607273100005
          ],
          [
            103.884222695,
            1.39611659600007
          ],
          [
            103.884119055,
            1.39616377100004
          ],
          [
            103.884007729,
            1.39623726000002
          ],
          [
            103.883823685,
            1.39632501600003
          ],
          [
            103.883707843,
            1.39629546100001
          ],
          [
            103.883652047,
            1.39624869300007
          ],
          [
            103.883503554,
            1.39626861200002
          ],
          [
            103.88344074,
            1.39613400800003
          ],
          [
            103.883417874,
            1.39608174800003
          ],
          [
            103.883366555,
            1.39597127300005
          ],
          [
            103.883324631,
            1.39588810500004
          ],
          [
            103.883296405,
            1.39583434300004
          ],
          [
            103.883235542,
            1.39572967500003
          ],
          [
            103.883163592,
            1.39564841400004
          ],
          [
            103.883033372,
            1.39555985800007
          ],
          [
            103.882883539,
            1.39556180500006
          ],
          [
            103.882796494,
            1.39559789400005
          ],
          [
            103.88270411,
            1.39567104600008
          ],
          [
            103.88264837,
            1.39577397200002
          ],
          [
            103.882627996,
            1.39586791100003
          ],
          [
            103.882622761,
            1.39594347400004
          ],
          [
            103.88263868,
            1.39612970600006
          ],
          [
            103.882679976,
            1.39626133700005
          ],
          [
            103.882725221,
            1.39634985200009
          ],
          [
            103.882770733,
            1.39646068800003
          ],
          [
            103.882783186,
            1.39663105800004
          ],
          [
            103.882763399,
            1.39674563700004
          ],
          [
            103.882749624,
            1.39690521900007
          ],
          [
            103.882764756,
            1.39705090200004
          ],
          [
            103.882802942,
            1.39720288800003
          ],
          [
            103.882866384,
            1.39733577400005
          ],
          [
            103.882973752,
            1.39747695600005
          ],
          [
            103.883062624,
            1.39753476200002
          ],
          [
            103.883380399,
            1.39760922200002
          ],
          [
            103.883475825,
            1.39760249600005
          ],
          [
            103.883570037,
            1.39758594000006
          ],
          [
            103.883735024,
            1.39754069700007
          ],
          [
            103.883884529,
            1.39748582200001
          ],
          [
            103.884000611,
            1.39739162500008
          ],
          [
            103.884037034,
            1.39734960800006
          ],
          [
            103.884080023,
            1.39723875900005
          ],
          [
            103.884240205,
            1.39731448500003
          ],
          [
            103.884313642,
            1.39736139600005
          ],
          [
            103.884440885,
            1.39741505100005
          ],
          [
            103.884567028,
            1.39741376700005
          ],
          [
            103.884697874,
            1.39739281400004
          ],
          [
            103.884805154,
            1.39739065300006
          ],
          [
            103.884896125,
            1.39740565000005
          ],
          [
            103.885025441,
            1.39745352600004
          ],
          [
            103.88502662,
            1.39757128600006
          ],
          [
            103.885098026,
            1.39769033500004
          ],
          [
            103.885112241,
            1.39779767100004
          ],
          [
            103.885165998,
            1.39791194400004
          ],
          [
            103.885151437,
            1.39796041900008
          ],
          [
            103.885165864,
            1.39809056300004
          ],
          [
            103.885173471,
            1.39824688400006
          ],
          [
            103.885187659,
            1.39832062900007
          ],
          [
            103.885263784,
            1.39851888200008
          ],
          [
            103.885303957,
            1.39862262600007
          ],
          [
            103.885380139,
            1.39881752500002
          ],
          [
            103.885410468,
            1.39889511400003
          ],
          [
            103.885464089,
            1.39903177700006
          ],
          [
            103.885545355,
            1.39923900600007
          ],
          [
            103.885565148,
            1.39939790000004
          ],
          [
            103.885570656,
            1.39959826400006
          ],
          [
            103.885558646,
            1.39971725700002
          ],
          [
            103.885523339,
            1.39982941900007
          ],
          [
            103.885471286,
            1.39991257800006
          ],
          [
            103.885356162,
            1.40002274700002
          ],
          [
            103.885245507,
            1.40007471900002
          ],
          [
            103.885077096,
            1.40012000800004
          ],
          [
            103.884941953,
            1.40011324700004
          ],
          [
            103.884726371,
            1.40002528100007
          ],
          [
            103.884630762,
            1.39995569300003
          ],
          [
            103.884560831,
            1.39989840400005
          ],
          [
            103.884434014,
            1.39989381800005
          ],
          [
            103.88443367,
            1.39996867900004
          ],
          [
            103.884435499,
            1.40008910300002
          ],
          [
            103.884521382,
            1.40022204500002
          ],
          [
            103.884599014,
            1.40029621500003
          ],
          [
            103.88468126,
            1.40046702000006
          ],
          [
            103.884701319,
            1.40061638100001
          ],
          [
            103.88459709,
            1.40074609400005
          ],
          [
            103.884540456,
            1.40080500300007
          ],
          [
            103.884458018,
            1.40084963100003
          ],
          [
            103.884309899,
            1.40088065400005
          ],
          [
            103.88415891,
            1.40091267200007
          ],
          [
            103.884088825,
            1.40087671600002
          ],
          [
            103.883943849,
            1.40081726300002
          ],
          [
            103.883846635,
            1.40075926300007
          ],
          [
            103.88368691,
            1.40065095200002
          ],
          [
            103.883570901,
            1.40065755100005
          ],
          [
            103.883473333,
            1.40061634300002
          ],
          [
            103.883427714,
            1.40060566200003
          ],
          [
            103.883344878,
            1.40055697800006
          ],
          [
            103.883233344,
            1.40039171200004
          ],
          [
            103.883218572,
            1.40031327100006
          ],
          [
            103.883236893,
            1.40014082500004
          ],
          [
            103.883287387,
            1.40004640500007
          ],
          [
            103.883388055,
            1.39991412700004
          ],
          [
            103.883470464,
            1.39979368400004
          ],
          [
            103.883518481,
            1.39964613900002
          ],
          [
            103.883451745,
            1.39956106200002
          ],
          [
            103.883317761,
            1.39949872300002
          ],
          [
            103.883260139,
            1.39941593800004
          ],
          [
            103.883125068,
            1.39930014900005
          ],
          [
            103.883045253,
            1.39919228200005
          ],
          [
            103.882989688,
            1.39902851500006
          ],
          [
            103.882975818,
            1.39886752000007
          ],
          [
            103.882995966,
            1.39874345500003
          ],
          [
            103.883035137,
            1.39865538000003
          ],
          [
            103.883121371,
            1.39854197200003
          ],
          [
            103.883197172,
            1.39848748500002
          ],
          [
            103.883261039,
            1.39845047400007
          ],
          [
            103.883390054,
            1.39841657800002
          ],
          [
            103.883526053,
            1.39841772800001
          ],
          [
            103.883628178,
            1.39844132600007
          ],
          [
            103.883712231,
            1.39847490500005
          ],
          [
            103.883793972,
            1.39852903300005
          ],
          [
            103.883865554,
            1.39858499000007
          ],
          [
            103.883908458,
            1.39862626300003
          ],
          [
            103.884000784,
            1.39873248000003
          ],
          [
            103.884057086,
            1.39879196900005
          ],
          [
            103.884228082,
            1.39878885400002
          ],
          [
            103.884352565,
            1.39878154300004
          ],
          [
            103.884474184,
            1.39876762500006
          ],
          [
            103.884609876,
            1.39873295400002
          ],
          [
            103.884772474,
            1.39864637900005
          ],
          [
            103.884866688,
            1.39857909700004
          ],
          [
            103.884951717,
            1.39850674200005
          ],
          [
            103.885017218,
            1.39845100500003
          ],
          [
            103.885078282,
            1.39839904500009
          ],
          [
            103.885174636,
            1.39831705400007
          ]
        ]
      },
      "properties": {
        "OBJECTID": 226,
        "pcn_loop": "North Eastern Riverine Loop",
        "pcn": "Sengkang Riverside Park",
        "descriptionHTML": "With the Punggol Reservoir, also known as Sungei Punggol, running through it, Sengkang Riverside Park is calm and tranquil. Featuring a constructed wetland and rich biodiversity, it is a favourite of nature lovers. Sengkang Riverside Park is one of four parks located on the North Eastern Riverine Loop of the Park Connector Network. Sengkang Riverside Park was awarded the ABC Waters Certification, as an excellent example of how the protection of our water resources can be creatively integrated with urban planning in a sustainable manner.",
        "address": "",
        "Shape__Length": 1943.022473065221
      }
    }
  ]
}