{
  "type": "FeatureCollection",
  "features": [
    {
      "type": "Feature",
      "id": 101,
      "geometry": {
        "type": "LineString",
        "coordinates": [
          [
            103.817517787,
            1.40046650500005
          ],
          [
            103.817605067,
            1.40048804300005
          ],
          [
            103.817648708,
            1.40049881300007
          ],
          [
            103.817692346,
            1.40050958100004
          ],
          [
            103.817735987,
            1.40052035000003
          ],
          [
            103.817779627,
            1.40053111900004
          ],
          [
            103.817823267,
            1.40054188800002
          ],
          [
            103.817866907,
            1.40055265700004
          ],
          [
            103.817910548,
            1.40056342600009
          ],
          [
            103.817954187,
            1.40057419500004
          ],
          [
            103.817997828,
            1.40058496500006
          ],
          [
            103.818041467,
            1.40059573200006
          ],
          [
            103.818084454,
            1.40060878600001
          ],
          [
            103.818127113,
            1.40062299200001
          ],
          [
            103.818169771,
            1.40063719800001
          ],
          [
            103.81821243,
            1.40065140200004
          ],
          [
            103.818255087,
            1.40066560700007
          ],
          [
            103.818297747,
            1.40067981200001
          ],
          [
            103.818340404,
            1.40069401700002
          ],
          [
            103.818383063,
            1.40070822200003
          ],
          [
            103.818425721,
            1.40072242700006
          ],
          [
            103.81846838,
            1.40073663200007
          ],
          [
            103.818511037,
            1.40075083700003
          ],
          [
            103.818553696,
            1.40076504200004
          ],
          [
            103.818596354,
            1.40077924700007
          ],
          [
            103.818639013,
            1.40079345200007
          ],
          [
            103.818681671,
            1.40080765600004
          ],
          [
            103.81872433,
            1.40082186100005
          ],
          [
            103.818768299,
            1.40082862200007
          ],
          [
            103.81881321,
            1.40083003800002
          ],
          [
            103.81885812,
            1.40083145500006
          ],
          [
            103.818903031,
            1.40083287100002
          ],
          [
            103.818947031,
            1.40082484600003
          ],
          [
            103.818990836,
            1.40081477400002
          ],
          [
            103.819034639,
            1.40080470100002
          ],
          [
            103.819078443,
            1.40079462900007
          ],
          [
            103.819119204,
            1.40077682600002
          ],
          [
            103.819157977,
            1.40075397100001
          ],
          [
            103.819196748,
            1.40073111700002
          ],
          [
            103.819235521,
            1.40070826200003
          ],
          [
            103.819274292,
            1.40068540800007
          ],
          [
            103.819313065,
            1.40066255300008
          ],
          [
            103.819351837,
            1.40063969900005
          ],
          [
            103.81939061,
            1.40061684500006
          ],
          [
            103.819429382,
            1.40059399100006
          ],
          [
            103.819468153,
            1.40057113600006
          ],
          [
            103.819506926,
            1.40054828200004
          ],
          [
            103.819545697,
            1.40052542800003
          ],
          [
            103.81958447,
            1.40050257400001
          ],
          [
            103.819623242,
            1.40047971900002
          ],
          [
            103.819662015,
            1.40045686500002
          ],
          [
            103.819700787,
            1.40043401000002
          ],
          [
            103.819739559,
            1.40041115600007
          ],
          [
            103.819778331,
            1.40038830200005
          ],
          [
            103.819817103,
            1.40036544700006
          ],
          [
            103.819855875,
            1.40034259300006
          ],
          [
            103.819894647,
            1.40031973800006
          ],
          [
            103.81993342,
            1.40029688400006
          ],
          [
            103.819972192,
            1.40027403000004
          ],
          [
            103.820011408,
            1.40025197100005
          ],
          [
            103.820051769,
            1.40023211100003
          ],
          [
            103.820093099,
            1.40021437900003
          ],
          [
            103.820135285,
            1.40019882500008
          ],
          [
            103.820178214,
            1.40018549100005
          ],
          [
            103.820221772,
            1.40017441100002
          ],
          [
            103.820265842,
            1.40016561500004
          ],
          [
            103.820310304,
            1.40015912800004
          ],
          [
            103.820355042,
            1.40015496700003
          ],
          [
            103.820399933,
            1.40015314100003
          ],
          [
            103.820444857,
            1.40015365800002
          ],
          [
            103.820489695,
            1.40015651400005
          ],
          [
            103.820534326,
            1.40016170400002
          ],
          [
            103.82057863,
            1.40016921200003
          ],
          [
            103.820622488,
            1.40017901800007
          ],
          [
            103.820665783,
            1.40019109600008
          ],
          [
            103.820708398,
            1.40020541400002
          ],
          [
            103.820750221,
            1.40022193400006
          ],
          [
            103.820791138,
            1.40024061100006
          ],
          [
            103.820831037,
            1.40026139400004
          ],
          [
            103.820870264,
            1.40028345000007
          ],
          [
            103.820909482,
            1.40030551800003
          ],
          [
            103.820948701,
            1.40032758800004
          ],
          [
            103.820987919,
            1.40034965600006
          ],
          [
            103.821027139,
            1.40037172600006
          ],
          [
            103.821066357,
            1.40039379500007
          ],
          [
            103.821105576,
            1.40041586400002
          ],
          [
            103.821144794,
            1.40043793300003
          ],
          [
            103.821184014,
            1.40046000100006
          ],
          [
            103.821223232,
            1.40048207100004
          ],
          [
            103.821262452,
            1.40050414000006
          ],
          [
            103.821301669,
            1.40052621000006
          ],
          [
            103.821340889,
            1.40054827800003
          ],
          [
            103.821380107,
            1.40057034800003
          ],
          [
            103.821419326,
            1.40059241600004
          ],
          [
            103.821458544,
            1.40061448500006
          ],
          [
            103.821497763,
            1.40063655500006
          ],
          [
            103.821536982,
            1.40065862300004
          ],
          [
            103.821576201,
            1.40068069300002
          ],
          [
            103.821615419,
            1.40070276100005
          ],
          [
            103.821654638,
            1.40072483100005
          ],
          [
            103.821690025,
            1.40075032500003
          ],
          [
            103.821707175,
            1.40079212300003
          ],
          [
            103.821724326,
            1.40083392100006
          ],
          [
            103.821741476,
            1.40087572000004
          ],
          [
            103.821758626,
            1.40091751800002
          ],
          [
            103.821775775,
            1.40095931600006
          ],
          [
            103.821792925,
            1.40100111400005
          ],
          [
            103.821810075,
            1.40104291200004
          ],
          [
            103.821827225,
            1.40108471100006
          ],
          [
            103.821844376,
            1.40112650900006
          ],
          [
            103.821861525,
            1.40116830700001
          ],
          [
            103.821878675,
            1.40121010500007
          ],
          [
            103.821906231,
            1.40124280500002
          ],
          [
            103.821944958,
            1.40126573700008
          ],
          [
            103.821984498,
            1.40128665700007
          ],
          [
            103.822028133,
            1.40129744600006
          ],
          [
            103.822071767,
            1.40130823400006
          ],
          [
            103.822115403,
            1.40131902400002
          ],
          [
            103.822159038,
            1.40132981200001
          ],
          [
            103.822202673,
            1.40134060100008
          ],
          [
            103.822246309,
            1.40135139000005
          ],
          [
            103.822289945,
            1.40136217700006
          ],
          [
            103.82233358,
            1.40137296600005
          ],
          [
            103.822377215,
            1.40138375500004
          ],
          [
            103.822420849,
            1.40139454400003
          ],
          [
            103.822464485,
            1.40140533200001
          ],
          [
            103.82250812,
            1.40141612200005
          ],
          [
            103.822551755,
            1.40142691000006
          ],
          [
            103.82259539,
            1.40143769800005
          ],
          [
            103.822639026,
            1.40144848700003
          ],
          [
            103.822682661,
            1.40145927600002
          ],
          [
            103.822726296,
            1.40147006400001
          ],
          [
            103.822769932,
            1.40148085300005
          ],
          [
            103.822813567,
            1.40149164200006
          ],
          [
            103.822857202,
            1.40150243000006
          ],
          [
            103.822900837,
            1.40151321900002
          ],
          [
            103.822944473,
            1.40152400700004
          ],
          [
            103.822988108,
            1.40153479600003
          ],
          [
            103.823031743,
            1.40154558500008
          ],
          [
            103.823075378,
            1.40155637400005
          ],
          [
            103.823119014,
            1.40156716200005
          ],
          [
            103.823162649,
            1.40157795000006
          ],
          [
            103.823206284,
            1.40158873900003
          ],
          [
            103.823249919,
            1.40159952700004
          ],
          [
            103.823293555,
            1.40161031600007
          ],
          [
            103.82333719,
            1.40162110500006
          ],
          [
            103.823380825,
            1.40163189400003
          ],
          [
            103.82342446,
            1.40164268200005
          ],
          [
            103.823468096,
            1.40165347200001
          ],
          [
            103.823511731,
            1.40166425900003
          ],
          [
            103.823555366,
            1.40167504700002
          ],
          [
            103.823599,
            1.40168583700006
          ],
          [
            103.823642636,
            1.40169662500005
          ],
          [
            103.823686272,
            1.40170741400003
          ],
          [
            103.823729907,
            1.40171820300004
          ],
          [
            103.823773542,
            1.40172899200007
          ],
          [
            103.823817178,
            1.40173977900002
          ],
          [
            103.823860813,
            1.40175056800006
          ],
          [
            103.823904448,
            1.40176135700004
          ],
          [
            103.823948084,
            1.40177214500005
          ],
          [
            103.823991718,
            1.40178293400003
          ],
          [
            103.824035353,
            1.40179372300002
          ],
          [
            103.824078989,
            1.40180451200007
          ],
          [
            103.824122625,
            1.40181529900003
          ],
          [
            103.82416626,
            1.40182608900005
          ],
          [
            103.824209895,
            1.40183687700005
          ],
          [
            103.82425353,
            1.40184766600004
          ],
          [
            103.824297166,
            1.40185845500002
          ],
          [
            103.824340801,
            1.40186924300001
          ],
          [
            103.824384408,
            1.40188014100005
          ],
          [
            103.82442799,
            1.40189115000005
          ],
          [
            103.82447157,
            1.40190215900003
          ],
          [
            103.824515151,
            1.40191316800001
          ],
          [
            103.824558732,
            1.40192417800006
          ],
          [
            103.824602313,
            1.40193518700005
          ],
          [
            103.824645894,
            1.40194619600003
          ],
          [
            103.824689474,
            1.40195720500004
          ],
          [
            103.824733055,
            1.40196821500005
          ],
          [
            103.824776637,
            1.40197922300007
          ],
          [
            103.824820217,
            1.40199023200006
          ],
          [
            103.824863798,
            1.40200124100004
          ],
          [
            103.824907379,
            1.40201225100003
          ],
          [
            103.82495096,
            1.40202326000003
          ],
          [
            103.82499454,
            1.40203426900007
          ],
          [
            103.825038121,
            1.40204527900005
          ],
          [
            103.825081702,
            1.40205628800004
          ],
          [
            103.825125283,
            1.40206729600003
          ],
          [
            103.825168864,
            1.40207830500002
          ],
          [
            103.825212445,
            1.40208931500005
          ],
          [
            103.825256026,
            1.40210032400006
          ],
          [
            103.825299606,
            1.40211133300005
          ],
          [
            103.825343187,
            1.40212234200004
          ],
          [
            103.825386768,
            1.40213335200002
          ],
          [
            103.825430349,
            1.40214436100007
          ],
          [
            103.82547393,
            1.40215536900007
          ],
          [
            103.825517511,
            1.40216637800006
          ],
          [
            103.825561092,
            1.40217738800004
          ],
          [
            103.825604673,
            1.40218839700003
          ],
          [
            103.825648253,
            1.40219940600003
          ],
          [
            103.825691834,
            1.40221041500007
          ],
          [
            103.825735415,
            1.40222142400006
          ],
          [
            103.825778995,
            1.40223243200006
          ],
          [
            103.825822577,
            1.40224344100005
          ],
          [
            103.825866158,
            1.40225445100004
          ],
          [
            103.825909739,
            1.40226546000002
          ],
          [
            103.825953319,
            1.40227646900006
          ],
          [
            103.8259969,
            1.40228747800007
          ],
          [
            103.826040481,
            1.40229848800004
          ],
          [
            103.826084062,
            1.40230949700004
          ],
          [
            103.826127643,
            1.40232050500001
          ],
          [
            103.826171224,
            1.40233151500008
          ],
          [
            103.826214805,
            1.40234252400006
          ],
          [
            103.826258385,
            1.40235353300004
          ],
          [
            103.826301966,
            1.40236454200004
          ],
          [
            103.826345547,
            1.40237555200001
          ],
          [
            103.826389128,
            1.40238656100006
          ],
          [
            103.826432708,
            1.40239756900006
          ],
          [
            103.82647629,
            1.40240857800006
          ],
          [
            103.826519871,
            1.40241958700005
          ],
          [
            103.826563451,
            1.40243059600004
          ],
          [
            103.826607032,
            1.40244160500003
          ],
          [
            103.826650613,
            1.40245261400002
          ],
          [
            103.826694194,
            1.40246362400007
          ],
          [
            103.826737775,
            1.40247463300005
          ],
          [
            103.826781356,
            1.40248564200004
          ],
          [
            103.826824937,
            1.40249665100003
          ],
          [
            103.826868518,
            1.40250766000002
          ],
          [
            103.826912098,
            1.40251866900006
          ],
          [
            103.826955679,
            1.40252967800005
          ],
          [
            103.82699926,
            1.40254068800004
          ],
          [
            103.827042841,
            1.40255169700003
          ],
          [
            103.827086421,
            1.40256270600003
          ],
          [
            103.827130003,
            1.40257371400003
          ],
          [
            103.827173584,
            1.40258472300007
          ],
          [
            103.827217164,
            1.40259573200005
          ],
          [
            103.827301759,
            1.40260953900001
          ],
          [
            103.827377774,
            1.40262194600006
          ],
          [
            103.827458047,
            1.40263504700004
          ],
          [
            103.827559547,
            1.40265161200006
          ],
          [
            103.827629738,
            1.40266306800004
          ],
          [
            103.827688409,
            1.40267264300008
          ],
          [
            103.827731238,
            1.40267963300005
          ],
          [
            103.827777022,
            1.40268632600004
          ]
        ]
      },
      "properties": {
        "OBJECTID": 101,
        "pcn_loop": "Northern Explorer Loop",
        "pcn": "Springleaf Park Connector",
        "descriptionHTML": "Springleaf Park Connector runs from Upper Thomson Road to Lentor Avenue. Approximately 1.2km, it provides joggers a nice path for leisure jog or walk in this nature environment.",
        "address": "\nSpringleaf Park Connector starts at Lentor Ave and ends at Upper Thomson Road.\n",
        "Shape__Length": 1239.0888952395787
      }
    },
    {
      "type": "Feature",
      "id": 102,
      "geometry": {
        "type": "LineString",
        "coordinates": [
          [
            103.812888397,
            1.44754912200006
          ],
          [
            103.812885033,
            1.44752736900006
          ],
          [
            103.812693759,
            1.44597617000004
          ],
          [
            103.812671513,
            1.44580592000005
          ],
          [
            103.81259432,
            1.44558166500001
          ],
          [
            103.812451876,
            1.44538939900001
          ],
          [
            103.812277516,
            1.44525918500005
          ],
          [
            103.811987111,
            1.44513157600004
          ]
        ]
      },
      "properties": {
        "OBJECTID": 102,
        "pcn_loop": "Northern Explorer Loop",
        "pcn": "Sembawang Park Connector",
        "descriptionHTML": "Running along Sungei Sembawang, the Sembawang Park Connector provides seamless connectivity to residents from Admiralty Drive. Cutting through the mangrove swamps, the park connector enables nearby residents to appreciate the beautiful scenery of the mangrove habitat right at their doorstep. Nature lovers can view water birds such as the Egrets and Kingfishers. Level and smooth, the Sembawang Park Connector is widely used by neighbouring schools for their routine 2.4 km runs.",
        "address": "",
        "Shape__Length": 308.20355799135416
      }
    },
    {
      "type": "Feature",
      "id": 103,
      "geometry": {
        "type": "LineString",
        "coordinates": [
          [
            103.810112147,
            1.46251368200007
          ],
          [
            103.81017958,
            1.46240849400004
          ],
          [
            103.810287473,
            1.46221168900008
          ],
          [
            103.810358279,
            1.46204881600005
          ],
          [
            103.810435828,
            1.46186219000003
          ],
          [
            103.810503261,
            1.46175700200007
          ],
          [
            103.811167481,
            1.46034204100004
          ],
          [
            103.811356294,
            1.45995521600002
          ],
          [
            103.811619284,
            1.45942248500006
          ],
          [
            103.811828328,
            1.45897119100004
          ],
          [
            103.812249788,
            1.45791251400004
          ],
          [
            103.812431859,
            1.45739335500001
          ],
          [
            103.812637532,
            1.45673846800002
          ],
          [
            103.812742055,
            1.45635164300007
          ],
          [
            103.812826349,
            1.45593767200005
          ],
          [
            103.812947732,
            1.45531671600002
          ],
          [
            103.813072488,
            1.45453628000006
          ],
          [
            103.813139926,
            1.45378977400002
          ],
          [
            103.813207365,
            1.45302630300005
          ],
          [
            103.813497322,
            1.45296862100002
          ],
          [
            103.813510815,
            1.45218479000005
          ],
          [
            103.813487218,
            1.45177421200003
          ],
          [
            103.813409677,
            1.45110235500003
          ],
          [
            103.813342249,
            1.45063409300007
          ],
          [
            103.813241108,
            1.44990455200002
          ],
          [
            103.813082652,
            1.44890694700007
          ],
          [
            103.813042196,
            1.44862191700002
          ],
          [
            103.813030842,
            1.44845147300004
          ],
          [
            103.81301192,
            1.44827673300005
          ],
          [
            103.812982792,
            1.44815944600003
          ],
          [
            103.812935598,
            1.44785430400002
          ]
        ]
      },
      "properties": {
        "OBJECTID": 103,
        "pcn_loop": "Northern Explorer Loop",
        "pcn": "Sembawang Park Connector",
        "descriptionHTML": "Running along Sungei Sembawang, the Sembawang Park Connector provides seamless connectivity to residents from Admiralty Drive. Cutting through the mangrove swamps, the park connector enables nearby residents to appreciate the beautiful scenery of the mangrove habitat right at their doorstep. Nature lovers can view water birds such as the Egrets and Kingfishers. Level and smooth, the Sembawang Park Connector is widely used by neighbouring schools for their routine 2.4 km runs.",
        "address": "",
        "Shape__Length": 1729.1056837158806
      }
    },
    {
      "type": "Feature",
      "id": 104,
      "geometry": {
        "type": "LineString",
        "coordinates": [
          [
            103.812935598,
            1.44785430400002
          ],
          [
            103.812888397,
            1.44754912200006
          ]
        ]
      },
      "properties": {
        "OBJECTID": 104,
        "pcn_loop": "Northern Explorer Loop",
        "pcn": "Sembawang Park Connector",
        "descriptionHTML": "Running along Sungei Sembawang, the Sembawang Park Connector provides seamless connectivity to residents from Admiralty Drive. Cutting through the mangrove swamps, the park connector enables nearby residents to appreciate the beautiful scenery of the mangrove habitat right at their doorstep. Nature lovers can view water birds such as the Egrets and Kingfishers. Level and smooth, the Sembawang Park Connector is widely used by neighbouring schools for their routine 2.4 km runs.",
        "address": "",
        "Shape__Length": 34.387358947417056
      }
    },
    {
      "type": "Feature",
      "id": 105,
      "geometry": {
        "type": "LineString",
        "coordinates": [
          [
            103.812213124,
            1.44742500300002
          ],
          [
            103.812217288,
            1.44768208800001
          ],
          [
            103.812299986,
            1.44775814700006
          ],
          [
            103.812459244,
            1.44774635000005
          ],
          [
            103.812935598,
            1.44785430400002
          ]
        ]
      },
      "properties": {
        "OBJECTID": 105,
        "pcn_loop": "Northern Explorer Loop",
        "pcn": "Sembawang Park Connector",
        "descriptionHTML": "Running along Sungei Sembawang, the Sembawang Park Connector provides seamless connectivity to residents from Admiralty Drive. Cutting through the mangrove swamps, the park connector enables nearby residents to appreciate the beautiful scenery of the mangrove habitat right at their doorstep. Nature lovers can view water birds such as the Egrets and Kingfishers. Level and smooth, the Sembawang Park Connector is widely used by neighbouring schools for their routine 2.4 km runs.",
        "address": "",
        "Shape__Length": 113.29086246481427
      }
    },
    {
      "type": "Feature",
      "id": 106,
      "geometry": {
        "type": "LineString",
        "coordinates": [
          [
            103.829670437,
            1.41022051000004
          ],
          [
            103.829563867,
            1.40998514100005
          ],
          [
            103.829365558,
            1.40986176100006
          ],
          [
            103.82923998,
            1.40994488800004
          ],
          [
            103.828909414,
            1.41002166300007
          ],
          [
            103.828216499,
            1.41017521000003
          ],
          [
            103.827765151,
            1.41030316700004
          ],
          [
            103.826665386,
            1.41080859800007
          ],
          [
            103.825667332,
            1.41133322200005
          ],
          [
            103.825355837,
            1.41158273900003
          ],
          [
            103.824815489,
            1.41195381500005
          ],
          [
            103.824421353,
            1.41227370800005
          ],
          [
            103.824059002,
            1.41251682700006
          ],
          [
            103.823448726,
            1.41299666700007
          ],
          [
            103.823238943,
            1.41320139800007
          ],
          [
            103.823022803,
            1.41335494700007
          ],
          [
            103.822813022,
            1.41331655800002
          ],
          [
            103.822577811,
            1.41343811700004
          ],
          [
            103.821344546,
            1.41394994300003
          ],
          [
            103.820581702,
            1.41405230500003
          ],
          [
            103.819729861,
            1.41398832100002
          ],
          [
            103.818337674,
            1.41375798900003
          ],
          [
            103.817873611,
            1.41366201700004
          ],
          [
            103.817063181,
            1.41353671100006
          ],
          [
            103.816006752,
            1.41339680700003
          ],
          [
            103.815237597,
            1.41345275900005
          ],
          [
            103.81437577,
            1.41364860900006
          ],
          [
            103.81260578,
            1.41445067400001
          ],
          [
            103.811308404,
            1.41503823100003
          ],
          [
            103.810937725,
            1.41514082000003
          ],
          [
            103.810854322,
            1.41515014500003
          ],
          [
            103.810390975,
            1.41524340600006
          ],
          [
            103.809862759,
            1.41528070700002
          ],
          [
            103.809019469,
            1.41515012700007
          ],
          [
            103.80824105,
            1.41488897600004
          ],
          [
            103.807555301,
            1.41446927600004
          ],
          [
            103.806860284,
            1.41414284000006
          ],
          [
            103.806600371,
            1.41410227000006
          ],
          [
            103.806454828,
            1.41409915200006
          ],
          [
            103.806194709,
            1.41411784800004
          ],
          [
            103.805810723,
            1.41418952400005
          ],
          [
            103.805587763,
            1.41427055200006
          ],
          [
            103.805288436,
            1.41438516500005
          ],
          [
            103.805196176,
            1.41436877800003
          ],
          [
            103.805145523,
            1.41446891300006
          ],
          [
            103.804966429,
            1.41461274100004
          ],
          [
            103.804830754,
            1.41453081000003
          ],
          [
            103.804646361,
            1.41487033600003
          ],
          [
            103.803844332,
            1.41545170700003
          ],
          [
            103.803116613,
            1.41587243400005
          ],
          [
            103.802695465,
            1.41599397400006
          ],
          [
            103.802209291,
            1.41596280200001
          ],
          [
            103.801249329,
            1.41581319400007
          ],
          [
            103.799719587,
            1.41548281700006
          ],
          [
            103.798415899,
            1.41516802500007
          ],
          [
            103.797409491,
            1.41489686800002
          ],
          [
            103.796471208,
            1.41463817900006
          ],
          [
            103.794743284,
            1.41411768500005
          ],
          [
            103.791714776,
            1.41302060300005
          ],
          [
            103.790559733,
            1.41260607900004
          ],
          [
            103.790061175,
            1.41244089200005
          ],
          [
            103.78953165,
            1.41231933600005
          ],
          [
            103.789271531,
            1.41230063200003
          ],
          [
            103.788495963,
            1.41224542200006
          ]
        ]
      },
      "properties": {
        "OBJECTID": 106,
        "pcn_loop": "Northern Explorer Loop",
        "pcn": "Mandai Park Connector",
        "descriptionHTML": "Running alongside the beautiful Central Catchment Nature Reserve, the 5-kilometre-long Mandai Connector links the Ulu Sembawang Park Connector to the Khatib Bongsu Park Connector. It also joins one of Singapore’s five gazetted Heritage Roads, Mandai Road, (starting opposite Upper Seletar Reservoir Park Carpark and ending at the junction of Mandai Avenue).",
        "address": "",
        "Shape__Length": 4941.344751056168
      }
    },
    {
      "type": "Feature",
      "id": 107,
      "geometry": {
        "type": "LineString",
        "coordinates": [
          [
            103.829670437,
            1.41022051000004
          ],
          [
            103.829563867,
            1.40998514100005
          ],
          [
            103.829365558,
            1.40986176100006
          ],
          [
            103.82923998,
            1.40994488800004
          ],
          [
            103.828909414,
            1.41002166300007
          ],
          [
            103.828216499,
            1.41017521000003
          ],
          [
            103.827765151,
            1.41030316700004
          ],
          [
            103.826665386,
            1.41080859800007
          ],
          [
            103.825667332,
            1.41133322200005
          ],
          [
            103.825355837,
            1.41158273900003
          ],
          [
            103.824815489,
            1.41195381500005
          ],
          [
            103.824421353,
            1.41227370800005
          ],
          [
            103.824059002,
            1.41251682700006
          ],
          [
            103.823448726,
            1.41299666700007
          ],
          [
            103.823238943,
            1.41320139800007
          ],
          [
            103.823022803,
            1.41335494700007
          ],
          [
            103.822813022,
            1.41331655800002
          ],
          [
            103.822577811,
            1.41343811700004
          ],
          [
            103.821344546,
            1.41394994300003
          ],
          [
            103.820581702,
            1.41405230500003
          ],
          [
            103.819729861,
            1.41398832100002
          ],
          [
            103.818337674,
            1.41375798900003
          ],
          [
            103.817873611,
            1.41366201700004
          ],
          [
            103.817063181,
            1.41353671100006
          ],
          [
            103.816006752,
            1.41339680700003
          ],
          [
            103.815237597,
            1.41345275900005
          ],
          [
            103.81437577,
            1.41364860900006
          ],
          [
            103.81260578,
            1.41445067400001
          ],
          [
            103.811308404,
            1.41503823100003
          ],
          [
            103.810937725,
            1.41514082000003
          ],
          [
            103.810854322,
            1.41515014500003
          ],
          [
            103.810390975,
            1.41524340600006
          ],
          [
            103.809862759,
            1.41528070700002
          ],
          [
            103.809019469,
            1.41515012700007
          ],
          [
            103.80824105,
            1.41488897600004
          ],
          [
            103.807555301,
            1.41446927600004
          ],
          [
            103.806860284,
            1.41414284000006
          ],
          [
            103.806600371,
            1.41410227000006
          ],
          [
            103.806454828,
            1.41409915200006
          ],
          [
            103.806194709,
            1.41411784800004
          ],
          [
            103.805810723,
            1.41418952400005
          ],
          [
            103.805587763,
            1.41427055200006
          ],
          [
            103.805288436,
            1.41438516500005
          ],
          [
            103.805196176,
            1.41436877800003
          ],
          [
            103.805145523,
            1.41446891300006
          ],
          [
            103.804966429,
            1.41461274100004
          ],
          [
            103.804830754,
            1.41453081000003
          ],
          [
            103.804646361,
            1.41487033600003
          ],
          [
            103.803844332,
            1.41545170700003
          ],
          [
            103.803116613,
            1.41587243400005
          ],
          [
            103.802695465,
            1.41599397400006
          ],
          [
            103.802209291,
            1.41596280200001
          ],
          [
            103.801249329,
            1.41581319400007
          ],
          [
            103.799719587,
            1.41548281700006
          ],
          [
            103.798415899,
            1.41516802500007
          ],
          [
            103.797409491,
            1.41489686800002
          ],
          [
            103.796471208,
            1.41463817900006
          ],
          [
            103.794743284,
            1.41411768500005
          ],
          [
            103.791714776,
            1.41302060300005
          ],
          [
            103.790559733,
            1.41260607900004
          ],
          [
            103.790061175,
            1.41244089200005
          ],
          [
            103.78953165,
            1.41231933600005
          ],
          [
            103.789271531,
            1.41230063200003
          ],
          [
            103.788495963,
            1.41224542200006
          ]
        ]
      },
      "properties": {
        "OBJECTID": 107,
        "pcn_loop": "Northern Explorer Loop",
        "pcn": "Mandai Park Connector",
        "descriptionHTML": "Running alongside the beautiful Central Catchment Nature Reserve, the 5-kilometre-long Mandai Connector links the Ulu Sembawang Park Connector to the Khatib Bongsu Park Connector. It also joins one of Singapore’s five gazetted Heritage Roads, Mandai Road, (starting opposite Upper Seletar Reservoir Park Carpark and ending at the junction of Mandai Avenue).",
        "address": "",
        "Shape__Length": 4941.344751056168
      }
    },
    {
      "type": "Feature",
      "id": 108,
      "geometry": {
        "type": "LineString",
        "coordinates": [
          [
            103.788414825,
            1.41229552400007
          ],
          [
            103.788345386,
            1.41228655400005
          ],
          [
            103.78825352,
            1.41227029800004
          ],
          [
            103.788159357,
            1.41225177100005
          ],
          [
            103.787782104,
            1.41217058300003
          ],
          [
            103.787428711,
            1.41209545300006
          ],
          [
            103.787075891,
            1.41201342200001
          ],
          [
            103.786723855,
            1.41192454000003
          ],
          [
            103.786372815,
            1.41182886100006
          ],
          [
            103.78606482,
            1.41173462300003
          ],
          [
            103.785808275,
            1.41165673900002
          ],
          [
            103.785574843,
            1.41158290700002
          ],
          [
            103.785356944,
            1.41151072600007
          ],
          [
            103.785151449,
            1.41143914800006
          ],
          [
            103.78498888,
            1.41138305200008
          ],
          [
            103.784913327,
            1.41135487800006
          ],
          [
            103.784291871,
            1.41110610700002
          ],
          [
            103.784113824,
            1.41103946600004
          ],
          [
            103.783913794,
            1.41097130300006
          ],
          [
            103.78383504,
            1.41094170200006
          ],
          [
            103.783608676,
            1.41084693600004
          ],
          [
            103.783495329,
            1.41080304200006
          ],
          [
            103.783437332,
            1.41078304700005
          ],
          [
            103.783382346,
            1.41076610100004
          ],
          [
            103.783329359,
            1.41075189500003
          ],
          [
            103.783277841,
            1.41074028900005
          ],
          [
            103.783203897,
            1.41073361400004
          ],
          [
            103.783151087,
            1.41071700800005
          ],
          [
            103.783105244,
            1.41071306200006
          ],
          [
            103.783053905,
            1.41071278000004
          ],
          [
            103.782877871,
            1.41072452400005
          ],
          [
            103.782787343,
            1.41072239800008
          ],
          [
            103.782639917,
            1.41071544200002
          ],
          [
            103.782387305,
            1.41070752900002
          ],
          [
            103.78210604,
            1.41069256100007
          ],
          [
            103.781835917,
            1.41067406200005
          ],
          [
            103.781178752,
            1.41062441300004
          ],
          [
            103.78083751,
            1.41060321700005
          ],
          [
            103.780739172,
            1.41059796800003
          ],
          [
            103.780606969,
            1.41059446800006
          ],
          [
            103.780351725,
            1.41059365200004
          ],
          [
            103.780246895,
            1.41059203200006
          ],
          [
            103.780137987,
            1.41058745800006
          ],
          [
            103.780040515,
            1.41057963100008
          ],
          [
            103.779985427,
            1.41057258100004
          ],
          [
            103.779845438,
            1.41055062500005
          ],
          [
            103.779768635,
            1.41054348300002
          ],
          [
            103.779739351,
            1.41054050000003
          ],
          [
            103.779679096,
            1.41053802500005
          ],
          [
            103.779633731,
            1.41053858800006
          ],
          [
            103.779580065,
            1.41054226500006
          ],
          [
            103.779520485,
            1.41054975600001
          ],
          [
            103.779329273,
            1.41058392700006
          ],
          [
            103.77926157,
            1.41059421300003
          ],
          [
            103.779126869,
            1.41060554500007
          ],
          [
            103.779082001,
            1.41060920300004
          ],
          [
            103.778981481,
            1.41061331400004
          ],
          [
            103.778936971,
            1.41061644900002
          ],
          [
            103.778612519,
            1.41065078000002
          ],
          [
            103.778460152,
            1.41066362500005
          ]
        ]
      },
      "properties": {
        "OBJECTID": 108,
        "pcn_loop": "Northern Explorer Loop",
        "pcn": "Mandai Park Connector",
        "descriptionHTML": "Running alongside the beautiful Central Catchment Nature Reserve, the 5-kilometre-long Mandai Connector links the Ulu Sembawang Park Connector to the Khatib Bongsu Park Connector. It also joins one of Singapore’s five gazetted Heritage Roads, Mandai Road, (starting opposite Upper Seletar Reservoir Park Carpark and ending at the junction of Mandai Avenue).",
        "address": "",
        "Shape__Length": 1137.1150915505614
      }
    },
    {
      "type": "Feature",
      "id": 109,
      "geometry": {
        "type": "LineString",
        "coordinates": [
          [
            103.846188491,
            1.43550538400007
          ],
          [
            103.846102046,
            1.43542621400008
          ],
          [
            103.846012198,
            1.43534392900006
          ],
          [
            103.845903185,
            1.43524409200005
          ],
          [
            103.84580898,
            1.43515203500005
          ],
          [
            103.84569475,
            1.43504568000002
          ],
          [
            103.845588206,
            1.43494648200005
          ],
          [
            103.845490427,
            1.43485544300005
          ],
          [
            103.845368856,
            1.43474225200001
          ],
          [
            103.845269769,
            1.43464999600009
          ],
          [
            103.84514962,
            1.43453813000003
          ],
          [
            103.845037042,
            1.43443331300005
          ],
          [
            103.844944951,
            1.43434757000004
          ],
          [
            103.844864929,
            1.43427306500007
          ],
          [
            103.844779102,
            1.43419315500006
          ],
          [
            103.844691739,
            1.43411181300006
          ],
          [
            103.844587925,
            1.43401515600005
          ],
          [
            103.844405329,
            1.43382564800004
          ],
          [
            103.844118951,
            1.43357862800001
          ],
          [
            103.844052948,
            1.43350464200006
          ],
          [
            103.844017669,
            1.43346254400006
          ],
          [
            103.844002709,
            1.43344085600006
          ],
          [
            103.843938483,
            1.43333787200003
          ],
          [
            103.843920998,
            1.43330076900003
          ],
          [
            103.843885246,
            1.43322187400003
          ],
          [
            103.843873872,
            1.43319520500004
          ],
          [
            103.843857665,
            1.43315625300003
          ],
          [
            103.843838243,
            1.43308971100002
          ],
          [
            103.843818388,
            1.43301245000004
          ],
          [
            103.843802213,
            1.43294117900007
          ],
          [
            103.843787485,
            1.43286507400005
          ],
          [
            103.843784116,
            1.43282216100005
          ],
          [
            103.843781308,
            1.43273867200002
          ],
          [
            103.843771484,
            1.43133736500004
          ],
          [
            103.843771032,
            1.43128816500006
          ],
          [
            103.843656235,
            1.43128674700006
          ],
          [
            103.84355248,
            1.43128546600002
          ],
          [
            103.843560228,
            1.43124613700007
          ],
          [
            103.843557109,
            1.43111048800005
          ],
          [
            103.84355539,
            1.43104683100005
          ],
          [
            103.843772624,
            1.43105510600002
          ],
          [
            103.843776745,
            1.43051098500007
          ],
          [
            103.843776765,
            1.43042933900005
          ],
          [
            103.843776585,
            1.43038767000008
          ],
          [
            103.843774765,
            1.43031658000006
          ],
          [
            103.84377341,
            1.43027985900006
          ],
          [
            103.843750037,
            1.43016597500001
          ],
          [
            103.843743167,
            1.43013602700005
          ],
          [
            103.843727491,
            1.43006653400005
          ],
          [
            103.843714003,
            1.43001327200004
          ],
          [
            103.843693637,
            1.42996498200005
          ],
          [
            103.843672482,
            1.42991822400006
          ],
          [
            103.843652497,
            1.42987061800004
          ],
          [
            103.843633197,
            1.42982758000005
          ],
          [
            103.84360342,
            1.42977594000006
          ],
          [
            103.843578775,
            1.42973568300004
          ],
          [
            103.843548032,
            1.42968821000005
          ],
          [
            103.843532097,
            1.42966490300005
          ],
          [
            103.843483749,
            1.42960084500004
          ],
          [
            103.843417854,
            1.42952447600003
          ],
          [
            103.843380256,
            1.42948204600002
          ],
          [
            103.843230619,
            1.42931760900006
          ],
          [
            103.842335965,
            1.42834167900003
          ],
          [
            103.842311543,
            1.42831629600005
          ],
          [
            103.842254579,
            1.42826968200006
          ],
          [
            103.842220843,
            1.42824235000006
          ],
          [
            103.842193128,
            1.42822091500006
          ],
          [
            103.84214181,
            1.42818272800002
          ],
          [
            103.842100348,
            1.42815365900003
          ],
          [
            103.842067217,
            1.42813692700002
          ],
          [
            103.841992427,
            1.42810191800003
          ],
          [
            103.8419631,
            1.42808918200005
          ],
          [
            103.841910835,
            1.42807478900003
          ],
          [
            103.841855663,
            1.42806129400002
          ],
          [
            103.841802286,
            1.42804898300005
          ],
          [
            103.8417454,
            1.42804012500005
          ],
          [
            103.841357932,
            1.42798721600001
          ],
          [
            103.841234147,
            1.42797631200005
          ],
          [
            103.841159385,
            1.42796936800005
          ],
          [
            103.841038654,
            1.42795996100005
          ],
          [
            103.84092084,
            1.42795528600004
          ],
          [
            103.840928881,
            1.42790598800002
          ],
          [
            103.840934662,
            1.42787133100006
          ],
          [
            103.840949227,
            1.42777719000002
          ],
          [
            103.840958136,
            1.42771764300005
          ],
          [
            103.840965289,
            1.42767752500004
          ],
          [
            103.840992118,
            1.42765016300005
          ],
          [
            103.84099621,
            1.42758248800004
          ],
          [
            103.840994187,
            1.42745372100006
          ],
          [
            103.840993948,
            1.42733295400006
          ],
          [
            103.840987343,
            1.42719420200007
          ],
          [
            103.840962706,
            1.42688019700006
          ],
          [
            103.840957272,
            1.42686876100002
          ],
          [
            103.840955387,
            1.42686536500002
          ],
          [
            103.840944874,
            1.42684643000006
          ],
          [
            103.840931554,
            1.42681143800006
          ],
          [
            103.840721992,
            1.42598698200004
          ],
          [
            103.840678299,
            1.42581312100003
          ],
          [
            103.840668951,
            1.42577971200007
          ],
          [
            103.840632976,
            1.42563527100003
          ],
          [
            103.840606446,
            1.42553428500001
          ],
          [
            103.840598824,
            1.42549128000006
          ],
          [
            103.840582388,
            1.42544372500003
          ],
          [
            103.840572006,
            1.42540539900006
          ],
          [
            103.840563235,
            1.42534964100003
          ],
          [
            103.840461473,
            1.42499837400004
          ],
          [
            103.840344094,
            1.42473144000006
          ],
          [
            103.84015398,
            1.42447800300005
          ],
          [
            103.84016764,
            1.42438314200007
          ],
          [
            103.839995938,
            1.42424195200004
          ],
          [
            103.839977439,
            1.42419666900001
          ],
          [
            103.839965743,
            1.42415821800006
          ],
          [
            103.839947826,
            1.42412227300003
          ],
          [
            103.839924194,
            1.42408984600005
          ],
          [
            103.839895693,
            1.42406202800003
          ],
          [
            103.839762033,
            1.42395793900004
          ],
          [
            103.83963117,
            1.42385702800004
          ],
          [
            103.839437882,
            1.42370742200006
          ],
          [
            103.839285746,
            1.42358916400002
          ],
          [
            103.839154601,
            1.42348775300007
          ],
          [
            103.839008309,
            1.42337429900005
          ],
          [
            103.83892777,
            1.42331258300003
          ],
          [
            103.838764779,
            1.42318667100005
          ],
          [
            103.838614329,
            1.42306998800006
          ],
          [
            103.838570206,
            1.42303680600003
          ],
          [
            103.838510548,
            1.42299571500008
          ],
          [
            103.838479401,
            1.42297428700004
          ],
          [
            103.838433677,
            1.42294388500005
          ],
          [
            103.838387732,
            1.42291442600003
          ],
          [
            103.838314938,
            1.42287333500001
          ],
          [
            103.838215339,
            1.42282475100006
          ],
          [
            103.838138725,
            1.42279392600006
          ],
          [
            103.838062161,
            1.42276835900004
          ],
          [
            103.837929936,
            1.42272845000001
          ],
          [
            103.837875704,
            1.42271590900005
          ],
          [
            103.837794266,
            1.42270080900004
          ],
          [
            103.837712351,
            1.42268817500007
          ],
          [
            103.837672206,
            1.42268370600004
          ],
          [
            103.83761546,
            1.42267972500003
          ],
          [
            103.837357047,
            1.422673501
          ],
          [
            103.837139491,
            1.42267046900001
          ],
          [
            103.836980827,
            1.42266837400007
          ],
          [
            103.836942934,
            1.42267553200001
          ],
          [
            103.83693034,
            1.42272210000005
          ],
          [
            103.83691114,
            1.42275157500006
          ],
          [
            103.836765182,
            1.42276055600006
          ],
          [
            103.836751803,
            1.42278572000003
          ],
          [
            103.836725901,
            1.42280257800006
          ],
          [
            103.836526797,
            1.42278646900006
          ],
          [
            103.836313151,
            1.42279823700005
          ],
          [
            103.836112487,
            1.42279484600005
          ],
          [
            103.836068322,
            1.42279444400004
          ],
          [
            103.835988875,
            1.42279268100002
          ],
          [
            103.835954964,
            1.42279005300003
          ],
          [
            103.835706182,
            1.42276269400001
          ],
          [
            103.835585265,
            1.42276098500002
          ],
          [
            103.835435458,
            1.42275798400004
          ],
          [
            103.83540262,
            1.42275493000004
          ],
          [
            103.835370038,
            1.42274577400001
          ],
          [
            103.835287919,
            1.42270735500005
          ],
          [
            103.83524952,
            1.42275319800007
          ],
          [
            103.835215894,
            1.42277247500005
          ],
          [
            103.835194652,
            1.42280000700004
          ],
          [
            103.834960346,
            1.42279129100006
          ]
        ]
      },
      "properties": {
        "OBJECTID": 109,
        "pcn_loop": "Northern Explorer Loop",
        "pcn": "Khatib Bongsu Park Connector",
        "descriptionHTML": "Starting from the junction of Yishun Ave 1 and Yishun Ave 2, Khatib Bongsu Park Connector runs along Yishun Ave 2 and goes past Khatib MRT station before turning right towards Yishun Park. It then makes another right to run along Sungei Khatib Bongsu. Teeming with biodiversity, this scenic stretch brings residents and visitors closer to nature. Visitors can also attempt the Canopy Walk, which is managed by SAFRA, at Yishun Park, where they can attempt aerial obstacles that are five metres above the ground.",
        "address": "",
        "Shape__Length": 2258.037573092853
      }
    },
    {
      "type": "Feature",
      "id": 110,
      "geometry": {
        "type": "LineString",
        "coordinates": [
          [
            103.834960346,
            1.42279129100006
          ],
          [
            103.834924361,
            1.42276824300007
          ],
          [
            103.834884503,
            1.42274271600007
          ],
          [
            103.834861779,
            1.42272816300003
          ],
          [
            103.834823345,
            1.42268844200004
          ],
          [
            103.83482259,
            1.42265164700006
          ],
          [
            103.834825773,
            1.42261636200004
          ],
          [
            103.83482524,
            1.42257116600006
          ],
          [
            103.834823233,
            1.42253497600007
          ],
          [
            103.834797662,
            1.42203584600002
          ],
          [
            103.83477745,
            1.42164057200005
          ],
          [
            103.834762586,
            1.42138782300004
          ],
          [
            103.834784498,
            1.42123011400003
          ],
          [
            103.834789447,
            1.42119449100005
          ],
          [
            103.834790559,
            1.42110867600007
          ],
          [
            103.834777953,
            1.42102336200002
          ],
          [
            103.834752017,
            1.42085586500002
          ],
          [
            103.834713022,
            1.42069051700001
          ],
          [
            103.834677656,
            1.42054471400006
          ],
          [
            103.83466757,
            1.42051807100006
          ],
          [
            103.834653869,
            1.42049320700004
          ],
          [
            103.834636804,
            1.42047054900006
          ],
          [
            103.83461311,
            1.42044707600008
          ],
          [
            103.834593704,
            1.42042430100002
          ],
          [
            103.834581181,
            1.42040139400006
          ],
          [
            103.834573043,
            1.42037038400002
          ],
          [
            103.834563141,
            1.42033193900003
          ],
          [
            103.834540551,
            1.42027237100007
          ],
          [
            103.834523149,
            1.42020498000006
          ],
          [
            103.834501972,
            1.42013950500005
          ],
          [
            103.834476753,
            1.42007505300006
          ],
          [
            103.834454222,
            1.42001191000002
          ],
          [
            103.834427926,
            1.41995072300005
          ],
          [
            103.834397827,
            1.41989133500004
          ],
          [
            103.834363729,
            1.41983344900006
          ],
          [
            103.834335324,
            1.41977575400004
          ],
          [
            103.834313412,
            1.41971607600005
          ],
          [
            103.834293668,
            1.41967457400004
          ],
          [
            103.834280567,
            1.41962717200005
          ],
          [
            103.834280777,
            1.41957444000007
          ],
          [
            103.834135115,
            1.41930608300003
          ],
          [
            103.834068607,
            1.41920578000002
          ],
          [
            103.83400712,
            1.41910977400004
          ],
          [
            103.833949237,
            1.41901156700004
          ],
          [
            103.833887199,
            1.41890439600007
          ],
          [
            103.833830372,
            1.41879412600002
          ],
          [
            103.83377851,
            1.41868001400007
          ],
          [
            103.833753166,
            1.41860224200002
          ],
          [
            103.833733384,
            1.41852304300004
          ],
          [
            103.833725977,
            1.41843011300006
          ],
          [
            103.833760629,
            1.41836008500007
          ],
          [
            103.833698762,
            1.41823741400002
          ],
          [
            103.833629378,
            1.41809984200004
          ],
          [
            103.83357991,
            1.41812192200006
          ],
          [
            103.833520113,
            1.41819783100006
          ],
          [
            103.833267845,
            1.41833412100003
          ],
          [
            103.833102909,
            1.41800545600006
          ],
          [
            103.832692722,
            1.41718786800004
          ],
          [
            103.832674791,
            1.41714681500004
          ],
          [
            103.832675688,
            1.41711974600002
          ],
          [
            103.832697205,
            1.41710305400004
          ],
          [
            103.832728134,
            1.41708771500004
          ],
          [
            103.832764443,
            1.41707914400007
          ],
          [
            103.832783718,
            1.41706606000002
          ],
          [
            103.832800147,
            1.41704585400003
          ],
          [
            103.832797073,
            1.41695790600004
          ],
          [
            103.83279328,
            1.41693260600003
          ],
          [
            103.832718242,
            1.41677948100004
          ],
          [
            103.832737573,
            1.41662895300004
          ],
          [
            103.832737289,
            1.41661317900001
          ],
          [
            103.832733892,
            1.41658500900008
          ],
          [
            103.832725824,
            1.41655766000001
          ],
          [
            103.832704479,
            1.41650519600005
          ],
          [
            103.832677916,
            1.41644719800009
          ],
          [
            103.832622671,
            1.41634303000007
          ],
          [
            103.832587322,
            1.41629880100003
          ],
          [
            103.832563332,
            1.41625726700004
          ],
          [
            103.832552632,
            1.41623650500001
          ],
          [
            103.832533416,
            1.41618974500005
          ],
          [
            103.832458991,
            1.41602181500002
          ],
          [
            103.832333512,
            1.41573492800006
          ],
          [
            103.832323225,
            1.41572091100005
          ],
          [
            103.83226442,
            1.41557440500005
          ],
          [
            103.832247555,
            1.41553306900004
          ],
          [
            103.832222406,
            1.41546239900003
          ],
          [
            103.832110615,
            1.41523876100006
          ],
          [
            103.832013995,
            1.41504068000005
          ],
          [
            103.831902626,
            1.41486978700004
          ],
          [
            103.831631112,
            1.41432703300006
          ],
          [
            103.831444758,
            1.41395435700001
          ],
          [
            103.831275145,
            1.41361625300003
          ],
          [
            103.831162012,
            1.41339120300006
          ],
          [
            103.831153458,
            1.41337093500003
          ],
          [
            103.831148235,
            1.41334955100007
          ],
          [
            103.831146479,
            1.41332760300003
          ],
          [
            103.831148471,
            1.41330424000005
          ],
          [
            103.831149996,
            1.41329404900006
          ],
          [
            103.831150506,
            1.41328375600006
          ],
          [
            103.831149067,
            1.41326650700005
          ],
          [
            103.83114479,
            1.41324974200006
          ],
          [
            103.831137796,
            1.41323392900005
          ],
          [
            103.83112828,
            1.41321951000003
          ],
          [
            103.831116507,
            1.41320689200005
          ],
          [
            103.831102809,
            1.41319642500002
          ],
          [
            103.831072805,
            1.41317229400004
          ],
          [
            103.831045521,
            1.41314991800005
          ],
          [
            103.831029049,
            1.41313228900004
          ],
          [
            103.831017456,
            1.41311741800007
          ],
          [
            103.830936493,
            1.41296451600005
          ],
          [
            103.830830443,
            1.41277790400004
          ],
          [
            103.830810672,
            1.41273840800005
          ],
          [
            103.830797598,
            1.41266543700004
          ],
          [
            103.830794903,
            1.41262742400004
          ],
          [
            103.830791394,
            1.41260325400003
          ],
          [
            103.83078584,
            1.41258000100004
          ],
          [
            103.830778497,
            1.41256198300003
          ],
          [
            103.83060756,
            1.41226501500004
          ],
          [
            103.83055,
            1.41215013400006
          ],
          [
            103.830358535,
            1.41176925400004
          ],
          [
            103.830152586,
            1.41149183900005
          ],
          [
            103.830084217,
            1.41136206800006
          ],
          [
            103.830062801,
            1.41132145800002
          ],
          [
            103.830024469,
            1.41124877000004
          ],
          [
            103.829998143,
            1.41121174800002
          ],
          [
            103.829960909,
            1.41116915100002
          ],
          [
            103.829925147,
            1.41113647800006
          ],
          [
            103.829891768,
            1.41110544400003
          ],
          [
            103.829869818,
            1.41107677100007
          ],
          [
            103.82984644,
            1.41104248300006
          ],
          [
            103.829808296,
            1.41096957200005
          ],
          [
            103.829803644,
            1.41094797000006
          ],
          [
            103.829802083,
            1.41092592200005
          ],
          [
            103.829803668,
            1.41090370600005
          ],
          [
            103.829808391,
            1.41088194500003
          ],
          [
            103.829816156,
            1.41086108700005
          ],
          [
            103.829826801,
            1.41084156000005
          ],
          [
            103.82984011,
            1.41082376400005
          ],
          [
            103.829841888,
            1.41078954900008
          ],
          [
            103.82982236,
            1.41072457700006
          ],
          [
            103.829784974,
            1.41063835100003
          ],
          [
            103.829748763,
            1.41057426300003
          ],
          [
            103.829700945,
            1.41050486800002
          ],
          [
            103.829669514,
            1.41046946900002
          ],
          [
            103.829614801,
            1.41041863400005
          ],
          [
            103.829576596,
            1.41038540500005
          ],
          [
            103.829585057,
            1.41036888900004
          ],
          [
            103.829606771,
            1.41032057100005
          ],
          [
            103.829670437,
            1.41022051000004
          ]
        ]
      },
      "properties": {
        "OBJECTID": 110,
        "pcn_loop": "Northern Explorer Loop",
        "pcn": "Khatib Bongsu Park Connector",
        "descriptionHTML": "Starting from the junction of Yishun Ave 1 and Yishun Ave 2, Khatib Bongsu Park Connector runs along Yishun Ave 2 and goes past Khatib MRT station before turning right towards Yishun Park. It then makes another right to run along Sungei Khatib Bongsu. Teeming with biodiversity, this scenic stretch brings residents and visitors closer to nature. Visitors can also attempt the Canopy Walk, which is managed by SAFRA, at Yishun Park, where they can attempt aerial obstacles that are five metres above the ground.",
        "address": "",
        "Shape__Length": 1638.9267713831462
      }
    },
    {
      "type": "Feature",
      "id": 111,
      "geometry": {
        "type": "LineString",
        "coordinates": [
          [
            103.840879039,
            1.42775630100003
          ],
          [
            103.840968341,
            1.42776635400002
          ],
          [
            103.841012992,
            1.42777138100007
          ],
          [
            103.841057644,
            1.42777640700006
          ],
          [
            103.841102295,
            1.42778143400005
          ],
          [
            103.841146947,
            1.42778646000005
          ],
          [
            103.841191598,
            1.42779148600005
          ],
          [
            103.841236249,
            1.42779651300002
          ],
          [
            103.8412809,
            1.42780154000008
          ],
          [
            103.841325551,
            1.42780656600006
          ],
          [
            103.841370202,
            1.42781159200007
          ],
          [
            103.841414853,
            1.42781661900005
          ],
          [
            103.841459504,
            1.42782164600004
          ],
          [
            103.841504155,
            1.42782667200004
          ],
          [
            103.841548807,
            1.42783169800004
          ],
          [
            103.841593458,
            1.42783672500002
          ],
          [
            103.841638007,
            1.42784241700002
          ],
          [
            103.841682092,
            1.42785114400005
          ],
          [
            103.841726177,
            1.42785987200005
          ],
          [
            103.841770262,
            1.42786860000006
          ],
          [
            103.841814346,
            1.42787732800001
          ],
          [
            103.841858431,
            1.42788605600004
          ],
          [
            103.841902516,
            1.42789478400006
          ],
          [
            103.841944784,
            1.42790929500006
          ],
          [
            103.841985841,
            1.42792766000002
          ],
          [
            103.842026898,
            1.42794602400004
          ],
          [
            103.842067956,
            1.42796438900006
          ],
          [
            103.84210759,
            1.42798540200005
          ],
          [
            103.842145345,
            1.42800991600006
          ],
          [
            103.842183098,
            1.42803443000003
          ],
          [
            103.842220853,
            1.42805894400005
          ],
          [
            103.842257371,
            1.42808520800003
          ],
          [
            103.842292776,
            1.42811304600003
          ],
          [
            103.842328183,
            1.42814088400007
          ],
          [
            103.842363588,
            1.42816872300005
          ],
          [
            103.842397871,
            1.42819778800004
          ],
          [
            103.842428372,
            1.42823099100001
          ],
          [
            103.842458871,
            1.42826419400008
          ],
          [
            103.842489371,
            1.42829739800004
          ],
          [
            103.84251987,
            1.42833060100002
          ],
          [
            103.84255037,
            1.42836380500007
          ],
          [
            103.84258087,
            1.42839700900005
          ],
          [
            103.842611369,
            1.42843021200001
          ],
          [
            103.842641869,
            1.42846341500005
          ],
          [
            103.842672368,
            1.42849661800004
          ],
          [
            103.842702869,
            1.42852982200003
          ],
          [
            103.842733368,
            1.42856302600006
          ],
          [
            103.842763868,
            1.42859622900005
          ],
          [
            103.842794367,
            1.42862943300003
          ],
          [
            103.842824867,
            1.42866263600008
          ],
          [
            103.842855367,
            1.42869583900005
          ],
          [
            103.842885866,
            1.42872904300003
          ],
          [
            103.842916366,
            1.42876224600007
          ],
          [
            103.842946865,
            1.42879545000006
          ],
          [
            103.842977365,
            1.42882865300002
          ],
          [
            103.843007865,
            1.42886185600003
          ],
          [
            103.843038364,
            1.42889506000006
          ],
          [
            103.843068864,
            1.42892826300005
          ],
          [
            103.843099364,
            1.42896146700003
          ],
          [
            103.843129864,
            1.42899467000006
          ],
          [
            103.843160363,
            1.42902787400004
          ],
          [
            103.843190862,
            1.42906107800007
          ],
          [
            103.843221363,
            1.42909428000006
          ],
          [
            103.843251862,
            1.42912748400005
          ],
          [
            103.843282362,
            1.42916068800003
          ],
          [
            103.843312861,
            1.42919389100006
          ],
          [
            103.843343362,
            1.42922709500006
          ],
          [
            103.843373861,
            1.42926029800002
          ],
          [
            103.84340436,
            1.42929350100007
          ],
          [
            103.84343486,
            1.42932670500004
          ],
          [
            103.84346536,
            1.42935990800004
          ],
          [
            103.84349586,
            1.42939311200006
          ],
          [
            103.843526359,
            1.42942631500004
          ],
          [
            103.843556859,
            1.42945951900002
          ],
          [
            103.843587359,
            1.42949272200001
          ],
          [
            103.843617343,
            1.42952636200004
          ],
          [
            103.843644031,
            1.42956273600003
          ],
          [
            103.843669658,
            1.42959987600005
          ],
          [
            103.8436942,
            1.42963775000004
          ],
          [
            103.843717638,
            1.42967632700003
          ],
          [
            103.843739951,
            1.42971557200003
          ],
          [
            103.843761122,
            1.429755455
          ],
          [
            103.843781131,
            1.42979593900002
          ],
          [
            103.843799962,
            1.42983699200003
          ],
          [
            103.843817599,
            1.42987857900005
          ],
          [
            103.843834027,
            1.42992066400006
          ],
          [
            103.843849232,
            1.42996321300006
          ],
          [
            103.843863202,
            1.43000618800004
          ],
          [
            103.843875924,
            1.43004955400003
          ],
          [
            103.843887389,
            1.43009327400006
          ],
          [
            103.843897585,
            1.43013731100006
          ],
          [
            103.843906504,
            1.43018162700002
          ],
          [
            103.84391414,
            1.43022618600001
          ],
          [
            103.843920485,
            1.43027094900004
          ],
          [
            103.843925534,
            1.43031587900004
          ],
          [
            103.843927841,
            1.43036102
          ],
          [
            103.843929338,
            1.43040621300003
          ],
          [
            103.843930836,
            1.43045140700003
          ],
          [
            103.843931549,
            1.43049661300005
          ],
          [
            103.843931549,
            1.43054183100001
          ],
          [
            103.843931549,
            1.43058704900005
          ],
          [
            103.843931549,
            1.43063226700003
          ],
          [
            103.843931549,
            1.43067748500004
          ],
          [
            103.84393155,
            1.43072270400006
          ],
          [
            103.84393155,
            1.43076792200002
          ],
          [
            103.84393155,
            1.43081314000005
          ],
          [
            103.84393155,
            1.43085835800001
          ],
          [
            103.84393155,
            1.43090357600004
          ],
          [
            103.843931551,
            1.43094879500006
          ],
          [
            103.843931551,
            1.43099401300003
          ],
          [
            103.843931551,
            1.43103923100006
          ],
          [
            103.843931551,
            1.43108444900002
          ],
          [
            103.843931551,
            1.43112966700005
          ],
          [
            103.843931552,
            1.43117488500008
          ],
          [
            103.843931552,
            1.43122010400004
          ],
          [
            103.843931552,
            1.43126532200006
          ],
          [
            103.843931552,
            1.43131054000003
          ],
          [
            103.843931552,
            1.43135575800005
          ],
          [
            103.843931553,
            1.43140097600001
          ],
          [
            103.843931553,
            1.43144619500004
          ],
          [
            103.843931553,
            1.43149141300007
          ],
          [
            103.843931553,
            1.43153663100002
          ],
          [
            103.843931554,
            1.43158184900006
          ],
          [
            103.843931554,
            1.43162706700002
          ],
          [
            103.843931554,
            1.43167228600003
          ],
          [
            103.843931554,
            1.43171750400007
          ],
          [
            103.843931554,
            1.43176272200003
          ],
          [
            103.843931555,
            1.43180794000004
          ],
          [
            103.843931555,
            1.43185315800001
          ],
          [
            103.843931555,
            1.43189837600005
          ],
          [
            103.843931555,
            1.43194359500008
          ],
          [
            103.843931555,
            1.43198881300003
          ],
          [
            103.843931556,
            1.43203403100005
          ],
          [
            103.843931556,
            1.432079249
          ],
          [
            103.843931556,
            1.43212446700004
          ],
          [
            103.843931556,
            1.43216968600005
          ],
          [
            103.843931556,
            1.43221490400004
          ],
          [
            103.843931557,
            1.43226012200005
          ],
          [
            103.843931557,
            1.43230534000004
          ],
          [
            103.843931557,
            1.43235055800005
          ],
          [
            103.843931557,
            1.43239577700007
          ],
          [
            103.843931557,
            1.43244099500004
          ],
          [
            103.843931558,
            1.43248621300005
          ],
          [
            103.843931558,
            1.43253143100003
          ],
          [
            103.843931558,
            1.43257664900005
          ],
          [
            103.843931558,
            1.43262186800007
          ],
          [
            103.843931559,
            1.43266708600003
          ],
          [
            103.843931559,
            1.43271230400005
          ],
          [
            103.843931559,
            1.43275752200004
          ],
          [
            103.843931559,
            1.43280274000005
          ],
          [
            103.843932813,
            1.43284788600005
          ],
          [
            103.843938968,
            1.43289267600005
          ],
          [
            103.843946695,
            1.43293721700008
          ],
          [
            103.843955981,
            1.43298145700003
          ],
          [
            103.843966817,
            1.43302533800004
          ],
          [
            103.843979188,
            1.43306880600005
          ],
          [
            103.843993079,
            1.43311180600006
          ],
          [
            103.844008473,
            1.43315428500004
          ],
          [
            103.844025351,
            1.43319618900005
          ],
          [
            103.84404369,
            1.43323746700003
          ],
          [
            103.844063469,
            1.43327806400003
          ],
          [
            103.844084662,
            1.43331793300007
          ],
          [
            103.844107244,
            1.43335702200004
          ],
          [
            103.844136957,
            1.43339023800006
          ],
          [
            103.84417104,
            1.43341970200004
          ],
          [
            103.844205122,
            1.43344916600004
          ],
          [
            103.844239204,
            1.43347862900004
          ],
          [
            103.844273287,
            1.43350809300006
          ],
          [
            103.844307369,
            1.43353755700001
          ],
          [
            103.844341452,
            1.43356702000005
          ],
          [
            103.844375534,
            1.43359648400001
          ],
          [
            103.844409617,
            1.43362594700005
          ],
          [
            103.844443699,
            1.43365541100007
          ],
          [
            103.844663602,
            1.43385576400005
          ],
          [
            103.84471155,
            1.43389944900001
          ],
          [
            103.844750387,
            1.43393483400006
          ],
          [
            103.844832877,
            1.43400943500007
          ],
          [
            103.844904962,
            1.43407462600003
          ],
          [
            103.845002921,
            1.43416321600004
          ],
          [
            103.845077843,
            1.43423097300005
          ],
          [
            103.845170906,
            1.43431513600006
          ],
          [
            103.845258136,
            1.43439402300005
          ],
          [
            103.845333218,
            1.43446192400006
          ],
          [
            103.845426441,
            1.43454623200006
          ],
          [
            103.845510674,
            1.43462240900003
          ],
          [
            103.845581181,
            1.43468617300004
          ],
          [
            103.845652168,
            1.43475037000007
          ],
          [
            103.845731506,
            1.43482212000003
          ],
          [
            103.845818735,
            1.43490100800005
          ],
          [
            103.845923946,
            1.43499615600006
          ],
          [
            103.846000767,
            1.43506563000005
          ],
          [
            103.846077267,
            1.43513481400003
          ],
          [
            103.84616118,
            1.43521070100007
          ],
          [
            103.846247152,
            1.43528845100001
          ]
        ]
      },
      "properties": {
        "OBJECTID": 111,
        "pcn_loop": "Northern Explorer Loop",
        "pcn": "Khatib Bongsu Park Connector",
        "descriptionHTML": "Starting from the junction of Yishun Ave 1 and Yishun Ave 2, Khatib Bongsu Park Connector runs along Yishun Ave 2 and goes past Khatib MRT station before turning right towards Yishun Park. It then makes another right to run along Sungei Khatib Bongsu. Teeming with biodiversity, this scenic stretch brings residents and visitors closer to nature. Visitors can also attempt the Canopy Walk, which is managed by SAFRA, at Yishun Park, where they can attempt aerial obstacles that are five metres above the ground.",
        "address": "",
        "Shape__Length": 1139.7986561829641
      }
    },
    {
      "type": "Feature",
      "id": 112,
      "geometry": {
        "type": "LineString",
        "coordinates": [
          [
            103.843689894,
            1.43133826900003
          ],
          [
            103.843931552,
            1.43134100800007
          ]
        ]
      },
      "properties": {
        "OBJECTID": 112,
        "pcn_loop": "Northern Explorer Loop",
        "pcn": "Khatib Bongsu Park Connector",
        "descriptionHTML": "Starting from the junction of Yishun Ave 1 and Yishun Ave 2, Khatib Bongsu Park Connector runs along Yishun Ave 2 and goes past Khatib MRT station before turning right towards Yishun Park. It then makes another right to run along Sungei Khatib Bongsu. Teeming with biodiversity, this scenic stretch brings residents and visitors closer to nature. Visitors can also attempt the Canopy Walk, which is managed by SAFRA, at Yishun Park, where they can attempt aerial obstacles that are five metres above the ground.",
        "address": "",
        "Shape__Length": 26.902974451643054
      }
    },
    {
      "type": "Feature",
      "id": 113,
      "geometry": {
        "type": "LineString",
        "coordinates": [
          [
            103.843691487,
            1.43110521000006
          ],
          [
            103.843931551,
            1.43110778400006
          ]
        ]
      },
      "properties": {
        "OBJECTID": 113,
        "pcn_loop": "Northern Explorer Loop",
        "pcn": "Khatib Bongsu Park Connector",
        "descriptionHTML": "Starting from the junction of Yishun Ave 1 and Yishun Ave 2, Khatib Bongsu Park Connector runs along Yishun Ave 2 and goes past Khatib MRT station before turning right towards Yishun Park. It then makes another right to run along Sungei Khatib Bongsu. Teeming with biodiversity, this scenic stretch brings residents and visitors closer to nature. Visitors can also attempt the Canopy Walk, which is managed by SAFRA, at Yishun Park, where they can attempt aerial obstacles that are five metres above the ground.",
        "address": "",
        "Shape__Length": 26.72533929676574
      }
    },
    {
      "type": "Feature",
      "id": 114,
      "geometry": {
        "type": "LineString",
        "coordinates": [
          [
            103.771537807,
            1.43712830600004
          ],
          [
            103.771388313,
            1.43702502600007
          ],
          [
            103.771351306,
            1.43699820700004
          ],
          [
            103.771332233,
            1.43700311800006
          ],
          [
            103.771326289,
            1.43700898300004
          ],
          [
            103.77126635,
            1.43708688400005
          ],
          [
            103.771186578,
            1.43719073500005
          ],
          [
            103.771183693,
            1.43720087400004
          ],
          [
            103.771187979,
            1.43721381100004
          ],
          [
            103.77113479,
            1.43728557100006
          ],
          [
            103.771116835,
            1.43729089100004
          ],
          [
            103.77110085,
            1.43730719500006
          ],
          [
            103.771073516,
            1.43735917900005
          ],
          [
            103.771040863,
            1.43743261900006
          ],
          [
            103.771005703,
            1.43753621400004
          ],
          [
            103.770991542,
            1.43759189700005
          ],
          [
            103.770985788,
            1.43761452300004
          ],
          [
            103.770984194,
            1.43762315600004
          ],
          [
            103.771000729,
            1.43761795600005
          ],
          [
            103.770959471,
            1.43777901100005
          ],
          [
            103.770959637,
            1.43814336400004
          ],
          [
            103.770940475,
            1.43867210700006
          ],
          [
            103.770956956,
            1.43892002000006
          ],
          [
            103.77095071,
            1.43935837200007
          ],
          [
            103.770930977,
            1.43960456300005
          ],
          [
            103.770928839,
            1.43963123300006
          ],
          [
            103.77095541,
            1.43970996800004
          ],
          [
            103.77094783,
            1.43988505700002
          ],
          [
            103.771172384,
            1.43988878300006
          ],
          [
            103.771149591,
            1.44016151100004
          ],
          [
            103.771124861,
            1.44089353700002
          ],
          [
            103.771204333,
            1.44098854200007
          ],
          [
            103.77106772,
            1.44123031900006
          ],
          [
            103.771180772,
            1.44129669400007
          ],
          [
            103.771119532,
            1.44139624900003
          ],
          [
            103.771089948,
            1.44254923200004
          ],
          [
            103.771093269,
            1.44258014400003
          ],
          [
            103.77109751,
            1.44261854500006
          ],
          [
            103.771124353,
            1.44265785500004
          ],
          [
            103.771155214,
            1.44269405600005
          ],
          [
            103.771182101,
            1.44270452300003
          ],
          [
            103.77121181,
            1.44271421500002
          ],
          [
            103.771258468,
            1.44274145500004
          ],
          [
            103.771299476,
            1.44276833100001
          ],
          [
            103.771335969,
            1.44279558900007
          ],
          [
            103.771368602,
            1.44282372300006
          ],
          [
            103.771398024,
            1.44285332300007
          ],
          [
            103.771424434,
            1.44288462600002
          ],
          [
            103.771448132,
            1.44291798700005
          ],
          [
            103.771469342,
            1.44295372200004
          ],
          [
            103.771485763,
            1.44298929000007
          ],
          [
            103.771530891,
            1.44307155900002
          ],
          [
            103.771547877,
            1.44310742600004
          ],
          [
            103.771560002,
            1.44314521100006
          ],
          [
            103.771563015,
            1.44316297100006
          ],
          [
            103.77156405,
            1.44318026400004
          ],
          [
            103.771560475,
            1.44321362400007
          ],
          [
            103.771554245,
            1.44325541100005
          ],
          [
            103.77153324,
            1.44333534200006
          ],
          [
            103.771532828,
            1.44341569400006
          ],
          [
            103.771533831,
            1.44347246500007
          ],
          [
            103.771544619,
            1.44354055300003
          ],
          [
            103.77157306,
            1.44368645000004
          ],
          [
            103.771585441,
            1.44374996700002
          ],
          [
            103.771579778,
            1.44379163200005
          ],
          [
            103.77157089,
            1.44382961600007
          ],
          [
            103.771545823,
            1.44390384800005
          ],
          [
            103.77153638,
            1.44393925600001
          ],
          [
            103.771521336,
            1.44402128600007
          ],
          [
            103.771511493,
            1.44409803800004
          ],
          [
            103.771508444,
            1.44412723700003
          ],
          [
            103.771502193,
            1.44419748400002
          ],
          [
            103.771495573,
            1.44441625600008
          ],
          [
            103.771493017,
            1.44457354500001
          ],
          [
            103.771493765,
            1.44471598200004
          ],
          [
            103.771498004,
            1.44484624600005
          ],
          [
            103.771498703,
            1.44488655700006
          ],
          [
            103.771500317,
            1.44492662800008
          ],
          [
            103.771501565,
            1.44495431500007
          ],
          [
            103.771499949,
            1.44501342700004
          ],
          [
            103.771500666,
            1.44504105400005
          ],
          [
            103.771510678,
            1.44509488300002
          ],
          [
            103.77150376,
            1.44517830700003
          ],
          [
            103.771516217,
            1.44525136700003
          ],
          [
            103.771518157,
            1.44527834400002
          ],
          [
            103.77151819,
            1.44530749700003
          ],
          [
            103.771512492,
            1.44537415300004
          ],
          [
            103.771506948,
            1.44540442800007
          ],
          [
            103.771485556,
            1.44549548800006
          ],
          [
            103.771481201,
            1.44552784300004
          ],
          [
            103.771478969,
            1.44556240300005
          ],
          [
            103.771479889,
            1.44568557300004
          ],
          [
            103.771477296,
            1.44573947400006
          ],
          [
            103.771472428,
            1.44581614400004
          ],
          [
            103.771473702,
            1.44587970900005
          ],
          [
            103.771495446,
            1.44593929800003
          ],
          [
            103.771502966,
            1.44599116900001
          ],
          [
            103.771531949,
            1.44600677700003
          ],
          [
            103.771564433,
            1.44603735800007
          ],
          [
            103.771582431,
            1.44605754700007
          ],
          [
            103.771585958,
            1.44610971900004
          ],
          [
            103.771590547,
            1.44613596900006
          ],
          [
            103.771640259,
            1.44621194400002
          ],
          [
            103.771615611,
            1.44623075500005
          ],
          [
            103.771588524,
            1.44624869700005
          ],
          [
            103.771555562,
            1.44627571500006
          ],
          [
            103.771533406,
            1.44629854500005
          ],
          [
            103.771510042,
            1.44631942200004
          ],
          [
            103.771479742,
            1.44634762600002
          ],
          [
            103.77144986,
            1.44637846600005
          ],
          [
            103.771433587,
            1.44641472700002
          ],
          [
            103.77142286,
            1.44645309800006
          ],
          [
            103.771423462,
            1.44652190000004
          ],
          [
            103.771422688,
            1.44656019100005
          ],
          [
            103.771414466,
            1.44660365100002
          ],
          [
            103.771386262,
            1.44667723100001
          ],
          [
            103.77138157,
            1.44670444900003
          ],
          [
            103.771377216,
            1.44673899300006
          ],
          [
            103.771373108,
            1.44678868900006
          ],
          [
            103.771385035,
            1.44683681500003
          ],
          [
            103.771400992,
            1.44687660500005
          ],
          [
            103.771434027,
            1.44692044600004
          ],
          [
            103.771455257,
            1.44696619100006
          ],
          [
            103.771450236,
            1.44701866200005
          ],
          [
            103.771448859,
            1.44704658800004
          ],
          [
            103.771468789,
            1.44708740300006
          ],
          [
            103.771489798,
            1.44712177200006
          ],
          [
            103.771509267,
            1.44715130700006
          ],
          [
            103.771539615,
            1.44719709200006
          ],
          [
            103.771559802,
            1.44722833500003
          ],
          [
            103.771582663,
            1.44726577000006
          ],
          [
            103.771599102,
            1.44730104900003
          ],
          [
            103.771636222,
            1.44738965000004
          ],
          [
            103.771649438,
            1.44743170400005
          ],
          [
            103.771655551,
            1.44745945700002
          ],
          [
            103.771657284,
            1.44749872300003
          ],
          [
            103.771649733,
            1.44752967500005
          ],
          [
            103.771623068,
            1.44755809800006
          ],
          [
            103.771563626,
            1.44758898800007
          ],
          [
            103.771529826,
            1.44761667200004
          ],
          [
            103.771489737,
            1.44765189300005
          ],
          [
            103.771456704,
            1.44767122700006
          ],
          [
            103.771421103,
            1.44768894700007
          ],
          [
            103.771383124,
            1.44770444400007
          ],
          [
            103.771318543,
            1.44771999000005
          ],
          [
            103.771291934,
            1.44772865600004
          ],
          [
            103.771255386,
            1.44774043600006
          ],
          [
            103.771224124,
            1.44775106800005
          ],
          [
            103.771188676,
            1.44777893800004
          ],
          [
            103.771172109,
            1.44780290800001
          ],
          [
            103.771160255,
            1.44784920600007
          ],
          [
            103.771243838,
            1.44822828100007
          ],
          [
            103.77125473,
            1.44827123900007
          ],
          [
            103.771263742,
            1.44830684400005
          ],
          [
            103.771279852,
            1.44833715000004
          ],
          [
            103.771300551,
            1.44837525700006
          ],
          [
            103.771320792,
            1.44841143200006
          ],
          [
            103.771342424,
            1.44844894200004
          ],
          [
            103.771359809,
            1.44847831100003
          ],
          [
            103.771378581,
            1.44850457000007
          ],
          [
            103.771398181,
            1.44853140700007
          ],
          [
            103.771418099,
            1.44855813900006
          ],
          [
            103.771438339,
            1.44858476800006
          ],
          [
            103.771479264,
            1.44863882900005
          ]
        ]
      },
      "properties": {
        "OBJECTID": 114,
        "pcn_loop": "Northern Explorer Loop",
        "pcn": "Marsiling Park Connector",
        "descriptionHTML": "The Marsiling Park Connector runs along Woodlands Centre, linking Woodlands Waterfront to Woodlands Town Garden.",
        "address": "",
        "Shape__Length": 1471.5892834932802
      }
    },
    {
      "type": "Feature",
      "id": 115,
      "geometry": {
        "type": "LineString",
        "coordinates": [
          [
            103.788414825,
            1.41229552400007
          ],
          [
            103.788396653,
            1.41242536300007
          ],
          [
            103.788435633,
            1.41243108700007
          ],
          [
            103.78839778,
            1.41268167500003
          ],
          [
            103.788295647,
            1.41266288000004
          ],
          [
            103.788205421,
            1.41279480300004
          ],
          [
            103.787962754,
            1.41325480200004
          ],
          [
            103.787955569,
            1.41334998400003
          ],
          [
            103.787948107,
            1.41344828100004
          ],
          [
            103.787943169,
            1.41354147600003
          ],
          [
            103.787942329,
            1.41364131600005
          ],
          [
            103.78795171,
            1.41373321100002
          ],
          [
            103.787948839,
            1.41401813300006
          ],
          [
            103.78794479,
            1.41410982600008
          ],
          [
            103.78795005,
            1.41420813200005
          ],
          [
            103.787998759,
            1.41429204600006
          ],
          [
            103.788065328,
            1.41436056400004
          ],
          [
            103.788273755,
            1.41459695100002
          ],
          [
            103.788298879,
            1.41468676500005
          ],
          [
            103.788331594,
            1.41478467800002
          ],
          [
            103.788365508,
            1.41488280100003
          ],
          [
            103.788395109,
            1.41498136800004
          ],
          [
            103.788425634,
            1.41508020900005
          ],
          [
            103.788451739,
            1.41517979400004
          ],
          [
            103.788491837,
            1.41529496700004
          ],
          [
            103.788518844,
            1.41571301500004
          ],
          [
            103.788541395,
            1.41576786900004
          ],
          [
            103.788578005,
            1.41585571900003
          ],
          [
            103.788609841,
            1.41594899300003
          ],
          [
            103.788631202,
            1.41598879800005
          ],
          [
            103.789072647,
            1.41594905300003
          ],
          [
            103.789127772,
            1.41601768800007
          ],
          [
            103.78919312,
            1.41609070200002
          ],
          [
            103.789258867,
            1.41615988300003
          ],
          [
            103.789321342,
            1.41622567400004
          ],
          [
            103.789393324,
            1.41630025300001
          ],
          [
            103.789455929,
            1.41637785200003
          ],
          [
            103.789521277,
            1.41645086400007
          ],
          [
            103.789588749,
            1.41651652600007
          ],
          [
            103.789662698,
            1.41658100700005
          ],
          [
            103.789726011,
            1.41665248400005
          ],
          [
            103.789790588,
            1.41672777200006
          ],
          [
            103.789853284,
            1.41680015800007
          ],
          [
            103.789923629,
            1.41687304200003
          ],
          [
            103.789990785,
            1.41693925800007
          ],
          [
            103.79005225,
            1.41700611200002
          ],
          [
            103.790110257,
            1.41707807800004
          ],
          [
            103.790165211,
            1.41715518000006
          ],
          [
            103.790225227,
            1.41723375400005
          ],
          [
            103.790289995,
            1.41730729000004
          ],
          [
            103.790359702,
            1.41737913800005
          ],
          [
            103.790424912,
            1.41745228000002
          ],
          [
            103.790488181,
            1.41752233900008
          ],
          [
            103.790561899,
            1.41759695700006
          ],
          [
            103.790626728,
            1.41767375000007
          ],
          [
            103.790824803,
            1.41788148200004
          ],
          [
            103.791167025,
            1.41823144900007
          ],
          [
            103.791232127,
            1.41830791800004
          ],
          [
            103.791292681,
            1.41837573700005
          ],
          [
            103.79136943,
            1.41844737500004
          ],
          [
            103.791431162,
            1.41852058700004
          ],
          [
            103.791491444,
            1.41859367100004
          ],
          [
            103.791554348,
            1.41866073700003
          ],
          [
            103.791619534,
            1.41872554700006
          ],
          [
            103.791688592,
            1.41879808500005
          ],
          [
            103.791748194,
            1.41887359400003
          ],
          [
            103.791809366,
            1.41894417000002
          ],
          [
            103.791877496,
            1.41901769300006
          ],
          [
            103.791939689,
            1.41908720300005
          ],
          [
            103.792012737,
            1.41916580200006
          ],
          [
            103.792082505,
            1.41924101700004
          ],
          [
            103.792146337,
            1.41931222000004
          ],
          [
            103.792213138,
            1.41938542900005
          ],
          [
            103.79227839,
            1.41945174300002
          ],
          [
            103.792340583,
            1.41952125400007
          ],
          [
            103.792403083,
            1.41958475400002
          ],
          [
            103.792478714,
            1.41966306600005
          ],
          [
            103.792543489,
            1.41972834800004
          ],
          [
            103.792617478,
            1.41979768800006
          ],
          [
            103.792683088,
            1.41986876700004
          ],
          [
            103.792743713,
            1.41993804400003
          ],
          [
            103.792807134,
            1.42000629600004
          ],
          [
            103.79287276,
            1.42007067800007
          ],
          [
            103.792939769,
            1.42013703300006
          ],
          [
            103.793005917,
            1.42021417600006
          ],
          [
            103.793074395,
            1.42028072700002
          ],
          [
            103.793137155,
            1.42034626500005
          ],
          [
            103.79320206,
            1.42042466800007
          ],
          [
            103.793631449,
            1.42090051000001
          ],
          [
            103.794304247,
            1.42157207600007
          ],
          [
            103.794367143,
            1.42164418900006
          ],
          [
            103.794428156,
            1.42170833300003
          ],
          [
            103.794492532,
            1.42176905700005
          ],
          [
            103.794560084,
            1.42182618200007
          ],
          [
            103.79464002,
            1.42188621100007
          ],
          [
            103.794723456,
            1.42194120100003
          ],
          [
            103.794807672,
            1.42198965600004
          ],
          [
            103.794856076,
            1.42201457400006
          ],
          [
            103.794882792,
            1.42202555700003
          ],
          [
            103.794912623,
            1.42204450600002
          ],
          [
            103.794942694,
            1.42207293400003
          ],
          [
            103.794961235,
            1.42209818200008
          ],
          [
            103.794973856,
            1.42212376200006
          ],
          [
            103.794951212,
            1.42213777100004
          ],
          [
            103.794928498,
            1.42215166300003
          ],
          [
            103.794907395,
            1.42216792600004
          ],
          [
            103.794888147,
            1.42218637400003
          ],
          [
            103.794870976,
            1.42220679400004
          ],
          [
            103.79485608,
            1.42222894700006
          ],
          [
            103.79484363,
            1.42225258200004
          ],
          [
            103.794833772,
            1.42227742400007
          ],
          [
            103.794825369,
            1.42231055400003
          ],
          [
            103.794827523,
            1.42234189100004
          ],
          [
            103.794829023,
            1.42237772300006
          ],
          [
            103.794837283,
            1.42242698200005
          ],
          [
            103.794871148,
            1.42254606700004
          ],
          [
            103.794872749,
            1.42257959300001
          ],
          [
            103.794906482,
            1.42259685100004
          ],
          [
            103.794955766,
            1.42261919500002
          ],
          [
            103.794980329,
            1.42263539200007
          ],
          [
            103.795007775,
            1.42265556000006
          ],
          [
            103.795048876,
            1.42268856700001
          ],
          [
            103.795076528,
            1.42271465900006
          ],
          [
            103.795107163,
            1.42274725300006
          ],
          [
            103.795156474,
            1.42280403500006
          ],
          [
            103.795173237,
            1.42282338700005
          ],
          [
            103.795295846,
            1.42296496000007
          ],
          [
            103.795347295,
            1.42302479400007
          ],
          [
            103.795317849,
            1.42311581000007
          ],
          [
            103.79524231,
            1.42334929800007
          ]
        ]
      },
      "properties": {
        "OBJECTID": 115,
        "pcn_loop": "Northern Explorer Loop",
        "pcn": "Sembawang Park Connector",
        "descriptionHTML": "Running along Sungei Sembawang, the Sembawang Park Connector provides seamless connectivity to residents from Admiralty Drive. Cutting through the mangrove swamps, the park connector enables nearby residents to appreciate the beautiful scenery of the mangrove habitat right at their doorstep. Nature lovers can view water birds such as the Egrets and Kingfishers. Level and smooth, the Sembawang Park Connector is widely used by neighbouring schools for their routine 2.4 km runs.",
        "address": "",
        "Shape__Length": 1630.9153118782242
      }
    },
    {
      "type": "Feature",
      "id": 116,
      "geometry": {
        "type": "LineString",
        "coordinates": [
          [
            103.834960346,
            1.42279129100006
          ],
          [
            103.834976438,
            1.42288055600004
          ],
          [
            103.834967986,
            1.42298128400005
          ],
          [
            103.834927225,
            1.42302672900006
          ],
          [
            103.83490615,
            1.42304466300003
          ],
          [
            103.834856325,
            1.42310577600005
          ],
          [
            103.83485663,
            1.42317861600003
          ],
          [
            103.834784382,
            1.42318748300003
          ],
          [
            103.834739691,
            1.42319947700003
          ],
          [
            103.834718835,
            1.42323546000005
          ],
          [
            103.834712877,
            1.42327743900005
          ],
          [
            103.834742671,
            1.42373921200004
          ],
          [
            103.834751609,
            1.42380218100003
          ],
          [
            103.834778424,
            1.42387414600006
          ],
          [
            103.834799279,
            1.42394011400006
          ],
          [
            103.834823114,
            1.42398809000001
          ],
          [
            103.834945566,
            1.42414216100003
          ],
          [
            103.834960167,
            1.42417399800007
          ],
          [
            103.835010817,
            1.42517250800006
          ],
          [
            103.835010817,
            1.42524747200001
          ],
          [
            103.834986982,
            1.42532243500005
          ],
          [
            103.834960168,
            1.42538240600003
          ],
          [
            103.834963146,
            1.42541838800003
          ],
          [
            103.83499592,
            1.42550234600003
          ],
          [
            103.835031673,
            1.42552033800006
          ],
          [
            103.83504359,
            1.42561029400003
          ],
          [
            103.834981023,
            1.42561629100003
          ],
          [
            103.834989962,
            1.42590714800002
          ],
          [
            103.835007838,
            1.42599110700007
          ],
          [
            103.835064446,
            1.42604508000004
          ],
          [
            103.835067426,
            1.42618901000003
          ],
          [
            103.835042101,
            1.42624598100001
          ],
          [
            103.835016776,
            1.42630295300005
          ],
          [
            103.835016776,
            1.42635392900006
          ],
          [
            103.835031674,
            1.42642889100005
          ],
          [
            103.835022736,
            1.42647986700007
          ],
          [
            103.835019756,
            1.42656082700005
          ],
          [
            103.835034653,
            1.42665977800004
          ],
          [
            103.835037633,
            1.42680670600004
          ],
          [
            103.835046571,
            1.42687267300004
          ],
          [
            103.835070406,
            1.42695363400003
          ],
          [
            103.835076365,
            1.42702260000003
          ],
          [
            103.835106159,
            1.42790716500001
          ],
          [
            103.835112118,
            1.42799412300007
          ],
          [
            103.835097221,
            1.42803310300007
          ],
          [
            103.835078981,
            1.42807768500007
          ],
          [
            103.835067427,
            1.42813205500004
          ],
          [
            103.835082324,
            1.42829097700007
          ],
          [
            103.835076366,
            1.42841991400007
          ],
          [
            103.835034654,
            1.42848888000002
          ],
          [
            103.834986984,
            1.42855784600005
          ],
          [
            103.834876746,
            1.42867478900007
          ],
          [
            103.834805241,
            1.42876174600002
          ],
          [
            103.834790344,
            1.42885470100003
          ],
          [
            103.834805241,
            1.42922351900004
          ],
          [
            103.83480959,
            1.42933764300004
          ],
          [
            103.834843974,
            1.43024002000004
          ],
          [
            103.835193851,
            1.43022198500005
          ],
          [
            103.835261346,
            1.43017881600001
          ],
          [
            103.835325158,
            1.43022830700005
          ],
          [
            103.835327708,
            1.43046638000005
          ],
          [
            103.835177667,
            1.43059684500001
          ],
          [
            103.83516277,
            1.43064482100004
          ],
          [
            103.835172411,
            1.43071690000004
          ],
          [
            103.835183626,
            1.43080074500005
          ],
          [
            103.835168729,
            1.43122053800004
          ],
          [
            103.835138936,
            1.43163733400007
          ],
          [
            103.835061472,
            1.43211709900003
          ],
          [
            103.83507041,
            1.43215907800004
          ],
          [
            103.835100204,
            1.43216507500007
          ],
          [
            103.834864832,
            1.43319057100006
          ],
          [
            103.834787368,
            1.43347543100003
          ],
          [
            103.834760553,
            1.43353840000004
          ],
          [
            103.834549016,
            1.43440497500006
          ],
          [
            103.834546037,
            1.43453990900003
          ],
          [
            103.834533643,
            1.43465528600005
          ],
          [
            103.834522202,
            1.43476180000004
          ],
          [
            103.834447717,
            1.43478578800006
          ],
          [
            103.83438515,
            1.43484875800006
          ],
          [
            103.834358335,
            1.43498668900003
          ],
          [
            103.834313644,
            1.43514861000006
          ],
          [
            103.834277892,
            1.43526855200001
          ],
          [
            103.834221283,
            1.43542747400005
          ],
          [
            103.834155736,
            1.43561638100005
          ],
          [
            103.83408721,
            1.43578429800004
          ],
          [
            103.83403954,
            1.43588924600004
          ],
          [
            103.833950157,
            1.43607815300004
          ],
          [
            103.833902487,
            1.43618610100004
          ],
          [
            103.833866734,
            1.43623107900004
          ],
          [
            103.833729681,
            1.43647096100005
          ],
          [
            103.833363215,
            1.43712164100004
          ],
          [
            103.833282771,
            1.43727156800003
          ],
          [
            103.833029522,
            1.43770935300004
          ],
          [
            103.832904387,
            1.43794323800006
          ],
          [
            103.832910345,
            1.43800620700006
          ],
          [
            103.832892469,
            1.43804218900004
          ],
          [
            103.832853737,
            1.43804818600006
          ],
          [
            103.832817901,
            1.43810852700004
          ],
          [
            103.83276794,
            1.43819265200005
          ],
          [
            103.832715767,
            1.43828050100006
          ],
          [
            103.832698807,
            1.43830905800007
          ],
          [
            103.832710725,
            1.43836003300004
          ],
          [
            103.832728602,
            1.43839601500002
          ],
          [
            103.831706665,
            1.44007219100006
          ],
          [
            103.830884587,
            1.44142603900001
          ],
          [
            103.830884486,
            1.44142620500002
          ]
        ]
      },
      "properties": {
        "OBJECTID": 116,
        "pcn_loop": "Northern Explorer Loop",
        "pcn": "Yishun Park Connector",
        "descriptionHTML": "The Yishun Park Connector links the Khatib Bongsu Park Connector to the Canberra-Sembawang Park Connector, passing through the Simpang Kiri Park Connector and Canberra-Sembawang Park Connector, and running by Yishun Swimming Complex.",
        "address": "",
        "Shape__Length": 2319.048236223227
      }
    },
    {
      "type": "Feature",
      "id": 117,
      "geometry": {
        "type": "LineString",
        "coordinates": [
          [
            103.830803348,
            1.44147630800005
          ],
          [
            103.830707947,
            1.44163342100006
          ],
          [
            103.830609547,
            1.44179547300007
          ],
          [
            103.830278831,
            1.44232621200006
          ],
          [
            103.829614421,
            1.44342067300005
          ],
          [
            103.829110899,
            1.44425126500005
          ],
          [
            103.8287921,
            1.44477300800002
          ],
          [
            103.828499325,
            1.44525411900002
          ],
          [
            103.828410735,
            1.44539969800008
          ],
          [
            103.828212603,
            1.44570854700003
          ],
          [
            103.827671837,
            1.44651514900004
          ],
          [
            103.827388791,
            1.44686897500001
          ],
          [
            103.827207046,
            1.44705788100001
          ],
          [
            103.826891227,
            1.44737272600003
          ],
          [
            103.826804824,
            1.44742669900004
          ],
          [
            103.826727359,
            1.44748666900005
          ],
          [
            103.826640956,
            1.44752265100004
          ],
          [
            103.826602223,
            1.44754963800006
          ],
          [
            103.826592004,
            1.44760914300003
          ],
          [
            103.826560511,
            1.44779251900007
          ],
          [
            103.826384233,
            1.44796454900005
          ],
          [
            103.826265548,
            1.44808037600006
          ]
        ]
      },
      "properties": {
        "OBJECTID": 117,
        "pcn_loop": "Northern Explorer Loop",
        "pcn": "Yishun Park Connector",
        "descriptionHTML": "The Yishun Park Connector links the Khatib Bongsu Park Connector to the Canberra-Sembawang Park Connector, passing through the Simpang Kiri Park Connector and Canberra-Sembawang Park Connector, and running by Yishun Swimming Complex.",
        "address": "",
        "Shape__Length": 901.2000107655776
      }
    },
    {
      "type": "Feature",
      "id": 118,
      "geometry": {
        "type": "LineString",
        "coordinates": [
          [
            103.785094186,
            1.44097566700003
          ],
          [
            103.785118519,
            1.44081243000003
          ],
          [
            103.785128326,
            1.44081184600003
          ],
          [
            103.785166228,
            1.44080960000003
          ],
          [
            103.785203202,
            1.44080091800002
          ],
          [
            103.785238179,
            1.44078605200001
          ],
          [
            103.785265723,
            1.44076873900002
          ],
          [
            103.785353418,
            1.44071264000007
          ],
          [
            103.7854402,
            1.44065830500006
          ],
          [
            103.7856268,
            1.44056462200007
          ],
          [
            103.785775959,
            1.44048032000006
          ],
          [
            103.785834425,
            1.44040002200005
          ],
          [
            103.786052936,
            1.44027660700004
          ],
          [
            103.786254073,
            1.44016331700004
          ],
          [
            103.786346142,
            1.44014551700008
          ],
          [
            103.78643044,
            1.44009818700004
          ],
          [
            103.786596324,
            1.44000585000004
          ],
          [
            103.786714491,
            1.43993777800007
          ],
          [
            103.787029843,
            1.43976059000004
          ],
          [
            103.787277207,
            1.43961949500004
          ],
          [
            103.787328986,
            1.43959067400004
          ],
          [
            103.787358096,
            1.43958299300004
          ],
          [
            103.787474362,
            1.43952382000003
          ],
          [
            103.787498335,
            1.43951018800005
          ],
          [
            103.787656933,
            1.43942055300005
          ],
          [
            103.787876245,
            1.43928331100006
          ],
          [
            103.788053686,
            1.43914463000003
          ],
          [
            103.788195913,
            1.43901011600001
          ],
          [
            103.788326635,
            1.43886501600002
          ],
          [
            103.788413554,
            1.43875267900007
          ],
          [
            103.788507746,
            1.43861244900006
          ],
          [
            103.788556802,
            1.43852887900004
          ],
          [
            103.788561191,
            1.43849560000007
          ],
          [
            103.788571025,
            1.43844247100003
          ],
          [
            103.788550269,
            1.43841182500006
          ],
          [
            103.788717206,
            1.43831089500003
          ],
          [
            103.788813627,
            1.43801798000004
          ]
        ]
      },
      "properties": {
        "OBJECTID": 118,
        "pcn_loop": "Northern Explorer Loop",
        "pcn": "Woodlands (SLE) Park Connector",
        "descriptionHTML": "Running along the side of the SLE, the Woodlands (SLE) Park Connector links the Woodlands (Ave 2) Park Connector to the Ulu Sembawang Park Connector. With “green-roof” shelters and drinking fountains placed along the park connector, visitors can take a breather and enjoy the beauty of the nearby nature reserve.",
        "address": "",
        "Shape__Length": 555.8602984329239
      }
    },
    {
      "type": "Feature",
      "id": 119,
      "geometry": {
        "type": "LineString",
        "coordinates": [
          [
            103.788813627,
            1.43801798000004
          ],
          [
            103.788786488,
            1.43792113100004
          ],
          [
            103.788783409,
            1.43788473900001
          ],
          [
            103.788778735,
            1.43786347800004
          ],
          [
            103.788776819,
            1.43785248000006
          ],
          [
            103.788774951,
            1.43780432300003
          ],
          [
            103.788803839,
            1.43774597100001
          ],
          [
            103.788827804,
            1.43771340100006
          ],
          [
            103.788844372,
            1.43759283400004
          ],
          [
            103.788852668,
            1.43742167500005
          ],
          [
            103.788842613,
            1.43716887700003
          ],
          [
            103.788804302,
            1.43710024900002
          ],
          [
            103.788777267,
            1.43692794800006
          ],
          [
            103.788737199,
            1.43680875300003
          ],
          [
            103.788723136,
            1.43674679900004
          ],
          [
            103.788686396,
            1.43659861100003
          ],
          [
            103.788670154,
            1.43653188000008
          ],
          [
            103.788662832,
            1.43649980900005
          ],
          [
            103.788674198,
            1.43644996800003
          ],
          [
            103.788674327,
            1.43642245200005
          ],
          [
            103.788628696,
            1.43623323000002
          ],
          [
            103.788518277,
            1.43581122800002
          ],
          [
            103.788405085,
            1.43537724300007
          ],
          [
            103.788396593,
            1.43534775000006
          ],
          [
            103.788386477,
            1.43531975000009
          ],
          [
            103.788377247,
            1.43529820400005
          ],
          [
            103.788357252,
            1.43525961300001
          ],
          [
            103.788339968,
            1.43523212800005
          ],
          [
            103.788320256,
            1.43520529400006
          ],
          [
            103.788307463,
            1.43518986000001
          ],
          [
            103.788288242,
            1.43516903700005
          ],
          [
            103.788280049,
            1.43516091000002
          ],
          [
            103.788260281,
            1.43514171200008
          ],
          [
            103.788257135,
            1.43513865700004
          ],
          [
            103.788357443,
            1.43503210500005
          ],
          [
            103.788293181,
            1.43474014300006
          ],
          [
            103.788128983,
            1.43459284000004
          ]
        ]
      },
      "properties": {
        "OBJECTID": 119,
        "pcn_loop": "Northern Explorer Loop",
        "pcn": "Woodlands (SLE) Park Connector",
        "descriptionHTML": "Running along the side of the SLE, the Woodlands (SLE) Park Connector links the Woodlands (Ave 2) Park Connector to the Ulu Sembawang Park Connector. With “green-roof” shelters and drinking fountains placed along the park connector, visitors can take a breather and enjoy the beauty of the nearby nature reserve.",
        "address": "",
        "Shape__Length": 409.2383879459585
      }
    },
    {
      "type": "Feature",
      "id": 120,
      "geometry": {
        "type": "LineString",
        "coordinates": [
          [
            103.795792613,
            1.43915751400004
          ],
          [
            103.795995928,
            1.43903008000007
          ],
          [
            103.796035604,
            1.43902268600004
          ],
          [
            103.796092681,
            1.43897800900003
          ],
          [
            103.796127561,
            1.43897801000004
          ],
          [
            103.796320986,
            1.43898439600001
          ],
          [
            103.796736373,
            1.43901950700006
          ],
          [
            103.797104197,
            1.43907695500008
          ],
          [
            103.797310304,
            1.43912163600003
          ],
          [
            103.797427627,
            1.43916631500002
          ],
          [
            103.797443481,
            1.43919822700003
          ],
          [
            103.797462506,
            1.43922694900003
          ],
          [
            103.797497386,
            1.43924928900003
          ],
          [
            103.797782765,
            1.43933545600003
          ],
          [
            103.798204492,
            1.43950779000005
          ],
          [
            103.798410599,
            1.43960034000003
          ],
          [
            103.798515238,
            1.43961948900005
          ],
          [
            103.798565972,
            1.43962906400003
          ],
          [
            103.798708662,
            1.43970246400005
          ],
          [
            103.799092339,
            1.43985565000002
          ],
          [
            103.799745541,
            1.44011415100003
          ],
          [
            103.799827826,
            1.44037824900005
          ],
          [
            103.799945302,
            1.44042689700006
          ],
          [
            103.80007531,
            1.44041094200002
          ],
          [
            103.800205315,
            1.44049391700002
          ],
          [
            103.801736851,
            1.44117686600002
          ],
          [
            103.80184466,
            1.44130132600001
          ],
          [
            103.801930165,
            1.44135194700004
          ],
          [
            103.802006374,
            1.44139706500004
          ],
          [
            103.802180775,
            1.44132047800003
          ],
          [
            103.802329807,
            1.44136515700007
          ],
          [
            103.802976667,
            1.44166195200004
          ],
          [
            103.803109845,
            1.44167471900005
          ],
          [
            103.803525231,
            1.44186939000002
          ],
          [
            103.803617187,
            1.44185024500006
          ],
          [
            103.804460642,
            1.44223001400008
          ],
          [
            103.804432103,
            1.44232256000004
          ],
          [
            103.804688945,
            1.44245340500003
          ],
          [
            103.804657397,
            1.44251429700006
          ],
          [
            103.804880217,
            1.44264366000004
          ],
          [
            103.805006033,
            1.44259382400001
          ],
          [
            103.805059939,
            1.44257148600001
          ],
          [
            103.805117016,
            1.44256191200001
          ],
          [
            103.805155066,
            1.44256829500005
          ],
          [
            103.805643382,
            1.44286189600007
          ],
          [
            103.806204627,
            1.44326080900003
          ],
          [
            103.806236336,
            1.44330867900004
          ],
          [
            103.806374786,
            1.44341685200004
          ],
          [
            103.806477322,
            1.44349696500007
          ],
          [
            103.806604157,
            1.44360866000004
          ],
          [
            103.807029054,
            1.44402991000004
          ],
          [
            103.808208618,
            1.44522025900005
          ],
          [
            103.808281547,
            1.44529685000003
          ],
          [
            103.80825618,
            1.44533195300004
          ],
          [
            103.80822516,
            1.44543536100003
          ],
          [
            103.808205443,
            1.44550108900006
          ],
          [
            103.808350636,
            1.44563583000007
          ],
          [
            103.808449601,
            1.44572767100003
          ],
          [
            103.808648545,
            1.44576617700004
          ],
          [
            103.808696931,
            1.44577554200003
          ],
          [
            103.80876352,
            1.44579149900005
          ],
          [
            103.808750835,
            1.44586808900003
          ],
          [
            103.808769861,
            1.44590638400006
          ],
          [
            103.808907584,
            1.44601354800005
          ],
          [
            103.808971747,
            1.44607005200004
          ],
          [
            103.809066845,
            1.44615423100002
          ],
          [
            103.809148194,
            1.44622457300005
          ],
          [
            103.80918715,
            1.44625686000007
          ],
          [
            103.809276519,
            1.44631913000006
          ],
          [
            103.809473591,
            1.44644712800004
          ],
          [
            103.809596188,
            1.44651862300002
          ],
          [
            103.809626413,
            1.44653551200003
          ],
          [
            103.809969707,
            1.44672734200003
          ],
          [
            103.809979447,
            1.44675617100006
          ],
          [
            103.810024704,
            1.44678845800007
          ],
          [
            103.810172508,
            1.44685534100006
          ],
          [
            103.810307708,
            1.44691415100004
          ],
          [
            103.810402265,
            1.44694749000006
          ],
          [
            103.810487595,
            1.44697757500006
          ],
          [
            103.810564361,
            1.44698795300006
          ],
          [
            103.810711019,
            1.44703984500006
          ],
          [
            103.810903509,
            1.44710557600008
          ],
          [
            103.811244948,
            1.44720590100006
          ],
          [
            103.811513058,
            1.44727278400006
          ],
          [
            103.811542849,
            1.44726010100003
          ],
          [
            103.811754817,
            1.44725087700004
          ],
          [
            103.811929643,
            1.44738024300005
          ],
          [
            103.812213124,
            1.44742500300002
          ]
        ]
      },
      "properties": {
        "OBJECTID": 120,
        "pcn_loop": "Northern Explorer Loop",
        "pcn": "Woodlands (SLE) Park Connector",
        "descriptionHTML": "Running along the side of the SLE, the Woodlands (SLE) Park Connector links the Woodlands (Ave 2) Park Connector to the Ulu Sembawang Park Connector. With “green-roof” shelters and drinking fountains placed along the park connector, visitors can take a breather and enjoy the beauty of the nearby nature reserve.",
        "address": "",
        "Shape__Length": 2187.423252758175
      }
    },
    {
      "type": "Feature",
      "id": 121,
      "geometry": {
        "type": "LineString",
        "coordinates": [
          [
            103.771537807,
            1.43712830600004
          ],
          [
            103.771588265,
            1.43704016800007
          ],
          [
            103.771663291,
            1.43694202900002
          ],
          [
            103.771669286,
            1.43691234400007
          ],
          [
            103.771693752,
            1.43688254800002
          ],
          [
            103.771712656,
            1.43687598000002
          ],
          [
            103.771714636,
            1.43687529200003
          ],
          [
            103.771763592,
            1.43684208200005
          ],
          [
            103.771788812,
            1.43681980000001
          ],
          [
            103.771840624,
            1.43674245500006
          ],
          [
            103.77190799,
            1.43664164700006
          ],
          [
            103.771946541,
            1.43657947300005
          ],
          [
            103.772017922,
            1.43646139800006
          ],
          [
            103.77206262,
            1.43638096200005
          ],
          [
            103.77211639,
            1.43628053400005
          ],
          [
            103.772125442,
            1.43627585500007
          ],
          [
            103.772174134,
            1.43628718000002
          ],
          [
            103.772175491,
            1.43628158900003
          ],
          [
            103.772180329,
            1.43626747000008
          ],
          [
            103.772193506,
            1.43627048200004
          ],
          [
            103.772274396,
            1.43630617900003
          ],
          [
            103.772440962,
            1.43637945500006
          ],
          [
            103.772597179,
            1.43644791000001
          ],
          [
            103.772642039,
            1.43646557700003
          ],
          [
            103.772712532,
            1.43648163700003
          ],
          [
            103.772784756,
            1.43648704400004
          ],
          [
            103.772836238,
            1.43648060400006
          ],
          [
            103.772929651,
            1.43649002700005
          ],
          [
            103.772978336,
            1.43648858900002
          ],
          [
            103.773301569,
            1.43648770100003
          ],
          [
            103.773339283,
            1.43649216600004
          ],
          [
            103.773445325,
            1.43649059800004
          ],
          [
            103.773727775,
            1.43649063400004
          ],
          [
            103.773793095,
            1.43649066000006
          ],
          [
            103.773813035,
            1.43647719500005
          ],
          [
            103.773899715,
            1.43647793800004
          ],
          [
            103.773921579,
            1.43648677900006
          ],
          [
            103.774267988,
            1.43648774700005
          ],
          [
            103.774266478,
            1.43636793900004
          ],
          [
            103.774266295,
            1.43633645900006
          ],
          [
            103.774285188,
            1.43633932500006
          ],
          [
            103.774448665,
            1.43633927900004
          ],
          [
            103.774566924,
            1.43633906200006
          ],
          [
            103.774579026,
            1.43633856100007
          ],
          [
            103.774621159,
            1.43633526300004
          ],
          [
            103.774698771,
            1.43631897600005
          ],
          [
            103.774734594,
            1.43630608200004
          ],
          [
            103.774824228,
            1.43625952300006
          ],
          [
            103.774894545,
            1.43620776100004
          ],
          [
            103.774933497,
            1.43616910800005
          ],
          [
            103.774973627,
            1.43611909100003
          ],
          [
            103.775006096,
            1.43606595500005
          ],
          [
            103.775012129,
            1.43605402700005
          ],
          [
            103.775033497,
            1.43600698700005
          ],
          [
            103.775047132,
            1.43596324200006
          ],
          [
            103.77506133,
            1.43588765600002
          ],
          [
            103.775081407,
            1.43576765200004
          ],
          [
            103.775104711,
            1.43562885000006
          ],
          [
            103.77510709,
            1.43561553500006
          ],
          [
            103.775125097,
            1.43550217800004
          ],
          [
            103.775143383,
            1.43539373100003
          ],
          [
            103.775163858,
            1.43532875900006
          ],
          [
            103.775186349,
            1.43527351400008
          ],
          [
            103.775211136,
            1.43522173200006
          ],
          [
            103.775253532,
            1.43516739400006
          ],
          [
            103.775279373,
            1.43513876300007
          ],
          [
            103.775300709,
            1.43512534200004
          ],
          [
            103.775379584,
            1.43504513800002
          ],
          [
            103.775429631,
            1.43499512200001
          ],
          [
            103.775447872,
            1.43498712800005
          ],
          [
            103.775464556,
            1.43497035000006
          ],
          [
            103.775476135,
            1.43495112400007
          ],
          [
            103.77549241,
            1.43493207500005
          ],
          [
            103.775627114,
            1.43479471100003
          ],
          [
            103.775719584,
            1.43470307000006
          ],
          [
            103.775871781,
            1.43455040900005
          ],
          [
            103.775887014,
            1.43452961000001
          ],
          [
            103.775898001,
            1.43450340100004
          ],
          [
            103.775901721,
            1.43449269500007
          ],
          [
            103.775926904,
            1.43448892600003
          ],
          [
            103.776027936,
            1.43436065800005
          ],
          [
            103.776038881,
            1.43435024700006
          ],
          [
            103.7760458,
            1.43434395100007
          ],
          [
            103.776054821,
            1.43433952000005
          ],
          [
            103.776108427,
            1.43433781000004
          ],
          [
            103.776146374,
            1.43432226700002
          ],
          [
            103.776159365,
            1.43430865800002
          ],
          [
            103.776176784,
            1.43430033100003
          ],
          [
            103.776191761,
            1.43429742300004
          ],
          [
            103.776214743,
            1.43428627600003
          ],
          [
            103.77629303,
            1.43425451800005
          ],
          [
            103.776364627,
            1.43423300400001
          ],
          [
            103.776461468,
            1.43421346100007
          ],
          [
            103.776497341,
            1.43420964200004
          ],
          [
            103.776511079,
            1.43420922200005
          ],
          [
            103.776557982,
            1.43420765900003
          ],
          [
            103.77665775,
            1.43421026600002
          ],
          [
            103.776753957,
            1.43422483700003
          ],
          [
            103.776865986,
            1.43425532900006
          ],
          [
            103.776959641,
            1.43429501100007
          ],
          [
            103.777062263,
            1.43435339000006
          ],
          [
            103.777149661,
            1.43441988200003
          ],
          [
            103.777211729,
            1.43447898600004
          ],
          [
            103.777323515,
            1.43459119700003
          ],
          [
            103.777421726,
            1.43469000700003
          ],
          [
            103.777426351,
            1.43469974900005
          ],
          [
            103.777444057,
            1.43471342500004
          ],
          [
            103.777554005,
            1.43482166000006
          ],
          [
            103.777587191,
            1.43485576600006
          ],
          [
            103.777654745,
            1.43492434700005
          ],
          [
            103.777716811,
            1.43498663600007
          ],
          [
            103.777720789,
            1.43498914800005
          ],
          [
            103.777747783,
            1.43501153700004
          ],
          [
            103.777762987,
            1.43502801800001
          ],
          [
            103.7778192,
            1.43508104100005
          ],
          [
            103.777859252,
            1.43511653900003
          ],
          [
            103.777865423,
            1.43512378600002
          ],
          [
            103.777913418,
            1.43516188800004
          ],
          [
            103.777993648,
            1.43521388000004
          ],
          [
            103.778055592,
            1.43524681700007
          ],
          [
            103.778111999,
            1.43527326500004
          ],
          [
            103.778133852,
            1.43527693700003
          ],
          [
            103.77816797,
            1.43529198800007
          ],
          [
            103.7782124,
            1.43530653600005
          ],
          [
            103.778255152,
            1.43531882500002
          ],
          [
            103.778296001,
            1.43533555600003
          ],
          [
            103.778350114,
            1.43534599000002
          ],
          [
            103.778416903,
            1.43535538800004
          ],
          [
            103.778485393,
            1.43537675900007
          ],
          [
            103.778537168,
            1.43538424800004
          ],
          [
            103.778548712,
            1.43538588600007
          ],
          [
            103.7786139,
            1.43539499000001
          ],
          [
            103.778702216,
            1.43540818200006
          ],
          [
            103.778743545,
            1.43541303800004
          ],
          [
            103.778765228,
            1.43541599700007
          ],
          [
            103.778820268,
            1.43542514500006
          ],
          [
            103.778850451,
            1.43543117500007
          ],
          [
            103.778886676,
            1.43543937600001
          ],
          [
            103.778913675,
            1.43544618200002
          ],
          [
            103.778970052,
            1.43546235400004
          ],
          [
            103.779002312,
            1.43547283100003
          ],
          [
            103.779030658,
            1.43548300500004
          ],
          [
            103.779110223,
            1.43551444200006
          ],
          [
            103.779147254,
            1.43553253700002
          ],
          [
            103.779205304,
            1.43556114200003
          ],
          [
            103.779253607,
            1.43558967900003
          ],
          [
            103.779295269,
            1.43561471700002
          ],
          [
            103.779358399,
            1.43565755700007
          ],
          [
            103.779451957,
            1.43572611000008
          ],
          [
            103.779482432,
            1.43574836400005
          ],
          [
            103.779499393,
            1.43576580300003
          ],
          [
            103.779504915,
            1.43577060100006
          ],
          [
            103.77951443,
            1.43578637800005
          ],
          [
            103.779640217,
            1.43588155200006
          ],
          [
            103.779733591,
            1.43595187000005
          ],
          [
            103.779852256,
            1.43603554700006
          ],
          [
            103.779876509,
            1.43605081200008
          ],
          [
            103.779911902,
            1.43607163700006
          ],
          [
            103.779952559,
            1.43609354800003
          ],
          [
            103.779984314,
            1.43610925100006
          ],
          [
            103.780017342,
            1.43612433300007
          ],
          [
            103.780060333,
            1.43614214300003
          ],
          [
            103.780097169,
            1.43615634600008
          ],
          [
            103.780135101,
            1.43616760500004
          ],
          [
            103.780188625,
            1.43618110400007
          ],
          [
            103.780254502,
            1.43619099700005
          ],
          [
            103.780321023,
            1.43619440400005
          ],
          [
            103.780387558,
            1.43619129500006
          ],
          [
            103.780453477,
            1.43618169700004
          ],
          [
            103.78051816,
            1.43616570100005
          ],
          [
            103.780580993,
            1.43614346100001
          ],
          [
            103.780641384,
            1.43611518400007
          ],
          [
            103.780686041,
            1.43608939900003
          ],
          [
            103.7807286,
            1.43606024000006
          ],
          [
            103.78076881,
            1.43602788100004
          ],
          [
            103.780876859,
            1.43593811000005
          ],
          [
            103.780880336,
            1.43593231400007
          ],
          [
            103.7808827,
            1.43592725500002
          ],
          [
            103.780885176,
            1.43591741400007
          ],
          [
            103.780885751,
            1.43590884500001
          ],
          [
            103.780885241,
            1.43590246600007
          ],
          [
            103.780882034,
            1.43588970400003
          ],
          [
            103.78088068,
            1.43588827500002
          ],
          [
            103.780975935,
            1.43579216200003
          ],
          [
            103.780981783,
            1.43579077100002
          ],
          [
            103.780998929,
            1.43579015000005
          ],
          [
            103.781015813,
            1.43578708100006
          ],
          [
            103.781032091,
            1.43578162700004
          ],
          [
            103.781047433,
            1.43577389600005
          ],
          [
            103.781049778,
            1.43577251300007
          ],
          [
            103.781132925,
            1.43568925100004
          ],
          [
            103.781203206,
            1.43561866200002
          ],
          [
            103.781266726,
            1.43555342800004
          ],
          [
            103.781268913,
            1.43554698400004
          ],
          [
            103.78127024,
            1.43554030800004
          ],
          [
            103.781270685,
            1.43553351500004
          ],
          [
            103.781270035,
            1.43552530700003
          ],
          [
            103.781268099,
            1.43551730600007
          ],
          [
            103.781264927,
            1.43550971600006
          ],
          [
            103.781261631,
            1.43550631400006
          ],
          [
            103.78137548,
            1.43539161100006
          ],
          [
            103.781378909,
            1.43539186800006
          ],
          [
            103.781400086,
            1.43538978500004
          ],
          [
            103.781420693,
            1.43538444800002
          ],
          [
            103.781440238,
            1.43537598400008
          ],
          [
            103.781443737,
            1.43537365800006
          ],
          [
            103.781502963,
            1.43531397300006
          ],
          [
            103.781604926,
            1.43521140300004
          ],
          [
            103.781677796,
            1.43513815200002
          ],
          [
            103.781783006,
            1.43502734400005
          ],
          [
            103.781784248,
            1.43502137200005
          ],
          [
            103.781783864,
            1.43500710500006
          ],
          [
            103.781779776,
            1.43499410300008
          ],
          [
            103.781775327,
            1.43498863300004
          ],
          [
            103.78180466,
            1.43495788300004
          ],
          [
            103.781809558,
            1.43495825900003
          ],
          [
            103.781815109,
            1.43496030500006
          ],
          [
            103.781830354,
            1.43496592500002
          ],
          [
            103.781845441,
            1.43496683900001
          ],
          [
            103.781867074,
            1.43495976000003
          ],
          [
            103.7819423,
            1.43488463600005
          ],
          [
            103.782073139,
            1.43475237100006
          ],
          [
            103.782114287,
            1.43471524100004
          ],
          [
            103.782110127,
            1.43470871500006
          ],
          [
            103.782114053,
            1.43468606100003
          ],
          [
            103.782109404,
            1.43466031500002
          ],
          [
            103.782106929,
            1.43465340300002
          ],
          [
            103.782197297,
            1.43456260900006
          ]
        ]
      },
      "properties": {
        "OBJECTID": 121,
        "pcn_loop": "Northern Explorer Loop",
        "pcn": "Woodlands (SLE) Park Connector",
        "descriptionHTML": "Running along the side of the SLE, the Woodlands (SLE) Park Connector links the Woodlands (Ave 2) Park Connector to the Ulu Sembawang Park Connector. With “green-roof” shelters and drinking fountains placed along the park connector, visitors can take a breather and enjoy the beauty of the nearby nature reserve.",
        "address": "",
        "Shape__Length": 1550.5949632439658
      }
    },
    {
      "type": "Feature",
      "id": 122,
      "geometry": {
        "type": "LineString",
        "coordinates": [
          [
            103.782197297,
            1.43456260900006
          ],
          [
            103.782142595,
            1.43450558900002
          ],
          [
            103.782134017,
            1.43449951000001
          ],
          [
            103.78212457,
            1.43449491900003
          ],
          [
            103.782114507,
            1.43449193500004
          ],
          [
            103.782104096,
            1.43449064000004
          ],
          [
            103.782093614,
            1.43449106700005
          ],
          [
            103.78208334,
            1.43449320700006
          ],
          [
            103.782062933,
            1.43450119200002
          ],
          [
            103.781985641,
            1.43453265900007
          ],
          [
            103.781935143,
            1.43454425800006
          ],
          [
            103.781911145,
            1.43454543400003
          ],
          [
            103.781887288,
            1.43454257000007
          ],
          [
            103.781864239,
            1.43453574500006
          ],
          [
            103.781842642,
            1.43452515000006
          ],
          [
            103.781765907,
            1.43444744200002
          ],
          [
            103.781732545,
            1.43438865900002
          ],
          [
            103.781707789,
            1.43435475800004
          ],
          [
            103.78164764,
            1.43429338800005
          ],
          [
            103.78153976,
            1.43418386900004
          ],
          [
            103.781476253,
            1.43411743100006
          ],
          [
            103.781383389,
            1.43402723800005
          ],
          [
            103.781333214,
            1.43397862400008
          ],
          [
            103.781270161,
            1.43392316200004
          ],
          [
            103.781186031,
            1.43384986200004
          ],
          [
            103.78110376,
            1.43377977000006
          ],
          [
            103.781015361,
            1.43371027600005
          ],
          [
            103.780925559,
            1.43364193600008
          ],
          [
            103.780865355,
            1.43359825300006
          ],
          [
            103.780802387,
            1.43355307100006
          ],
          [
            103.780751864,
            1.43351970100002
          ],
          [
            103.780703431,
            1.43348916000001
          ],
          [
            103.780650375,
            1.43345696300003
          ],
          [
            103.780578543,
            1.43341411100005
          ],
          [
            103.780542317,
            1.43338879500004
          ],
          [
            103.780474431,
            1.43332255500008
          ],
          [
            103.780421814,
            1.43328841400007
          ],
          [
            103.780361735,
            1.43325705200004
          ],
          [
            103.780290953,
            1.43323408700007
          ],
          [
            103.780249216,
            1.43322377200007
          ],
          [
            103.78021459,
            1.43320978500003
          ],
          [
            103.780188084,
            1.43319678500007
          ],
          [
            103.780166007,
            1.43318377300005
          ],
          [
            103.780158036,
            1.43317803700006
          ],
          [
            103.78009086,
            1.43312533600005
          ],
          [
            103.780061859,
            1.43310597300006
          ],
          [
            103.780029529,
            1.43308782300005
          ],
          [
            103.779992684,
            1.43307100200002
          ],
          [
            103.779955091,
            1.43305762200004
          ],
          [
            103.779920858,
            1.43304904700004
          ],
          [
            103.779876604,
            1.43304015800004
          ],
          [
            103.779834804,
            1.43302905600006
          ],
          [
            103.779798257,
            1.43301540300007
          ],
          [
            103.779770834,
            1.43300268300003
          ],
          [
            103.779743287,
            1.43298754000004
          ],
          [
            103.779716836,
            1.43297050300003
          ],
          [
            103.779690977,
            1.43295123900002
          ],
          [
            103.779668423,
            1.43294088500006
          ],
          [
            103.779632344,
            1.43292731400004
          ],
          [
            103.779603999,
            1.43291908400003
          ],
          [
            103.779572802,
            1.43291234200005
          ],
          [
            103.779556969,
            1.43290980200003
          ],
          [
            103.77952407,
            1.43290854800005
          ],
          [
            103.779494377,
            1.43290585600005
          ],
          [
            103.779465685,
            1.43290179500002
          ],
          [
            103.779417829,
            1.43289177300004
          ],
          [
            103.779392354,
            1.43288624600006
          ],
          [
            103.779195373,
            1.43282739200004
          ],
          [
            103.77911895,
            1.43280298400004
          ],
          [
            103.779105025,
            1.43279719600002
          ],
          [
            103.779049935,
            1.43277291700001
          ],
          [
            103.779012556,
            1.43276156300004
          ],
          [
            103.778973866,
            1.43275626600007
          ],
          [
            103.778934831,
            1.43275715700001
          ],
          [
            103.778887645,
            1.43275660400006
          ],
          [
            103.778840928,
            1.43274990100002
          ],
          [
            103.778795468,
            1.43273716400006
          ],
          [
            103.778738452,
            1.43271358600003
          ],
          [
            103.778682977,
            1.43269390500005
          ],
          [
            103.778625717,
            1.43268035700002
          ],
          [
            103.77856734,
            1.43267310000005
          ],
          [
            103.778494938,
            1.43267982200007
          ],
          [
            103.778427955,
            1.43268724200005
          ],
          [
            103.778386756,
            1.43268569700008
          ],
          [
            103.778345813,
            1.43268083200008
          ],
          [
            103.778305389,
            1.43267268000005
          ],
          [
            103.778254129,
            1.43265732400004
          ],
          [
            103.77820156,
            1.43264742600007
          ],
          [
            103.778148251,
            1.43264309400007
          ],
          [
            103.778094783,
            1.43264437400005
          ],
          [
            103.778044535,
            1.43265237100008
          ],
          [
            103.777977542,
            1.43266619200004
          ],
          [
            103.777818744,
            1.43266683300004
          ],
          [
            103.777741464,
            1.43266705700006
          ],
          [
            103.777617051,
            1.43266681900006
          ],
          [
            103.777470796,
            1.43266666400006
          ],
          [
            103.777324488,
            1.43266504000007
          ],
          [
            103.777207811,
            1.43266377200005
          ],
          [
            103.777163519,
            1.43266321200002
          ],
          [
            103.776998873,
            1.43266070800008
          ],
          [
            103.776750626,
            1.43265769900004
          ],
          [
            103.776479473,
            1.43265633100003
          ],
          [
            103.776201314,
            1.43265525600004
          ],
          [
            103.776066722,
            1.43265237800006
          ],
          [
            103.775969314,
            1.43264581400006
          ],
          [
            103.77593275,
            1.43264591500001
          ],
          [
            103.775866592,
            1.43264733200003
          ],
          [
            103.775816182,
            1.43265138100002
          ],
          [
            103.775725764,
            1.43266413500003
          ]
        ]
      },
      "properties": {
        "OBJECTID": 122,
        "pcn_loop": "Northern Explorer Loop",
        "pcn": "Woodlands (SLE) Park Connector",
        "descriptionHTML": "Running along the side of the SLE, the Woodlands (SLE) Park Connector links the Woodlands (Ave 2) Park Connector to the Ulu Sembawang Park Connector. With “green-roof” shelters and drinking fountains placed along the park connector, visitors can take a breather and enjoy the beauty of the nearby nature reserve.",
        "address": "",
        "Shape__Length": 792.6565004101474
      }
    },
    {
      "type": "Feature",
      "id": 123,
      "geometry": {
        "type": "LineString",
        "coordinates": [
          [
            103.782197297,
            1.43456260900006
          ],
          [
            103.782323008,
            1.43466621000004
          ],
          [
            103.782335985,
            1.43472844400003
          ],
          [
            103.782341394,
            1.43472952700006
          ],
          [
            103.782349072,
            1.43473106500005
          ],
          [
            103.782376558,
            1.43474081900007
          ],
          [
            103.782387602,
            1.43475085900006
          ],
          [
            103.782518398,
            1.43488329600005
          ],
          [
            103.782652035,
            1.43501838100001
          ],
          [
            103.782789694,
            1.43515598700004
          ],
          [
            103.782894283,
            1.43525991600006
          ],
          [
            103.782904357,
            1.43526472600008
          ],
          [
            103.782920929,
            1.43526412600004
          ],
          [
            103.782942377,
            1.43528360200002
          ],
          [
            103.782948992,
            1.43529003500002
          ],
          [
            103.78295943,
            1.43530925900006
          ],
          [
            103.782968276,
            1.43533747100002
          ],
          [
            103.782976383,
            1.43536727500002
          ],
          [
            103.782996673,
            1.43536039700005
          ],
          [
            103.783020709,
            1.43535584500004
          ],
          [
            103.783075008,
            1.43534538300002
          ],
          [
            103.783104774,
            1.43532278000002
          ],
          [
            103.783287511,
            1.43514750500002
          ],
          [
            103.7832869,
            1.43501303400007
          ],
          [
            103.783365035,
            1.43499821300002
          ],
          [
            103.783372527,
            1.43500432000007
          ],
          [
            103.783380892,
            1.43500914200007
          ],
          [
            103.783389917,
            1.43501255700005
          ],
          [
            103.783399368,
            1.43501447500006
          ],
          [
            103.783409002,
            1.43501484700005
          ],
          [
            103.783418571,
            1.43501366300006
          ],
          [
            103.783435778,
            1.43500291300006
          ],
          [
            103.783509378,
            1.43495346900004
          ],
          [
            103.783597715,
            1.43488226400006
          ],
          [
            103.783651561,
            1.43484544100005
          ],
          [
            103.783693063,
            1.43482940200005
          ],
          [
            103.783765651,
            1.43479028500001
          ],
          [
            103.78383399,
            1.43475081700008
          ],
          [
            103.783908116,
            1.43470860900004
          ],
          [
            103.7839104,
            1.43470732600001
          ],
          [
            103.78400527,
            1.43468164400002
          ],
          [
            103.784017084,
            1.43467524400006
          ],
          [
            103.784027673,
            1.43466695300003
          ],
          [
            103.784036739,
            1.43465699900003
          ],
          [
            103.784044031,
            1.43464566500006
          ],
          [
            103.784049343,
            1.43463326500006
          ],
          [
            103.784052526,
            1.43462014800002
          ],
          [
            103.78405312,
            1.43461663800002
          ],
          [
            103.784189458,
            1.43456337200007
          ],
          [
            103.784195733,
            1.43456389700003
          ],
          [
            103.784222643,
            1.43456614600007
          ],
          [
            103.78427104,
            1.43456373300006
          ],
          [
            103.784316605,
            1.43454898700001
          ],
          [
            103.784370099,
            1.43451915200006
          ],
          [
            103.784391244,
            1.43451050300006
          ],
          [
            103.784428909,
            1.43450426200007
          ],
          [
            103.784518708,
            1.43446108700005
          ],
          [
            103.784556308,
            1.43445244500003
          ],
          [
            103.784624153,
            1.43444084800007
          ],
          [
            103.784694924,
            1.43442013600002
          ],
          [
            103.784811709,
            1.43438769400005
          ],
          [
            103.784869438,
            1.43435743100001
          ],
          [
            103.78490173,
            1.43435077600001
          ],
          [
            103.784999566,
            1.43434123600002
          ],
          [
            103.785101681,
            1.43432281100007
          ],
          [
            103.785197933,
            1.43429506000007
          ],
          [
            103.785202953,
            1.43429303000004
          ],
          [
            103.785207598,
            1.43429023700003
          ],
          [
            103.785211755,
            1.43428675100005
          ],
          [
            103.785215321,
            1.43428265500007
          ],
          [
            103.785218211,
            1.434278052
          ],
          [
            103.785220352,
            1.43427305100003
          ],
          [
            103.785221695,
            1.43426777600008
          ],
          [
            103.785222637,
            1.43426299400005
          ],
          [
            103.7852308,
            1.43426167200005
          ],
          [
            103.785254313,
            1.43425786500006
          ],
          [
            103.78531812,
            1.43424918100003
          ],
          [
            103.785349886,
            1.43424499300005
          ],
          [
            103.785423923,
            1.43423681700005
          ],
          [
            103.785458457,
            1.43423344800004
          ],
          [
            103.785501008,
            1.43422963700003
          ],
          [
            103.785557837,
            1.43422494000003
          ],
          [
            103.78560451,
            1.43422215500003
          ],
          [
            103.785666274,
            1.43422040600008
          ],
          [
            103.785667747,
            1.43422292400004
          ],
          [
            103.785676758,
            1.43423222700006
          ],
          [
            103.785687003,
            1.43424012800005
          ],
          [
            103.78569827,
            1.43424646700003
          ],
          [
            103.785710326,
            1.43425111100004
          ],
          [
            103.785722919,
            1.43425396100003
          ],
          [
            103.785821112,
            1.43425231200007
          ],
          [
            103.785858492,
            1.43424667200003
          ],
          [
            103.78589065,
            1.43424367300001
          ],
          [
            103.785927759,
            1.43425303700006
          ],
          [
            103.786046673,
            1.43425838500002
          ],
          [
            103.786079838,
            1.43425627900006
          ],
          [
            103.786209125,
            1.43426261300003
          ],
          [
            103.786227903,
            1.43425840200006
          ],
          [
            103.786263128,
            1.43423666300004
          ],
          [
            103.786421339,
            1.43425234400006
          ],
          [
            103.786428023,
            1.43425762200006
          ],
          [
            103.78643494,
            1.43426308200002
          ],
          [
            103.786448895,
            1.43427075900006
          ],
          [
            103.786518255,
            1.43428316100005
          ],
          [
            103.786538512,
            1.43428898500002
          ],
          [
            103.786539992,
            1.43428974200004
          ],
          [
            103.786545614,
            1.43429515600007
          ],
          [
            103.786583157,
            1.43431436500005
          ],
          [
            103.786619615,
            1.43432434300007
          ],
          [
            103.786667919,
            1.43432938900002
          ],
          [
            103.786713766,
            1.43434288300005
          ],
          [
            103.786854469,
            1.43437586200002
          ],
          [
            103.78686877,
            1.43437752100005
          ],
          [
            103.786879778,
            1.434375529
          ],
          [
            103.786885085,
            1.43437227200007
          ],
          [
            103.786922541,
            1.43435331400001
          ],
          [
            103.787021913,
            1.43437840000006
          ],
          [
            103.787057805,
            1.43438740900006
          ],
          [
            103.787214272,
            1.43442473300007
          ],
          [
            103.787225961,
            1.43442634200004
          ],
          [
            103.787563606,
            1.43451811700005
          ],
          [
            103.787699246,
            1.43455440200004
          ],
          [
            103.787703223,
            1.43456486000002
          ],
          [
            103.787708702,
            1.43457460500003
          ],
          [
            103.787715561,
            1.43458342200006
          ],
          [
            103.787723648,
            1.43459111300007
          ],
          [
            103.787732781,
            1.43459750700003
          ],
          [
            103.787742759,
            1.43460246200002
          ],
          [
            103.78776493,
            1.43460882000005
          ],
          [
            103.787774636,
            1.43461157100007
          ],
          [
            103.787818074,
            1.43462098700006
          ],
          [
            103.787842794,
            1.43462239500006
          ],
          [
            103.787857389,
            1.43462422600004
          ],
          [
            103.787879722,
            1.43463056200006
          ],
          [
            103.787894922,
            1.43463877000004
          ],
          [
            103.787911117,
            1.43464474500005
          ],
          [
            103.787927987,
            1.43464836800008
          ],
          [
            103.787945195,
            1.43464956600009
          ],
          [
            103.787957445,
            1.43464789700003
          ],
          [
            103.787974887,
            1.43464189900004
          ],
          [
            103.787993083,
            1.43463893300002
          ],
          [
            103.788011514,
            1.43463908200004
          ],
          [
            103.788029659,
            1.43464234300006
          ],
          [
            103.788037995,
            1.43464260100005
          ],
          [
            103.788055309,
            1.43464178800001
          ],
          [
            103.788073002,
            1.43463620400006
          ],
          [
            103.788089607,
            1.43462789700003
          ],
          [
            103.788104713,
            1.43461707300003
          ],
          [
            103.788117946,
            1.43460400000004
          ],
          [
            103.788128983,
            1.43459284000004
          ]
        ]
      },
      "properties": {
        "OBJECTID": 123,
        "pcn_loop": "Northern Explorer Loop",
        "pcn": "Woodlands (SLE) Park Connector",
        "descriptionHTML": "Running along the side of the SLE, the Woodlands (SLE) Park Connector links the Woodlands (Ave 2) Park Connector to the Ulu Sembawang Park Connector. With “green-roof” shelters and drinking fountains placed along the park connector, visitors can take a breather and enjoy the beauty of the nearby nature reserve.",
        "address": "",
        "Shape__Length": 762.8877745208745
      }
    },
    {
      "type": "Feature",
      "id": 124,
      "geometry": {
        "type": "LineString",
        "coordinates": [
          [
            103.79524231,
            1.42334929800007
          ],
          [
            103.79515149,
            1.42331957400005
          ],
          [
            103.794895815,
            1.42331955200006
          ],
          [
            103.794252572,
            1.42354569400004
          ],
          [
            103.793322213,
            1.42391242000003
          ],
          [
            103.792803001,
            1.42419317500002
          ],
          [
            103.791911648,
            1.42464559500006
          ],
          [
            103.790516486,
            1.42535542500002
          ],
          [
            103.787168118,
            1.42668927700004
          ],
          [
            103.786982251,
            1.42683733000007
          ],
          [
            103.786955252,
            1.42692847700004
          ],
          [
            103.786873587,
            1.42720416500003
          ],
          [
            103.786951079,
            1.42768779600004
          ],
          [
            103.787323067,
            1.42916985800003
          ],
          [
            103.787741583,
            1.43078460100003
          ],
          [
            103.787981839,
            1.43178308600005
          ],
          [
            103.788011297,
            1.43190551200007
          ],
          [
            103.788053007,
            1.43198768800004
          ],
          [
            103.787874916,
            1.43209605800005
          ],
          [
            103.787568439,
            1.43206270700005
          ],
          [
            103.787638489,
            1.43231589700002
          ],
          [
            103.787608829,
            1.43234519700007
          ],
          [
            103.787542883,
            1.43241035200003
          ]
        ]
      },
      "properties": {
        "OBJECTID": 124,
        "pcn_loop": "Northern Explorer Loop",
        "pcn": "Woodlands (SLE) Park Connector",
        "descriptionHTML": "Running along the side of the SLE, the Woodlands (SLE) Park Connector links the Woodlands (Ave 2) Park Connector to the Ulu Sembawang Park Connector. With “green-roof” shelters and drinking fountains placed along the park connector, visitors can take a breather and enjoy the beauty of the nearby nature reserve.",
        "address": "",
        "Shape__Length": 1698.7087985430246
      }
    },
    {
      "type": "Feature",
      "id": 125,
      "geometry": {
        "type": "LineString",
        "coordinates": [
          [
            103.811987111,
            1.44513157600004
          ],
          [
            103.811949425,
            1.44509563900003
          ],
          [
            103.811936251,
            1.44502049900006
          ],
          [
            103.811918684,
            1.44491441900004
          ],
          [
            103.81190551,
            1.44475971800004
          ],
          [
            103.811918687,
            1.44459617700005
          ],
          [
            103.811940647,
            1.44449893800004
          ],
          [
            103.811966999,
            1.44442821700006
          ],
          [
            103.811819294,
            1.44437274700004
          ],
          [
            103.811798931,
            1.44413463600005
          ],
          [
            103.811562545,
            1.44421731300002
          ],
          [
            103.811352167,
            1.44406626600004
          ],
          [
            103.811324184,
            1.44397051400006
          ],
          [
            103.811324185,
            1.44390855600005
          ],
          [
            103.811335379,
            1.44382125100002
          ],
          [
            103.811354968,
            1.44374521300005
          ],
          [
            103.81136896,
            1.44367480600006
          ],
          [
            103.811374558,
            1.44360721600002
          ],
          [
            103.811363365,
            1.44353399300007
          ],
          [
            103.811343778,
            1.44343824000003
          ],
          [
            103.811326989,
            1.44333122200005
          ],
          [
            103.811326989,
            1.44327771200005
          ],
          [
            103.811329788,
            1.44320449000002
          ],
          [
            103.811338184,
            1.44313126700006
          ],
          [
            103.811343782,
            1.44305241100004
          ],
          [
            103.811338186,
            1.44295665900006
          ],
          [
            103.811321397,
            1.44288061900005
          ],
          [
            103.811262634,
            1.44267503100002
          ],
          [
            103.811257038,
            1.44262433900001
          ],
          [
            103.811245847,
            1.44245536300001
          ],
          [
            103.811234653,
            1.44239058900007
          ],
          [
            103.811220663,
            1.44232863100007
          ],
          [
            103.811153505,
            1.44217373600001
          ],
          [
            103.811097539,
            1.44208079800006
          ],
          [
            103.811069558,
            1.44200475900003
          ],
          [
            103.811016392,
            1.44178790600006
          ],
          [
            103.810957629,
            1.44159358300004
          ],
          [
            103.810910059,
            1.44149219700005
          ],
          [
            103.810879278,
            1.44140489300002
          ],
          [
            103.810834506,
            1.44134856700003
          ],
          [
            103.810742163,
            1.44123310000004
          ],
          [
            103.810694592,
            1.44116269300002
          ],
          [
            103.810655416,
            1.44110918300003
          ],
          [
            103.810577066,
            1.44092330900002
          ],
          [
            103.810532294,
            1.44083318800005
          ],
          [
            103.810493118,
            1.44077123000005
          ],
          [
            103.810448346,
            1.44070645500004
          ],
          [
            103.810367196,
            1.44061351800001
          ],
          [
            103.810255264,
            1.44048960100003
          ],
          [
            103.810129343,
            1.44034315400006
          ],
          [
            103.810056587,
            1.44026429800004
          ],
          [
            103.810000622,
            1.44017699300002
          ],
          [
            103.809967043,
            1.44011503500007
          ],
          [
            103.809908279,
            1.44003336200006
          ],
          [
            103.809841121,
            1.43996013900006
          ],
          [
            103.809787954,
            1.43991789500006
          ],
          [
            103.809715198,
            1.43985030400004
          ],
          [
            103.809636846,
            1.43977708000004
          ],
          [
            103.809580881,
            1.43970948900005
          ],
          [
            103.809522118,
            1.43961655200007
          ],
          [
            103.809457758,
            1.43954051200007
          ],
          [
            103.80940459,
            1.43948137000007
          ],
          [
            103.809320642,
            1.43941941100007
          ],
          [
            103.809264676,
            1.43934055500006
          ],
          [
            103.809222703,
            1.43926733200003
          ],
          [
            103.809180728,
            1.43919692500003
          ],
          [
            103.809124763,
            1.43913778300003
          ],
          [
            103.809052008,
            1.43908427200006
          ],
          [
            103.808984849,
            1.43902231500004
          ],
          [
            103.808920489,
            1.43894345800003
          ],
          [
            103.808878515,
            1.43888431700002
          ],
          [
            103.808800163,
            1.43880264400002
          ],
          [
            103.808718,
            1.43870963200003
          ],
          [
            103.808661845,
            1.43866000100006
          ],
          [
            103.808598688,
            1.43858860600005
          ],
          [
            103.808537125,
            1.43856325800004
          ],
          [
            103.808469966,
            1.43849285100004
          ],
          [
            103.808430791,
            1.43842526000002
          ],
          [
            103.808394414,
            1.43836611800002
          ],
          [
            103.808344046,
            1.43829852700004
          ],
          [
            103.80828808,
            1.43821967200005
          ],
          [
            103.808220921,
            1.43815489700006
          ],
          [
            103.808120184,
            1.43804787800001
          ],
          [
            103.808005455,
            1.43793804200004
          ],
          [
            103.807941094,
            1.43787045100005
          ],
          [
            103.807907516,
            1.43780849300003
          ],
          [
            103.807882331,
            1.43778314600007
          ],
          [
            103.807843155,
            1.43775779900004
          ],
          [
            103.807781593,
            1.43769302400005
          ],
          [
            103.807762005,
            1.43763106700003
          ],
          [
            103.807756409,
            1.43757192500003
          ],
          [
            103.807660472,
            1.43741045900003
          ],
          [
            103.807373047,
            1.43715229700007
          ],
          [
            103.807210747,
            1.43699176900003
          ],
          [
            103.806978491,
            1.43668479300003
          ],
          [
            103.806821788,
            1.43650736600006
          ],
          [
            103.806740639,
            1.43642851000003
          ],
          [
            103.806620313,
            1.43631304200005
          ],
          [
            103.806555953,
            1.43623418600004
          ],
          [
            103.806494392,
            1.43614969700006
          ],
          [
            103.806444023,
            1.43607084200005
          ],
          [
            103.806371268,
            1.43597508800002
          ],
          [
            103.806315303,
            1.43591312900002
          ],
          [
            103.806250943,
            1.43585680300002
          ],
          [
            103.806169793,
            1.43578076300002
          ],
          [
            103.806105433,
            1.43571598800003
          ],
          [
            103.806032678,
            1.43564839700002
          ],
          [
            103.805979511,
            1.43556672500006
          ],
          [
            103.805920748,
            1.43547097100001
          ],
          [
            103.805884371,
            1.43541464500002
          ],
          [
            103.805825607,
            1.43535550300003
          ],
          [
            103.805722071,
            1.43526256500006
          ],
          [
            103.805660509,
            1.43519497400007
          ],
          [
            103.805559772,
            1.43508795500002
          ],
          [
            103.805512202,
            1.43501191500007
          ],
          [
            103.805473026,
            1.43493587500005
          ],
          [
            103.805431052,
            1.43487391700006
          ],
          [
            103.80536949,
            1.43481195800006
          ],
          [
            103.805268753,
            1.43472183700003
          ],
          [
            103.805179209,
            1.43461763400005
          ],
          [
            103.805084068,
            1.43447963600005
          ],
          [
            103.805011313,
            1.43441204500004
          ],
          [
            103.804946953,
            1.43436416700007
          ],
          [
            103.804882593,
            1.43432192300003
          ],
          [
            103.804807039,
            1.43429375900007
          ],
          [
            103.804748934,
            1.43421667300003
          ],
          [
            103.80468916,
            1.43413737200006
          ],
          [
            103.804622354,
            1.43404874200006
          ],
          [
            103.804594372,
            1.43395862100005
          ],
          [
            103.8045496,
            1.43388258100003
          ],
          [
            103.804493635,
            1.43382343900003
          ],
          [
            103.804446065,
            1.43376711400003
          ],
          [
            103.804378906,
            1.43371923600004
          ],
          [
            103.804286563,
            1.43362911500001
          ],
          [
            103.804233397,
            1.43356997200003
          ],
          [
            103.804191423,
            1.43350519800004
          ],
          [
            103.804160642,
            1.43342352600007
          ],
          [
            103.804113073,
            1.43334185300006
          ],
          [
            103.804073897,
            1.43329116000005
          ],
          [
            103.804031924,
            1.43324609900003
          ],
          [
            103.803959169,
            1.43319540600004
          ],
          [
            103.803894809,
            1.43313063100005
          ],
          [
            103.80382765,
            1.43307712000007
          ],
          [
            103.803782878,
            1.43300953000005
          ],
          [
            103.80373251,
            1.432919409
          ],
          [
            103.803687737,
            1.43286589900002
          ],
          [
            103.803614983,
            1.43278985900002
          ],
          [
            103.803497456,
            1.43268565600005
          ],
          [
            103.803412301,
            1.43257955700005
          ],
          [
            103.803311098,
            1.43246506700007
          ],
          [
            103.803222525,
            1.43236482400005
          ],
          [
            103.803052534,
            1.43215900800004
          ],
          [
            103.802985376,
            1.43208578500002
          ],
          [
            103.802923814,
            1.43202664200002
          ],
          [
            103.802879129,
            1.43199516300007
          ],
          [
            103.802838396,
            1.43195865600006
          ],
          [
            103.802802172,
            1.43191761800007
          ],
          [
            103.802770948,
            1.43187260800005
          ],
          [
            103.802745154,
            1.43182424100008
          ],
          [
            103.802725138,
            1.43177317600003
          ],
          [
            103.802694816,
            1.43171914900006
          ],
          [
            103.802658753,
            1.43166882100007
          ],
          [
            103.802617391,
            1.43162280600006
          ],
          [
            103.802571234,
            1.43158166800003
          ],
          [
            103.802519179,
            1.43154509400006
          ],
          [
            103.802471098,
            1.43150337300006
          ],
          [
            103.80242749,
            1.43145693900004
          ],
          [
            103.80238881,
            1.43140627500003
          ],
          [
            103.802355459,
            1.43135190900006
          ],
          [
            103.802327786,
            1.43129440600007
          ],
          [
            103.802289848,
            1.43123896700005
          ],
          [
            103.80224798,
            1.43118647300003
          ],
          [
            103.802202403,
            1.43113720400004
          ],
          [
            103.802153365,
            1.43109142800006
          ],
          [
            103.802101127,
            1.43104938700003
          ],
          [
            103.802039438,
            1.43099181900004
          ],
          [
            103.801982255,
            1.43092971700002
          ],
          [
            103.801929908,
            1.43086343500004
          ],
          [
            103.801882696,
            1.43079335600004
          ],
          [
            103.801840891,
            1.43071988200004
          ],
          [
            103.80178237,
            1.43063798400005
          ],
          [
            103.801718375,
            1.43056034800002
          ],
          [
            103.801649208,
            1.43048733900002
          ],
          [
            103.801575201,
            1.43041930800007
          ],
          [
            103.801496705,
            1.43035657900004
          ],
          [
            103.801437495,
            1.43029324100007
          ],
          [
            103.801383289,
            1.43022551700005
          ],
          [
            103.801334408,
            1.43015380500004
          ],
          [
            103.801312312,
            1.43010988500004
          ],
          [
            103.801285605,
            1.43006864000006
          ],
          [
            103.801254606,
            1.43003055900005
          ],
          [
            103.801219679,
            1.42999609300005
          ],
          [
            103.801144127,
            1.42992850100007
          ],
          [
            103.80107417,
            1.42986654300005
          ],
          [
            103.801029398,
            1.42981303300007
          ],
          [
            103.80099582,
            1.42975107500006
          ],
          [
            103.800951047,
            1.42968630000006
          ],
          [
            103.800909074,
            1.42964405600002
          ],
          [
            103.800853108,
            1.42959054600003
          ],
          [
            103.800777556,
            1.42950605700001
          ],
          [
            103.800696407,
            1.42939340600002
          ],
          [
            103.800648837,
            1.42932581500002
          ],
          [
            103.800606863,
            1.42928920300004
          ],
          [
            103.800559293,
            1.42925259100002
          ],
          [
            103.80050053,
            1.42919344800003
          ],
          [
            103.800458556,
            1.42913430600003
          ],
          [
            103.800413784,
            1.42906671500002
          ],
          [
            103.800371811,
            1.42901038800004
          ],
          [
            103.800332635,
            1.42896251200005
          ],
          [
            103.800259881,
            1.42890336900007
          ],
          [
            103.80021231,
            1.42884986000007
          ],
          [
            103.800184327,
            1.42881324800004
          ],
          [
            103.80013396,
            1.42873439100005
          ],
          [
            103.800072398,
            1.42868933000005
          ],
          [
            103.800013634,
            1.42866398300002
          ],
          [
            103.799974458,
            1.42862455500005
          ],
          [
            103.799844159,
            1.42847520200007
          ],
          [
            103.799672248,
            1.42827815000005
          ],
          [
            103.799641467,
            1.42822745700003
          ],
          [
            103.799599494,
            1.42816549800007
          ],
          [
            103.799571511,
            1.42813452000007
          ],
          [
            103.799498757,
            1.42807256000003
          ],
          [
            103.799434397,
            1.42798807100007
          ],
          [
            103.799350451,
            1.42787823600001
          ],
          [
            103.799314074,
            1.42782191000004
          ],
          [
            103.799274898,
            1.42775431900003
          ],
          [
            103.799251187,
            1.42772780400002
          ],
          [
            103.79922453,
            1.42769799300003
          ],
          [
            103.799146179,
            1.42761913600002
          ],
          [
            103.799095811,
            1.42754309700007
          ],
          [
            103.799011864,
            1.42744171000003
          ],
          [
            103.798947504,
            1.42737411900003
          ],
          [
            103.798860758,
            1.42730089400004
          ],
          [
            103.7987936,
            1.42723330300002
          ],
          [
            103.79869033,
            1.42712233700007
          ],
          [
            103.798616685,
            1.42703627400004
          ],
          [
            103.798547767,
            1.42695952
          ],
          [
            103.798452214,
            1.42685310300004
          ],
          [
            103.798424232,
            1.42681930700007
          ],
          [
            103.798407443,
            1.42676579700003
          ],
          [
            103.798376663,
            1.42671228800003
          ],
          [
            103.798337488,
            1.42667849300004
          ],
          [
            103.798278724,
            1.42663624700003
          ],
          [
            103.79821996,
            1.42657710500004
          ],
          [
            103.798155601,
            1.42650951400003
          ],
          [
            103.798130418,
            1.42645882000004
          ],
          [
            103.798057663,
            1.42635743400007
          ],
          [
            103.7979989,
            1.42629265900006
          ],
          [
            103.79796812,
            1.42624759800004
          ],
          [
            103.797923348,
            1.42617155900007
          ],
          [
            103.797881375,
            1.42609551800008
          ],
          [
            103.797814217,
            1.42603919300006
          ],
          [
            103.797738664,
            1.42596878500005
          ],
          [
            103.797685497,
            1.42591527500002
          ],
          [
            103.797640726,
            1.42587584600004
          ],
          [
            103.797615542,
            1.42581670400006
          ],
          [
            103.797573568,
            1.42575756200006
          ],
          [
            103.797542788,
            1.42571531800007
          ],
          [
            103.797512007,
            1.42567307300004
          ],
          [
            103.797461639,
            1.42562519700005
          ],
          [
            103.797416867,
            1.42558576700002
          ],
          [
            103.797360902,
            1.42553507400004
          ],
          [
            103.79731613,
            1.42548156400006
          ],
          [
            103.797285349,
            1.42544495200001
          ],
          [
            103.79725457,
            1.42539707600002
          ],
          [
            103.79719021,
            1.42530977000006
          ],
          [
            103.797162228,
            1.42527315800003
          ],
          [
            103.797114657,
            1.42523373000006
          ],
          [
            103.797072683,
            1.42519711800002
          ],
          [
            103.797022315,
            1.42516332200006
          ],
          [
            103.796983139,
            1.42511826100002
          ],
          [
            103.79694956,
            1.42507601600004
          ],
          [
            103.796924377,
            1.42502250700004
          ],
          [
            103.796885202,
            1.42496336500005
          ],
          [
            103.796854422,
            1.42492675300002
          ],
          [
            103.796809649,
            1.42487887600003
          ],
          [
            103.796756483,
            1.42482818200006
          ],
          [
            103.796720106,
            1.42478875400007
          ],
          [
            103.796613773,
            1.42463949000006
          ],
          [
            103.796582174,
            1.42460018400005
          ],
          [
            103.796547197,
            1.42456389100003
          ],
          [
            103.796509126,
            1.42453090400005
          ],
          [
            103.796468264,
            1.42450149100005
          ],
          [
            103.796435139,
            1.42447205900003
          ],
          [
            103.79640565,
            1.42443893900002
          ],
          [
            103.796380199,
            1.42440258500005
          ],
          [
            103.796359134,
            1.42436349200004
          ],
          [
            103.796323988,
            1.42431149200007
          ],
          [
            103.796284724,
            1.42426256700002
          ],
          [
            103.796241607,
            1.42421704500004
          ],
          [
            103.796187438,
            1.42417629900006
          ],
          [
            103.796137508,
            1.42413039400002
          ],
          [
            103.7960923,
            1.42407977500006
          ],
          [
            103.796052251,
            1.42402493100002
          ],
          [
            103.796017749,
            1.42396639400004
          ],
          [
            103.795975572,
            1.42390124200005
          ],
          [
            103.79592788,
            1.42384006600003
          ],
          [
            103.79587504,
            1.42378333400006
          ],
          [
            103.795827162,
            1.42375123200003
          ],
          [
            103.795783572,
            1.42371344800006
          ],
          [
            103.795744931,
            1.42367055300001
          ],
          [
            103.795711826,
            1.42362320200004
          ],
          [
            103.795684759,
            1.42357211100005
          ],
          [
            103.795648383,
            1.42351015300004
          ],
          [
            103.795595216,
            1.42345946000006
          ],
          [
            103.795494935,
            1.42338932400002
          ],
          [
            103.795305848,
            1.42337011900001
          ],
          [
            103.79524231,
            1.42334929800007
          ]
        ]
      },
      "properties": {
        "OBJECTID": 125,
        "pcn_loop": "Northern Explorer Loop",
        "pcn": "Woodlands (SLE) Park Connector",
        "descriptionHTML": "Running along the side of the SLE, the Woodlands (SLE) Park Connector links the Woodlands (Ave 2) Park Connector to the Ulu Sembawang Park Connector. With “green-roof” shelters and drinking fountains placed along the park connector, visitors can take a breather and enjoy the beauty of the nearby nature reserve.",
        "address": "",
        "Shape__Length": 3181.1464224509905
      }
    },
    {
      "type": "Feature",
      "id": 126,
      "geometry": {
        "type": "LineString",
        "coordinates": [
          [
            103.785094186,
            1.44097566700003
          ],
          [
            103.785272098,
            1.44122027400003
          ],
          [
            103.785042697,
            1.44136978500006
          ]
        ]
      },
      "properties": {
        "OBJECTID": 126,
        "pcn_loop": "Northern Explorer Loop",
        "pcn": "Woodlands (SLE) Park Connector",
        "descriptionHTML": "Running along the side of the SLE, the Woodlands (SLE) Park Connector links the Woodlands (Ave 2) Park Connector to the Ulu Sembawang Park Connector. With “green-roof” shelters and drinking fountains placed along the park connector, visitors can take a breather and enjoy the beauty of the nearby nature reserve.",
        "address": "",
        "Shape__Length": 64.16182756834073
      }
    },
    {
      "type": "Feature",
      "id": 127,
      "geometry": {
        "type": "LineString",
        "coordinates": [
          [
            103.785094186,
            1.44097566700003
          ],
          [
            103.784870537,
            1.44112865800002
          ],
          [
            103.785042697,
            1.44136978500006
          ]
        ]
      },
      "properties": {
        "OBJECTID": 127,
        "pcn_loop": "Northern Explorer Loop",
        "pcn": "Woodlands (SLE) Park Connector",
        "descriptionHTML": "Running along the side of the SLE, the Woodlands (SLE) Park Connector links the Woodlands (Ave 2) Park Connector to the Ulu Sembawang Park Connector. With “green-roof” shelters and drinking fountains placed along the park connector, visitors can take a breather and enjoy the beauty of the nearby nature reserve.",
        "address": "",
        "Shape__Length": 63.15591338066637
      }
    },
    {
      "type": "Feature",
      "id": 128,
      "geometry": {
        "type": "LineString",
        "coordinates": [
          [
            103.785005855,
            1.44150553200007
          ],
          [
            103.785042697,
            1.44136978500006
          ]
        ]
      },
      "properties": {
        "OBJECTID": 128,
        "pcn_loop": "Northern Explorer Loop",
        "pcn": "Woodlands (SLE) Park Connector",
        "descriptionHTML": "Running along the side of the SLE, the Woodlands (SLE) Park Connector links the Woodlands (Ave 2) Park Connector to the Ulu Sembawang Park Connector. With “green-roof” shelters and drinking fountains placed along the park connector, visitors can take a breather and enjoy the beauty of the nearby nature reserve.",
        "address": "",
        "Shape__Length": 15.66255694085192
      }
    },
    {
      "type": "Feature",
      "id": 129,
      "geometry": {
        "type": "LineString",
        "coordinates": [
          [
            103.780811687,
            1.45144172600004
          ],
          [
            103.781156497,
            1.45137585900005
          ],
          [
            103.781629264,
            1.45126492800005
          ],
          [
            103.782149819,
            1.45110570800005
          ],
          [
            103.782604938,
            1.45096418000003
          ],
          [
            103.783127446,
            1.45083346500007
          ],
          [
            103.783525309,
            1.45075903100008
          ],
          [
            103.783921174,
            1.45069478200004
          ],
          [
            103.784295473,
            1.45066209000002
          ],
          [
            103.784758272,
            1.45067349500004
          ],
          [
            103.785396517,
            1.45074426700006
          ],
          [
            103.786053726,
            1.45088760300006
          ],
          [
            103.786494282,
            1.45100327700002
          ],
          [
            103.787464783,
            1.45122177600006
          ],
          [
            103.788809884,
            1.45153755200003
          ],
          [
            103.789352976,
            1.45167239600004
          ],
          [
            103.789854605,
            1.45180793900004
          ],
          [
            103.790020612,
            1.45183364500001
          ],
          [
            103.790163176,
            1.45184797200005
          ],
          [
            103.790244083,
            1.45182722400005
          ],
          [
            103.79030479,
            1.45177032500003
          ],
          [
            103.790346788,
            1.45169267600006
          ],
          [
            103.79118271,
            1.44934686600004
          ],
          [
            103.792153267,
            1.44644240300004
          ],
          [
            103.792134114,
            1.44630103400004
          ],
          [
            103.792300124,
            1.44616609400003
          ],
          [
            103.792485284,
            1.44623035600005
          ],
          [
            103.792574677,
            1.44599902700003
          ],
          [
            103.792708762,
            1.44586408700008
          ],
          [
            103.792683225,
            1.44570986600007
          ],
          [
            103.792766234,
            1.44543998200004
          ],
          [
            103.792957786,
            1.44512512000005
          ],
          [
            103.793449433,
            1.44445041400007
          ],
          [
            103.793794225,
            1.44398776000003
          ],
          [
            103.793851691,
            1.44391065000001
          ],
          [
            103.79397578,
            1.44379037700002
          ],
          [
            103.794145401,
            1.44355723500006
          ],
          [
            103.794266824,
            1.44330508800003
          ],
          [
            103.795333017,
            1.44184798000003
          ],
          [
            103.795384096,
            1.44184155500005
          ],
          [
            103.795504255,
            1.44168331200006
          ],
          [
            103.795575648,
            1.44152669300007
          ],
          [
            103.795645885,
            1.44129536300004
          ],
          [
            103.795696968,
            1.44105118200001
          ],
          [
            103.795728899,
            1.44067205700002
          ],
          [
            103.795728906,
            1.44024795200005
          ],
          [
            103.795760839,
            1.43970175500005
          ],
          [
            103.795799151,
            1.43952825800006
          ],
          [
            103.795796684,
            1.43939775500008
          ],
          [
            103.795775283,
            1.43936298200002
          ],
          [
            103.795792613,
            1.43915751400004
          ]
        ]
      },
      "properties": {
        "OBJECTID": 129,
        "pcn_loop": "Northern Explorer Loop",
        "pcn": "Admiralty West Park Connector",
        "descriptionHTML": "The Admiralty West Park Connector links the Woodlands (Ave 7) Park Connector to Woodland Waterfront. Visitors can stop by the resting area to admire the beauty of the surroundings or get close to nature at the nearby butterfly garden.",
        "address": "",
        "Shape__Length": 2678.6192678545845
      }
    },
    {
      "type": "Feature",
      "id": 130,
      "geometry": {
        "type": "LineString",
        "coordinates": [
          [
            103.778888855,
            1.45176026900003
          ],
          [
            103.77902259,
            1.45115054400002
          ],
          [
            103.779187336,
            1.45092910400006
          ],
          [
            103.779253005,
            1.45097098300003
          ],
          [
            103.77931189,
            1.45100459200006
          ],
          [
            103.779539379,
            1.45111749700004
          ],
          [
            103.779797943,
            1.45122935900001
          ],
          [
            103.780035185,
            1.45130558500004
          ],
          [
            103.780215032,
            1.45134785200002
          ],
          [
            103.780811687,
            1.45144172600004
          ]
        ]
      },
      "properties": {
        "OBJECTID": 130,
        "pcn_loop": "Northern Explorer Loop",
        "pcn": "Admiralty West Park Connector",
        "descriptionHTML": "The Admiralty West Park Connector links the Woodlands (Ave 7) Park Connector to Woodland Waterfront. Visitors can stop by the resting area to admire the beauty of the surroundings or get close to nature at the nearby butterfly garden.",
        "address": "",
        "Shape__Length": 291.638531314675
      }
    },
    {
      "type": "Feature",
      "id": 131,
      "geometry": {
        "type": "LineString",
        "coordinates": [
          [
            103.831956761,
            1.45355613800006
          ],
          [
            103.831716519,
            1.45339795500009
          ],
          [
            103.831687708,
            1.45338332400007
          ],
          [
            103.831573954,
            1.45340730000003
          ],
          [
            103.831408886,
            1.45329125600006
          ],
          [
            103.83054667,
            1.45268511600004
          ],
          [
            103.829446945,
            1.45181853300005
          ],
          [
            103.828783922,
            1.45128322700003
          ],
          [
            103.828342471,
            1.45094251500007
          ],
          [
            103.827897035,
            1.45059764600005
          ],
          [
            103.827462368,
            1.45023981200007
          ],
          [
            103.827275903,
            1.45008729800001
          ],
          [
            103.826900706,
            1.44964883000006
          ],
          [
            103.826643964,
            1.44922355300002
          ],
          [
            103.826557401,
            1.44900820800007
          ],
          [
            103.826439085,
            1.44866992200003
          ],
          [
            103.826340648,
            1.44841090200002
          ],
          [
            103.826342798,
            1.44823935100003
          ],
          [
            103.826265548,
            1.44808037600006
          ]
        ]
      },
      "properties": {
        "OBJECTID": 131,
        "pcn_loop": "Northern Explorer Loop",
        "pcn": "Sembawang Park Connector",
        "descriptionHTML": "Running along Sungei Sembawang, the Sembawang Park Connector provides seamless connectivity to residents from Admiralty Drive. Cutting through the mangrove swamps, the park connector enables nearby residents to appreciate the beautiful scenery of the mangrove habitat right at their doorstep. Nature lovers can view water birds such as the Egrets and Kingfishers. Level and smooth, the Sembawang Park Connector is widely used by neighbouring schools for their routine 2.4 km runs.",
        "address": "",
        "Shape__Length": 908.3758799053745
      }
    },
    {
      "type": "Feature",
      "id": 132,
      "geometry": {
        "type": "LineString",
        "coordinates": [
          [
            103.836227788,
            1.45899525900005
          ],
          [
            103.836097843,
            1.45873621800007
          ],
          [
            103.835987888,
            1.45847592000006
          ],
          [
            103.835914169,
            1.45828603900003
          ],
          [
            103.835852944,
            1.45812382400002
          ],
          [
            103.835755485,
            1.45773526100004
          ],
          [
            103.83569426,
            1.45744729900002
          ],
          [
            103.835630537,
            1.45725993300004
          ],
          [
            103.835556818,
            1.45709520300005
          ],
          [
            103.835391887,
            1.45686759900001
          ],
          [
            103.835174478,
            1.45669909600003
          ],
          [
            103.834814629,
            1.45643251000007
          ],
          [
            103.834574731,
            1.45624766000004
          ],
          [
            103.834438537,
            1.45612945600003
          ],
          [
            103.834286102,
            1.45595089400006
          ],
          [
            103.834169901,
            1.45578364900006
          ],
          [
            103.833998723,
            1.45552963700003
          ],
          [
            103.833786312,
            1.45520897900002
          ],
          [
            103.833702597,
            1.45506436900008
          ],
          [
            103.833616383,
            1.45491850100006
          ],
          [
            103.83343521,
            1.45464562700005
          ],
          [
            103.833312762,
            1.45447335200004
          ],
          [
            103.833237793,
            1.45438155500007
          ],
          [
            103.833050372,
            1.45419544800005
          ],
          [
            103.83296291,
            1.45413508900002
          ],
          [
            103.832837962,
            1.45405712500002
          ],
          [
            103.832549334,
            1.45390245400007
          ],
          [
            103.832291942,
            1.45377544900003
          ],
          [
            103.832164496,
            1.45371005900005
          ],
          [
            103.832085779,
            1.45368490900006
          ],
          [
            103.83201206,
            1.45370251400003
          ],
          [
            103.831956761,
            1.45355613800006
          ]
        ]
      },
      "properties": {
        "OBJECTID": 132,
        "pcn_loop": "Northern Explorer Loop",
        "pcn": "Sembawang Park Connector",
        "descriptionHTML": "Running along Sungei Sembawang, the Sembawang Park Connector provides seamless connectivity to residents from Admiralty Drive. Cutting through the mangrove swamps, the park connector enables nearby residents to appreciate the beautiful scenery of the mangrove habitat right at their doorstep. Nature lovers can view water birds such as the Egrets and Kingfishers. Level and smooth, the Sembawang Park Connector is widely used by neighbouring schools for their routine 2.4 km runs.",
        "address": "",
        "Shape__Length": 804.286312687906
      }
    },
    {
      "type": "Feature",
      "id": 133,
      "geometry": {
        "type": "LineString",
        "coordinates": [
          [
            103.777681238,
            1.40007524500004
          ],
          [
            103.777753642,
            1.40046082900004
          ],
          [
            103.777750793,
            1.40049761200004
          ],
          [
            103.777742588,
            1.40052706500004
          ],
          [
            103.777726344,
            1.40055399700003
          ],
          [
            103.777703328,
            1.40058183400002
          ],
          [
            103.777694022,
            1.40061548000005
          ],
          [
            103.777697984,
            1.40064716000006
          ],
          [
            103.777719297,
            1.40067850500001
          ],
          [
            103.777733004,
            1.40092033300004
          ],
          [
            103.777733793,
            1.40094986100006
          ],
          [
            103.777730227,
            1.40098464600004
          ],
          [
            103.777722574,
            1.40101531500003
          ],
          [
            103.777711747,
            1.40104279100006
          ],
          [
            103.777698236,
            1.40106758500002
          ],
          [
            103.777682035,
            1.40109176100004
          ],
          [
            103.777666792,
            1.40111942400006
          ],
          [
            103.777654219,
            1.40115360100002
          ],
          [
            103.777682885,
            1.40141918600005
          ],
          [
            103.777698455,
            1.40144230100003
          ],
          [
            103.777772436,
            1.40152436600004
          ],
          [
            103.777788104,
            1.40155142700008
          ],
          [
            103.777794824,
            1.40158097900006
          ],
          [
            103.777791987,
            1.40161498300005
          ],
          [
            103.77776396,
            1.40173471300006
          ],
          [
            103.777768221,
            1.40177196600006
          ],
          [
            103.777795106,
            1.40180178800005
          ],
          [
            103.777838958,
            1.40181663200001
          ],
          [
            103.777862971,
            1.40182875100004
          ],
          [
            103.777887611,
            1.40185180300005
          ],
          [
            103.777907819,
            1.40188812400003
          ],
          [
            103.777947599,
            1.40199275800006
          ],
          [
            103.777963834,
            1.40202290800004
          ],
          [
            103.777976579,
            1.40206030700006
          ],
          [
            103.777979999,
            1.40208998000002
          ],
          [
            103.777978322,
            1.40211649500003
          ],
          [
            103.777988552,
            1.40215004500004
          ],
          [
            103.778015249,
            1.40220286300007
          ],
          [
            103.778033554,
            1.40223324700002
          ],
          [
            103.778053683,
            1.40226238000002
          ],
          [
            103.778080854,
            1.40230467600002
          ],
          [
            103.778084221,
            1.40233695300003
          ],
          [
            103.778075441,
            1.40236836200005
          ],
          [
            103.778029092,
            1.40244302900002
          ],
          [
            103.778042653,
            1.40247066000005
          ],
          [
            103.778053078,
            1.40249719700006
          ],
          [
            103.778056677,
            1.40252291100007
          ],
          [
            103.778051555,
            1.40255011500005
          ],
          [
            103.778049811,
            1.40259215100001
          ],
          [
            103.778068488,
            1.40263832200003
          ],
          [
            103.778093874,
            1.40267163300005
          ],
          [
            103.77812251,
            1.40269472200004
          ],
          [
            103.778148624,
            1.40272573800006
          ],
          [
            103.778160159,
            1.40276123900002
          ],
          [
            103.778159653,
            1.40279000600003
          ],
          [
            103.77815824,
            1.40281795000004
          ],
          [
            103.778153896,
            1.40285270000004
          ],
          [
            103.778146771,
            1.40288463900003
          ],
          [
            103.778137317,
            1.40291423400003
          ],
          [
            103.778125837,
            1.40294179000004
          ],
          [
            103.778113066,
            1.40296659600006
          ],
          [
            103.777989004,
            1.40314518800005
          ],
          [
            103.777987603,
            1.40317635100008
          ],
          [
            103.778006173,
            1.40320755500003
          ],
          [
            103.778054467,
            1.40323717300004
          ],
          [
            103.77809724,
            1.40325973300003
          ],
          [
            103.77813666,
            1.40327890700006
          ],
          [
            103.77817345,
            1.40329546700001
          ],
          [
            103.778194737,
            1.40331032600005
          ],
          [
            103.778256989,
            1.40352308500007
          ],
          [
            103.778356436,
            1.40367667300006
          ],
          [
            103.778381388,
            1.40371935900003
          ],
          [
            103.778400761,
            1.40376861600004
          ],
          [
            103.778427534,
            1.40380947600004
          ],
          [
            103.778459612,
            1.40384645800002
          ],
          [
            103.778496694,
            1.40387908600007
          ],
          [
            103.778526395,
            1.40389790900001
          ],
          [
            103.778555794,
            1.40393003500003
          ],
          [
            103.778572992,
            1.40396546100003
          ],
          [
            103.77857875,
            1.40399532300004
          ],
          [
            103.778569906,
            1.40403023200001
          ],
          [
            103.778552133,
            1.40406390700002
          ],
          [
            103.778549045,
            1.40408985400005
          ],
          [
            103.778558631,
            1.40411999200006
          ],
          [
            103.778589049,
            1.40418762500002
          ],
          [
            103.778573832,
            1.40422179600004
          ],
          [
            103.778557088,
            1.40424604400005
          ],
          [
            103.778540896,
            1.40427084500004
          ],
          [
            103.778525266,
            1.40429621200002
          ],
          [
            103.778510207,
            1.40432215300007
          ],
          [
            103.77849573,
            1.40434868100004
          ],
          [
            103.778481851,
            1.40437581000003
          ],
          [
            103.778468608,
            1.40440349200004
          ],
          [
            103.77839767,
            1.40468766600003
          ],
          [
            103.778315659,
            1.40506611600004
          ],
          [
            103.778326533,
            1.40510964400004
          ],
          [
            103.778341037,
            1.40515692700005
          ],
          [
            103.778342075,
            1.40519575000007
          ],
          [
            103.778309556,
            1.40537360500002
          ],
          [
            103.778335744,
            1.40540673400004
          ],
          [
            103.778366194,
            1.40544225700006
          ],
          [
            103.778379201,
            1.40547948400006
          ],
          [
            103.77837494,
            1.40552602400004
          ],
          [
            103.77836796,
            1.40556822300006
          ],
          [
            103.778372289,
            1.40560142700001
          ],
          [
            103.778389112,
            1.40564436500006
          ],
          [
            103.778399079,
            1.40566795100007
          ],
          [
            103.778529033,
            1.40591824700005
          ],
          [
            103.778530071,
            1.40595279400003
          ],
          [
            103.778517503,
            1.40599038600004
          ],
          [
            103.778485638,
            1.40604827800006
          ],
          [
            103.778456475,
            1.40618533500003
          ],
          [
            103.778442369,
            1.40622081700006
          ],
          [
            103.778426079,
            1.40624985000005
          ],
          [
            103.778427577,
            1.40661154800005
          ],
          [
            103.778436437,
            1.40664482400008
          ],
          [
            103.778443524,
            1.40668166600004
          ],
          [
            103.778448866,
            1.40672665900006
          ],
          [
            103.778450466,
            1.40676788300003
          ],
          [
            103.778449154,
            1.40680617800008
          ],
          [
            103.778446299,
            1.40683618300004
          ],
          [
            103.778415771,
            1.40696644600006
          ],
          [
            103.778432614,
            1.40700538800007
          ],
          [
            103.77844573,
            1.40703859800004
          ],
          [
            103.778444158,
            1.40707708400002
          ],
          [
            103.778442585,
            1.40711276900003
          ],
          [
            103.778451814,
            1.40713832100005
          ],
          [
            103.778472295,
            1.40715838700004
          ],
          [
            103.77848678,
            1.40718128000003
          ],
          [
            103.77848137,
            1.40722703200003
          ],
          [
            103.778456732,
            1.40725885400001
          ],
          [
            103.778444327,
            1.40728879300002
          ],
          [
            103.778437393,
            1.40733115500007
          ],
          [
            103.778406224,
            1.40741289000003
          ],
          [
            103.778369068,
            1.40752813600005
          ],
          [
            103.778362903,
            1.40759430000004
          ],
          [
            103.778364487,
            1.40763672100007
          ],
          [
            103.778370668,
            1.40767411800004
          ],
          [
            103.778378,
            1.40770047500006
          ],
          [
            103.778370251,
            1.40773555600003
          ],
          [
            103.77836104,
            1.40776905000006
          ],
          [
            103.778367075,
            1.40780559400002
          ],
          [
            103.778357695,
            1.40784447700001
          ],
          [
            103.778339934,
            1.40786742500006
          ],
          [
            103.778312598,
            1.40789361700007
          ],
          [
            103.778298478,
            1.40793140400007
          ],
          [
            103.778293797,
            1.40797023800007
          ],
          [
            103.778297569,
            1.40801677600007
          ],
          [
            103.778297702,
            1.40804641800002
          ],
          [
            103.778287301,
            1.40807710600007
          ],
          [
            103.778205106,
            1.40823976100004
          ],
          [
            103.77817947,
            1.40826842100006
          ],
          [
            103.778159395,
            1.40828761000005
          ],
          [
            103.778138075,
            1.40830554300004
          ],
          [
            103.778106607,
            1.40832803800003
          ],
          [
            103.778078083,
            1.40834538800004
          ],
          [
            103.77804532,
            1.40837425200004
          ],
          [
            103.778025019,
            1.40842093300006
          ],
          [
            103.778024761,
            1.40845892300005
          ],
          [
            103.778034892,
            1.40848756000003
          ],
          [
            103.778062638,
            1.40852049500007
          ],
          [
            103.778095417,
            1.40853878000008
          ],
          [
            103.77812524,
            1.40855100700003
          ],
          [
            103.778161012,
            1.40857545900007
          ],
          [
            103.778191001,
            1.40860993400002
          ],
          [
            103.77820951,
            1.40864605400003
          ],
          [
            103.778237649,
            1.40884844400005
          ],
          [
            103.778284999,
            1.40907401200008
          ],
          [
            103.778272276,
            1.40911713300006
          ],
          [
            103.778238119,
            1.40916378500003
          ],
          [
            103.778223234,
            1.40919287200007
          ],
          [
            103.778212926,
            1.40922873800001
          ],
          [
            103.778215551,
            1.40927298700006
          ],
          [
            103.778229055,
            1.40930019200004
          ],
          [
            103.778239109,
            1.40932455100006
          ],
          [
            103.778237104,
            1.40935553300003
          ],
          [
            103.778221838,
            1.40937998500004
          ],
          [
            103.778205216,
            1.40940063400006
          ],
          [
            103.778195087,
            1.40942935900005
          ],
          [
            103.77819225,
            1.40947236600005
          ],
          [
            103.778194049,
            1.40951587100004
          ],
          [
            103.778198054,
            1.40955117700003
          ],
          [
            103.778202542,
            1.40957654300006
          ],
          [
            103.778208791,
            1.40960368700006
          ],
          [
            103.778217319,
            1.40963308100003
          ],
          [
            103.778231295,
            1.40966617800006
          ],
          [
            103.778257435,
            1.40971490900005
          ],
          [
            103.778268541,
            1.40974548400003
          ],
          [
            103.778275286,
            1.40977169900002
          ],
          [
            103.778279869,
            1.40980363800003
          ],
          [
            103.778286594,
            1.40984998100002
          ],
          [
            103.778302724,
            1.40988744900005
          ],
          [
            103.778319643,
            1.40993098100006
          ],
          [
            103.778324643,
            1.41000234000006
          ],
          [
            103.778327076,
            1.41004528100006
          ],
          [
            103.778339062,
            1.41031203400007
          ],
          [
            103.77836186,
            1.41049839000005
          ],
          [
            103.778375174,
            1.41053615500003
          ],
          [
            103.778388335,
            1.41055830400006
          ],
          [
            103.778410171,
            1.41058577200004
          ],
          [
            103.778456148,
            1.41064360800005
          ]
        ]
      },
      "properties": {
        "OBJECTID": 133,
        "pcn_loop": "Northern Explorer Loop",
        "pcn": "Central Catchment Park Connector",
        "descriptionHTML": "Located inside the nature reserve, the Central Catchment Park Connector is a track with rustic and off-road conditions that links the Mandai Park Connector to the Gangsa Trail.",
        "address": "The Central Catchment Park Connector starts at Mandai Road before ending at Gangsa Trail.",
        "Shape__Length": 1293.9165955477586
      }
    },
    {
      "type": "Feature",
      "id": 134,
      "geometry": {
        "type": "LineString",
        "coordinates": [
          [
            103.812213124,
            1.44742500300002
          ],
          [
            103.812310514,
            1.44748496600004
          ],
          [
            103.812514462,
            1.44754147100003
          ],
          [
            103.812776843,
            1.44759913000008
          ],
          [
            103.812844443,
            1.44760374300005
          ],
          [
            103.812888397,
            1.44754912200006
          ]
        ]
      },
      "properties": {
        "OBJECTID": 134,
        "pcn_loop": "Northern Explorer Loop",
        "pcn": "Canberra-Sembawang Park Connector",
        "descriptionHTML": "Linking Canberra Link to Tuah Road via Sembawang Road, the Canberra-Sembawang Park Connector runs along private residential estates to join Sembawang Park, a popular fishing ground. Besides featuring a wide variety of fish, the park also has one of the few natural beaches found in Singapore. Level and smooth, the Canberra-Sembawang Park Connector is suitable for joggers looking for a short and comfortable run.",
        "address": "",
        "Shape__Length": 81.54616023824951
      }
    },
    {
      "type": "Feature",
      "id": 135,
      "geometry": {
        "type": "LineString",
        "coordinates": [
          [
            103.812888397,
            1.44754912200006
          ],
          [
            103.812932657,
            1.44752856600008
          ],
          [
            103.813022039,
            1.44754655800005
          ],
          [
            103.814172092,
            1.44781643600003
          ],
          [
            103.814249556,
            1.44783742600003
          ],
          [
            103.814309145,
            1.44788240400004
          ],
          [
            103.814368733,
            1.44789140000005
          ],
          [
            103.814386609,
            1.44788540300004
          ],
          [
            103.814485138,
            1.44790193100005
          ],
          [
            103.814547497,
            1.44791239200003
          ],
          [
            103.814583252,
            1.44779844800006
          ],
          [
            103.814717325,
            1.44783443200003
          ],
          [
            103.814773934,
            1.44786141800005
          ],
          [
            103.814821605,
            1.44790339800005
          ],
          [
            103.814908007,
            1.44792438800005
          ],
          [
            103.815080814,
            1.44794537900003
          ],
          [
            103.81519701,
            1.44797236700004
          ],
          [
            103.815244681,
            1.44799335700003
          ],
          [
            103.81529533,
            1.44805332800008
          ],
          [
            103.815337042,
            1.44808931100004
          ],
          [
            103.815596251,
            1.44815828000003
          ],
          [
            103.815661798,
            1.44815828000003
          ],
          [
            103.815715428,
            1.44812829400006
          ],
          [
            103.815769057,
            1.44811630100003
          ],
          [
            103.815828645,
            1.44811930100003
          ],
          [
            103.816031246,
            1.44815828300005
          ],
          [
            103.816064019,
            1.44817927300004
          ],
          [
            103.816132546,
            1.44820925800002
          ],
          [
            103.816478158,
            1.44828422400001
          ],
          [
            103.816445383,
            1.44843714800005
          ],
          [
            103.816477676,
            1.44848222400002
          ],
          [
            103.816600312,
            1.44850011900007
          ],
          [
            103.816656922,
            1.44842815400004
          ],
          [
            103.816728428,
            1.44837118300007
          ],
          [
            103.816808873,
            1.44837418200006
          ],
          [
            103.81697274,
            1.44841016600003
          ],
          [
            103.817473282,
            1.44850312400006
          ],
          [
            103.81758352,
            1.44853011200007
          ],
          [
            103.817768244,
            1.44856609500005
          ],
          [
            103.817944029,
            1.44857809100006
          ],
          [
            103.818081083,
            1.44858708600002
          ],
          [
            103.818203238,
            1.44861407400003
          ],
          [
            103.818280703,
            1.44865305600007
          ],
          [
            103.818340291,
            1.44872202200001
          ],
          [
            103.818364126,
            1.44885395800002
          ],
          [
            103.818411796,
            1.44896190500003
          ],
          [
            103.818477056,
            1.44897662600005
          ],
          [
            103.818584602,
            1.44900088700006
          ],
          [
            103.818612948,
            1.44898127400004
          ],
          [
            103.818679944,
            1.44893491900005
          ],
          [
            103.819338394,
            1.44910883800001
          ],
          [
            103.821331623,
            1.44956162800002
          ],
          [
            103.821420521,
            1.44965474800006
          ],
          [
            103.821477614,
            1.44971455300003
          ],
          [
            103.821653399,
            1.44974154100004
          ],
          [
            103.821817443,
            1.44963835800008
          ],
          [
            103.821894734,
            1.44959461400002
          ],
          [
            103.822022848,
            1.44957362600007
          ],
          [
            103.822130108,
            1.44955863400002
          ],
          [
            103.822395276,
            1.44957662500001
          ],
          [
            103.822863045,
            1.44957363000002
          ],
          [
            103.823262288,
            1.44953165200007
          ],
          [
            103.823625777,
            1.44946268800003
          ],
          [
            103.823953514,
            1.44937573200002
          ],
          [
            103.824486831,
            1.44918682700007
          ],
          [
            103.825148263,
            1.44882700600006
          ],
          [
            103.825297234,
            1.44872805500005
          ],
          [
            103.82547898,
            1.44859012300002
          ],
          [
            103.825526651,
            1.44853015300004
          ],
          [
            103.825565383,
            1.44847917800006
          ],
          [
            103.825602244,
            1.44846605800008
          ],
          [
            103.825645859,
            1.44843801300004
          ],
          [
            103.82582396,
            1.44828559700006
          ],
          [
            103.825902711,
            1.44820268300002
          ],
          [
            103.825975406,
            1.44815634900004
          ],
          [
            103.826055369,
            1.44806368000007
          ],
          [
            103.826098985,
            1.44803807400006
          ],
          [
            103.826224687,
            1.44806999800004
          ],
          [
            103.826265548,
            1.44808037600006
          ]
        ]
      },
      "properties": {
        "OBJECTID": 135,
        "pcn_loop": "Northern Explorer Loop",
        "pcn": "Canberra-Sembawang Park Connector",
        "descriptionHTML": "Linking Canberra Link to Tuah Road via Sembawang Road, the Canberra-Sembawang Park Connector runs along private residential estates to join Sembawang Park, a popular fishing ground. Besides featuring a wide variety of fish, the park also has one of the few natural beaches found in Singapore. Level and smooth, the Canberra-Sembawang Park Connector is suitable for joggers looking for a short and comfortable run.",
        "address": "",
        "Shape__Length": 1648.7380097272426
      }
    },
    {
      "type": "Feature",
      "id": 168,
      "geometry": {
        "type": "LineString",
        "coordinates": [
          [
            103.788128983,
            1.43459284000004
          ],
          [
            103.788149496,
            1.43457259800004
          ],
          [
            103.788153858,
            1.43456640200003
          ],
          [
            103.788165194,
            1.43454692500007
          ],
          [
            103.78817394,
            1.43452614100005
          ],
          [
            103.788179766,
            1.43449109200004
          ],
          [
            103.788182636,
            1.43445567500003
          ],
          [
            103.788182922,
            1.43444396900001
          ],
          [
            103.78817661,
            1.43441693600005
          ],
          [
            103.788166559,
            1.43439107400008
          ],
          [
            103.78815297,
            1.43436690500004
          ],
          [
            103.788149635,
            1.43435052900002
          ],
          [
            103.788146437,
            1.43430039200007
          ],
          [
            103.788142139,
            1.43426380100004
          ],
          [
            103.788112336,
            1.43414876400005
          ],
          [
            103.788101588,
            1.43411337100002
          ],
          [
            103.788093619,
            1.43407995700005
          ],
          [
            103.788085812,
            1.43403259100005
          ],
          [
            103.788081381,
            1.43401721500004
          ],
          [
            103.788078444,
            1.43400972400001
          ],
          [
            103.788078074,
            1.43400887000007
          ],
          [
            103.788068018,
            1.43399535600003
          ],
          [
            103.78805584,
            1.43398374400003
          ],
          [
            103.788041889,
            1.43397436800005
          ],
          [
            103.788019171,
            1.43385267000002
          ],
          [
            103.788002805,
            1.43377860400005
          ],
          [
            103.787982509,
            1.43369931600005
          ],
          [
            103.787917374,
            1.43345452500006
          ],
          [
            103.787874876,
            1.43330031400007
          ],
          [
            103.787883127,
            1.43329064400005
          ],
          [
            103.787889702,
            1.43327523100003
          ],
          [
            103.787893718,
            1.43325895300005
          ],
          [
            103.787895071,
            1.43324223500002
          ],
          [
            103.787895071,
            1.43324215700006
          ],
          [
            103.787862007,
            1.43311247000002
          ],
          [
            103.787850935,
            1.43308844600006
          ],
          [
            103.787845164,
            1.43307351000002
          ],
          [
            103.787841206,
            1.43305798900002
          ],
          [
            103.787839114,
            1.43304210300004
          ],
          [
            103.787836414,
            1.43302546100006
          ],
          [
            103.787820047,
            1.43296129100002
          ],
          [
            103.787776354,
            1.43280019900003
          ],
          [
            103.787768163,
            1.43277913800007
          ],
          [
            103.787757569,
            1.43275803600004
          ],
          [
            103.787749633,
            1.43273578200007
          ],
          [
            103.787744472,
            1.43271271600003
          ],
          [
            103.787740446,
            1.43268185700003
          ],
          [
            103.787733575,
            1.43265780900002
          ],
          [
            103.78771408,
            1.43260343700006
          ],
          [
            103.787692238,
            1.43255366700003
          ],
          [
            103.787690726,
            1.43255043700003
          ],
          [
            103.787668347,
            1.43250954900002
          ],
          [
            103.787641364,
            1.43247158100005
          ],
          [
            103.787610147,
            1.43243705400004
          ],
          [
            103.787592022,
            1.43242730600002
          ],
          [
            103.787573114,
            1.43241920400004
          ],
          [
            103.787542883,
            1.43241035200003
          ]
        ]
      },
      "properties": {
        "OBJECTID": 168,
        "pcn_loop": "Northern Explorer Loop",
        "pcn": "Woodlands (SLE) Park Connector",
        "descriptionHTML": "Running along the side of the SLE, the Woodlands (SLE) Park Connector links the Woodlands (Ave 2) Park Connector to the Ulu Sembawang Park Connector. With “green-roof” shelters and drinking fountains placed along the park connector, visitors can take a breather and enjoy the beauty of the nearby nature reserve.",
        "address": "",
        "Shape__Length": 262.64991090538905
      }
    },
    {
      "type": "Feature",
      "id": 202,
      "geometry": {
        "type": "LineString",
        "coordinates": [
          [
            103.827777022,
            1.40268632600004
          ],
          [
            103.827842269,
            1.40406340400005
          ],
          [
            103.82784616,
            1.40414552900006
          ],
          [
            103.827850783,
            1.40424311600003
          ],
          [
            103.827900812,
            1.40448221400005
          ],
          [
            103.828240344,
            1.40550110300006
          ],
          [
            103.828451814,
            1.40594679200006
          ],
          [
            103.828550717,
            1.40622052900005
          ],
          [
            103.828588757,
            1.40635835500007
          ],
          [
            103.828674347,
            1.40661294900001
          ],
          [
            103.828712387,
            1.40674885900005
          ],
          [
            103.829402812,
            1.40874445700006
          ],
          [
            103.829458921,
            1.40885835500007
          ],
          [
            103.829514296,
            1.40897366100006
          ],
          [
            103.829622137,
            1.40909893100007
          ],
          [
            103.829760033,
            1.40935735300006
          ],
          [
            103.829892407,
            1.40964336700006
          ],
          [
            103.829964524,
            1.40982418700002
          ],
          [
            103.829861616,
            1.40994768200006
          ],
          [
            103.829556735,
            1.40997144700004
          ]
        ]
      },
      "properties": {
        "OBJECTID": 202,
        "pcn_loop": "Northern Explorer Loop",
        "pcn": "Lower Seletar Reservoir Park",
        "descriptionHTML": "Calm and peaceful with turquoise waters and balmy breezes, Lower Seletar Reservoir Park is a pleasant place for leisure activities, both on land and in water. Featuring a Family Bay with a new performance stage, a water play area, a bioswale rain garden, as well as a Heritage Bridge, there’s something for everyone. Fitness enthusiasts regularly gather at the park for long, leisurely strolls or jogs. A fishing jetty, maintained by PUB, extends from the park into the reservoir, catering to avid anglers who cast their rods in hopes of hooking large snakeheads and tilapias swimming in the waters. Benches along the edge of the reservoir provide a great view of the beauty and tranquility of the surroundings.",
        "address": "",
        "Shape__Length": 892.4556177495169
      }
    },
    {
      "type": "Feature",
      "id": 203,
      "geometry": {
        "type": "LineString",
        "coordinates": [
          [
            103.772666341,
            1.41020315200006
          ],
          [
            103.772971811,
            1.41024731000002
          ],
          [
            103.773165309,
            1.41032468000002
          ],
          [
            103.773477265,
            1.41044329400005
          ],
          [
            103.773887632,
            1.41059494100005
          ],
          [
            103.774192414,
            1.41071130600005
          ],
          [
            103.7744877,
            1.41075932900002
          ],
          [
            103.774730205,
            1.41076412100005
          ],
          [
            103.774953691,
            1.41077130500003
          ],
          [
            103.775036904,
            1.41081916300003
          ],
          [
            103.775107087,
            1.41085142000003
          ],
          [
            103.775230337,
            1.41085601700005
          ],
          [
            103.775493764,
            1.41091235000004
          ],
          [
            103.775807455,
            1.41095642900006
          ],
          [
            103.77609518,
            1.41099685800004
          ],
          [
            103.776366504,
            1.41103498400001
          ],
          [
            103.77668632,
            1.41108466100007
          ],
          [
            103.776983032,
            1.41110476800004
          ],
          [
            103.777206024,
            1.41111608700004
          ],
          [
            103.777352098,
            1.41113561600002
          ],
          [
            103.777582622,
            1.41115170100005
          ],
          [
            103.777812004,
            1.41114596400007
          ],
          [
            103.778022747,
            1.41113161200002
          ],
          [
            103.778163495,
            1.41115458600006
          ],
          [
            103.778220555,
            1.41114501600003
          ],
          [
            103.778376522,
            1.41107993600002
          ],
          [
            103.778526782,
            1.41103399700007
          ],
          [
            103.778844418,
            1.41102060500004
          ],
          [
            103.77931041,
            1.41101678700005
          ],
          [
            103.779607124,
            1.41099382300006
          ],
          [
            103.779915251,
            1.41096511700004
          ],
          [
            103.78014159,
            1.41096320900004
          ],
          [
            103.78070078,
            1.41099959100004
          ],
          [
            103.781178183,
            1.41103214500002
          ],
          [
            103.781375992,
            1.41104363500005
          ],
          [
            103.781606134,
            1.41112021000003
          ],
          [
            103.781802039,
            1.41120061200008
          ],
          [
            103.781977023,
            1.41124081500003
          ],
          [
            103.782269935,
            1.41125608000004
          ],
          [
            103.78243731,
            1.41120445400001
          ],
          [
            103.782804351,
            1.41124130500004
          ],
          [
            103.78306307,
            1.41126380900004
          ],
          [
            103.783258977,
            1.41127147100002
          ],
          [
            103.783449178,
            1.41127530300002
          ],
          [
            103.783716726,
            1.41138117300005
          ],
          [
            103.783958028,
            1.41147665800002
          ],
          [
            103.784405744,
            1.41165382100006
          ],
          [
            103.784610509,
            1.41173484800004
          ],
          [
            103.784840281,
            1.41182576900006
          ],
          [
            103.785088698,
            1.41191278000002
          ],
          [
            103.785239994,
            1.41192581400003
          ],
          [
            103.785380562,
            1.41196099600005
          ],
          [
            103.785638425,
            1.41202553700002
          ],
          [
            103.786290764,
            1.41217505500002
          ],
          [
            103.786726322,
            1.41227843300004
          ],
          [
            103.787035244,
            1.41235360000007
          ],
          [
            103.787232123,
            1.41240150400006
          ],
          [
            103.787498535,
            1.41247753000005
          ],
          [
            103.787718128,
            1.41252727600004
          ],
          [
            103.787896444,
            1.41256767200002
          ],
          [
            103.788123848,
            1.41261918800007
          ],
          [
            103.788183241,
            1.41263405200004
          ],
          [
            103.788294713,
            1.41266195000003
          ]
        ]
      },
      "properties": {
        "OBJECTID": 203,
        "pcn_loop": "Northern Explorer Loop",
        "pcn": "Mandai Park Connector",
        "descriptionHTML": "Running alongside the beautiful Central Catchment Nature Reserve, the 5-kilometre-long Mandai Connector links the Ulu Sembawang Park Connector to the Khatib Bongsu Park Connector. It also joins one of Singapore’s five gazetted Heritage Roads, Mandai Road, (starting opposite Upper Seletar Reservoir Park Carpark and ending at the junction of Mandai Avenue).",
        "address": "",
        "Shape__Length": 1785.8564179306575
      }
    },
    {
      "type": "Feature",
      "id": 212,
      "geometry": {
        "type": "LineString",
        "coordinates": [
          [
            103.788813627,
            1.43801798000004
          ],
          [
            103.789086543,
            1.43811431600005
          ],
          [
            103.789215021,
            1.43802051100005
          ],
          [
            103.789271962,
            1.43799372100007
          ],
          [
            103.789551134,
            1.43810029900005
          ],
          [
            103.789652602,
            1.43813221400004
          ],
          [
            103.7897509,
            1.43817051000001
          ],
          [
            103.78978895,
            1.43819923300003
          ],
          [
            103.78982383,
            1.43824391100003
          ],
          [
            103.789842854,
            1.43828858900001
          ],
          [
            103.789931638,
            1.43832050300005
          ],
          [
            103.790220188,
            1.43842901100002
          ],
          [
            103.790301046,
            1.43842582100006
          ],
          [
            103.790854364,
            1.43861411500006
          ],
          [
            103.790939978,
            1.43863326400003
          ],
          [
            103.791399756,
            1.43872901000003
          ],
          [
            103.79169782,
            1.43877688500002
          ],
          [
            103.792503227,
            1.43883753200004
          ],
          [
            103.794917971,
            1.43897346000005
          ],
          [
            103.795452159,
            1.43900352900006
          ],
          [
            103.795500261,
            1.43900583700002
          ],
          [
            103.795602547,
            1.43914440600002
          ],
          [
            103.795792613,
            1.43915751400004
          ]
        ]
      },
      "properties": {
        "OBJECTID": 212,
        "pcn_loop": "Northern Explorer Loop",
        "pcn": "Woodlands (SLE) Park Connector",
        "descriptionHTML": "Running along the side of the SLE, the Woodlands (SLE) Park Connector links the Woodlands (Ave 2) Park Connector to the Ulu Sembawang Park Connector. With “green-roof” shelters and drinking fountains placed along the park connector, visitors can take a breather and enjoy the beauty of the nearby nature reserve.",
        "address": "",
        "Shape__Length": 809.812031504152
      }
    },
    {
      "type": "Feature",
      "id": 213,
      "geometry": {
        "type": "LineString",
        "coordinates": [
          [
            103.771479264,
            1.44863882900005
          ],
          [
            103.771325487,
            1.44885052800002
          ],
          [
            103.771598393,
            1.44895049800004
          ],
          [
            103.771800658,
            1.44916989700005
          ],
          [
            103.771990162,
            1.44934581500008
          ],
          [
            103.772203123,
            1.44952450200004
          ],
          [
            103.77241382,
            1.44968110100006
          ],
          [
            103.772647034,
            1.44982751000001
          ],
          [
            103.772878335,
            1.44995837700004
          ],
          [
            103.773055985,
            1.45004871600003
          ],
          [
            103.773556473,
            1.45029229100004
          ],
          [
            103.7736552,
            1.45033883300004
          ],
          [
            103.773673136,
            1.45036323000003
          ],
          [
            103.773771005,
            1.45040298200006
          ],
          [
            103.774055688,
            1.45052399900003
          ],
          [
            103.774446132,
            1.45071202300004
          ],
          [
            103.774457403,
            1.45071103200007
          ],
          [
            103.774677293,
            1.45078512100003
          ],
          [
            103.774752984,
            1.45080797500003
          ],
          [
            103.77495957,
            1.45086813400006
          ],
          [
            103.775288312,
            1.45095004300003
          ],
          [
            103.775498788,
            1.45099895700003
          ],
          [
            103.775660662,
            1.45103162800006
          ],
          [
            103.776028957,
            1.45110049000004
          ],
          [
            103.776352602,
            1.45115927300004
          ],
          [
            103.77635493,
            1.45114499700002
          ],
          [
            103.776421879,
            1.45115359200003
          ],
          [
            103.776489255,
            1.45115039500007
          ],
          [
            103.776508501,
            1.45115392100008
          ],
          [
            103.776515829,
            1.45116342100004
          ],
          [
            103.776794119,
            1.45121484900006
          ],
          [
            103.776838944,
            1.45123352100006
          ],
          [
            103.77686998,
            1.45123492800008
          ],
          [
            103.776905143,
            1.45123245400003
          ],
          [
            103.776947892,
            1.45122274500006
          ],
          [
            103.777132077,
            1.451241496
          ],
          [
            103.77713253,
            1.45124591600006
          ],
          [
            103.777133985,
            1.45125339200007
          ],
          [
            103.777136534,
            1.45126056500004
          ],
          [
            103.777140121,
            1.45126727300003
          ],
          [
            103.777144663,
            1.45127336800006
          ],
          [
            103.777150059,
            1.45127871000004
          ],
          [
            103.777158046,
            1.45128463200007
          ],
          [
            103.777170606,
            1.45129270400002
          ],
          [
            103.777181449,
            1.45129855400006
          ],
          [
            103.777191092,
            1.45130289200005
          ],
          [
            103.777200336,
            1.45130594300002
          ],
          [
            103.777214575,
            1.45130957100003
          ],
          [
            103.777223697,
            1.45131255200004
          ],
          [
            103.777233296,
            1.45131634600005
          ],
          [
            103.777241854,
            1.45132168100003
          ],
          [
            103.777245393,
            1.45132455400005
          ],
          [
            103.777251699,
            1.45132998700007
          ],
          [
            103.777256618,
            1.45133493200006
          ],
          [
            103.777265423,
            1.45134413100005
          ],
          [
            103.777275185,
            1.45135189800005
          ],
          [
            103.777285501,
            1.45135836800006
          ],
          [
            103.777296064,
            1.45136366200005
          ],
          [
            103.7773118,
            1.45136946000002
          ],
          [
            103.77731811,
            1.45137127100001
          ],
          [
            103.77732765,
            1.45137346800003
          ],
          [
            103.777379143,
            1.45163732800005
          ],
          [
            103.777402991,
            1.45171389900002
          ],
          [
            103.777457043,
            1.45180935400004
          ],
          [
            103.777481673,
            1.45186213900006
          ],
          [
            103.777551764,
            1.45190923000006
          ],
          [
            103.777697716,
            1.45200842900005
          ],
          [
            103.777845665,
            1.45210886500006
          ],
          [
            103.778015636,
            1.45222481400004
          ],
          [
            103.778242095,
            1.45237825700003
          ],
          [
            103.778518288,
            1.45255437300006
          ],
          [
            103.778636653,
            1.45266086500003
          ],
          [
            103.77873202,
            1.45273087100003
          ],
          [
            103.778826011,
            1.45277830200007
          ],
          [
            103.778914629,
            1.45284306900004
          ],
          [
            103.77910569,
            1.45297589900002
          ],
          [
            103.779205289,
            1.45304421000004
          ],
          [
            103.77933536,
            1.45312851000006
          ],
          [
            103.779476829,
            1.45321207500005
          ],
          [
            103.779722441,
            1.45335606900005
          ],
          [
            103.779885939,
            1.45345212300004
          ],
          [
            103.780041855,
            1.45354315300005
          ],
          [
            103.780238237,
            1.45365885300004
          ],
          [
            103.78036352,
            1.45373240800006
          ],
          [
            103.780514417,
            1.45382051800003
          ],
          [
            103.780680411,
            1.45391831000006
          ],
          [
            103.78088787,
            1.45403993000002
          ],
          [
            103.78102104,
            1.45411820500003
          ],
          [
            103.781134631,
            1.45418500200003
          ],
          [
            103.781269419,
            1.45426385500002
          ],
          [
            103.781390877,
            1.45433500500008
          ],
          [
            103.781569042,
            1.45443905800004
          ],
          [
            103.781727445,
            1.45453202200003
          ],
          [
            103.781855039,
            1.45460651000008
          ],
          [
            103.781945362,
            1.45465974100007
          ],
          [
            103.78206137,
            1.45473014800008
          ],
          [
            103.78215618,
            1.45477414700002
          ],
          [
            103.782263261,
            1.45478297300002
          ],
          [
            103.782345918,
            1.45475845800007
          ],
          [
            103.782402265,
            1.45471905300007
          ],
          [
            103.782439292,
            1.45467547500004
          ],
          [
            103.782459025,
            1.45462886000008
          ],
          [
            103.782479161,
            1.45451746400004
          ],
          [
            103.782457946,
            1.45443953200005
          ],
          [
            103.782402326,
            1.45436366900002
          ],
          [
            103.782358546,
            1.45432666200002
          ],
          [
            103.782234266,
            1.45425276900004
          ],
          [
            103.782074409,
            1.45417825700002
          ],
          [
            103.781975741,
            1.45414690300004
          ],
          [
            103.781849777,
            1.45411235700005
          ],
          [
            103.781674604,
            1.45406927700004
          ],
          [
            103.781520219,
            1.45403632800004
          ],
          [
            103.781492487,
            1.45400962500001
          ],
          [
            103.781390742,
            1.45392017100006
          ],
          [
            103.781290878,
            1.45384105600005
          ],
          [
            103.781166005,
            1.45376380600004
          ],
          [
            103.781044876,
            1.45371072900001
          ],
          [
            103.780884141,
            1.45365785000006
          ],
          [
            103.780776532,
            1.45360625200004
          ],
          [
            103.78067199,
            1.45358083500002
          ],
          [
            103.780581246,
            1.45353294400006
          ],
          [
            103.780483968,
            1.45343130900005
          ],
          [
            103.780449742,
            1.45333259700004
          ],
          [
            103.78041038,
            1.45321086200004
          ],
          [
            103.780331628,
            1.45305491600004
          ],
          [
            103.780237919,
            1.45292263100004
          ],
          [
            103.780167275,
            1.45285295400004
          ],
          [
            103.7800508,
            1.45276354000003
          ],
          [
            103.779891031,
            1.45267777800006
          ],
          [
            103.779809262,
            1.45262563500005
          ],
          [
            103.779734472,
            1.45256556300006
          ],
          [
            103.779638225,
            1.45244822100005
          ],
          [
            103.779538692,
            1.45229949700006
          ],
          [
            103.779432377,
            1.45215183700002
          ],
          [
            103.779286714,
            1.45196464100006
          ],
          [
            103.779184501,
            1.45185795300006
          ],
          [
            103.779096892,
            1.45180083200006
          ],
          [
            103.779013702,
            1.45179135200003
          ],
          [
            103.778888855,
            1.45176026900003
          ]
        ]
      },
      "properties": {
        "OBJECTID": 213,
        "pcn_loop": "Northern Explorer Loop",
        "pcn": "Woodlands Waterfront Park",
        "descriptionHTML": "A scenic and tranquil coastal park offering an exceptional view of the sea from the north, Woodlands Waterfront is a favourite among residents and visitors young and old. The 11-hectare park houses a large playground with a wide range of equipment and a 1.5-kilometre-long waterfront promenade, making it an ideal spot for recreational activities.",
        "address": "",
        "Shape__Length": 2027.803147856012
      }
    },
    {
      "type": "Feature",
      "id": 214,
      "geometry": {
        "type": "LineString",
        "coordinates": [
          [
            103.831956761,
            1.45355613800006
          ],
          [
            103.832097465,
            1.45334979300001
          ],
          [
            103.832280617,
            1.45307749100003
          ],
          [
            103.832424521,
            1.45311758900005
          ],
          [
            103.833189401,
            1.45175397200005
          ]
        ]
      },
      "properties": {
        "OBJECTID": 214,
        "pcn_loop": "Northern Explorer Loop",
        "pcn": "Simpang Kiri Park Connector",
        "descriptionHTML": "Simpang Kiri Park Connector runs along Sungei Simpang Kiri, which is rich in natural vegetation on both sides of the riverbanks. Surrounded by scenic views, visitors can look forward to a tranquil experience as they jog or cycle through this park connector.",
        "address": "",
        "Shape__Length": 255.0668557965996
      }
    },
    {
      "type": "Feature",
      "id": 215,
      "geometry": {
        "type": "LineString",
        "coordinates": [
          [
            103.844734321,
            1.45883774700006
          ],
          [
            103.843784778,
            1.45826333400002
          ],
          [
            103.842447541,
            1.45745659700003
          ],
          [
            103.838565517,
            1.45511461800003
          ],
          [
            103.834930212,
            1.45290912800004
          ],
          [
            103.833409192,
            1.45198995800007
          ],
          [
            103.833310835,
            1.45190864700003
          ],
          [
            103.833233554,
            1.45182380000005
          ],
          [
            103.833189401,
            1.45175397200005
          ]
        ]
      },
      "properties": {
        "OBJECTID": 215,
        "pcn_loop": "Northern Explorer Loop",
        "pcn": "Simpang Kiri Park Connector",
        "descriptionHTML": "Simpang Kiri Park Connector runs along Sungei Simpang Kiri, which is rich in natural vegetation on both sides of the riverbanks. Surrounded by scenic views, visitors can look forward to a tranquil experience as they jog or cycle through this park connector.",
        "address": "",
        "Shape__Length": 1509.5655921375885
      }
    },
    {
      "type": "Feature",
      "id": 216,
      "geometry": {
        "type": "LineString",
        "coordinates": [
          [
            103.833189401,
            1.45175397200005
          ],
          [
            103.833166828,
            1.45171669800004
          ],
          [
            103.833122972,
            1.45161554000003
          ],
          [
            103.832844425,
            1.45092101800003
          ],
          [
            103.832844425,
            1.45069584900005
          ],
          [
            103.833083949,
            1.45028604700002
          ],
          [
            103.833450744,
            1.44967874000001
          ],
          [
            103.833745763,
            1.44929869300005
          ],
          [
            103.834145259,
            1.44861283100004
          ],
          [
            103.834228046,
            1.44838668100004
          ],
          [
            103.835481161,
            1.44639976900004
          ],
          [
            103.835979192,
            1.44569805200006
          ],
          [
            103.835996295,
            1.44566951300005
          ],
          [
            103.836008813,
            1.44563865800006
          ],
          [
            103.836016447,
            1.44560622800004
          ],
          [
            103.836019011,
            1.44557300000003
          ],
          [
            103.836015981,
            1.44553690400004
          ],
          [
            103.836006976,
            1.44550183100006
          ],
          [
            103.835992253,
            1.44546877600003
          ],
          [
            103.835972227,
            1.44543867600003
          ],
          [
            103.835947467,
            1.44541238300008
          ],
          [
            103.835918675,
            1.44539064400004
          ],
          [
            103.834088412,
            1.44423742300007
          ],
          [
            103.830748792,
            1.44213331800005
          ],
          [
            103.831053406,
            1.44163362600004
          ],
          [
            103.830803348,
            1.44147630800005
          ]
        ]
      },
      "properties": {
        "OBJECTID": 216,
        "pcn_loop": "Northern Explorer Loop",
        "pcn": "Simpang Kiri Park Connector",
        "descriptionHTML": "Simpang Kiri Park Connector runs along Sungei Simpang Kiri, which is rich in natural vegetation on both sides of the riverbanks. Surrounded by scenic views, visitors can look forward to a tranquil experience as they jog or cycle through this park connector.",
        "address": "",
        "Shape__Length": 1600.823316825435
      }
    },
    {
      "type": "Feature",
      "id": 220,
      "geometry": {
        "type": "LineString",
        "coordinates": [
          [
            103.836227788,
            1.45899525900005
          ],
          [
            103.836315584,
            1.45905770900004
          ],
          [
            103.836361297,
            1.45915580300004
          ],
          [
            103.836556509,
            1.45934456500003
          ],
          [
            103.836711082,
            1.45958644600005
          ],
          [
            103.836817784,
            1.45987586100004
          ],
          [
            103.836856999,
            1.46025952200007
          ],
          [
            103.836812693,
            1.46051412000002
          ],
          [
            103.836676478,
            1.46080657800007
          ],
          [
            103.836551559,
            1.46097772600006
          ],
          [
            103.836428414,
            1.46111749100002
          ],
          [
            103.836450503,
            1.46119539300003
          ],
          [
            103.836459246,
            1.46137012800004
          ],
          [
            103.83646665,
            1.46153751500003
          ],
          [
            103.836462413,
            1.46174637600007
          ],
          [
            103.836467866,
            1.46200441100006
          ],
          [
            103.836503678,
            1.46229867700003
          ],
          [
            103.836555796,
            1.46246700900002
          ],
          [
            103.836792959,
            1.46248935800002
          ],
          [
            103.836935283,
            1.46248910000003
          ],
          [
            103.837050345,
            1.46248220000006
          ],
          [
            103.837232836,
            1.46248038700003
          ],
          [
            103.83739923,
            1.46247440700005
          ],
          [
            103.837542019,
            1.46249135100004
          ],
          [
            103.83760094,
            1.46254525500005
          ],
          [
            103.837613346,
            1.46265338200003
          ],
          [
            103.837562793,
            1.46277375100005
          ],
          [
            103.837437815,
            1.46287992700007
          ]
        ]
      },
      "properties": {
        "OBJECTID": 220,
        "pcn_loop": "Northern Explorer Loop",
        "pcn": "Sembawang Park",
        "descriptionHTML": "Situated in the north of Singapore facing the Johor Straits, Sembawang Park is a tranquil park away from the bustle of the city. With a beautiful beach side and a stunning view, it is a popular fishing ground and a great place for family and friends to get together.",
        "address": "",
        "Shape__Length": 588.2133291162709
      }
    },
    {
      "type": "Feature",
      "id": 221,
      "geometry": {
        "type": "LineString",
        "coordinates": [
          [
            103.83652748,
            1.46241131100003
          ],
          [
            103.836444975,
            1.46241426800003
          ],
          [
            103.836314822,
            1.46239435700005
          ],
          [
            103.83627644,
            1.46235731700005
          ],
          [
            103.836194148,
            1.46228268800006
          ],
          [
            103.836096815,
            1.46213254300006
          ],
          [
            103.836041119,
            1.46200645600003
          ],
          [
            103.835981215,
            1.46185146200002
          ],
          [
            103.83594171,
            1.46176929700005
          ],
          [
            103.835860856,
            1.46166265400006
          ],
          [
            103.835750608,
            1.46157558000005
          ],
          [
            103.835646374,
            1.46149337000002
          ],
          [
            103.835608114,
            1.46145223800004
          ],
          [
            103.835535447,
            1.46136029300004
          ],
          [
            103.835484746,
            1.46128955700004
          ],
          [
            103.835436175,
            1.46121889400007
          ],
          [
            103.835372774,
            1.46112397900003
          ],
          [
            103.835309562,
            1.46100160700006
          ],
          [
            103.835232794,
            1.46076971900004
          ],
          [
            103.835128554,
            1.46057214000006
          ],
          [
            103.835004222,
            1.46046615200004
          ],
          [
            103.83493702,
            1.46038560100004
          ],
          [
            103.834822006,
            1.46019314100003
          ],
          [
            103.834818059,
            1.46011187200002
          ],
          [
            103.83484231,
            1.45996423300005
          ],
          [
            103.834944547,
            1.45985569800006
          ],
          [
            103.835026549,
            1.45979034100002
          ],
          [
            103.835105235,
            1.45975527100006
          ],
          [
            103.835245663,
            1.45969118700002
          ],
          [
            103.835310093,
            1.45963504900004
          ],
          [
            103.835488432,
            1.45956871500005
          ],
          [
            103.835590893,
            1.45952381500006
          ],
          [
            103.835683194,
            1.45949149000007
          ],
          [
            103.835745912,
            1.45947963200007
          ],
          [
            103.835808685,
            1.45950457100002
          ],
          [
            103.835881572,
            1.45957114300005
          ],
          [
            103.835942283,
            1.45952805200006
          ],
          [
            103.836046333,
            1.45947445700007
          ],
          [
            103.836178574,
            1.45941725600004
          ],
          [
            103.836266998,
            1.45937767400003
          ],
          [
            103.836331224,
            1.45931241700003
          ],
          [
            103.836363621,
            1.45927950000002
          ],
          [
            103.836408105,
            1.45923430000004
          ]
        ]
      },
      "properties": {
        "OBJECTID": 221,
        "pcn_loop": "Northern Explorer Loop",
        "pcn": "Sembawang Park",
        "descriptionHTML": "Situated in the north of Singapore facing the Johor Straits, Sembawang Park is a tranquil park away from the bustle of the city. With a beautiful beach side and a stunning view, it is a popular fishing ground and a great place for family and friends to get together.",
        "address": "",
        "Shape__Length": 555.8610432251171
      }
    },
    {
      "type": "Feature",
      "id": 236,
      "geometry": {
        "type": "LineString",
        "coordinates": [
          [
            103.829951476,
            1.40973488700007
          ],
          [
            103.829989449,
            1.40965642000003
          ],
          [
            103.830017017,
            1.40959945300006
          ],
          [
            103.83006441,
            1.40950152000004
          ],
          [
            103.830110765,
            1.40947817700004
          ],
          [
            103.830165539,
            1.40945059500007
          ],
          [
            103.830212701,
            1.40942684600004
          ],
          [
            103.830279501,
            1.40939320800004
          ],
          [
            103.830353498,
            1.40940509500007
          ],
          [
            103.830433979,
            1.40941199500003
          ],
          [
            103.830624686,
            1.40941149700007
          ],
          [
            103.830623229,
            1.40944389000004
          ],
          [
            103.830630854,
            1.40950501400004
          ],
          [
            103.830659097,
            1.409573086
          ],
          [
            103.830683775,
            1.40960735600004
          ],
          [
            103.830742495,
            1.40965589000006
          ],
          [
            103.830768788,
            1.40966847000004
          ],
          [
            103.830799388,
            1.40967804500003
          ],
          [
            103.830833963,
            1.40968450300005
          ],
          [
            103.830909589,
            1.40968681700002
          ],
          [
            103.83094748,
            1.40968130800007
          ],
          [
            103.830985339,
            1.40967115300002
          ],
          [
            103.831023165,
            1.40965635300005
          ],
          [
            103.831095694,
            1.40968560100003
          ],
          [
            103.831157916,
            1.40971069400007
          ],
          [
            103.831243346,
            1.40974536500005
          ],
          [
            103.831332829,
            1.40976522000006
          ],
          [
            103.831392014,
            1.40976738600005
          ],
          [
            103.831460154,
            1.40975906900008
          ],
          [
            103.831499845,
            1.40974867000004
          ],
          [
            103.831487209,
            1.40978966000005
          ],
          [
            103.831469368,
            1.40982865400001
          ],
          [
            103.831446741,
            1.40986504800002
          ],
          [
            103.831500958,
            1.40986791900003
          ],
          [
            103.831554546,
            1.40986813700005
          ],
          [
            103.831607505,
            1.40986570300004
          ],
          [
            103.83171198,
            1.40985279900002
          ],
          [
            103.831763487,
            1.40984228400004
          ],
          [
            103.831864107,
            1.40981332400003
          ],
          [
            103.831913469,
            1.40979483600005
          ],
          [
            103.831962198,
            1.40977367400005
          ],
          [
            103.832023873,
            1.40974256600003
          ],
          [
            103.832090179,
            1.40970348500002
          ],
          [
            103.832175953,
            1.40974226800005
          ],
          [
            103.832223621,
            1.40976382100006
          ],
          [
            103.832302947,
            1.40980166300005
          ],
          [
            103.832354682,
            1.40982634300002
          ],
          [
            103.832475016,
            1.40988675400006
          ],
          [
            103.832535433,
            1.40991860300003
          ],
          [
            103.832593026,
            1.40994896200003
          ],
          [
            103.832658306,
            1.40998553700006
          ],
          [
            103.832707375,
            1.41001303000008
          ],
          [
            103.832767937,
            1.41004696200003
          ],
          [
            103.832827083,
            1.41008261500004
          ],
          [
            103.832936906,
            1.41014881600006
          ],
          [
            103.8329832,
            1.41017858100002
          ],
          [
            103.833025973,
            1.41020608200004
          ],
          [
            103.833081177,
            1.41024228600004
          ],
          [
            103.833124021,
            1.41027142300005
          ],
          [
            103.833172721,
            1.41030454100007
          ],
          [
            103.83314792,
            1.41034988000006
          ],
          [
            103.833127938,
            1.41038823700006
          ],
          [
            103.833159971,
            1.41047506700005
          ],
          [
            103.833196238,
            1.41055574600005
          ],
          [
            103.833236739,
            1.41063027500008
          ],
          [
            103.833281474,
            1.41069865200006
          ],
          [
            103.833330443,
            1.41076087900008
          ],
          [
            103.833356516,
            1.41078968700003
          ],
          [
            103.833411837,
            1.41084268900003
          ],
          [
            103.833441086,
            1.41086688400003
          ],
          [
            103.833471394,
            1.41088954100007
          ],
          [
            103.833527301,
            1.41092568300007
          ],
          [
            103.833615862,
            1.41097034700004
          ],
          [
            103.833662824,
            1.41098878500003
          ],
          [
            103.833711573,
            1.41100462500004
          ],
          [
            103.833814435,
            1.41102851700002
          ],
          [
            103.833924447,
            1.41104202300004
          ],
          [
            103.833962153,
            1.41104309900003
          ],
          [
            103.833996216,
            1.41102679100003
          ],
          [
            103.834019176,
            1.41099667100001
          ],
          [
            103.834063544,
            1.41103140200005
          ],
          [
            103.834113683,
            1.41107065000007
          ],
          [
            103.834125484,
            1.41105446300002
          ],
          [
            103.834187146,
            1.41103618700003
          ],
          [
            103.834214591,
            1.41103692100005
          ],
          [
            103.834251849,
            1.41104801100004
          ],
          [
            103.834278507,
            1.41107841600007
          ],
          [
            103.834311963,
            1.41113404600004
          ],
          [
            103.834324362,
            1.41114845300007
          ],
          [
            103.834358466,
            1.41116955700004
          ],
          [
            103.834398567,
            1.41118181600006
          ],
          [
            103.834443824,
            1.41117558700005
          ],
          [
            103.834522197,
            1.41115716100006
          ],
          [
            103.83454264,
            1.41116030100003
          ],
          [
            103.834555794,
            1.41117186400005
          ],
          [
            103.834565475,
            1.41119324400005
          ],
          [
            103.834570356,
            1.41121541400001
          ],
          [
            103.834567796,
            1.41124106800003
          ],
          [
            103.834556759,
            1.41126865800004
          ],
          [
            103.834548684,
            1.41128150900005
          ],
          [
            103.834529473,
            1.41130203700003
          ],
          [
            103.834500094,
            1.41131605900005
          ],
          [
            103.834477807,
            1.41131985000002
          ],
          [
            103.834462,
            1.41131971400005
          ],
          [
            103.834433685,
            1.41138810200004
          ],
          [
            103.834431266,
            1.41139394500003
          ]
        ]
      },
      "properties": {
        "OBJECTID": 236,
        "pcn_loop": "Northern Explorer Loop",
        "pcn": "Lower Seletar Reservoir Park",
        "descriptionHTML": "Calm and peaceful with turquoise waters and balmy breezes, Lower Seletar Reservoir Park is a pleasant place for leisure activities, both on land and in water. Featuring a Family Bay with a new performance stage, a water play area, a bioswale rain garden, as well as a Heritage Bridge, there’s something for everyone. Fitness enthusiasts regularly gather at the park for long, leisurely strolls or jogs. A fishing jetty, maintained by PUB, extends from the park into the reservoir, catering to avid anglers who cast their rods in hopes of hooking large snakeheads and tilapias swimming in the waters. Benches along the edge of the reservoir provide a great view of the beauty and tranquility of the surroundings.",
        "address": "",
        "Shape__Length": 691.675703236139
      }
    },
    {
      "type": "Feature",
      "id": 237,
      "geometry": {
        "type": "LineString",
        "coordinates": [
          [
            103.834019176,
            1.41099667100001
          ],
          [
            103.834014488,
            1.41092173700003
          ],
          [
            103.833987351,
            1.41089438200004
          ],
          [
            103.833978178,
            1.41088775300006
          ],
          [
            103.833920742,
            1.41084624100004
          ],
          [
            103.833876737,
            1.41081443800003
          ],
          [
            103.833796854,
            1.41075670400005
          ],
          [
            103.833718709,
            1.41070022500003
          ],
          [
            103.83362534,
            1.41063274500004
          ],
          [
            103.833553016,
            1.41058047400003
          ],
          [
            103.833500484,
            1.41054250700004
          ],
          [
            103.833456479,
            1.41051070300004
          ],
          [
            103.83338726,
            1.41046067700006
          ],
          [
            103.83333156,
            1.41041914200002
          ],
          [
            103.833285597,
            1.41038483800003
          ],
          [
            103.83324927,
            1.41035887800006
          ],
          [
            103.833183285,
            1.41031172400004
          ],
          [
            103.833172721,
            1.41030454100007
          ]
        ]
      },
      "properties": {
        "OBJECTID": 237,
        "pcn_loop": "Northern Explorer Loop",
        "pcn": "Lower Seletar Reservoir Park",
        "descriptionHTML": "Calm and peaceful with turquoise waters and balmy breezes, Lower Seletar Reservoir Park is a pleasant place for leisure activities, both on land and in water. Featuring a Family Bay with a new performance stage, a water play area, a bioswale rain garden, as well as a Heritage Bridge, there’s something for everyone. Fitness enthusiasts regularly gather at the park for long, leisurely strolls or jogs. A fishing jetty, maintained by PUB, extends from the park into the reservoir, catering to avid anglers who cast their rods in hopes of hooking large snakeheads and tilapias swimming in the waters. Benches along the edge of the reservoir provide a great view of the beauty and tranquility of the surroundings.",
        "address": "",
        "Shape__Length": 124.62414637743505
      }
    },
    {
      "type": "Feature",
      "id": 238,
      "geometry": {
        "type": "LineString",
        "coordinates": [
          [
            103.832090179,
            1.40970348500002
          ],
          [
            103.832026308,
            1.40967643500004
          ],
          [
            103.83200101,
            1.40966572000001
          ],
          [
            103.831960193,
            1.40964843400007
          ],
          [
            103.831901164,
            1.40962343500006
          ],
          [
            103.831828043,
            1.40959390300004
          ],
          [
            103.831739668,
            1.40955821000004
          ],
          [
            103.831623847,
            1.40951364700003
          ],
          [
            103.831577201,
            1.40949706100002
          ],
          [
            103.831518295,
            1.40947611500008
          ],
          [
            103.831421338,
            1.40944520400006
          ],
          [
            103.831335834,
            1.40942145000003
          ],
          [
            103.831234033,
            1.40940163900006
          ],
          [
            103.831179017,
            1.40939542900001
          ],
          [
            103.831120572,
            1.40939159800005
          ],
          [
            103.831059365,
            1.40939009900005
          ],
          [
            103.830934487,
            1.40939369000007
          ],
          [
            103.830872588,
            1.40939677900008
          ],
          [
            103.830827185,
            1.40939904400004
          ],
          [
            103.830768262,
            1.40940266800003
          ],
          [
            103.830692175,
            1.40940734700007
          ],
          [
            103.830624686,
            1.40941149700007
          ]
        ]
      },
      "properties": {
        "OBJECTID": 238,
        "pcn_loop": "Northern Explorer Loop",
        "pcn": "Lower Seletar Reservoir Park",
        "descriptionHTML": "Calm and peaceful with turquoise waters and balmy breezes, Lower Seletar Reservoir Park is a pleasant place for leisure activities, both on land and in water. Featuring a Family Bay with a new performance stage, a water play area, a bioswale rain garden, as well as a Heritage Bridge, there’s something for everyone. Fitness enthusiasts regularly gather at the park for long, leisurely strolls or jogs. A fishing jetty, maintained by PUB, extends from the park into the reservoir, catering to avid anglers who cast their rods in hopes of hooking large snakeheads and tilapias swimming in the waters. Benches along the edge of the reservoir provide a great view of the beauty and tranquility of the surroundings.",
        "address": "",
        "Shape__Length": 169.23011388762086
      }
    },
    {
      "type": "Feature",
      "id": 239,
      "geometry": {
        "type": "LineString",
        "coordinates": [
          [
            103.840953232,
            1.42686148300004
          ],
          [
            103.841018319,
            1.42682718600003
          ],
          [
            103.841056828,
            1.42679996900006
          ],
          [
            103.841056891,
            1.42679991700003
          ],
          [
            103.841117398,
            1.42678526000003
          ],
          [
            103.841173584,
            1.42680452600007
          ],
          [
            103.841248739,
            1.42680139000002
          ],
          [
            103.84127059,
            1.42679431600005
          ],
          [
            103.841323799,
            1.42676123300002
          ],
          [
            103.841362707,
            1.42671196900005
          ],
          [
            103.841382723,
            1.42665234200006
          ],
          [
            103.841384809,
            1.42662082500004
          ],
          [
            103.841497764,
            1.42660933000007
          ],
          [
            103.841570202,
            1.42660195900003
          ],
          [
            103.841632333,
            1.42659563600005
          ],
          [
            103.841700113,
            1.42658873800001
          ],
          [
            103.841780332,
            1.42658057400007
          ],
          [
            103.841844177,
            1.42657407700005
          ],
          [
            103.841924967,
            1.42656585500002
          ],
          [
            103.841984294,
            1.42655981700007
          ],
          [
            103.842039988,
            1.42653553700007
          ],
          [
            103.842110129,
            1.42650495600003
          ],
          [
            103.842218064,
            1.42645789900006
          ],
          [
            103.842285224,
            1.42642861900003
          ],
          [
            103.842376565,
            1.42636013800007
          ],
          [
            103.842452107,
            1.42627523100004
          ],
          [
            103.842499889,
            1.42622152700004
          ],
          [
            103.842548559,
            1.42616682300007
          ],
          [
            103.842594691,
            1.42611497400002
          ],
          [
            103.842646494,
            1.42605674900006
          ],
          [
            103.842695165,
            1.42600204600006
          ],
          [
            103.842750483,
            1.42593986900004
          ],
          [
            103.842845661,
            1.42583289300007
          ],
          [
            103.842885825,
            1.42578775000003
          ],
          [
            103.842977043,
            1.42568522500005
          ],
          [
            103.843014682,
            1.42564594300007
          ],
          [
            103.843097465,
            1.42557937200007
          ],
          [
            103.84315179,
            1.42553740300002
          ],
          [
            103.843245785,
            1.42548778100007
          ],
          [
            103.843392948,
            1.42541009200004
          ],
          [
            103.843475273,
            1.42534472700004
          ],
          [
            103.843560108,
            1.42524478700006
          ],
          [
            103.84361518,
            1.42517990900007
          ],
          [
            103.843697202,
            1.42508328300003
          ],
          [
            103.843750045,
            1.42502103100001
          ],
          [
            103.843786501,
            1.42497322300005
          ],
          [
            103.843862485,
            1.42487357700002
          ],
          [
            103.843936671,
            1.42481084800004
          ],
          [
            103.844010533,
            1.42474839200001
          ],
          [
            103.84408782,
            1.42468303900007
          ],
          [
            103.844226803,
            1.42459837700004
          ],
          [
            103.844284034,
            1.42453638600005
          ],
          [
            103.844321829,
            1.42454540800002
          ],
          [
            103.844360555,
            1.42454844100006
          ],
          [
            103.844440607,
            1.42453521400004
          ],
          [
            103.844512296,
            1.42449689400007
          ],
          [
            103.844568006,
            1.42443756500006
          ],
          [
            103.844601947,
            1.42436345400006
          ],
          [
            103.844609638,
            1.42432234900002
          ],
          [
            103.844610469,
            1.42428053800005
          ],
          [
            103.844604412,
            1.42423914000003
          ],
          [
            103.844591639,
            1.42419933900003
          ],
          [
            103.844572505,
            1.42416221400003
          ],
          [
            103.84451746,
            1.42410000600006
          ],
          [
            103.844483028,
            1.42407659800005
          ],
          [
            103.844445186,
            1.42405923000006
          ],
          [
            103.84440509,
            1.42404841600005
          ],
          [
            103.844363729,
            1.42404441800003
          ],
          [
            103.844322287,
            1.42404735700005
          ],
          [
            103.844281885,
            1.42405715500007
          ],
          [
            103.844241454,
            1.42396779800004
          ],
          [
            103.844195873,
            1.42391515300005
          ],
          [
            103.844118529,
            1.42384316700003
          ],
          [
            103.844024374,
            1.42378513300003
          ],
          [
            103.843956303,
            1.42372148300006
          ],
          [
            103.84388842,
            1.42365800800009
          ],
          [
            103.843847847,
            1.42361771800006
          ],
          [
            103.843787517,
            1.42355780700006
          ],
          [
            103.843741641,
            1.42351225100003
          ],
          [
            103.843704324,
            1.42347519400005
          ],
          [
            103.843664078,
            1.42343522800007
          ],
          [
            103.843619994,
            1.42339145200002
          ],
          [
            103.84356502,
            1.42338493300003
          ],
          [
            103.84345454,
            1.42339982100002
          ],
          [
            103.843404356,
            1.42340753500003
          ],
          [
            103.843290438,
            1.42342504600004
          ],
          [
            103.843208817,
            1.42341082800005
          ],
          [
            103.843136226,
            1.42339818400006
          ],
          [
            103.843074298,
            1.42335534800003
          ],
          [
            103.843026638,
            1.42330290300002
          ],
          [
            103.842988491,
            1.42324307600007
          ],
          [
            103.842944053,
            1.42317338300004
          ],
          [
            103.84289489,
            1.42309627900005
          ],
          [
            103.842808351,
            1.42306510500003
          ],
          [
            103.842759421,
            1.42305611800003
          ],
          [
            103.842688334,
            1.42305554000006
          ],
          [
            103.842579834,
            1.42305465800006
          ],
          [
            103.842476994,
            1.42305382200003
          ],
          [
            103.842356609,
            1.42305284300003
          ],
          [
            103.842186583,
            1.42302505200006
          ],
          [
            103.842094079,
            1.42299566800005
          ],
          [
            103.841978431,
            1.42296276700006
          ],
          [
            103.841914491,
            1.42295635600004
          ],
          [
            103.841932665,
            1.42287831700001
          ],
          [
            103.841932469,
            1.42283806900001
          ],
          [
            103.841913566,
            1.42276025600006
          ],
          [
            103.84187173,
            1.42269205100008
          ],
          [
            103.841843389,
            1.42266368100007
          ],
          [
            103.841775379,
            1.42262194000004
          ],
          [
            103.841697961,
            1.42260333300004
          ],
          [
            103.841658017,
            1.42260335200007
          ],
          [
            103.841617874,
            1.42260981400006
          ],
          [
            103.841546197,
            1.42263953000001
          ],
          [
            103.841488963,
            1.42268696400004
          ],
          [
            103.841447714,
            1.42274890500004
          ],
          [
            103.841425194,
            1.42282493500005
          ],
          [
            103.841426791,
            1.42290420900001
          ],
          [
            103.841452349,
            1.42297924500001
          ],
          [
            103.841473444,
            1.42301290100005
          ],
          [
            103.841499484,
            1.42304291000005
          ],
          [
            103.841600201,
            1.42310404600004
          ],
          [
            103.841638696,
            1.42311322800003
          ],
          [
            103.84171058,
            1.42311422100005
          ],
          [
            103.841773258,
            1.42309779600004
          ],
          [
            103.841802563,
            1.42308370900002
          ],
          [
            103.841831369,
            1.42316824700003
          ],
          [
            103.841853477,
            1.42325430600005
          ],
          [
            103.84186641,
            1.42332469400002
          ],
          [
            103.841866504,
            1.42342652900004
          ],
          [
            103.841865461,
            1.42348377200005
          ],
          [
            103.841896877,
            1.42355331700002
          ],
          [
            103.841942763,
            1.42359917300007
          ],
          [
            103.84198429,
            1.42362749300002
          ],
          [
            103.842053526,
            1.42366698200004
          ],
          [
            103.842107165,
            1.42369448200002
          ],
          [
            103.84222173,
            1.42373611600005
          ],
          [
            103.842282657,
            1.42375025000007
          ],
          [
            103.842239894,
            1.42378151300004
          ],
          [
            103.84215818,
            1.42384818100005
          ],
          [
            103.842119227,
            1.42388358700002
          ],
          [
            103.842059206,
            1.42393713900004
          ],
          [
            103.842012245,
            1.42398793400002
          ],
          [
            103.841985965,
            1.42404195800003
          ],
          [
            103.841974475,
            1.42410394100006
          ],
          [
            103.841977967,
            1.42417148200001
          ],
          [
            103.84198533,
            1.42420733800002
          ],
          [
            103.842011292,
            1.42428321900007
          ],
          [
            103.841932138,
            1.42438124100004
          ],
          [
            103.841849431,
            1.42447597100005
          ],
          [
            103.841823559,
            1.42450181400006
          ],
          [
            103.841724351,
            1.42458315900007
          ],
          [
            103.841671614,
            1.42463352500005
          ],
          [
            103.84163489,
            1.42469130300003
          ],
          [
            103.841618332,
            1.42475180100006
          ],
          [
            103.841605191,
            1.42486150900004
          ],
          [
            103.841601193,
            1.42490188200003
          ],
          [
            103.841595426,
            1.42506383500006
          ],
          [
            103.841589469,
            1.42513074900007
          ],
          [
            103.841578216,
            1.42521555300005
          ],
          [
            103.841565752,
            1.42526508700007
          ],
          [
            103.841541939,
            1.42532026500003
          ],
          [
            103.841483459,
            1.42535450100006
          ],
          [
            103.841450169,
            1.42535562400008
          ],
          [
            103.841411134,
            1.42535395600003
          ],
          [
            103.84137321,
            1.42534753700005
          ],
          [
            103.84133827,
            1.42533669200002
          ],
          [
            103.841307439,
            1.42532178100002
          ],
          [
            103.841268493,
            1.42529093700005
          ],
          [
            103.841251265,
            1.42528596300002
          ],
          [
            103.84122338,
            1.42529020600005
          ],
          [
            103.841173353,
            1.42531940000004
          ],
          [
            103.841140535,
            1.42535047500008
          ],
          [
            103.841114182,
            1.42538893000005
          ],
          [
            103.841108161,
            1.42540539000003
          ],
          [
            103.841102611,
            1.42544717600004
          ],
          [
            103.841102359,
            1.42547976700007
          ],
          [
            103.841110774,
            1.42555495200003
          ],
          [
            103.841122099,
            1.42558536700004
          ],
          [
            103.84116774,
            1.42566520900005
          ],
          [
            103.841229224,
            1.42574258600006
          ],
          [
            103.841242846,
            1.42576501800004
          ],
          [
            103.841262054,
            1.42581249500005
          ],
          [
            103.841253748,
            1.42585688600002
          ],
          [
            103.841214361,
            1.42586994600004
          ],
          [
            103.84116218,
            1.42584325100005
          ],
          [
            103.841147573,
            1.42582632500007
          ],
          [
            103.841135314,
            1.42580661800003
          ],
          [
            103.841105202,
            1.42575004200007
          ],
          [
            103.84108371,
            1.42572254300005
          ],
          [
            103.841038963,
            1.42568518500002
          ],
          [
            103.840976218,
            1.42567431000003
          ],
          [
            103.840921536,
            1.42568020400007
          ],
          [
            103.84089437,
            1.42568857600003
          ],
          [
            103.840867318,
            1.42570056500005
          ],
          [
            103.840761786,
            1.42572879400006
          ],
          [
            103.840740467,
            1.42573449600007
          ],
          [
            103.84066286,
            1.42575525600004
          ]
        ]
      },
      "properties": {
        "OBJECTID": 239,
        "pcn_loop": "Northern Explorer Loop",
        "pcn": "Yishun Park Connector",
        "descriptionHTML": "The Yishun Park Connector links the Khatib Bongsu Park Connector to the Canberra-Sembawang Park Connector, passing through the Simpang Kiri Park Connector and Canberra-Sembawang Park Connector, and running by Yishun Swimming Complex.",
        "address": "",
        "Shape__Length": 1554.4411280817023
      }
    },
    {
      "type": "Feature",
      "id": 253,
      "geometry": {
        "type": "LineString",
        "coordinates": [
          [
            103.785005855,
            1.44150553200007
          ],
          [
            103.784790587,
            1.44164422600005
          ],
          [
            103.78420808,
            1.44208688100001
          ],
          [
            103.783904938,
            1.44236204700006
          ],
          [
            103.783613682,
            1.44263721200002
          ],
          [
            103.783054951,
            1.44300808400004
          ],
          [
            103.782407062,
            1.44334306100007
          ],
          [
            103.781818615,
            1.443546436
          ],
          [
            103.781426317,
            1.44367204900003
          ]
        ]
      },
      "properties": {
        "OBJECTID": 253,
        "pcn_loop": "Northern Explorer Loop",
        "pcn": "Riverside Park Park Connector",
        "descriptionHTML": "For visitors coming from Woodlands (Ave 2) Park Connector, Riverside Park Connector leads them onwards along the periphery of Admiralty Park, bringing them to the western entrance of the park. Check out the play area at Admiralty Park, which features 26 slides – the largest number of slides in any park Singapore. Those looking for quiet respite may opt to retreat to the nature area of Admiralty Park and check out the mangrove boardwalk.",
        "address": "",
        "Shape__Length": 471.17632269041536
      }
    }
  ]
}