{
  "type": "FeatureCollection",
  "features": [
    {
      "type": "Feature",
      "id": 296,
      "geometry": {
        "type": "LineString",
        "coordinates": [
          [
            103.863501123,
            1.42215408700002
          ],
          [
            103.86417542,
            1.42205788200004
          ],
          [
            103.864411939,
            1.42186595800006
          ],
          [
            103.864412743,
            1.42186172100002
          ],
          [
            103.864412869,
            1.42185741000003
          ],
          [
            103.864412315,
            1.42185313300006
          ],
          [
            103.864411095,
            1.42184899800003
          ],
          [
            103.864409239,
            1.42184511000004
          ],
          [
            103.864406794,
            1.42184156800003
          ],
          [
            103.864390548,
            1.42182162200002
          ],
          [
            103.864323641,
            1.42173648700003
          ],
          [
            103.864258218,
            1.42165019200006
          ],
          [
            103.864194301,
            1.42156275700005
          ],
          [
            103.864179034,
            1.42154109200004
          ],
          [
            103.864131912,
            1.42147421900007
          ],
          [
            103.864071068,
            1.42138459400006
          ],
          [
            103.864011642,
            1.42129369700007
          ],
          [
            103.863983623,
            1.42124960000005
          ],
          [
            103.863972296,
            1.421231055
          ],
          [
            103.863923924,
            1.42115184600004
          ],
          [
            103.863895124,
            1.42110468500003
          ],
          [
            103.863522171,
            1.42047499400006
          ],
          [
            103.863379214,
            1.42023362600002
          ],
          [
            103.863291456,
            1.42008545800007
          ],
          [
            103.863066394,
            1.41970546500004
          ],
          [
            103.862622076,
            1.41895528000002
          ],
          [
            103.862513966,
            1.41877274600006
          ],
          [
            103.862480407,
            1.41871530000002
          ],
          [
            103.862433246,
            1.41863176600001
          ],
          [
            103.862411765,
            1.41859212200007
          ],
          [
            103.862343452,
            1.41846255700006
          ],
          [
            103.862300769,
            1.41837679400004
          ],
          [
            103.86225958,
            1.41829029600006
          ],
          [
            103.862219896,
            1.41820308800005
          ],
          [
            103.862181732,
            1.41811519400006
          ],
          [
            103.862145097,
            1.41802664400007
          ],
          [
            103.862110004,
            1.41793746500002
          ],
          [
            103.862076461,
            1.41784768200004
          ],
          [
            103.862044482,
            1.41775732600007
          ],
          [
            103.862014074,
            1.41766642000004
          ],
          [
            103.861985246,
            1.41757499400005
          ],
          [
            103.861958009,
            1.41748307500007
          ],
          [
            103.861932371,
            1.41739069200002
          ],
          [
            103.861922854,
            1.41735393700001
          ],
          [
            103.861908337,
            1.41729787400004
          ],
          [
            103.861885917,
            1.41720464800005
          ],
          [
            103.861865118,
            1.41711103900003
          ],
          [
            103.861845944,
            1.41701708200003
          ],
          [
            103.861829555,
            1.41692899400004
          ],
          [
            103.861828403,
            1.41692280200004
          ],
          [
            103.861812499,
            1.41682822800004
          ],
          [
            103.861798238,
            1.41673338900005
          ],
          [
            103.861785623,
            1.41663831400007
          ],
          [
            103.861778496,
            1.41657637200005
          ],
          [
            103.86177466,
            1.41654303100005
          ],
          [
            103.861765348,
            1.41644757200004
          ],
          [
            103.861757695,
            1.41635196400006
          ],
          [
            103.861751703,
            1.41625623500005
          ],
          [
            103.861747369,
            1.41616041200007
          ],
          [
            103.861744697,
            1.41606453300005
          ],
          [
            103.86174426,
            1.41602287000006
          ],
          [
            103.861743852,
            1.41601844500001
          ],
          [
            103.861743456,
            1.41601657700006
          ],
          [
            103.861737035,
            1.41599072600008
          ],
          [
            103.861744039,
            1.41590612100003
          ],
          [
            103.861744132,
            1.41590405500006
          ],
          [
            103.861744346,
            1.41587270400003
          ],
          [
            103.861746665,
            1.41577681300003
          ],
          [
            103.861750646,
            1.41568097800006
          ],
          [
            103.86175629,
            1.41558522800006
          ],
          [
            103.861760664,
            1.41552793100004
          ],
          [
            103.861760742,
            1.41552568100002
          ],
          [
            103.861760688,
            1.41552127000005
          ],
          [
            103.861760604,
            1.41551450200007
          ],
          [
            103.861791493,
            1.41516718900003
          ],
          [
            103.861798091,
            1.41512274800003
          ],
          [
            103.861806321,
            1.41507049800003
          ],
          [
            103.861817002,
            1.41500706200003
          ],
          [
            103.861823914,
            1.41496823500006
          ],
          [
            103.861834702,
            1.41491059800006
          ],
          [
            103.861843356,
            1.41486663700005
          ],
          [
            103.861854438,
            1.41481284400003
          ],
          [
            103.861862727,
            1.41477323600003
          ],
          [
            103.861870686,
            1.41473521000006
          ],
          [
            103.861877995,
            1.41470028100002
          ],
          [
            103.861888842,
            1.41464845100005
          ],
          [
            103.861898857,
            1.41460059600007
          ],
          [
            103.86191005,
            1.41454711700005
          ],
          [
            103.861921748,
            1.41449122100005
          ],
          [
            103.861928364,
            1.41445961100004
          ],
          [
            103.86193738,
            1.41441652500003
          ],
          [
            103.861945026,
            1.41437999000004
          ],
          [
            103.861952237,
            1.41434553600005
          ],
          [
            103.861960985,
            1.41430373700008
          ],
          [
            103.861968281,
            1.41426887500005
          ],
          [
            103.861978584,
            1.41421964300001
          ],
          [
            103.861989309,
            1.41416839900006
          ],
          [
            103.862001609,
            1.41410959500006
          ],
          [
            103.862011475,
            1.41406134600003
          ],
          [
            103.862021635,
            1.41400987300005
          ],
          [
            103.862031881,
            1.41395592100002
          ],
          [
            103.862038338,
            1.41392074800006
          ],
          [
            103.862046041,
            1.41387748500005
          ],
          [
            103.862053241,
            1.41383564200004
          ],
          [
            103.862058907,
            1.41380166600005
          ],
          [
            103.86206237,
            1.41378006800004
          ],
          [
            103.862068154,
            1.41374399300002
          ],
          [
            103.862073448,
            1.41370938000006
          ],
          [
            103.862079723,
            1.41366635100007
          ],
          [
            103.862085211,
            1.41362666300006
          ],
          [
            103.8620907,
            1.41358472300003
          ],
          [
            103.862093315,
            1.41356346900004
          ],
          [
            103.862096176,
            1.41354021500007
          ],
          [
            103.862098104,
            1.41352380800003
          ],
          [
            103.862102739,
            1.41348254200007
          ],
          [
            103.862106657,
            1.41344532200003
          ],
          [
            103.862110705,
            1.41340410200007
          ],
          [
            103.862114067,
            1.41336723700003
          ],
          [
            103.862118284,
            1.41331665300003
          ],
          [
            103.862121107,
            1.41327928300006
          ],
          [
            103.862124422,
            1.41323040400005
          ],
          [
            103.8621271,
            1.41318537400001
          ],
          [
            103.862129066,
            1.41314766800002
          ],
          [
            103.862129775,
            1.41313254400006
          ],
          [
            103.862132865,
            1.41305369600002
          ],
          [
            103.86213409,
            1.41301037900007
          ],
          [
            103.862135048,
            1.41296301900007
          ],
          [
            103.862135478,
            1.41293037400002
          ],
          [
            103.862135751,
            1.41288898300006
          ],
          [
            103.862135708,
            1.41284467700006
          ],
          [
            103.862135399,
            1.41280708300007
          ],
          [
            103.862134851,
            1.41277012700004
          ],
          [
            103.862134387,
            1.41274705200004
          ],
          [
            103.862133713,
            1.41271964700006
          ],
          [
            103.86213243,
            1.41267789700003
          ],
          [
            103.862130942,
            1.41263865100005
          ],
          [
            103.862129589,
            1.41260794900007
          ],
          [
            103.862127635,
            1.41256909700007
          ],
          [
            103.86212651,
            1.41254883700002
          ],
          [
            103.862125016,
            1.41252376000006
          ],
          [
            103.862122598,
            1.41248661100002
          ],
          [
            103.862119307,
            1.41244119500005
          ],
          [
            103.862114676,
            1.41238442000002
          ],
          [
            103.862109704,
            1.41233008000006
          ],
          [
            103.862107428,
            1.41230696800003
          ],
          [
            103.862104119,
            1.41227497500005
          ],
          [
            103.862097862,
            1.41221878300006
          ],
          [
            103.862092708,
            1.41217593600003
          ],
          [
            103.862087048,
            1.41213178000005
          ],
          [
            103.862080688,
            1.41208515100004
          ],
          [
            103.862072419,
            1.41202845200007
          ],
          [
            103.862067795,
            1.41199847700005
          ],
          [
            103.8620669,
            1.41199268700007
          ],
          [
            103.862061238,
            1.41195747400007
          ],
          [
            103.862057737,
            1.41193637900005
          ],
          [
            103.862051138,
            1.41189790500004
          ],
          [
            103.862044367,
            1.41185998500004
          ],
          [
            103.862037959,
            1.41182540300002
          ],
          [
            103.86203208,
            1.41179468900002
          ],
          [
            103.86202668,
            1.41176725500002
          ],
          [
            103.862024038,
            1.41175408800006
          ],
          [
            103.862017143,
            1.41172045900004
          ],
          [
            103.862011949,
            1.41169579200003
          ],
          [
            103.862004944,
            1.41166335500003
          ],
          [
            103.862001439,
            1.41164761900006
          ],
          [
            103.861996301,
            1.41162454600004
          ],
          [
            103.861989437,
            1.41159461600005
          ],
          [
            103.861982639,
            1.41156567200004
          ],
          [
            103.861977832,
            1.41154561400003
          ],
          [
            103.861970931,
            1.41151736900002
          ],
          [
            103.861963329,
            1.41148695500003
          ],
          [
            103.861952616,
            1.41144526500004
          ],
          [
            103.861942876,
            1.41140846400004
          ],
          [
            103.861932874,
            1.41137167500005
          ],
          [
            103.861922589,
            1.41133483500004
          ],
          [
            103.86191056,
            1.41129292000003
          ],
          [
            103.861897956,
            1.41125026500003
          ],
          [
            103.861888014,
            1.41121745800007
          ],
          [
            103.861881255,
            1.41119555600005
          ],
          [
            103.861867066,
            1.41115057300005
          ],
          [
            103.861853884,
            1.41110991600005
          ],
          [
            103.861842683,
            1.41107616500005
          ],
          [
            103.861829223,
            1.41103652400005
          ],
          [
            103.861815812,
            1.41099795500003
          ],
          [
            103.861805257,
            1.41096821700005
          ],
          [
            103.861792907,
            1.41093407500004
          ],
          [
            103.861780061,
            1.41089927300003
          ],
          [
            103.861762317,
            1.41085232300001
          ],
          [
            103.861752854,
            1.41082778600002
          ],
          [
            103.861743175,
            1.41080303700004
          ],
          [
            103.861730284,
            1.41077059800006
          ],
          [
            103.861714113,
            1.41073071200003
          ],
          [
            103.861700761,
            1.41069842100006
          ],
          [
            103.861686594,
            1.41066476600004
          ],
          [
            103.861674259,
            1.41063594700006
          ],
          [
            103.861668514,
            1.41062267700004
          ],
          [
            103.861656758,
            1.41059580500007
          ],
          [
            103.861641731,
            1.41056199900003
          ],
          [
            103.861621111,
            1.41051655900002
          ],
          [
            103.861607384,
            1.41048688800004
          ],
          [
            103.861597546,
            1.41046589800003
          ],
          [
            103.86157701,
            1.41042279200001
          ],
          [
            103.861548462,
            1.41036437900004
          ],
          [
            103.861516227,
            1.41030040300006
          ],
          [
            103.861494751,
            1.41025887300003
          ],
          [
            103.861470434,
            1.41021284200002
          ],
          [
            103.86144663,
            1.41016875700007
          ],
          [
            103.861428096,
            1.41013507000001
          ],
          [
            103.861401642,
            1.41008790700004
          ],
          [
            103.86138134,
            1.41005241700002
          ],
          [
            103.861369583,
            1.41003213600005
          ],
          [
            103.861352553,
            1.41000309800007
          ],
          [
            103.861332135,
            1.40996880000005
          ],
          [
            103.86130091,
            1.40991739400004
          ],
          [
            103.86128182,
            1.40988656500003
          ],
          [
            103.861273827,
            1.40987378800003
          ],
          [
            103.861261305,
            1.40985392300007
          ],
          [
            103.861241779,
            1.40982330700005
          ],
          [
            103.861227004,
            1.40980042800004
          ],
          [
            103.861209594,
            1.40977304500006
          ],
          [
            103.861196764,
            1.40975045300007
          ],
          [
            103.86118692,
            1.40973346400006
          ],
          [
            103.861180391,
            1.40972235400005
          ],
          [
            103.861166538,
            1.40969918000008
          ],
          [
            103.861140006,
            1.40965622700002
          ],
          [
            103.861108931,
            1.40960812200006
          ],
          [
            103.861091129,
            1.40958155300006
          ],
          [
            103.861077304,
            1.40956140500004
          ],
          [
            103.861076688,
            1.40956054400005
          ],
          [
            103.861059414,
            1.40953736500006
          ],
          [
            103.860973109,
            1.40942155400006
          ],
          [
            103.860967105,
            1.40941349800004
          ],
          [
            103.860958503,
            1.40940195500003
          ],
          [
            103.860957552,
            1.40940075100002
          ],
          [
            103.860923833,
            1.40936064600005
          ],
          [
            103.860922535,
            1.40935910300004
          ],
          [
            103.860784862,
            1.40919535300003
          ],
          [
            103.860765239,
            1.40917201100006
          ],
          [
            103.860737613,
            1.40913915100003
          ],
          [
            103.860658691,
            1.40904872100005
          ],
          [
            103.860611321,
            1.40897400200004
          ],
          [
            103.860569487,
            1.40889500200007
          ],
          [
            103.860533918,
            1.40881295200006
          ],
          [
            103.860504833,
            1.40872835400006
          ],
          [
            103.860482336,
            1.40864144100005
          ],
          [
            103.86047463,
            1.40860283900002
          ],
          [
            103.860462909,
            1.40852224000001
          ],
          [
            103.860456917,
            1.40844125200004
          ],
          [
            103.860456648,
            1.40835955800003
          ],
          [
            103.860468399,
            1.40799233300003
          ],
          [
            103.860469667,
            1.40795265200007
          ],
          [
            103.860470229,
            1.40792659700002
          ],
          [
            103.860470232,
            1.40792573600004
          ],
          [
            103.860468682,
            1.40784793500006
          ],
          [
            103.860468595,
            1.40784623900004
          ],
          [
            103.860462231,
            1.40776896000006
          ],
          [
            103.860462039,
            1.40776727300004
          ],
          [
            103.860450882,
            1.40769054500003
          ],
          [
            103.860450757,
            1.40768976200008
          ],
          [
            103.860450586,
            1.40768887300004
          ],
          [
            103.860434682,
            1.40761299900002
          ],
          [
            103.860434282,
            1.40761134900005
          ],
          [
            103.860413692,
            1.40753662500004
          ],
          [
            103.860413438,
            1.40753576000004
          ],
          [
            103.86041309,
            1.40753464300001
          ],
          [
            103.860412232,
            1.40753189400005
          ],
          [
            103.86041136,
            1.40752911400005
          ],
          [
            103.860409502,
            1.40752326900002
          ],
          [
            103.860409319,
            1.40752269900002
          ],
          [
            103.860407358,
            1.40751664900005
          ],
          [
            103.860398666,
            1.40749097600002
          ],
          [
            103.860398264,
            1.40748989600007
          ],
          [
            103.860392814,
            1.40747621200005
          ],
          [
            103.860378683,
            1.40744073100006
          ],
          [
            103.860375609,
            1.40743292500002
          ],
          [
            103.860360095,
            1.40739354100002
          ],
          [
            103.860359219,
            1.40739155400007
          ],
          [
            103.860332876,
            1.40733771600004
          ],
          [
            103.860318187,
            1.40730829200004
          ],
          [
            103.860315841,
            1.40730443300003
          ],
          [
            103.860312889,
            1.40730101900004
          ],
          [
            103.860309415,
            1.40729814700006
          ],
          [
            103.860305515,
            1.40729589500005
          ],
          [
            103.860301298,
            1.40729432700004
          ],
          [
            103.860298748,
            1.40729374500006
          ],
          [
            103.860131555,
            1.40701354900006
          ],
          [
            103.85984313,
            1.40656169800007
          ],
          [
            103.859801026,
            1.40654460200005
          ],
          [
            103.859727075,
            1.40652899700007
          ],
          [
            103.859714256,
            1.40652629200003
          ],
          [
            103.859668213,
            1.40651657600005
          ],
          [
            103.859667362,
            1.40651641100005
          ],
          [
            103.860088177,
            1.40623155500002
          ],
          [
            103.860144887,
            1.40619823300004
          ],
          [
            103.860231743,
            1.40613800600005
          ],
          [
            103.860232679,
            1.40613732700006
          ],
          [
            103.86023323,
            1.40613690900004
          ],
          [
            103.860234572,
            1.40613589000004
          ],
          [
            103.860277044,
            1.40610364100006
          ],
          [
            103.86028574,
            1.40609703900003
          ],
          [
            103.860287455,
            1.40609590700007
          ],
          [
            103.860288853,
            1.40609491900004
          ],
          [
            103.860289343,
            1.40609454100008
          ],
          [
            103.860317853,
            1.40607229600004
          ],
          [
            103.860362146,
            1.40603811200004
          ],
          [
            103.860426231,
            1.40598865300007
          ],
          [
            103.860454438,
            1.40596675000005
          ],
          [
            103.860465518,
            1.40595807200002
          ],
          [
            103.860477933,
            1.40594835000007
          ],
          [
            103.860519576,
            1.40591808500006
          ],
          [
            103.86053024,
            1.40591056800003
          ],
          [
            103.860541857,
            1.40590253700002
          ],
          [
            103.860568696,
            1.40588470900002
          ],
          [
            103.8605794,
            1.40587760000005
          ],
          [
            103.860651801,
            1.40582951100002
          ],
          [
            103.860668469,
            1.40581844000006
          ],
          [
            103.860708859,
            1.40579161200003
          ],
          [
            103.860724957,
            1.40578091900005
          ],
          [
            103.860739495,
            1.40577126300003
          ],
          [
            103.86078823,
            1.40573889200004
          ],
          [
            103.860811884,
            1.40572700800004
          ],
          [
            103.86082434,
            1.40572074900007
          ],
          [
            103.860825906,
            1.40571988100003
          ],
          [
            103.860875903,
            1.40569454500006
          ],
          [
            103.860876956,
            1.40569409800004
          ],
          [
            103.860886819,
            1.40568930800002
          ],
          [
            103.860893873,
            1.40568576200008
          ],
          [
            103.860907689,
            1.40567881300005
          ],
          [
            103.860909119,
            1.40567804000005
          ],
          [
            103.860910489,
            1.40567718700005
          ],
          [
            103.860926691,
            1.40566642500006
          ],
          [
            103.860968776,
            1.40563847000004
          ],
          [
            103.861001696,
            1.40561660800006
          ],
          [
            103.86102259,
            1.40560272700002
          ],
          [
            103.861033957,
            1.40559518000005
          ],
          [
            103.861042146,
            1.40558973600002
          ],
          [
            103.861045116,
            1.40558776400005
          ],
          [
            103.861047594,
            1.40558590400002
          ],
          [
            103.861048259,
            1.40558532400006
          ],
          [
            103.861054089,
            1.40558006500003
          ],
          [
            103.861071922,
            1.40556397800002
          ],
          [
            103.8610829,
            1.40555407500004
          ],
          [
            103.861101506,
            1.40553729100002
          ],
          [
            103.861104619,
            1.40553509800003
          ],
          [
            103.861105625,
            1.40553420400005
          ],
          [
            103.861118213,
            1.40552245000002
          ],
          [
            103.861131017,
            1.40551121600003
          ],
          [
            103.861152513,
            1.40549693800004
          ],
          [
            103.861159453,
            1.40549232900002
          ],
          [
            103.861192265,
            1.40547053400007
          ],
          [
            103.86123449,
            1.40544248800006
          ],
          [
            103.861249007,
            1.40543284600004
          ],
          [
            103.861255549,
            1.40542850100007
          ],
          [
            103.861275767,
            1.40541507200002
          ],
          [
            103.861291129,
            1.40540486800006
          ],
          [
            103.86130369,
            1.40539652600006
          ],
          [
            103.8613191,
            1.40538628900003
          ],
          [
            103.861331776,
            1.40537787000005
          ],
          [
            103.861334502,
            1.40537606000003
          ],
          [
            103.861347022,
            1.40536774400005
          ],
          [
            103.861381024,
            1.40534516000002
          ],
          [
            103.861398661,
            1.40533344500005
          ],
          [
            103.861421201,
            1.40531847400006
          ],
          [
            103.861452974,
            1.40529737000003
          ],
          [
            103.861477477,
            1.40528109500001
          ],
          [
            103.86150265,
            1.40526437500006
          ],
          [
            103.861539861,
            1.40523966000006
          ],
          [
            103.861550828,
            1.40523237600008
          ],
          [
            103.861569947,
            1.40521967600006
          ],
          [
            103.861615492,
            1.40518942600004
          ],
          [
            103.861633237,
            1.40517763900005
          ],
          [
            103.861655143,
            1.40516308900003
          ],
          [
            103.861661865,
            1.40515862500007
          ],
          [
            103.861688271,
            1.40514108600006
          ],
          [
            103.861699607,
            1.40513355700006
          ],
          [
            103.861700324,
            1.40513308000004
          ],
          [
            103.861712069,
            1.40512527900005
          ],
          [
            103.861728659,
            1.40511426000005
          ],
          [
            103.861742195,
            1.40510527000004
          ],
          [
            103.861769455,
            1.40508716300007
          ],
          [
            103.861810593,
            1.40505983900004
          ],
          [
            103.861850084,
            1.40503360900005
          ],
          [
            103.861889019,
            1.40500774800004
          ],
          [
            103.861925894,
            1.40498325700001
          ],
          [
            103.861964841,
            1.40495738800007
          ],
          [
            103.861975827,
            1.40495008700004
          ],
          [
            103.861997966,
            1.40493538300007
          ],
          [
            103.862018649,
            1.40492164800004
          ],
          [
            103.862028989,
            1.40491478000006
          ],
          [
            103.862041054,
            1.40490676700005
          ],
          [
            103.862070069,
            1.40488749200004
          ],
          [
            103.862090185,
            1.40487413000003
          ],
          [
            103.862102732,
            1.40486579600003
          ],
          [
            103.862113628,
            1.40485856000003
          ],
          [
            103.862137337,
            1.40484281600004
          ],
          [
            103.862156459,
            1.40483011500003
          ],
          [
            103.862177258,
            1.40481630100004
          ],
          [
            103.862201375,
            1.40480028100006
          ],
          [
            103.862223697,
            1.40478545000002
          ],
          [
            103.862234532,
            1.40477825500004
          ],
          [
            103.862245043,
            1.40477127600002
          ],
          [
            103.862261989,
            1.40476001700005
          ],
          [
            103.86226866,
            1.40475558500002
          ],
          [
            103.862286678,
            1.40474360700006
          ],
          [
            103.862310954,
            1.40472748000002
          ],
          [
            103.862326919,
            1.40471687800004
          ],
          [
            103.862353749,
            1.40469906000003
          ],
          [
            103.862382911,
            1.40467969500002
          ],
          [
            103.862412504,
            1.40466004400002
          ],
          [
            103.862435282,
            1.40464491300002
          ],
          [
            103.862444068,
            1.40463907800005
          ],
          [
            103.862450985,
            1.40463448300004
          ],
          [
            103.86246678,
            1.40462399300004
          ],
          [
            103.862477913,
            1.40461660100004
          ],
          [
            103.862491559,
            1.40460753800005
          ],
          [
            103.862508342,
            1.40459639000005
          ],
          [
            103.862531103,
            1.40458126800006
          ],
          [
            103.862549617,
            1.40456897100005
          ],
          [
            103.86256331,
            1.40455987600006
          ],
          [
            103.862574037,
            1.40455275100003
          ],
          [
            103.862585875,
            1.40454488800003
          ],
          [
            103.862594818,
            1.40453894800004
          ],
          [
            103.86260314,
            1.40453342100006
          ],
          [
            103.862607927,
            1.40453024100003
          ],
          [
            103.862616859,
            1.40452430900006
          ],
          [
            103.862621872,
            1.40452097900003
          ],
          [
            103.862626433,
            1.40451794900001
          ],
          [
            103.862636982,
            1.40451094200006
          ],
          [
            103.862640741,
            1.40450844600003
          ],
          [
            103.86264146,
            1.40450796800007
          ],
          [
            103.8626485,
            1.40450329100002
          ],
          [
            103.862658848,
            1.40449641900006
          ],
          [
            103.862671229,
            1.40448819500006
          ],
          [
            103.862685267,
            1.40447887100004
          ],
          [
            103.862705043,
            1.40446573500003
          ],
          [
            103.862726098,
            1.40445243400006
          ],
          [
            103.862740674,
            1.40444347900007
          ],
          [
            103.862753659,
            1.40443550000005
          ],
          [
            103.862764828,
            1.40442863900005
          ],
          [
            103.862775121,
            1.40442231400004
          ],
          [
            103.862785818,
            1.40441574300006
          ],
          [
            103.86280297,
            1.40440520400005
          ],
          [
            103.86281685,
            1.40439667600003
          ],
          [
            103.862825768,
            1.40439119800004
          ],
          [
            103.862838919,
            1.40438311800003
          ],
          [
            103.862842978,
            1.40438062400004
          ],
          [
            103.862851125,
            1.40437608400003
          ],
          [
            103.862863561,
            1.40436966800007
          ],
          [
            103.862864583,
            1.40436917200003
          ],
          [
            103.862866381,
            1.40436821500003
          ],
          [
            103.86286975,
            1.40436647400002
          ],
          [
            103.862885632,
            1.40435828000005
          ],
          [
            103.862900256,
            1.40435073400005
          ],
          [
            103.862907263,
            1.40434711900001
          ],
          [
            103.862922824,
            1.40433907200003
          ],
          [
            103.8629408,
            1.40432971000008
          ],
          [
            103.86294597,
            1.40432701700006
          ],
          [
            103.862950812,
            1.40432456100006
          ],
          [
            103.862954672,
            1.40432286300007
          ],
          [
            103.862970768,
            1.40431410500002
          ],
          [
            103.862989693,
            1.40430424800007
          ],
          [
            103.862994708,
            1.40430186400004
          ],
          [
            103.863007937,
            1.40429552300003
          ],
          [
            103.863011661,
            1.40429382400003
          ],
          [
            103.863014244,
            1.40429260100006
          ],
          [
            103.863015638,
            1.40429201200004
          ],
          [
            103.863036176,
            1.40428265000001
          ],
          [
            103.863040561,
            1.40428071900004
          ],
          [
            103.863045798,
            1.40427841400004
          ],
          [
            103.863052983,
            1.40427525100006
          ],
          [
            103.863066215,
            1.40426955500004
          ],
          [
            103.863070891,
            1.40426754300005
          ],
          [
            103.863075458,
            1.40426557700004
          ],
          [
            103.863088282,
            1.40426019900002
          ],
          [
            103.863096758,
            1.40425673800007
          ],
          [
            103.863106154,
            1.40425289900001
          ],
          [
            103.863110696,
            1.40425106800005
          ],
          [
            103.863111312,
            1.40425079700003
          ],
          [
            103.863115125,
            1.40424928300007
          ],
          [
            103.863125002,
            1.40424530100006
          ],
          [
            103.863152358,
            1.40423473500004
          ],
          [
            103.863179772,
            1.40422478000006
          ],
          [
            103.863198667,
            1.40421769500005
          ],
          [
            103.86321071,
            1.40421393200006
          ],
          [
            103.863211752,
            1.40421358300004
          ],
          [
            103.863238325,
            1.40420407100004
          ],
          [
            103.863255691,
            1.40419894500007
          ],
          [
            103.863256552,
            1.40419867500005
          ],
          [
            103.863286913,
            1.40418859100003
          ],
          [
            103.863298554,
            1.40418558700001
          ],
          [
            103.863299814,
            1.40418522900006
          ],
          [
            103.863318128,
            1.40417953600005
          ],
          [
            103.86332575,
            1.40417716700005
          ],
          [
            103.86334529,
            1.40417182000004
          ],
          [
            103.863380067,
            1.40416285300005
          ],
          [
            103.863409166,
            1.40415528100004
          ],
          [
            103.863453879,
            1.40414471400004
          ],
          [
            103.863470883,
            1.40414117100004
          ],
          [
            103.863481079,
            1.40413904500002
          ],
          [
            103.86352177,
            1.40413015500007
          ],
          [
            103.863542361,
            1.40412642400002
          ],
          [
            103.863557434,
            1.40412369300002
          ],
          [
            103.863562677,
            1.40412274300007
          ],
          [
            103.86359333,
            1.40411779000004
          ],
          [
            103.863612511,
            1.40411485300007
          ],
          [
            103.863628524,
            1.40411257200003
          ],
          [
            103.863640262,
            1.40411090000004
          ],
          [
            103.863645388,
            1.40411017000003
          ],
          [
            103.863686786,
            1.40410507500006
          ],
          [
            103.863741942,
            1.40409960000005
          ],
          [
            103.863779674,
            1.40409659000005
          ],
          [
            103.863827064,
            1.40409424200004
          ],
          [
            103.863853831,
            1.40409251400006
          ],
          [
            103.863886023,
            1.40409162800006
          ],
          [
            103.86392293,
            1.40409113300007
          ],
          [
            103.863947379,
            1.40409137500006
          ],
          [
            103.863985853,
            1.40409162900005
          ],
          [
            103.864015596,
            1.40409250000005
          ],
          [
            103.864062379,
            1.40409465400006
          ],
          [
            103.864094395,
            1.40409731800003
          ],
          [
            103.864127598,
            1.40409949000001
          ],
          [
            103.864153776,
            1.40410225500006
          ],
          [
            103.864154364,
            1.40410231000004
          ],
          [
            103.864167988,
            1.40410344500002
          ],
          [
            103.86418341,
            1.40410501500002
          ],
          [
            103.864207875,
            1.40410798800002
          ],
          [
            103.864240668,
            1.40411286800003
          ],
          [
            103.864241408,
            1.40411296800005
          ],
          [
            103.864264853,
            1.40411579100003
          ],
          [
            103.864292113,
            1.40412043500003
          ],
          [
            103.864314043,
            1.40412440600006
          ],
          [
            103.864314556,
            1.40412449200004
          ],
          [
            103.864326592,
            1.40412641000006
          ],
          [
            103.864341894,
            1.40412884600004
          ],
          [
            103.864353368,
            1.40413117300004
          ],
          [
            103.864369514,
            1.40413444600005
          ],
          [
            103.864393627,
            1.40413910900001
          ],
          [
            103.864432217,
            1.40414839100002
          ],
          [
            103.864453221,
            1.40415324800006
          ],
          [
            103.864482025,
            1.40415984900005
          ],
          [
            103.864502475,
            1.40416558500004
          ],
          [
            103.864522343,
            1.40417119600005
          ],
          [
            103.864561372,
            1.40418221700002
          ],
          [
            103.864575408,
            1.40418647600006
          ],
          [
            103.864576548,
            1.40418682200003
          ],
          [
            103.864586949,
            1.40418997800002
          ],
          [
            103.864602409,
            1.40419466900006
          ],
          [
            103.864623952,
            1.40420188000007
          ],
          [
            103.864645938,
            1.40420924200004
          ],
          [
            103.864666186,
            1.40421602200007
          ],
          [
            103.864669379,
            1.40421718700004
          ],
          [
            103.864710509,
            1.40423218900001
          ],
          [
            103.86474943,
            1.40424732000002
          ],
          [
            103.864791771,
            1.40426420800002
          ],
          [
            103.864815145,
            1.40427460100006
          ],
          [
            103.86483951,
            1.40428496100004
          ],
          [
            103.864856831,
            1.40429297100008
          ],
          [
            103.864874433,
            1.40430096400008
          ],
          [
            103.864892001,
            1.40430945400004
          ],
          [
            103.864907803,
            1.40431740400003
          ],
          [
            103.864908521,
            1.40431775200004
          ],
          [
            103.864919226,
            1.40432274500004
          ],
          [
            103.864927776,
            1.40432682400006
          ],
          [
            103.864952879,
            1.40434007500005
          ],
          [
            103.864969505,
            1.40434844300007
          ],
          [
            103.864983772,
            1.40435820000004
          ],
          [
            103.864997398,
            1.40436791800004
          ],
          [
            103.865009711,
            1.40437689100003
          ],
          [
            103.865028791,
            1.40439079500004
          ],
          [
            103.865054094,
            1.40440923200003
          ],
          [
            103.865073633,
            1.40442347000004
          ],
          [
            103.865085843,
            1.40443236800006
          ],
          [
            103.865091708,
            1.40443663900004
          ],
          [
            103.865101046,
            1.40444320800002
          ],
          [
            103.86511527,
            1.40445283600008
          ],
          [
            103.86512676,
            1.40446061200002
          ],
          [
            103.865135034,
            1.40446621000007
          ],
          [
            103.865141466,
            1.40447056300005
          ],
          [
            103.865151726,
            1.40447750500004
          ],
          [
            103.865159064,
            1.40448247000006
          ],
          [
            103.865185249,
            1.40450019100007
          ],
          [
            103.865210285,
            1.40451713300005
          ],
          [
            103.865218768,
            1.40452287300008
          ],
          [
            103.865231238,
            1.40453131200008
          ],
          [
            103.865232902,
            1.40453235100007
          ],
          [
            103.865240745,
            1.40453681900004
          ],
          [
            103.865248626,
            1.40454130900002
          ],
          [
            103.865262847,
            1.40454941000007
          ],
          [
            103.865280527,
            1.40455948200004
          ],
          [
            103.865291755,
            1.40456587900006
          ],
          [
            103.865304607,
            1.40457320100006
          ],
          [
            103.865314582,
            1.40457888300006
          ],
          [
            103.865325203,
            1.40458493300003
          ],
          [
            103.865332271,
            1.40458896000006
          ],
          [
            103.865341823,
            1.40459720300003
          ],
          [
            103.865351102,
            1.40460521100004
          ],
          [
            103.86536884,
            1.40462051700007
          ],
          [
            103.865391071,
            1.40463970000007
          ],
          [
            103.8654049,
            1.40465163400006
          ],
          [
            103.865417504,
            1.40466251100003
          ],
          [
            103.865437462,
            1.40468069800005
          ],
          [
            103.865467953,
            1.40471025600005
          ],
          [
            103.865490008,
            1.40473163800004
          ],
          [
            103.86550638,
            1.40474750800007
          ],
          [
            103.865528272,
            1.40476913900004
          ],
          [
            103.86554627,
            1.40478762900005
          ],
          [
            103.865563216,
            1.40480503800007
          ],
          [
            103.865574753,
            1.40481688900007
          ],
          [
            103.865585075,
            1.40482749200003
          ],
          [
            103.865592891,
            1.40483552000004
          ],
          [
            103.865596221,
            1.40483894300007
          ],
          [
            103.865606101,
            1.40484909200007
          ],
          [
            103.865625855,
            1.40486938500004
          ],
          [
            103.865643854,
            1.40488787500004
          ],
          [
            103.865657633,
            1.40490203000007
          ],
          [
            103.86567263,
            1.40491743600006
          ],
          [
            103.86569079,
            1.40493609300005
          ],
          [
            103.865704225,
            1.40494989200004
          ],
          [
            103.865713215,
            1.40495912800003
          ],
          [
            103.865719036,
            1.40496510800005
          ],
          [
            103.865726273,
            1.40497254200006
          ],
          [
            103.865745586,
            1.40499238200004
          ],
          [
            103.86579309,
            1.40504118200005
          ],
          [
            103.865830764,
            1.40507988500002
          ],
          [
            103.865888156,
            1.40513884200003
          ],
          [
            103.865895469,
            1.40514635400006
          ],
          [
            103.865923482,
            1.40517513200006
          ],
          [
            103.865949211,
            1.40520156300004
          ],
          [
            103.865954949,
            1.40520745700007
          ],
          [
            103.865986502,
            1.40523987000005
          ],
          [
            103.866008177,
            1.40526213700002
          ],
          [
            103.866026535,
            1.40528099700003
          ],
          [
            103.866030725,
            1.40528530000005
          ],
          [
            103.86603313,
            1.40528777200006
          ],
          [
            103.866036699,
            1.40529084900002
          ],
          [
            103.866399596,
            1.40565687400004
          ],
          [
            103.866408338,
            1.40567299900005
          ],
          [
            103.866454878,
            1.40571457800008
          ],
          [
            103.866470502,
            1.40572853600002
          ],
          [
            103.866470993,
            1.40572897800007
          ],
          [
            103.866481552,
            1.40573848100006
          ],
          [
            103.867182341,
            1.40636914700002
          ],
          [
            103.867384418,
            1.40659203700004
          ],
          [
            103.867456174,
            1.40667191300002
          ],
          [
            103.867506954,
            1.40672879700002
          ],
          [
            103.867598744,
            1.40683162000004
          ],
          [
            103.867636265,
            1.40687528800004
          ],
          [
            103.867679705,
            1.40692584500004
          ],
          [
            103.867680553,
            1.40692678600004
          ],
          [
            103.867767478,
            1.40701886300007
          ],
          [
            103.867768369,
            1.40701976300005
          ],
          [
            103.867810571,
            1.40706046700007
          ],
          [
            103.867859482,
            1.40710764200003
          ],
          [
            103.867860414,
            1.40710849900005
          ],
          [
            103.867955711,
            1.40719216000001
          ],
          [
            103.867956895,
            1.40719312400007
          ],
          [
            103.86803335,
            1.40725176500007
          ],
          [
            103.868287464,
            1.40744032200006
          ],
          [
            103.868549806,
            1.40762861300006
          ],
          [
            103.868551312,
            1.40762961900003
          ],
          [
            103.868743198,
            1.40774866700001
          ],
          [
            103.868830789,
            1.40780300900002
          ],
          [
            103.869113042,
            1.40797812000005
          ],
          [
            103.869155951,
            1.40801412600005
          ],
          [
            103.869216498,
            1.40806493400003
          ],
          [
            103.86921917,
            1.40806690900007
          ],
          [
            103.869355181,
            1.40815502800006
          ],
          [
            103.869356294,
            1.40815571200005
          ],
          [
            103.869359424,
            1.40815726700003
          ],
          [
            103.869460356,
            1.40819950000002
          ],
          [
            103.869645929,
            1.40831286800003
          ],
          [
            103.869706492,
            1.40834981900001
          ],
          [
            103.869803985,
            1.40840930500002
          ],
          [
            103.870124796,
            1.40860503400005
          ],
          [
            103.870132204,
            1.40860955400007
          ],
          [
            103.870164201,
            1.40862907600007
          ],
          [
            103.87028924,
            1.40870536200003
          ],
          [
            103.870297727,
            1.40871054000007
          ],
          [
            103.870379035,
            1.40876014600003
          ],
          [
            103.871159903,
            1.40923655800003
          ],
          [
            103.87162324,
            1.40951924200004
          ],
          [
            103.87179,
            1.40962578300001
          ],
          [
            103.871953216,
            1.40973728500006
          ],
          [
            103.871992526,
            1.40976651000004
          ],
          [
            103.872012748,
            1.40978154500004
          ],
          [
            103.872013553,
            1.40978215100006
          ],
          [
            103.872090887,
            1.40984041900003
          ],
          [
            103.872188254,
            1.40991377900002
          ],
          [
            103.872321016,
            1.41004932800009
          ],
          [
            103.872338136,
            1.41006680900006
          ],
          [
            103.872394965,
            1.41012865600004
          ],
          [
            103.872396916,
            1.41013057500005
          ],
          [
            103.872450524,
            1.41017820600005
          ],
          [
            103.872559304,
            1.41030517100005
          ],
          [
            103.872551672,
            1.41042850900003
          ],
          [
            103.872551763,
            1.41043298900007
          ],
          [
            103.872552586,
            1.41043739200007
          ],
          [
            103.872554118,
            1.41044160000005
          ],
          [
            103.872556316,
            1.41044549600001
          ],
          [
            103.873049454,
            1.41016442500007
          ],
          [
            103.872970093,
            1.41005906000004
          ],
          [
            103.872869893,
            1.40996726200006
          ],
          [
            103.872835864,
            1.40993301500003
          ],
          [
            103.872764502,
            1.40985221900006
          ],
          [
            103.872762387,
            1.40985007800003
          ],
          [
            103.872672527,
            1.40976868700005
          ],
          [
            103.872671821,
            1.40976806900005
          ],
          [
            103.872670668,
            1.40976714800007
          ],
          [
            103.872634632,
            1.40973994900003
          ],
          [
            103.872483548,
            1.40962791200008
          ],
          [
            103.872659745,
            1.40933234600003
          ],
          [
            103.872661435,
            1.40932892800005
          ],
          [
            103.872662632,
            1.40932530500003
          ],
          [
            103.872663311,
            1.40932154800004
          ],
          [
            103.872663459,
            1.40931773300002
          ],
          [
            103.872663073,
            1.40931393500005
          ],
          [
            103.872627123,
            1.40910591500006
          ],
          [
            103.872474336,
            1.40822861200007
          ],
          [
            103.872357501,
            1.40757742200003
          ],
          [
            103.872269876,
            1.40708225600001
          ],
          [
            103.872253526,
            1.40698986800004
          ],
          [
            103.872250625,
            1.40697347400004
          ],
          [
            103.872232429,
            1.40686403000007
          ],
          [
            103.872218199,
            1.40679573100005
          ],
          [
            103.872165628,
            1.40654341500003
          ],
          [
            103.872126856,
            1.40635732900007
          ],
          [
            103.871990995,
            1.40560862300003
          ],
          [
            103.871938149,
            1.40531739800002
          ],
          [
            103.871821372,
            1.40473883600003
          ],
          [
            103.8716867,
            1.40391665000004
          ],
          [
            103.871641806,
            1.40360041200006
          ],
          [
            103.871641711,
            1.40359978900004
          ],
          [
            103.871615117,
            1.40343921900007
          ],
          [
            103.871615116,
            1.40336586300003
          ],
          [
            103.871761435,
            1.40303702200002
          ],
          [
            103.871763915,
            1.40303376200006
          ],
          [
            103.87176581,
            1.40303012700002
          ],
          [
            103.871767065,
            1.40302622000007
          ],
          [
            103.87182991,
            1.40277320300003
          ],
          [
            103.871865797,
            1.40263775300003
          ],
          [
            103.871866109,
            1.40263644700002
          ],
          [
            103.871892585,
            1.40251208800003
          ],
          [
            103.871909634,
            1.40246918800004
          ],
          [
            103.87195166,
            1.40236767300006
          ],
          [
            103.872052264,
            1.40229173100005
          ],
          [
            103.872176711,
            1.40222015800003
          ],
          [
            103.8722844,
            1.40215693300007
          ],
          [
            103.872365218,
            1.40211174200004
          ],
          [
            103.872369031,
            1.40210911100007
          ],
          [
            103.87237234,
            1.40210586300002
          ],
          [
            103.872375049,
            1.40210209400005
          ],
          [
            103.872429077,
            1.40201146000003
          ],
          [
            103.872429958,
            1.40200983100004
          ],
          [
            103.87254059,
            1.40175497800003
          ],
          [
            103.87254044,
            1.40175031000005
          ],
          [
            103.872539497,
            1.40174573700006
          ],
          [
            103.872537789,
            1.40174139500004
          ],
          [
            103.872535366,
            1.40173741300004
          ],
          [
            103.8725323,
            1.40173390700006
          ],
          [
            103.872528682,
            1.40173098200007
          ],
          [
            103.87252462,
            1.40172872500005
          ],
          [
            103.872459756,
            1.40169971300002
          ],
          [
            103.872459756,
            1.40168294300002
          ],
          [
            103.872459753,
            1.40153647200003
          ],
          [
            103.872459746,
            1.40153582600004
          ],
          [
            103.872457751,
            1.40145154500004
          ],
          [
            103.872455721,
            1.40136583200006
          ],
          [
            103.872450762,
            1.40115633100004
          ],
          [
            103.872450819,
            1.40110404700004
          ],
          [
            103.872454357,
            1.40109896100006
          ],
          [
            103.872457005,
            1.40109324700006
          ],
          [
            103.872459171,
            1.40096158000005
          ],
          [
            103.87245917,
            1.40089393100003
          ],
          [
            103.872459166,
            1.40068199400001
          ],
          [
            103.872459165,
            1.40059354600004
          ],
          [
            103.872479337,
            1.40053647000001
          ],
          [
            103.872525924,
            1.40048971400005
          ]
        ]
      },
      "properties": {
        "OBJECTID": 296,
        "pcn_loop": "RIR",
        "pcn": "Rowers Bay to TPE",
        "descriptionHTML": "Rower’s Bay is part of the 60 km first phase of the Round Island Route (RIR). Serving as a rest and gathering point for park users along the RIR, it features a boardwalk that brings visitors closer to the water, a lookout pavilion, swales and a wetland. The wetland around the boardwalk is planted with species that provide food and shelter for native wildlife that can be found in the area, such as the Grey Heron (Ardea cinerea) and Copper-cheeked Frog (Hylarana labialis). Other amenities at the node include shelters with solar-powered USB charging points, a toilet and F&B vending machines.",
        "address": null,
        "Shape__Length": 4977.300085546546
      }
    },
    {
      "type": "Feature",
      "id": 297,
      "geometry": {
        "type": "LineString",
        "coordinates": [
          [
            103.887581518,
            1.40057035900001
          ],
          [
            103.887579618,
            1.40071809400008
          ],
          [
            103.887578292,
            1.40082124200006
          ],
          [
            103.887575707,
            1.40101480600003
          ],
          [
            103.887575688,
            1.40101553600005
          ],
          [
            103.887567927,
            1.40120895400003
          ],
          [
            103.887567888,
            1.40120968300005
          ],
          [
            103.887555042,
            1.40140156800004
          ],
          [
            103.887557293,
            1.40149156300003
          ],
          [
            103.887571662,
            1.40206587900002
          ],
          [
            103.887574836,
            1.40219277200003
          ],
          [
            103.887579397,
            1.40237506800002
          ],
          [
            103.88763559,
            1.40262549500004
          ],
          [
            103.887872888,
            1.40305004800005
          ],
          [
            103.888256523,
            1.40355563600002
          ],
          [
            103.888695451,
            1.40396975800007
          ],
          [
            103.889032695,
            1.40421983900006
          ],
          [
            103.890640386,
            1.40494998200005
          ],
          [
            103.890708928,
            1.40498111100004
          ],
          [
            103.890890575,
            1.40506360700004
          ],
          [
            103.890893181,
            1.40506496800004
          ],
          [
            103.891712052,
            1.40556140700004
          ],
          [
            103.891715469,
            1.40556386300006
          ],
          [
            103.891716297,
            1.40556459100004
          ],
          [
            103.892596167,
            1.40637136600003
          ],
          [
            103.892597661,
            1.40637284700006
          ],
          [
            103.893237459,
            1.40705842100003
          ],
          [
            103.893340533,
            1.40716398700004
          ],
          [
            103.893480871,
            1.40730772000005
          ],
          [
            103.89365168,
            1.40748265900003
          ],
          [
            103.893652781,
            1.40748385700004
          ],
          [
            103.893690507,
            1.40752745500003
          ],
          [
            103.893756155,
            1.40760332100007
          ],
          [
            103.893773161,
            1.40762297400004
          ],
          [
            103.894097397,
            1.40799767500004
          ],
          [
            103.894308887,
            1.40820295700008
          ],
          [
            103.894383203,
            1.40821660000005
          ],
          [
            103.894387432,
            1.40821774000007
          ],
          [
            103.894391422,
            1.40821955400003
          ],
          [
            103.894395067,
            1.40822199500002
          ],
          [
            103.894398272,
            1.40822499700004
          ],
          [
            103.894727508,
            1.40858788800005
          ],
          [
            103.894818434,
            1.40860095900007
          ],
          [
            103.89482211,
            1.40860175400007
          ],
          [
            103.89482564,
            1.40860305600006
          ],
          [
            103.894828956,
            1.40860483900001
          ],
          [
            103.894831993,
            1.40860706900002
          ],
          [
            103.895027029,
            1.40877315200003
          ],
          [
            103.895029888,
            1.40877598000003
          ],
          [
            103.895032299,
            1.40877920300007
          ],
          [
            103.895034208,
            1.40878275000004
          ],
          [
            103.895035574,
            1.40878654300007
          ],
          [
            103.895036366,
            1.40879049800002
          ],
          [
            103.895053643,
            1.40892958000006
          ],
          [
            103.895064003,
            1.40894217500004
          ],
          [
            103.895092355,
            1.40897664600004
          ],
          [
            103.895157845,
            1.40905691500006
          ],
          [
            103.895155178,
            1.40905302700002
          ],
          [
            103.895254337,
            1.40917358800005
          ],
          [
            103.895283798,
            1.40920940700004
          ],
          [
            103.89530557,
            1.40923587800004
          ],
          [
            103.895320456,
            1.40925128000003
          ],
          [
            103.895336722,
            1.40926344600006
          ],
          [
            103.895354707,
            1.40927284400004
          ],
          [
            103.89537498,
            1.40927957600007
          ],
          [
            103.895540175,
            1.40932001800008
          ],
          [
            103.895594129,
            1.40933285200002
          ],
          [
            103.895634437,
            1.40933981500007
          ],
          [
            103.895647871,
            1.40934126600006
          ],
          [
            103.895661944,
            1.40934141400005
          ],
          [
            103.895753681,
            1.40934040000007
          ],
          [
            103.895824659,
            1.40933895500007
          ],
          [
            103.895887548,
            1.40933767400003
          ],
          [
            103.895914829,
            1.40933711900002
          ],
          [
            103.895956104,
            1.40933673300003
          ],
          [
            103.896032772,
            1.40933601600004
          ],
          [
            103.896562783,
            1.40933106100005
          ],
          [
            103.896595585,
            1.40933075500004
          ],
          [
            103.896650769,
            1.40933023800005
          ],
          [
            103.8966606,
            1.40933014600005
          ],
          [
            103.896663119,
            1.40933012300008
          ],
          [
            103.896660297,
            1.40929764100002
          ],
          [
            103.896659847,
            1.40929295100006
          ],
          [
            103.896658596,
            1.40928840900006
          ],
          [
            103.896656584,
            1.40928415400002
          ],
          [
            103.896653871,
            1.40928031300007
          ],
          [
            103.896650538,
            1.40927700300006
          ],
          [
            103.896646687,
            1.40927432400002
          ],
          [
            103.896642433,
            1.40927235500004
          ],
          [
            103.896637904,
            1.40927115700004
          ],
          [
            103.896633238,
            1.40927076600003
          ],
          [
            103.896605121,
            1.40927098000003
          ],
          [
            103.89653574,
            1.40927170100002
          ],
          [
            103.896150027,
            1.40927578100007
          ],
          [
            103.896033517,
            1.40927673300007
          ],
          [
            103.896031159,
            1.40927685600002
          ],
          [
            103.896012918,
            1.40927862000006
          ],
          [
            103.896010568,
            1.40927895300005
          ],
          [
            103.89598766,
            1.40928345700008
          ],
          [
            103.895984829,
            1.40928417600003
          ],
          [
            103.895962957,
            1.40929101900002
          ],
          [
            103.895961739,
            1.40929143300001
          ],
          [
            103.895959539,
            1.40929235100004
          ],
          [
            103.895931297,
            1.40930564400002
          ],
          [
            103.895913874,
            1.40931639900003
          ],
          [
            103.895902806,
            1.40932450900003
          ],
          [
            103.895901188,
            1.40932579400004
          ],
          [
            103.895887548,
            1.40933767400003
          ],
          [
            103.895885221,
            1.40933970100002
          ],
          [
            103.895883885,
            1.40934094700003
          ],
          [
            103.895879119,
            1.40934570300004
          ],
          [
            103.895878661,
            1.40934617100005
          ],
          [
            103.895876563,
            1.40934836900005
          ],
          [
            103.895875442,
            1.40934961800002
          ],
          [
            103.895860677,
            1.40936714100007
          ],
          [
            103.895859046,
            1.40936929700007
          ],
          [
            103.895857559,
            1.40937148000006
          ],
          [
            103.895849172,
            1.40938366500006
          ],
          [
            103.895847871,
            1.40938575500008
          ],
          [
            103.895843971,
            1.40939283400008
          ],
          [
            103.895836591,
            1.40940623200003
          ],
          [
            103.895835314,
            1.40940887900006
          ],
          [
            103.895827087,
            1.40942859400008
          ],
          [
            103.895826609,
            1.40942982100006
          ],
          [
            103.895826079,
            1.40943144600004
          ],
          [
            103.895819274,
            1.40945473700002
          ],
          [
            103.895818576,
            1.40945775500006
          ],
          [
            103.895814686,
            1.40948071500002
          ],
          [
            103.895814368,
            1.40948338400005
          ],
          [
            103.895813209,
            1.40950009200003
          ],
          [
            103.895813145,
            1.40950221500003
          ],
          [
            103.895813459,
            1.40952079300008
          ],
          [
            103.895813559,
            1.40952269900004
          ],
          [
            103.895815645,
            1.40954664000003
          ],
          [
            103.895815951,
            1.40954898200003
          ],
          [
            103.895816277,
            1.40955056200006
          ],
          [
            103.895821952,
            1.40957451700008
          ],
          [
            103.895822877,
            1.40957759900004
          ],
          [
            103.895831452,
            1.40960077100004
          ],
          [
            103.895833403,
            1.40960492800002
          ],
          [
            103.895850631,
            1.40963460500005
          ],
          [
            103.89585225,
            1.40963707400005
          ],
          [
            103.89586325,
            1.40965201000006
          ],
          [
            103.895864257,
            1.40965329400006
          ],
          [
            103.89586493,
            1.40965407100003
          ],
          [
            103.895879368,
            1.40967010700005
          ],
          [
            103.895881449,
            1.40967218000003
          ],
          [
            103.895898696,
            1.40968758800004
          ],
          [
            103.895899264,
            1.40968808200004
          ],
          [
            103.895900975,
            1.40968941300002
          ],
          [
            103.895918036,
            1.40970161600006
          ],
          [
            103.895920246,
            1.40970303900001
          ],
          [
            103.895937654,
            1.40971301200005
          ],
          [
            103.895940005,
            1.40971420900008
          ],
          [
            103.895987064,
            1.40973184600005
          ],
          [
            103.895989737,
            1.40973254900004
          ],
          [
            103.896003152,
            1.40973542800003
          ],
          [
            103.896004094,
            1.40973561300007
          ],
          [
            103.896004723,
            1.40973571700005
          ],
          [
            103.896029844,
            1.40973789100001
          ],
          [
            103.896045449,
            1.40973924200005
          ],
          [
            103.896070678,
            1.40973731400004
          ],
          [
            103.896073373,
            1.40973697000005
          ],
          [
            103.896092181,
            1.40973355200004
          ],
          [
            103.8960949,
            1.40973291000006
          ],
          [
            103.89611973,
            1.40972566300007
          ],
          [
            103.896121442,
            1.40972510000006
          ],
          [
            103.896122096,
            1.40972485100002
          ],
          [
            103.896178371,
            1.40970255400004
          ],
          [
            103.896225765,
            1.40969074500002
          ],
          [
            103.896258509,
            1.40968806500007
          ],
          [
            103.896300201,
            1.40968620700006
          ],
          [
            103.89646811,
            1.40968568000006
          ],
          [
            103.896625235,
            1.40968399200005
          ],
          [
            103.896635129,
            1.40968457700007
          ],
          [
            103.896639529,
            1.40968447500005
          ],
          [
            103.896643855,
            1.40968365300007
          ],
          [
            103.89664799,
            1.40968213400003
          ],
          [
            103.896651824,
            1.40967995800002
          ],
          [
            103.896655255,
            1.40967718300004
          ],
          [
            103.896658192,
            1.40967388200006
          ],
          [
            103.896660556,
            1.40967014500006
          ],
          [
            103.896662284,
            1.40966607100006
          ],
          [
            103.89666333,
            1.40966176700003
          ],
          [
            103.896663666,
            1.40965735000002
          ],
          [
            103.896663569,
            1.40964795200006
          ],
          [
            103.896601734,
            1.40964000600008
          ],
          [
            103.896297703,
            1.40964306400001
          ],
          [
            103.896273526,
            1.40964317400004
          ],
          [
            103.896230057,
            1.40964673600006
          ],
          [
            103.896187636,
            1.40965490900003
          ],
          [
            103.896146337,
            1.40966763200003
          ],
          [
            103.89610664,
            1.40968475900006
          ],
          [
            103.896068775,
            1.40970622000003
          ],
          [
            103.896047348,
            1.40972100800002
          ],
          [
            103.896029844,
            1.40973789100001
          ],
          [
            103.896008487,
            1.40975849100005
          ],
          [
            103.896006709,
            1.40976099400006
          ],
          [
            103.895999546,
            1.40977413700005
          ],
          [
            103.8959821,
            1.40981235800006
          ],
          [
            103.895970475,
            1.40985175300005
          ],
          [
            103.895964504,
            1.40989240700002
          ],
          [
            103.895964309,
            1.40993350200005
          ],
          [
            103.895969893,
            1.40997421100007
          ],
          [
            103.895981144,
            1.41001371600003
          ],
          [
            103.895998227,
            1.41005210300005
          ],
          [
            103.896018246,
            1.41008968700002
          ],
          [
            103.896042073,
            1.41013442200005
          ],
          [
            103.896074506,
            1.41019378200003
          ],
          [
            103.896500992,
            1.41080917800002
          ],
          [
            103.896502227,
            1.41081113300005
          ],
          [
            103.896503811,
            1.41081437700008
          ],
          [
            103.896567448,
            1.41097005200004
          ],
          [
            103.896586296,
            1.41100532600007
          ],
          [
            103.896620115,
            1.41106861600002
          ],
          [
            103.89676828,
            1.41134589600005
          ],
          [
            103.896769225,
            1.41134784800003
          ],
          [
            103.896854513,
            1.41154353000006
          ],
          [
            103.897008743,
            1.41189739000003
          ],
          [
            103.897239436,
            1.41242590000007
          ],
          [
            103.897529279,
            1.41309207200004
          ],
          [
            103.897564339,
            1.41317265200007
          ],
          [
            103.897937188,
            1.41402960600004
          ],
          [
            103.89797968,
            1.41412726900007
          ],
          [
            103.898017608,
            1.41410878600006
          ],
          [
            103.899294206,
            1.41348667900006
          ],
          [
            103.899360612,
            1.41345431900004
          ],
          [
            103.899364776,
            1.41345270300007
          ],
          [
            103.899369147,
            1.41345180100006
          ],
          [
            103.899373607,
            1.41345163700002
          ],
          [
            103.899378032,
            1.41345221500006
          ],
          [
            103.899382302,
            1.41345352000008
          ],
          [
            103.899386299,
            1.41345551600006
          ],
          [
            103.899389915,
            1.41345814900005
          ],
          [
            103.899393049,
            1.41346134500002
          ],
          [
            103.899395617,
            1.41346501900005
          ],
          [
            103.899417189,
            1.41350205800007
          ],
          [
            103.899418576,
            1.41350480600004
          ],
          [
            103.899499222,
            1.41368991600005
          ],
          [
            103.899653178,
            1.41405297300003
          ],
          [
            103.900163556,
            1.41526344100004
          ],
          [
            103.900190922,
            1.41532834500003
          ],
          [
            103.900399137,
            1.41582217200005
          ],
          [
            103.900399365,
            1.41582272800002
          ],
          [
            103.90040962,
            1.41584863400004
          ],
          [
            103.900409996,
            1.41584927400004
          ],
          [
            103.900411857,
            1.41585315800006
          ],
          [
            103.900412927,
            1.41585594500003
          ],
          [
            103.900414089,
            1.41585997600004
          ],
          [
            103.900414636,
            1.41586262700003
          ],
          [
            103.900414788,
            1.41586342600005
          ],
          [
            103.900415176,
            1.41586705000003
          ],
          [
            103.900415284,
            1.41586975500007
          ],
          [
            103.900415306,
            1.41587084200007
          ],
          [
            103.900415096,
            1.41587422200008
          ],
          [
            103.900414761,
            1.41587690900008
          ],
          [
            103.900414561,
            1.41587824100003
          ],
          [
            103.900413848,
            1.41588127800002
          ],
          [
            103.90041308,
            1.41588387300004
          ],
          [
            103.900412577,
            1.41588540300007
          ],
          [
            103.900411472,
            1.41588802100005
          ],
          [
            103.900410293,
            1.41589045500006
          ],
          [
            103.900409411,
            1.41589212300006
          ],
          [
            103.90040802,
            1.41589430100004
          ],
          [
            103.90040646,
            1.41589650600002
          ],
          [
            103.900405155,
            1.41589820200006
          ],
          [
            103.900403594,
            1.41589992000007
          ],
          [
            103.900401694,
            1.41590183700003
          ],
          [
            103.900399933,
            1.41590346400005
          ],
          [
            103.900398316,
            1.41590472700006
          ],
          [
            103.90039613,
            1.41590630500002
          ],
          [
            103.900393898,
            1.41590775400004
          ],
          [
            103.900271533,
            1.41596182800003
          ],
          [
            103.900199361,
            1.41599665500007
          ],
          [
            103.900173464,
            1.41600915200008
          ],
          [
            103.900141947,
            1.41602436100003
          ],
          [
            103.900075238,
            1.41605587000003
          ],
          [
            103.900058792,
            1.41606461000004
          ],
          [
            103.900033688,
            1.41607955100005
          ],
          [
            103.90000414,
            1.41609720300005
          ],
          [
            103.899975513,
            1.41611675600006
          ],
          [
            103.899938888,
            1.41614093500003
          ],
          [
            103.899903702,
            1.41616682400007
          ],
          [
            103.899902847,
            1.41616742800005
          ],
          [
            103.899854483,
            1.41620019700002
          ],
          [
            103.899853763,
            1.41620066800004
          ],
          [
            103.899783672,
            1.41624495500002
          ],
          [
            103.899734076,
            1.41627542000004
          ],
          [
            103.899685897,
            1.41630779800005
          ],
          [
            103.899685352,
            1.41630815500003
          ],
          [
            103.899631995,
            1.41634217100003
          ],
          [
            103.899577841,
            1.41637651300005
          ],
          [
            103.899446876,
            1.41646023500003
          ],
          [
            103.899393464,
            1.41649458200004
          ],
          [
            103.899314124,
            1.41654691800004
          ],
          [
            103.899256358,
            1.41658598400004
          ],
          [
            103.899249466,
            1.41659216300008
          ],
          [
            103.899243776,
            1.41659913700004
          ],
          [
            103.899239228,
            1.41660691500003
          ],
          [
            103.899235933,
            1.41661530500004
          ],
          [
            103.89923397,
            1.41662411100003
          ],
          [
            103.899233385,
            1.41663311600007
          ],
          [
            103.899234195,
            1.41664210200002
          ],
          [
            103.899236378,
            1.41665085500005
          ],
          [
            103.899239737,
            1.41665881500006
          ],
          [
            103.899270336,
            1.41670535600002
          ],
          [
            103.899304292,
            1.41675258600003
          ],
          [
            103.899304749,
            1.41675324200003
          ],
          [
            103.899383594,
            1.41687002200007
          ],
          [
            103.899465275,
            1.41698264700005
          ],
          [
            103.899503315,
            1.41702296000004
          ],
          [
            103.899504221,
            1.41702397000006
          ],
          [
            103.899556477,
            1.41708523000006
          ],
          [
            103.8995574,
            1.41708638700004
          ],
          [
            103.899605799,
            1.41715058400006
          ],
          [
            103.899606743,
            1.41715191700008
          ],
          [
            103.899650905,
            1.41721848000002
          ],
          [
            103.899662522,
            1.41723454300006
          ],
          [
            103.899664125,
            1.41723703600008
          ],
          [
            103.89967377,
            1.41725415800004
          ],
          [
            103.899699741,
            1.41729424600002
          ],
          [
            103.899733932,
            1.41733640600007
          ],
          [
            103.899795842,
            1.41739271000005
          ],
          [
            103.899987672,
            1.41749936900004
          ],
          [
            103.899990729,
            1.41750139300007
          ],
          [
            103.900049202,
            1.41754612800003
          ],
          [
            103.900050215,
            1.41754694300004
          ],
          [
            103.900051437,
            1.41754804000004
          ],
          [
            103.900246056,
            1.41773378600004
          ],
          [
            103.900246814,
            1.41773453900004
          ],
          [
            103.900261597,
            1.41774980900006
          ],
          [
            103.900337037,
            1.41782391300006
          ],
          [
            103.900463999,
            1.41792936800005
          ],
          [
            103.900628462,
            1.41806375800007
          ],
          [
            103.900628805,
            1.41806404300007
          ],
          [
            103.900690786,
            1.41811646100006
          ],
          [
            103.900757592,
            1.41817172700006
          ],
          [
            103.900858338,
            1.41825460100005
          ],
          [
            103.900920941,
            1.41830630300007
          ],
          [
            103.900934586,
            1.41831789100007
          ],
          [
            103.900997426,
            1.41836920200007
          ],
          [
            103.901061705,
            1.41841890000006
          ],
          [
            103.901128427,
            1.41846950500007
          ],
          [
            103.901197463,
            1.41851563700004
          ],
          [
            103.901269109,
            1.41855754500006
          ],
          [
            103.901343466,
            1.41859526000007
          ],
          [
            103.901345638,
            1.41859628000003
          ],
          [
            103.90137834,
            1.41861146700006
          ],
          [
            103.901407203,
            1.41862398700005
          ],
          [
            103.901450095,
            1.41864356900004
          ],
          [
            103.901452243,
            1.41864466900007
          ],
          [
            103.901493097,
            1.41866795900006
          ],
          [
            103.901495043,
            1.41866919200005
          ],
          [
            103.901535496,
            1.41869746400004
          ],
          [
            103.901571518,
            1.41872764500004
          ],
          [
            103.901642806,
            1.41878763700004
          ],
          [
            103.901643595,
            1.41878832900005
          ],
          [
            103.901657797,
            1.41880127800005
          ],
          [
            103.901658561,
            1.41880200200006
          ],
          [
            103.901670481,
            1.41881375200006
          ],
          [
            103.901736916,
            1.41887873600006
          ],
          [
            103.901805397,
            1.41894150600007
          ],
          [
            103.90184928,
            1.41898132100004
          ],
          [
            103.901895723,
            1.41901608500007
          ],
          [
            103.901945207,
            1.41904630100003
          ],
          [
            103.901997296,
            1.41907170000008
          ],
          [
            103.902052716,
            1.41909250500002
          ],
          [
            103.902053575,
            1.41909284400003
          ],
          [
            103.902083192,
            1.41910514000005
          ],
          [
            103.902099585,
            1.41910974700005
          ],
          [
            103.902101669,
            1.41911042600004
          ],
          [
            103.90212105,
            1.41911772500004
          ],
          [
            103.902122399,
            1.41911827600006
          ],
          [
            103.902200224,
            1.41915252000006
          ],
          [
            103.902202036,
            1.41915340000003
          ],
          [
            103.902277106,
            1.41919339000004
          ],
          [
            103.902277973,
            1.41919387200006
          ],
          [
            103.902278848,
            1.41919440300006
          ],
          [
            103.902350745,
            1.41923991800007
          ],
          [
            103.902351409,
            1.41924035200003
          ],
          [
            103.902370877,
            1.41925349400001
          ],
          [
            103.902373187,
            1.41925524200002
          ],
          [
            103.902374126,
            1.41925607300004
          ],
          [
            103.902390211,
            1.41927098900003
          ],
          [
            103.902424883,
            1.41929633600006
          ],
          [
            103.902545077,
            1.41938461300004
          ],
          [
            103.902545809,
            1.41938517100004
          ],
          [
            103.902662311,
            1.41947701300005
          ],
          [
            103.90275787,
            1.41954375500006
          ],
          [
            103.902805311,
            1.41956848800003
          ],
          [
            103.902862978,
            1.41959228100005
          ],
          [
            103.90292398,
            1.41961086900004
          ],
          [
            103.903020794,
            1.41964205700004
          ],
          [
            103.903058762,
            1.41965233600008
          ],
          [
            103.903061211,
            1.41965312900003
          ],
          [
            103.903113074,
            1.41967322000005
          ],
          [
            103.903114066,
            1.41967362800004
          ],
          [
            103.903164865,
            1.41969568100005
          ],
          [
            103.903165681,
            1.41969605100006
          ],
          [
            103.903227377,
            1.41972531700001
          ],
          [
            103.903228429,
            1.41972584500008
          ],
          [
            103.903277635,
            1.41975188600001
          ],
          [
            103.903338224,
            1.41978436900007
          ],
          [
            103.903373439,
            1.41980423400001
          ],
          [
            103.903374082,
            1.41980461400004
          ],
          [
            103.903523872,
            1.41989598900005
          ],
          [
            103.903639752,
            1.41996753400003
          ],
          [
            103.903758529,
            1.42003285700003
          ],
          [
            103.903799934,
            1.42005357700004
          ],
          [
            103.903855731,
            1.42007962300005
          ],
          [
            103.903904869,
            1.42010051100004
          ],
          [
            103.903980726,
            1.42012733200006
          ],
          [
            103.904058085,
            1.42014938600005
          ],
          [
            103.9041365,
            1.42016655600002
          ],
          [
            103.904258195,
            1.42018395100007
          ],
          [
            103.904380917,
            1.42019547600005
          ],
          [
            103.904504528,
            1.42020107700005
          ],
          [
            103.904600721,
            1.42020423400004
          ],
          [
            103.904601346,
            1.42020426100004
          ],
          [
            103.904697734,
            1.42020968300006
          ],
          [
            103.904777645,
            1.42021493800007
          ],
          [
            103.904778362,
            1.42021499500004
          ],
          [
            103.904892449,
            1.42022557700005
          ],
          [
            103.904893863,
            1.42022574600003
          ],
          [
            103.905074772,
            1.42025227700003
          ],
          [
            103.905075622,
            1.42025241600003
          ],
          [
            103.9051295,
            1.42026221800006
          ],
          [
            103.905183986,
            1.42026959700007
          ],
          [
            103.905258171,
            1.42028124100006
          ],
          [
            103.905331814,
            1.42028811100004
          ],
          [
            103.90540574,
            1.42029035300003
          ],
          [
            103.905479753,
            1.42028795400006
          ],
          [
            103.905572877,
            1.42027971800008
          ],
          [
            103.905665584,
            1.42026692500003
          ],
          [
            103.905757226,
            1.42024967700008
          ],
          [
            103.905813441,
            1.42023468900005
          ],
          [
            103.905868669,
            1.42021599000003
          ],
          [
            103.905923507,
            1.42019329900007
          ],
          [
            103.905940415,
            1.42018650700003
          ],
          [
            103.905979046,
            1.42016923700003
          ],
          [
            103.905979764,
            1.42016892900005
          ],
          [
            103.9059827,
            1.42016771700002
          ],
          [
            103.905983554,
            1.42016719100007
          ],
          [
            103.905986081,
            1.42016500500005
          ],
          [
            103.905990055,
            1.42016218600001
          ],
          [
            103.905991272,
            1.42016152000001
          ],
          [
            103.906037996,
            1.42013750200004
          ],
          [
            103.906091852,
            1.42011631400003
          ],
          [
            103.906142373,
            1.42010207300006
          ],
          [
            103.906144962,
            1.42010148000003
          ],
          [
            103.906147336,
            1.42010116700005
          ],
          [
            103.906193174,
            1.42009720300008
          ],
          [
            103.906194906,
            1.42009711000002
          ],
          [
            103.906241158,
            1.42009611600003
          ],
          [
            103.906267543,
            1.42009604600002
          ],
          [
            103.906268576,
            1.42009606400005
          ],
          [
            103.906313153,
            1.42009772600004
          ],
          [
            103.906364913,
            1.42009607000005
          ],
          [
            103.906519721,
            1.42005675800004
          ],
          [
            103.906815851,
            1.41997236300006
          ],
          [
            103.906816601,
            1.41997216100003
          ],
          [
            103.906834272,
            1.41996767300004
          ],
          [
            103.906912491,
            1.41994650500003
          ],
          [
            103.906914809,
            1.41994598600007
          ],
          [
            103.906918177,
            1.41994560600005
          ],
          [
            103.906933066,
            1.41994487500005
          ],
          [
            103.906934379,
            1.41994484300005
          ],
          [
            103.906937485,
            1.41994502300003
          ],
          [
            103.906952292,
            1.41994675100006
          ],
          [
            103.906953867,
            1.41994698300003
          ],
          [
            103.906956627,
            1.41994762500001
          ],
          [
            103.906970955,
            1.41995176500008
          ],
          [
            103.906972733,
            1.41995234700004
          ],
          [
            103.906975092,
            1.41995334100006
          ],
          [
            103.906988554,
            1.41995978400008
          ],
          [
            103.906991912,
            1.41996169900006
          ],
          [
            103.906994964,
            1.41996407700003
          ],
          [
            103.907023083,
            1.41998942900006
          ],
          [
            103.907024858,
            1.41999118500007
          ],
          [
            103.907050535,
            1.42001904000005
          ],
          [
            103.907051382,
            1.42002000300004
          ],
          [
            103.907083972,
            1.42005890600006
          ],
          [
            103.907084999,
            1.42006021400004
          ],
          [
            103.907115176,
            1.42010118600006
          ],
          [
            103.907146947,
            1.42014532400003
          ],
          [
            103.907149022,
            1.42014865300006
          ],
          [
            103.907150579,
            1.42015225600004
          ],
          [
            103.90715158,
            1.42015605400007
          ],
          [
            103.907152005,
            1.42015996000003
          ],
          [
            103.907151844,
            1.42016388600005
          ],
          [
            103.907242687,
            1.42026309600004
          ],
          [
            103.907339061,
            1.42036857800002
          ],
          [
            103.907411191,
            1.42044855400006
          ],
          [
            103.907485907,
            1.42052918900003
          ],
          [
            103.90758764,
            1.42064057800008
          ],
          [
            103.907729597,
            1.42079629000006
          ],
          [
            103.90780094,
            1.42087437400005
          ],
          [
            103.907834411,
            1.42090736300004
          ],
          [
            103.907872045,
            1.42093674100004
          ],
          [
            103.907891736,
            1.42095007600007
          ],
          [
            103.907917503,
            1.42096466700002
          ],
          [
            103.90793843,
            1.42097484700003
          ],
          [
            103.907960604,
            1.42098352800002
          ],
          [
            103.907978535,
            1.42098940200002
          ],
          [
            103.907980722,
            1.42099011800003
          ],
          [
            103.908005227,
            1.42099762500005
          ],
          [
            103.908034978,
            1.42100586100002
          ],
          [
            103.908165972,
            1.42102621400005
          ],
          [
            103.908229485,
            1.42103566200005
          ],
          [
            103.908331984,
            1.42105090800002
          ],
          [
            103.908432412,
            1.42106651800004
          ],
          [
            103.908554616,
            1.42108551400002
          ],
          [
            103.908558287,
            1.42108639300004
          ],
          [
            103.908590679,
            1.42109661900003
          ],
          [
            103.909185255,
            1.42118911400007
          ]
        ]
      },
      "properties": {
        "OBJECTID": 297,
        "pcn_loop": "RIR",
        "pcn": "Punggol Park Connector",
        "descriptionHTML": "Running along Punggol reservoir and the Straits of Johor, this 6.1 km water-themed park connector links Punggol Promenade to Gerald Drive. Completed and opened to the public in 2010, it not only improves accessibility but also enhances biodiversity in the area, featuring a variety of birds including the majestic Grey Heron, migratory Little Egret and the commonly seen Collared Kingfisher. This park connector also joins Punggol Waterway and passes Anchorvale Community Club, Sengkang Sports Complex and Singapore’s largest man-made wetland, Sengkang Floating Wetland, before ending at Gerald Drive.",
        "address": null,
        "Shape__Length": 4312.897976192943
      }
    },
    {
      "type": "Feature",
      "id": 298,
      "geometry": {
        "type": "LineString",
        "coordinates": [
          [
            103.922517937,
            1.39578003200005
          ],
          [
            103.922204168,
            1.39552615100007
          ],
          [
            103.922276734,
            1.39544570200008
          ],
          [
            103.922628048,
            1.39505622000007
          ],
          [
            103.922655426,
            1.39502586700006
          ],
          [
            103.92278246,
            1.39488855700005
          ],
          [
            103.922783689,
            1.39488715700003
          ],
          [
            103.922786227,
            1.39488371900006
          ],
          [
            103.92279093,
            1.39487648700003
          ],
          [
            103.922797667,
            1.39486818600004
          ],
          [
            103.923493247,
            1.39409701700003
          ],
          [
            103.923617975,
            1.39395873400002
          ],
          [
            103.923824376,
            1.39372990300005
          ],
          [
            103.923913564,
            1.39363169800004
          ],
          [
            103.923915703,
            1.39363029300006
          ],
          [
            103.923920073,
            1.39362624900003
          ],
          [
            103.923957929,
            1.39358490800003
          ],
          [
            103.923959034,
            1.39358364400004
          ],
          [
            103.92396121,
            1.39358075100006
          ],
          [
            103.923965313,
            1.39357468600002
          ],
          [
            103.923971176,
            1.39356777100005
          ],
          [
            103.925234463,
            1.39223019300004
          ],
          [
            103.925595592,
            1.39189600000002
          ],
          [
            103.925876484,
            1.39167628000008
          ],
          [
            103.925934175,
            1.39174646500004
          ],
          [
            103.926020111,
            1.39183063100005
          ],
          [
            103.926355595,
            1.39158954200002
          ],
          [
            103.926355621,
            1.39158505000006
          ],
          [
            103.926354909,
            1.39158061500007
          ],
          [
            103.92635348,
            1.39157635900006
          ],
          [
            103.926329984,
            1.39152117600003
          ],
          [
            103.926328408,
            1.39151162900003
          ],
          [
            103.926323548,
            1.39148167800004
          ],
          [
            103.926326765,
            1.39145640200007
          ],
          [
            103.926327397,
            1.39145143600007
          ],
          [
            103.926346121,
            1.39141134900006
          ],
          [
            103.926397567,
            1.39135571400003
          ],
          [
            103.92709337,
            1.39081744300006
          ],
          [
            103.927093943,
            1.39081698700006
          ],
          [
            103.928035023,
            1.39004728900006
          ],
          [
            103.928131121,
            1.38996869200002
          ],
          [
            103.928216747,
            1.38992139900006
          ],
          [
            103.928454312,
            1.38956342300001
          ],
          [
            103.928489085,
            1.38953255500006
          ],
          [
            103.928489588,
            1.38953212000006
          ],
          [
            103.928490348,
            1.38953150200007
          ],
          [
            103.929193524,
            1.38898004600003
          ],
          [
            103.929292778,
            1.38890220500002
          ],
          [
            103.92960149,
            1.38866009700007
          ],
          [
            103.929667681,
            1.38860818700006
          ],
          [
            103.929745011,
            1.38854754100004
          ],
          [
            103.929827416,
            1.38848291500004
          ],
          [
            103.930384312,
            1.38804616800008
          ],
          [
            103.930389469,
            1.38804212300005
          ],
          [
            103.930463099,
            1.38797771400004
          ],
          [
            103.930463492,
            1.38797742300005
          ],
          [
            103.930463786,
            1.38797714100003
          ],
          [
            103.930779364,
            1.38772356500004
          ],
          [
            103.930937286,
            1.38759667000005
          ],
          [
            103.931361498,
            1.38725524500006
          ],
          [
            103.931495662,
            1.38714998500006
          ],
          [
            103.931496722,
            1.38714919400007
          ],
          [
            103.931659142,
            1.38703417400006
          ],
          [
            103.931662792,
            1.38703200000002
          ],
          [
            103.931666737,
            1.38703042800006
          ],
          [
            103.931669151,
            1.38702988700003
          ],
          [
            103.93167062,
            1.38702614100004
          ],
          [
            103.93167261,
            1.38702264700003
          ],
          [
            103.931798179,
            1.38691517500007
          ],
          [
            103.931854642,
            1.38686432500003
          ],
          [
            103.931934877,
            1.38674169100006
          ],
          [
            103.932044829,
            1.38657718100005
          ],
          [
            103.93219044,
            1.38632593200003
          ],
          [
            103.932227463,
            1.38623570800007
          ],
          [
            103.932226442,
            1.38623230900004
          ],
          [
            103.932225884,
            1.38622761300007
          ],
          [
            103.932226145,
            1.38622289100004
          ],
          [
            103.932227216,
            1.38621828700002
          ],
          [
            103.9322277,
            1.38621680600004
          ],
          [
            103.932227979,
            1.38621599200007
          ],
          [
            103.932229539,
            1.38621247800004
          ],
          [
            103.932262308,
            1.38615079400007
          ],
          [
            103.93226278,
            1.38614994400006
          ],
          [
            103.932264965,
            1.38614619100002
          ],
          [
            103.932265518,
            1.38614528200003
          ],
          [
            103.932297657,
            1.38609476300006
          ],
          [
            103.932324978,
            1.38605181600002
          ],
          [
            103.932325464,
            1.38605108000007
          ],
          [
            103.932327446,
            1.38604817700002
          ],
          [
            103.932327952,
            1.38604746100004
          ],
          [
            103.932393104,
            1.38595835900002
          ],
          [
            103.932393546,
            1.38595777100005
          ],
          [
            103.932395352,
            1.38595543600008
          ],
          [
            103.932395813,
            1.38595485700006
          ],
          [
            103.932465925,
            1.38586918100003
          ],
          [
            103.932466431,
            1.38586858600008
          ],
          [
            103.932468814,
            1.38586586400005
          ],
          [
            103.932469422,
            1.38586519300002
          ],
          [
            103.932567697,
            1.38576025700007
          ],
          [
            103.932568215,
            1.38575971900002
          ],
          [
            103.932570318,
            1.38575759400004
          ],
          [
            103.932570852,
            1.38575706900002
          ],
          [
            103.932645206,
            1.38568599200005
          ],
          [
            103.932645944,
            1.38568531200002
          ],
          [
            103.932648947,
            1.38568264800004
          ],
          [
            103.932649577,
            1.38568210600005
          ],
          [
            103.932713926,
            1.38562915200002
          ],
          [
            103.932716102,
            1.38562753800005
          ],
          [
            103.932775975,
            1.38558761900002
          ],
          [
            103.932866409,
            1.38552732400006
          ],
          [
            103.9331261,
            1.38535417800004
          ],
          [
            103.933126857,
            1.38535369200002
          ],
          [
            103.933277363,
            1.38526044800006
          ],
          [
            103.934131904,
            1.38474287000002
          ],
          [
            103.934606886,
            1.38445518400005
          ],
          [
            103.934700847,
            1.38439827400003
          ],
          [
            103.934817273,
            1.38432776000007
          ],
          [
            103.935668939,
            1.38381192300006
          ],
          [
            103.93579819,
            1.38373363700003
          ],
          [
            103.936122649,
            1.38354489700003
          ]
        ]
      },
      "properties": {
        "OBJECTID": 298,
        "pcn_loop": "RIR",
        "pcn": "Lorong Halus Park Connector",
        "descriptionHTML": "The 3-kilometer Lorong Halus Park Connector connects the estates of Pasir Ris and Punggol, and runs through the Pasir Ris Farmway which may bring back your nostalgic memories of the nearby old pet and fish farms. It also serves as the green corridor link between Pasir Ris Park and Coney Island Park, bringing park users to explore the rusticity of the eastern side of Singapore. Park users can have the opportunity to admire the scenic view of the Serangoon Reservoir and Lorong Halus Wetlands as they stroll or cycle through the park connector. Birdwatching enthusiasts can also choose to drop by Lorong Halus Wetlands and spend a fruitful day there spotting many bird species, including the Chestnut Munias and Little Grebes.",
        "address": null,
        "Shape__Length": 2140.432423459414
      }
    },
    {
      "type": "Feature",
      "id": 299,
      "geometry": {
        "type": "LineString",
        "coordinates": [
          [
            103.936122649,
            1.38354489700003
          ],
          [
            103.936535502,
            1.38384547300006
          ],
          [
            103.93652364,
            1.38390129600003
          ],
          [
            103.936521915,
            1.38390947700003
          ],
          [
            103.936520787,
            1.38391470600005
          ],
          [
            103.936519176,
            1.38392199400004
          ],
          [
            103.936517315,
            1.38392754400007
          ],
          [
            103.936513983,
            1.38393583600004
          ],
          [
            103.936512175,
            1.38394033500004
          ],
          [
            103.936509554,
            1.38394685900004
          ],
          [
            103.936503436,
            1.38396208400007
          ],
          [
            103.93649925,
            1.38397250200006
          ],
          [
            103.93649786,
            1.38397596000005
          ],
          [
            103.936494086,
            1.38398535500002
          ],
          [
            103.936490078,
            1.38399532700003
          ],
          [
            103.936488182,
            1.38400004700004
          ],
          [
            103.93648625,
            1.38400485500005
          ],
          [
            103.93648427,
            1.38400938600006
          ],
          [
            103.936463642,
            1.38404495100001
          ],
          [
            103.936488432,
            1.38416412200005
          ],
          [
            103.936513243,
            1.38418865500005
          ],
          [
            103.936524204,
            1.38419942900004
          ],
          [
            103.93652758,
            1.38420445300004
          ],
          [
            103.93653882,
            1.38422117900004
          ],
          [
            103.936551163,
            1.38423954900002
          ],
          [
            103.936555386,
            1.38424744800005
          ],
          [
            103.93656125,
            1.38425841800006
          ],
          [
            103.936569808,
            1.38427443100004
          ],
          [
            103.936596224,
            1.38432384900005
          ],
          [
            103.93664212,
            1.38440971200005
          ],
          [
            103.936666676,
            1.38445565300002
          ],
          [
            103.936715391,
            1.38454679100003
          ],
          [
            103.936742351,
            1.38459722800007
          ],
          [
            103.936790547,
            1.38468739400003
          ],
          [
            103.936835828,
            1.38477210700005
          ],
          [
            103.9368733,
            1.38484221200003
          ],
          [
            103.936896506,
            1.38488562700008
          ],
          [
            103.9369214,
            1.38493227000004
          ],
          [
            103.936945127,
            1.38497709200004
          ],
          [
            103.936958384,
            1.38500213300004
          ],
          [
            103.936975784,
            1.38503500200005
          ],
          [
            103.936991395,
            1.38506449300007
          ],
          [
            103.937030061,
            1.38513753200004
          ],
          [
            103.937048269,
            1.38517192800004
          ],
          [
            103.937054414,
            1.38518353500007
          ],
          [
            103.93706076,
            1.38519552300004
          ],
          [
            103.937068192,
            1.38520956100005
          ],
          [
            103.937009117,
            1.38525052400007
          ],
          [
            103.937074207,
            1.38537637000007
          ],
          [
            103.937142691,
            1.38550877700004
          ],
          [
            103.937201847,
            1.38562315200004
          ],
          [
            103.937255534,
            1.38572695000004
          ],
          [
            103.937292362,
            1.38579815300004
          ],
          [
            103.93734333,
            1.38589669800007
          ],
          [
            103.937355258,
            1.38591975900005
          ],
          [
            103.937379487,
            1.38596660100006
          ],
          [
            103.937385289,
            1.38597792900005
          ],
          [
            103.937386354,
            1.38598028600007
          ],
          [
            103.937396595,
            1.38600295500004
          ],
          [
            103.937402249,
            1.38601561200005
          ],
          [
            103.937405543,
            1.38602298500006
          ],
          [
            103.937416539,
            1.38604710400005
          ],
          [
            103.937432835,
            1.38608317600006
          ],
          [
            103.937470179,
            1.38616584000005
          ],
          [
            103.937521814,
            1.38628014100005
          ],
          [
            103.937579461,
            1.38640774600002
          ],
          [
            103.937601835,
            1.38645727400007
          ],
          [
            103.937622816,
            1.38646780700003
          ],
          [
            103.937626483,
            1.38647004700005
          ],
          [
            103.937639975,
            1.38647677600006
          ],
          [
            103.93765283,
            1.38648291700002
          ],
          [
            103.937674155,
            1.38649310300001
          ],
          [
            103.937831899,
            1.38656845100007
          ],
          [
            103.937884537,
            1.38659359500002
          ],
          [
            103.937929182,
            1.38661492100005
          ],
          [
            103.937996201,
            1.38664693400006
          ],
          [
            103.938056732,
            1.38667584800005
          ],
          [
            103.938113025,
            1.38670273700008
          ],
          [
            103.938182132,
            1.38673574700004
          ],
          [
            103.938221227,
            1.38675442200002
          ],
          [
            103.938231401,
            1.38675928100002
          ],
          [
            103.938257834,
            1.38677190800006
          ],
          [
            103.93826503,
            1.38677534500003
          ],
          [
            103.938283053,
            1.38678395400007
          ],
          [
            103.938295585,
            1.38678994800005
          ],
          [
            103.938326229,
            1.38684440600002
          ],
          [
            103.938377366,
            1.38693659200003
          ],
          [
            103.938411911,
            1.38699887100005
          ],
          [
            103.938490724,
            1.38714096100005
          ],
          [
            103.938514986,
            1.38718470200007
          ],
          [
            103.938558083,
            1.38726240000005
          ],
          [
            103.938565164,
            1.38725431000006
          ],
          [
            103.938567174,
            1.38725201300002
          ],
          [
            103.938658275,
            1.38714791800004
          ],
          [
            103.938734148,
            1.38705769400002
          ],
          [
            103.938780273,
            1.38700198300006
          ],
          [
            103.938798338,
            1.38698016500005
          ],
          [
            103.938867702,
            1.38689638800002
          ],
          [
            103.938920931,
            1.38683209900006
          ],
          [
            103.938955284,
            1.38678955900002
          ],
          [
            103.938977763,
            1.38675941800005
          ],
          [
            103.938983542,
            1.38675166900004
          ],
          [
            103.939085313,
            1.38661520500006
          ],
          [
            103.939135194,
            1.38659511100002
          ],
          [
            103.93916089,
            1.38658499800004
          ],
          [
            103.939165434,
            1.38658321000002
          ],
          [
            103.939188835,
            1.38661083900005
          ],
          [
            103.939224902,
            1.38665342700006
          ],
          [
            103.939252769,
            1.38668621400008
          ],
          [
            103.939264668,
            1.38670021400003
          ],
          [
            103.939284368,
            1.38672339100002
          ],
          [
            103.939300416,
            1.38674227400002
          ],
          [
            103.939315804,
            1.38676115600004
          ],
          [
            103.939338479,
            1.38679425300007
          ],
          [
            103.939349477,
            1.38681361400006
          ],
          [
            103.939361395,
            1.38683865000007
          ],
          [
            103.939375278,
            1.38687297400003
          ],
          [
            103.939383573,
            1.38689428500003
          ],
          [
            103.939389454,
            1.38690939500003
          ],
          [
            103.939395459,
            1.38692532600003
          ],
          [
            103.939404271,
            1.38695315400002
          ],
          [
            103.939407312,
            1.38696584500001
          ],
          [
            103.939411495,
            1.38698645800002
          ],
          [
            103.939415904,
            1.38701458200007
          ],
          [
            103.939420943,
            1.38704916400007
          ],
          [
            103.939426258,
            1.38708564400003
          ],
          [
            103.939429453,
            1.38710756900002
          ],
          [
            103.939433551,
            1.38713569400006
          ],
          [
            103.93943549,
            1.38714900600007
          ],
          [
            103.93944432,
            1.38720959700003
          ],
          [
            103.939452644,
            1.38726858900003
          ],
          [
            103.939454964,
            1.38730510700004
          ],
          [
            103.939454744,
            1.38732729700006
          ],
          [
            103.939453977,
            1.38734330400006
          ],
          [
            103.939451592,
            1.38737533300002
          ],
          [
            103.939447573,
            1.38741602500005
          ],
          [
            103.939445327,
            1.38743877000006
          ],
          [
            103.939444119,
            1.38745100000005
          ]
        ]
      },
      "properties": {
        "OBJECTID": 299,
        "pcn_loop": "RIR",
        "pcn": "Interim RIR (Pasir Ris Drive 3 to Pasir Ris Park)",
        "descriptionHTML": null,
        "address": null,
        "Shape__Length": 739.2259739976465
      }
    },
    {
      "type": "Feature",
      "id": 300,
      "geometry": {
        "type": "LineString",
        "coordinates": [
          [
            103.939444119,
            1.38745100000005
          ],
          [
            103.939426627,
            1.38756122800004
          ],
          [
            103.939379081,
            1.38764737100006
          ],
          [
            103.939260211,
            1.38773830200006
          ],
          [
            103.939198398,
            1.38778616100007
          ],
          [
            103.939165116,
            1.38784837500003
          ],
          [
            103.9391456,
            1.38793012200006
          ],
          [
            103.939205401,
            1.38800758500002
          ],
          [
            103.939314645,
            1.38814909200005
          ],
          [
            103.939387742,
            1.38824377900004
          ],
          [
            103.939530803,
            1.38831979000002
          ],
          [
            103.93968675,
            1.38840264700002
          ],
          [
            103.939876593,
            1.38842034100002
          ],
          [
            103.940052988,
            1.38838283600005
          ],
          [
            103.940532351,
            1.38814248800002
          ],
          [
            103.940571053,
            1.38812308300003
          ],
          [
            103.940629916,
            1.38809357000002
          ],
          [
            103.941124,
            1.38770651500006
          ],
          [
            103.941540619,
            1.38719567200008
          ],
          [
            103.94154389,
            1.38719233900001
          ],
          [
            103.941547682,
            1.38718962200006
          ],
          [
            103.941551881,
            1.38718760100005
          ],
          [
            103.941998871,
            1.38701855700004
          ],
          [
            103.942319105,
            1.38685824300006
          ],
          [
            103.942567898,
            1.38667969500006
          ],
          [
            103.942723197,
            1.38655537900005
          ],
          [
            103.942749913,
            1.38653399300004
          ],
          [
            103.942891164,
            1.38642092200008
          ],
          [
            103.94289461,
            1.38641857700002
          ],
          [
            103.942898374,
            1.38641679200003
          ],
          [
            103.942902365,
            1.38641561200005
          ],
          [
            103.943090749,
            1.38637550400004
          ],
          [
            103.943234335,
            1.38623622100005
          ],
          [
            103.943237469,
            1.38623361000004
          ],
          [
            103.943240957,
            1.38623150400002
          ],
          [
            103.943391673,
            1.38615542200007
          ],
          [
            103.943394538,
            1.38615417900006
          ],
          [
            103.943396046,
            1.38615367600005
          ],
          [
            103.943673604,
            1.38607026500006
          ],
          [
            103.94378759,
            1.38598528100005
          ],
          [
            103.943943704,
            1.38584193500002
          ],
          [
            103.94417846,
            1.38560172500009
          ],
          [
            103.944285027,
            1.38543463500002
          ],
          [
            103.944296952,
            1.38525610100003
          ],
          [
            103.94430869,
            1.38508037300005
          ],
          [
            103.94431289,
            1.38501750300002
          ],
          [
            103.944313238,
            1.38501461300007
          ],
          [
            103.944313829,
            1.38501200000008
          ],
          [
            103.944369254,
            1.38481299600003
          ],
          [
            103.944397576,
            1.38483184000006
          ],
          [
            103.944448385,
            1.38480710400006
          ],
          [
            103.944612504,
            1.38470884200007
          ],
          [
            103.944614258,
            1.38470769700006
          ],
          [
            103.944847538,
            1.38454212200002
          ],
          [
            103.94530764,
            1.38433999300002
          ],
          [
            103.945308464,
            1.38433961500003
          ],
          [
            103.945451025,
            1.38427116200005
          ],
          [
            103.945663978,
            1.38422437900002
          ],
          [
            103.94593324,
            1.38417734500006
          ],
          [
            103.945937816,
            1.38417611500006
          ],
          [
            103.945940238,
            1.38417509000004
          ],
          [
            103.945993531,
            1.38414940200005
          ],
          [
            103.946184694,
            1.38405725900004
          ],
          [
            103.946665723,
            1.38385087300003
          ],
          [
            103.946668631,
            1.38384941100002
          ],
          [
            103.946671585,
            1.38384742200001
          ],
          [
            103.946797748,
            1.38374977000005
          ],
          [
            103.946798643,
            1.38374904600005
          ],
          [
            103.946800512,
            1.38374731000004
          ],
          [
            103.947099744,
            1.38344179500006
          ],
          [
            103.94736195,
            1.38320912200004
          ],
          [
            103.947657302,
            1.38313590000008
          ],
          [
            103.948198056,
            1.38311394300007
          ],
          [
            103.948201651,
            1.38311355300004
          ],
          [
            103.948203543,
            1.38311314600001
          ],
          [
            103.948482671,
            1.38304250800007
          ],
          [
            103.948486698,
            1.38304114100002
          ],
          [
            103.948490461,
            1.38303915500007
          ],
          [
            103.948493868,
            1.38303659800005
          ],
          [
            103.948608451,
            1.38293550400004
          ],
          [
            103.948611332,
            1.38293254100006
          ],
          [
            103.948614137,
            1.38292847000002
          ],
          [
            103.948672785,
            1.38282217400006
          ],
          [
            103.948674549,
            1.38281828100002
          ],
          [
            103.948675591,
            1.38281461900005
          ],
          [
            103.948744854,
            1.38248518000005
          ],
          [
            103.948751727,
            1.38247394400001
          ],
          [
            103.94889687,
            1.38223668000006
          ],
          [
            103.948864721,
            1.38221513500003
          ],
          [
            103.948908407,
            1.38213596000002
          ],
          [
            103.948979816,
            1.38213098000004
          ],
          [
            103.949099822,
            1.38212261100006
          ],
          [
            103.949475954,
            1.38200106800002
          ],
          [
            103.949694307,
            1.38188602700006
          ],
          [
            103.94972163,
            1.38187163100001
          ],
          [
            103.949718555,
            1.38188309000003
          ],
          [
            103.949717754,
            1.38188749700004
          ],
          [
            103.949717731,
            1.38188895300004
          ],
          [
            103.949783804,
            1.38200314200002
          ],
          [
            103.949807553,
            1.38220485800001
          ],
          [
            103.949808326,
            1.38220884200008
          ],
          [
            103.94980968,
            1.38221266500005
          ],
          [
            103.949882362,
            1.38237758900004
          ],
          [
            103.949884486,
            1.38238150300002
          ],
          [
            103.949887217,
            1.38238501400002
          ],
          [
            103.949890484,
            1.38238802700004
          ],
          [
            103.949894196,
            1.38239046100004
          ],
          [
            103.949898255,
            1.38239225000007
          ],
          [
            103.94990255,
            1.38239334600008
          ],
          [
            103.949906965,
            1.38239371900005
          ],
          [
            103.950089702,
            1.38239398900003
          ],
          [
            103.95009414,
            1.38239362200005
          ],
          [
            103.950098457,
            1.38239252500005
          ],
          [
            103.950102536,
            1.38239072700002
          ],
          [
            103.950165491,
            1.38235649200004
          ],
          [
            103.950312084,
            1.38227677300005
          ],
          [
            103.950438984,
            1.38220924300002
          ],
          [
            103.950591438,
            1.38225951600003
          ],
          [
            103.95059582,
            1.38226056300003
          ],
          [
            103.950600314,
            1.38226086100001
          ],
          [
            103.950604794,
            1.38226040100004
          ],
          [
            103.950609137,
            1.38225919700006
          ],
          [
            103.951373544,
            1.38197332100003
          ],
          [
            103.951607516,
            1.38191611300003
          ],
          [
            103.952001048,
            1.38199871400008
          ],
          [
            103.952005542,
            1.38199926700003
          ],
          [
            103.952010065,
            1.38199905400006
          ],
          [
            103.952014489,
            1.38199808300004
          ],
          [
            103.95263666,
            1.38180513800006
          ],
          [
            103.952638022,
            1.38180467500007
          ],
          [
            103.952958504,
            1.38168497300005
          ],
          [
            103.952961601,
            1.38168358700006
          ],
          [
            103.952964502,
            1.38168182100001
          ],
          [
            103.952967159,
            1.38167970200005
          ],
          [
            103.95318047,
            1.38148646500001
          ],
          [
            103.953183403,
            1.38148335300002
          ],
          [
            103.953185811,
            1.38147981300005
          ],
          [
            103.953187635,
            1.38147593600008
          ],
          [
            103.95318883,
            1.38147181900005
          ],
          [
            103.953203666,
            1.38139994100004
          ],
          [
            103.95320382,
            1.38139913200007
          ],
          [
            103.953203952,
            1.38139830600006
          ],
          [
            103.953233497,
            1.38119272200002
          ],
          [
            103.953233765,
            1.38118957800004
          ],
          [
            103.953238358,
            1.38102007000003
          ],
          [
            103.95323816,
            1.38101596800003
          ],
          [
            103.953237349,
            1.38101194200004
          ],
          [
            103.953235944,
            1.38100808700005
          ],
          [
            103.953168414,
            1.38085883300006
          ],
          [
            103.953183869,
            1.38081186000006
          ],
          [
            103.953231575,
            1.38068509100002
          ],
          [
            103.953392678,
            1.38072246100006
          ],
          [
            103.953442642,
            1.38071288500005
          ],
          [
            103.953690617,
            1.38066535500008
          ],
          [
            103.954259954,
            1.38050092200005
          ],
          [
            103.954343814,
            1.38047670100003
          ],
          [
            103.954420081,
            1.38045580400006
          ],
          [
            103.954424353,
            1.38046179600001
          ],
          [
            103.954451536,
            1.38051380200005
          ],
          [
            103.954530053,
            1.38067937500003
          ],
          [
            103.954531056,
            1.38068178100002
          ],
          [
            103.954531822,
            1.38068426200005
          ],
          [
            103.95458687,
            1.38089826500004
          ],
          [
            103.954607212,
            1.38097734900002
          ],
          [
            103.954898871,
            1.38102456400003
          ],
          [
            103.95519596,
            1.38101728000002
          ],
          [
            103.955380263,
            1.38096820200002
          ],
          [
            103.955583819,
            1.38091399600005
          ],
          [
            103.955740159,
            1.38080597100002
          ],
          [
            103.955877349,
            1.38071117700002
          ],
          [
            103.956174368,
            1.38032671400002
          ],
          [
            103.956349733,
            1.38008640900006
          ],
          [
            103.956371337,
            1.38005680500004
          ],
          [
            103.956371337,
            1.38005680500004
          ],
          [
            103.956517052,
            1.37986441600003
          ],
          [
            103.956524061,
            1.37966616100004
          ],
          [
            103.956438459,
            1.37941492200001
          ],
          [
            103.956367126,
            1.37923546600007
          ],
          [
            103.956217336,
            1.37907037100007
          ],
          [
            103.956067545,
            1.37886220500006
          ],
          [
            103.955967681,
            1.37866839400003
          ],
          [
            103.955917745,
            1.37848893700005
          ],
          [
            103.955867812,
            1.37838844200006
          ],
          [
            103.95590345,
            1.37791466600003
          ]
        ]
      },
      "properties": {
        "OBJECTID": 300,
        "pcn_loop": "RIR",
        "pcn": "Pasir Ris Park",
        "descriptionHTML": "Charming and tranquil, Pasir Ris Park is a great place for families to have a fun day out. Aside from modern park activities such as pony rides, water sports, cycling, inline skating and barbeque rental, it also features a carefully preserved six-hectare mangrove forest.",
        "address": null,
        "Shape__Length": 2826.455624226984
      }
    },
    {
      "type": "Feature",
      "id": 301,
      "geometry": {
        "type": "LineString",
        "coordinates": [
          [
            103.95590345,
            1.37791466600003
          ],
          [
            103.955917684,
            1.37730450200007
          ],
          [
            103.955917672,
            1.37707479400006
          ],
          [
            103.956210103,
            1.37709631400003
          ],
          [
            103.956280395,
            1.37562003600004
          ]
        ]
      },
      "properties": {
        "OBJECTID": 301,
        "pcn_loop": "RIR",
        "pcn": "Interim RIR Pasir Ris Park to Pasir Ris Drive 3",
        "descriptionHTML": null,
        "address": null,
        "Shape__Length": 290.75304374688227
      }
    },
    {
      "type": "Feature",
      "id": 302,
      "geometry": {
        "type": "LineString",
        "coordinates": [
          [
            104.025684313,
            1.36112784300001
          ],
          [
            104.025767056,
            1.36109248100008
          ],
          [
            104.025849726,
            1.36105711200001
          ],
          [
            104.025932402,
            1.36102174000006
          ],
          [
            104.026015067,
            1.36098628300004
          ],
          [
            104.026097716,
            1.36095092200004
          ],
          [
            104.026180471,
            1.36091555500002
          ],
          [
            104.026262963,
            1.36088026200002
          ],
          [
            104.026345988,
            1.36084614400005
          ],
          [
            104.026429193,
            1.36081195200007
          ],
          [
            104.026512397,
            1.36077776100006
          ],
          [
            104.026595605,
            1.36074356800002
          ],
          [
            104.026678731,
            1.36070937100005
          ],
          [
            104.026705694,
            1.36069826200003
          ],
          [
            104.026761931,
            1.36067509100007
          ],
          [
            104.026845128,
            1.36064090300004
          ],
          [
            104.026928242,
            1.36060671100006
          ],
          [
            104.027011442,
            1.36057252200003
          ],
          [
            104.027094646,
            1.36053833000005
          ],
          [
            104.027177854,
            1.36050413700003
          ],
          [
            104.027260969,
            1.36046994500002
          ],
          [
            104.02734418,
            1.36043575100006
          ],
          [
            104.027427384,
            1.36040146900005
          ],
          [
            104.027510581,
            1.36036728000003
          ],
          [
            104.027593695,
            1.36033308900005
          ],
          [
            104.027676894,
            1.36029889900004
          ],
          [
            104.027760099,
            1.36026470800004
          ],
          [
            104.027843303,
            1.36023051600006
          ],
          [
            104.027926511,
            1.36019632300003
          ],
          [
            104.028009637,
            1.36016212600004
          ],
          [
            104.028092836,
            1.36012784600008
          ],
          [
            104.028176034,
            1.36009365800003
          ],
          [
            104.028259148,
            1.36005946600006
          ],
          [
            104.028342347,
            1.36002527700003
          ],
          [
            104.028425551,
            1.35999108500005
          ],
          [
            104.02850876,
            1.35995689100001
          ],
          [
            104.028591874,
            1.35992270000002
          ],
          [
            104.028675085,
            1.35988850600006
          ],
          [
            104.028758289,
            1.35985422400004
          ],
          [
            104.028841482,
            1.35982003700001
          ],
          [
            104.02892469,
            1.35978584300006
          ],
          [
            104.029007805,
            1.35975165200005
          ],
          [
            104.029091004,
            1.35971746200005
          ],
          [
            104.029174208,
            1.35968327100005
          ],
          [
            104.029174996,
            1.35968293200006
          ],
          [
            104.029257191,
            1.35964604500003
          ],
          [
            104.029338926,
            1.35960807800007
          ],
          [
            104.029420512,
            1.35957026900008
          ],
          [
            104.029502109,
            1.35953236500006
          ],
          [
            104.029504052,
            1.35953136400003
          ],
          [
            104.029582392,
            1.35948690900005
          ],
          [
            104.029660462,
            1.35944191100003
          ],
          [
            104.029738586,
            1.35939688000002
          ],
          [
            104.030039671,
            1.35919418100002
          ],
          [
            104.030111641,
            1.35914009400006
          ],
          [
            104.030112817,
            1.35913915800007
          ],
          [
            104.030181717,
            1.35908110500003
          ],
          [
            104.030250714,
            1.35902313700006
          ],
          [
            104.030319656,
            1.35896513900002
          ],
          [
            104.030320709,
            1.35896420300003
          ],
          [
            104.030386389,
            1.35890270100003
          ],
          [
            104.030387063,
            1.35890204800004
          ],
          [
            104.030450773,
            1.35883809700005
          ],
          [
            104.030514289,
            1.35877425100005
          ],
          [
            104.030539316,
            1.35874916600006
          ],
          [
            104.0305836,
            1.35870397700007
          ],
          [
            104.030638145,
            1.35864040900002
          ],
          [
            104.030696124,
            1.35857099200006
          ],
          [
            104.030753934,
            1.35850175700003
          ],
          [
            104.030811407,
            1.35843213500004
          ],
          [
            104.030812761,
            1.35843034800005
          ],
          [
            104.030864241,
            1.35835628000006
          ],
          [
            104.030915812,
            1.35828211800003
          ],
          [
            104.030967296,
            1.35820804400003
          ],
          [
            104.030967666,
            1.35820749700003
          ],
          [
            104.031017351,
            1.35813216000003
          ],
          [
            104.031018243,
            1.35813070900003
          ],
          [
            104.031063081,
            1.35805237800002
          ],
          [
            104.031107916,
            1.35797405100004
          ],
          [
            104.031152751,
            1.35789563400004
          ],
          [
            104.031153329,
            1.35789456900005
          ],
          [
            104.031194566,
            1.35781434900003
          ],
          [
            104.031195076,
            1.35781330300007
          ],
          [
            104.031232899,
            1.35773127400007
          ],
          [
            104.031270721,
            1.35764924600005
          ],
          [
            104.031308544,
            1.35756721700004
          ],
          [
            104.03130923,
            1.35756559400004
          ],
          [
            104.031341661,
            1.35748130500002
          ],
          [
            104.031341866,
            1.35748075500005
          ],
          [
            104.031372419,
            1.35739562700007
          ],
          [
            104.031402963,
            1.35731061400003
          ],
          [
            104.031433509,
            1.35722550700006
          ],
          [
            104.0314342,
            1.35722328800006
          ],
          [
            104.031457383,
            1.35713590000006
          ],
          [
            104.031480389,
            1.35704849600006
          ],
          [
            104.031503368,
            1.35696075500004
          ],
          [
            104.031524545,
            1.35687257900002
          ],
          [
            104.031524733,
            1.35687173700006
          ],
          [
            104.031543056,
            1.35678319900006
          ],
          [
            104.031543217,
            1.35678235400006
          ],
          [
            104.031552711,
            1.35672760800003
          ],
          [
            104.031558806,
            1.35669238300004
          ],
          [
            104.031571378,
            1.35660285000006
          ],
          [
            104.031571486,
            1.35660197900005
          ],
          [
            104.031581183,
            1.35651199500006
          ],
          [
            104.03158126,
            1.35651115800003
          ],
          [
            104.031588172,
            1.35642108300003
          ],
          [
            104.031588227,
            1.35642015900003
          ],
          [
            104.031592084,
            1.35632981300006
          ],
          [
            104.031592107,
            1.35632897200003
          ],
          [
            104.031593178,
            1.35623837300005
          ],
          [
            104.031593174,
            1.35623766800005
          ],
          [
            104.031591369,
            1.35614723200006
          ],
          [
            104.031591337,
            1.35614633700004
          ],
          [
            104.031586567,
            1.35605599200005
          ],
          [
            104.03158651,
            1.35605515000003
          ],
          [
            104.031578954,
            1.35596507600007
          ],
          [
            104.031578865,
            1.35596418100004
          ],
          [
            104.031568344,
            1.35587437900005
          ],
          [
            104.031568232,
            1.35587353900007
          ],
          [
            104.031554926,
            1.35578409900006
          ],
          [
            104.031554796,
            1.35578330200001
          ],
          [
            104.031538506,
            1.35569430400005
          ],
          [
            104.031538346,
            1.35569349500001
          ],
          [
            104.031519379,
            1.35560505100005
          ],
          [
            104.031519171,
            1.35560415400004
          ],
          [
            104.031497239,
            1.35551643300005
          ],
          [
            104.03149702,
            1.35551561200002
          ],
          [
            104.031472392,
            1.35542870500006
          ],
          [
            104.031472143,
            1.35542787500002
          ],
          [
            104.031444729,
            1.35534169200003
          ],
          [
            104.031444445,
            1.35534084700003
          ],
          [
            104.031414217,
            1.35525557600004
          ],
          [
            104.03141395,
            1.35525486100005
          ],
          [
            104.031381146,
            1.35517075900003
          ],
          [
            104.031380909,
            1.35517017000007
          ],
          [
            104.031346123,
            1.35508678000002
          ],
          [
            104.031311252,
            1.35500340100004
          ],
          [
            104.031276471,
            1.35492002200004
          ],
          [
            104.0312416,
            1.35483664300005
          ],
          [
            104.031223842,
            1.35479407300006
          ],
          [
            104.031211865,
            1.35476536000003
          ],
          [
            104.031206819,
            1.35475326400007
          ],
          [
            104.031171946,
            1.35466988000007
          ],
          [
            104.031137165,
            1.35458659100004
          ],
          [
            104.031119617,
            1.35454463300004
          ],
          [
            104.031102291,
            1.35450320500007
          ],
          [
            104.031067425,
            1.35441983800008
          ],
          [
            104.031032644,
            1.35433645900002
          ],
          [
            104.030997773,
            1.35425308000002
          ],
          [
            104.03096299,
            1.35416969600003
          ],
          [
            104.030935141,
            1.35410317900005
          ],
          [
            104.03092812,
            1.35408640700007
          ],
          [
            104.030893341,
            1.35400303300002
          ],
          [
            104.030858465,
            1.35391964200004
          ],
          [
            104.030823599,
            1.35383627500005
          ],
          [
            104.030788818,
            1.35375289600005
          ],
          [
            104.030753947,
            1.35366951700006
          ],
          [
            104.030719164,
            1.35358613300001
          ],
          [
            104.030684293,
            1.35350284400004
          ],
          [
            104.030649514,
            1.35341947000006
          ],
          [
            104.030614639,
            1.35333608000002
          ],
          [
            104.030579773,
            1.35325271200002
          ],
          [
            104.030544992,
            1.35316933300003
          ],
          [
            104.030510121,
            1.35308595400004
          ],
          [
            104.030475338,
            1.35300257000006
          ],
          [
            104.030440467,
            1.35291928100003
          ],
          [
            104.030405688,
            1.35283590700003
          ],
          [
            104.030370817,
            1.35275252800005
          ],
          [
            104.030336036,
            1.35266914900008
          ],
          [
            104.030301166,
            1.35258577000007
          ],
          [
            104.030266383,
            1.35250238600003
          ],
          [
            104.030231512,
            1.35241909700006
          ],
          [
            104.030196733,
            1.35233572300005
          ],
          [
            104.030161857,
            1.35225233300001
          ],
          [
            104.030126991,
            1.35216896500003
          ],
          [
            104.03009221,
            1.35208558600004
          ],
          [
            104.03005734,
            1.35200220700005
          ],
          [
            104.030022557,
            1.35191882300006
          ],
          [
            104.029987686,
            1.35183553400004
          ],
          [
            104.029952907,
            1.35175216000004
          ],
          [
            104.029918032,
            1.35166877000006
          ],
          [
            104.029883166,
            1.35158540200006
          ],
          [
            104.029848385,
            1.35150202300002
          ],
          [
            104.029813512,
            1.35141863900003
          ],
          [
            104.029778759,
            1.35133541800008
          ],
          [
            104.029744407,
            1.35125202600005
          ],
          [
            104.029710743,
            1.35116829000003
          ],
          [
            104.02967695,
            1.35108445900004
          ],
          [
            104.029659764,
            1.35104171100005
          ],
          [
            104.029648221,
            1.35101299800003
          ],
          [
            104.029643252,
            1.35100063900005
          ],
          [
            104.029609549,
            1.35091680800002
          ],
          [
            104.029575847,
            1.35083297600003
          ],
          [
            104.029559482,
            1.35079227100003
          ],
          [
            104.029542144,
            1.35074914500007
          ],
          [
            104.029508441,
            1.35066531400002
          ],
          [
            104.029474739,
            1.35058148200005
          ],
          [
            104.029470743,
            1.35057154300006
          ],
          [
            104.029441036,
            1.35049765100007
          ],
          [
            104.029407334,
            1.35041382000002
          ],
          [
            104.029373631,
            1.35032998800005
          ],
          [
            104.029339924,
            1.35024614500002
          ],
          [
            104.029306131,
            1.35016231400004
          ],
          [
            104.029272433,
            1.35007849400005
          ],
          [
            104.029238731,
            1.34999466300006
          ],
          [
            104.029205028,
            1.34991083100005
          ],
          [
            104.029171325,
            1.34982700000005
          ],
          [
            104.029137623,
            1.34974316900003
          ],
          [
            104.02910392,
            1.34965933700004
          ],
          [
            104.029070217,
            1.34957550600006
          ],
          [
            104.029036515,
            1.34949167500003
          ],
          [
            104.029002812,
            1.34940784300004
          ],
          [
            104.02896911,
            1.34932401200006
          ],
          [
            104.028935407,
            1.34924018000003
          ],
          [
            104.028901704,
            1.34915634900005
          ],
          [
            104.028868002,
            1.34907251800007
          ],
          [
            104.028834299,
            1.34898868600005
          ],
          [
            104.028814915,
            1.34894046900008
          ],
          [
            104.028785747,
            1.34886791800005
          ],
          [
            104.028766889,
            1.34882101200003
          ],
          [
            104.028733097,
            1.34873718100005
          ],
          [
            104.028699399,
            1.34865336100005
          ],
          [
            104.028665696,
            1.34856953000002
          ],
          [
            104.028631994,
            1.34848569800005
          ],
          [
            104.028598291,
            1.34840186700006
          ],
          [
            104.028564589,
            1.34831803500003
          ],
          [
            104.028530886,
            1.34823420400006
          ],
          [
            104.02850598,
            1.34817225300001
          ],
          [
            104.028081698,
            1.34714450900003
          ],
          [
            104.027840916,
            1.34656361700005
          ],
          [
            104.027805684,
            1.34648041400003
          ],
          [
            104.027774243,
            1.34640643400006
          ],
          [
            104.027770364,
            1.34639730600002
          ],
          [
            104.027735136,
            1.34631411300004
          ],
          [
            104.027699811,
            1.34623090300004
          ],
          [
            104.027664494,
            1.34614771100007
          ],
          [
            104.027629264,
            1.34606460400004
          ],
          [
            104.027593947,
            1.34598141000004
          ],
          [
            104.027574831,
            1.34593626700006
          ],
          [
            104.027558715,
            1.34589820700005
          ],
          [
            104.02752339,
            1.34581508800004
          ],
          [
            104.027488077,
            1.34573190600002
          ],
          [
            104.027452845,
            1.34564870300003
          ],
          [
            104.027417525,
            1.34556559500003
          ],
          [
            104.027382297,
            1.34548240200007
          ],
          [
            104.027346975,
            1.34539919900003
          ],
          [
            104.027311745,
            1.34531609100002
          ],
          [
            104.027276423,
            1.34523288600006
          ],
          [
            104.027241103,
            1.34514968800005
          ],
          [
            104.027205786,
            1.34506649600008
          ],
          [
            104.027170556,
            1.34498338800005
          ],
          [
            104.027135238,
            1.34490019500003
          ],
          [
            104.027100008,
            1.34481699700007
          ],
          [
            104.027064677,
            1.34473377100005
          ],
          [
            104.027029255,
            1.34465063500004
          ],
          [
            104.026993753,
            1.34456752200002
          ],
          [
            104.026958344,
            1.34448450500003
          ],
          [
            104.026922835,
            1.34440137400002
          ],
          [
            104.026887245,
            1.34431835700003
          ],
          [
            104.026851753,
            1.34423526600005
          ],
          [
            104.026816256,
            1.34415216400003
          ],
          [
            104.026780841,
            1.34406913600002
          ],
          [
            104.026745249,
            1.34398602100004
          ],
          [
            104.026709755,
            1.34390292500007
          ],
          [
            104.026674253,
            1.34381981200006
          ],
          [
            104.026640589,
            1.34374108600002
          ],
          [
            104.026638754,
            1.34373679500003
          ],
          [
            104.026603254,
            1.34365368700002
          ],
          [
            104.026567755,
            1.34357067000001
          ],
          [
            104.026532257,
            1.34348756700006
          ],
          [
            104.026496758,
            1.34340445900005
          ],
          [
            104.026461256,
            1.34332134600005
          ],
          [
            104.0264468,
            1.34328754000006
          ],
          [
            104.026425757,
            1.34323832900002
          ],
          [
            104.026390259,
            1.34315522600001
          ],
          [
            104.026354758,
            1.34307211300006
          ],
          [
            104.026319258,
            1.34298909600005
          ],
          [
            104.026283759,
            1.34290598800004
          ],
          [
            104.02624826,
            1.34282297100003
          ],
          [
            104.026212762,
            1.34273986800001
          ],
          [
            104.026177263,
            1.34265676000007
          ],
          [
            104.026141761,
            1.34257364700005
          ],
          [
            104.026106849,
            1.34249206000004
          ],
          [
            104.026106262,
            1.34249063000004
          ],
          [
            104.026104929,
            1.34248774600007
          ],
          [
            104.026070764,
            1.34240752700003
          ],
          [
            104.026035263,
            1.34232441400008
          ],
          [
            104.025999764,
            1.34224139700005
          ],
          [
            104.025964266,
            1.34215829400006
          ],
          [
            104.025928765,
            1.34207518100004
          ],
          [
            104.025893265,
            1.34199216400002
          ],
          [
            104.025857768,
            1.34190906100002
          ],
          [
            104.025822266,
            1.34182594800005
          ],
          [
            104.025786767,
            1.34174293100006
          ],
          [
            104.025751268,
            1.34165982300004
          ],
          [
            104.025715768,
            1.34157680600003
          ],
          [
            104.025704503,
            1.34155043400006
          ],
          [
            104.025692239,
            1.34152172100004
          ],
          [
            104.025680271,
            1.34149370300002
          ],
          [
            104.025644771,
            1.34141059500006
          ],
          [
            104.02560927,
            1.34132748200006
          ],
          [
            104.025573771,
            1.34124446500005
          ],
          [
            104.025538273,
            1.34116136200004
          ],
          [
            104.02550286,
            1.34107845500004
          ],
          [
            104.025468796,
            1.34099501900004
          ],
          [
            104.025434741,
            1.34091138500003
          ],
          [
            104.025400679,
            1.34082764400005
          ],
          [
            104.025366622,
            1.34074400500003
          ],
          [
            104.02533265,
            1.34066026400007
          ],
          [
            104.025298584,
            1.34057660200005
          ],
          [
            104.025264522,
            1.34049286100002
          ],
          [
            104.025230463,
            1.34040921700005
          ],
          [
            104.025196493,
            1.34032557100005
          ],
          [
            104.025162428,
            1.34024182400003
          ],
          [
            104.025128365,
            1.34015807800004
          ],
          [
            104.025094301,
            1.34007442200002
          ],
          [
            104.025060246,
            1.33999078800002
          ],
          [
            104.025026276,
            1.33990705200005
          ],
          [
            104.024992208,
            1.33982329500003
          ],
          [
            104.024958144,
            1.33973963900008
          ],
          [
            104.024924084,
            1.33965599400006
          ],
          [
            104.024890029,
            1.33957226900002
          ],
          [
            104.024855993,
            1.33948837200006
          ],
          [
            104.024820823,
            1.33940488800004
          ],
          [
            104.024784914,
            1.33932184300006
          ],
          [
            104.024749055,
            1.33923891600005
          ],
          [
            104.024713192,
            1.33915597800005
          ],
          [
            104.024677248,
            1.33907306200007
          ],
          [
            104.024641479,
            1.33899013500008
          ],
          [
            104.024605526,
            1.33890719700002
          ],
          [
            104.024569672,
            1.33882428200006
          ],
          [
            104.024533813,
            1.33874135500002
          ],
          [
            104.024497952,
            1.33865842300002
          ],
          [
            104.024462096,
            1.33857559100004
          ],
          [
            104.024426237,
            1.33849257400003
          ],
          [
            104.024390376,
            1.33840973200005
          ],
          [
            104.02435452,
            1.33832681000007
          ],
          [
            104.024318661,
            1.33824388300006
          ],
          [
            104.024282802,
            1.33816095600003
          ],
          [
            104.024246943,
            1.33807802900002
          ],
          [
            104.024211085,
            1.33799510200004
          ],
          [
            104.024175272,
            1.33791228200005
          ],
          [
            104.024140189,
            1.33782921800002
          ],
          [
            104.024105236,
            1.33774594500005
          ],
          [
            104.024070188,
            1.33766266100002
          ],
          [
            104.024035227,
            1.33757928200004
          ],
          [
            104.02403441,
            1.33757733900005
          ],
          [
            104.024000175,
            1.33749598900004
          ],
          [
            104.023965215,
            1.33741270000008
          ],
          [
            104.023930165,
            1.33732941100002
          ],
          [
            104.02392953,
            1.33732789900006
          ],
          [
            104.02389521,
            1.33724613400004
          ],
          [
            104.023860245,
            1.33716283400002
          ],
          [
            104.023836821,
            1.33710717100007
          ],
          [
            104.023825195,
            1.33707954500005
          ],
          [
            104.023790235,
            1.33699625600001
          ],
          [
            104.023755185,
            1.33691296700004
          ],
          [
            104.023744052,
            1.33688644400007
          ],
          [
            104.023720225,
            1.33682967800007
          ],
          [
            104.023685175,
            1.33674639000002
          ],
          [
            104.023650214,
            1.33666310100007
          ],
          [
            104.023615164,
            1.33657981200001
          ],
          [
            104.023580204,
            1.33649652300006
          ],
          [
            104.023545154,
            1.33641323400001
          ],
          [
            104.023510199,
            1.33632995700003
          ],
          [
            104.023475234,
            1.33624665700007
          ],
          [
            104.023440179,
            1.33616335700002
          ],
          [
            104.023405136,
            1.33608008400007
          ],
          [
            104.023370174,
            1.33599670000006
          ],
          [
            104.023335122,
            1.33591349700002
          ],
          [
            104.023300164,
            1.33583021300005
          ],
          [
            104.023265116,
            1.33574692900003
          ],
          [
            104.023230161,
            1.33566356100005
          ],
          [
            104.023199616,
            1.33559079100008
          ],
          [
            104.023195194,
            1.33558025600007
          ],
          [
            104.023160144,
            1.33549696700004
          ],
          [
            104.023125184,
            1.33541367900004
          ],
          [
            104.023094746,
            1.33534135000002
          ],
          [
            104.023090134,
            1.33533039000002
          ],
          [
            104.023055174,
            1.33524710100004
          ],
          [
            104.023020124,
            1.33516381200006
          ],
          [
            104.023001995,
            1.33512062300001
          ],
          [
            104.022985164,
            1.33508052300005
          ],
          [
            104.022950114,
            1.33499723500006
          ],
          [
            104.022915154,
            1.33491394600002
          ],
          [
            104.022909241,
            1.33489989500004
          ],
          [
            104.022880104,
            1.33483065700005
          ],
          [
            104.022845149,
            1.33474738000006
          ],
          [
            104.022816517,
            1.33467916700005
          ],
          [
            104.022810184,
            1.33466407900004
          ],
          [
            104.022775134,
            1.33458079100007
          ],
          [
            104.022740174,
            1.33449750200005
          ],
          [
            104.022705124,
            1.33441421300006
          ],
          [
            104.022670164,
            1.33433092400003
          ],
          [
            104.022635114,
            1.33424763500005
          ],
          [
            104.022600154,
            1.33416434700006
          ],
          [
            104.022565104,
            1.33408105800003
          ],
          [
            104.022530144,
            1.33399776900007
          ],
          [
            104.022495094,
            1.33391448000004
          ],
          [
            104.022460141,
            1.33383120800005
          ],
          [
            104.021925932,
            1.33258542900005
          ],
          [
            104.021532751,
            1.33167279100007
          ],
          [
            104.021503034,
            1.33160381700002
          ],
          [
            104.021496978,
            1.33158976200003
          ],
          [
            104.021461209,
            1.33150683500003
          ],
          [
            104.021425476,
            1.33142390100006
          ],
          [
            104.021401913,
            1.33136825400003
          ],
          [
            104.021390302,
            1.33134083200003
          ],
          [
            104.021355455,
            1.33125759900002
          ],
          [
            104.02132058,
            1.33117420800004
          ],
          [
            104.02130938,
            1.33114752600004
          ],
          [
            104.02128562,
            1.33109091900008
          ],
          [
            104.02125075,
            1.33100754000004
          ],
          [
            104.02121579,
            1.33092425100006
          ],
          [
            104.021180925,
            1.33084088300008
          ],
          [
            104.021146048,
            1.33075757800002
          ],
          [
            104.02111109,
            1.33067429400005
          ],
          [
            104.02107622,
            1.33059091500007
          ],
          [
            104.02104126,
            1.33050762600004
          ],
          [
            104.021006395,
            1.33042425800005
          ],
          [
            104.02097152,
            1.33034095800001
          ],
          [
            104.020951549,
            1.33029332800004
          ],
          [
            104.02093951,
            1.33026461500004
          ],
          [
            104.02093656,
            1.33025757800003
          ],
          [
            104.02090169,
            1.33017428900007
          ],
          [
            104.02086673,
            1.33009091000002
          ],
          [
            104.02083186,
            1.33000762100005
          ],
          [
            104.0207969,
            1.32992424200006
          ],
          [
            104.020762023,
            1.32984093700003
          ],
          [
            104.020726963,
            1.32975762500008
          ],
          [
            104.020691918,
            1.32967434800001
          ],
          [
            104.020656959,
            1.32959105900006
          ],
          [
            104.020621904,
            1.32950775800004
          ],
          [
            104.020586859,
            1.32942448100005
          ],
          [
            104.020551899,
            1.32934119200006
          ],
          [
            104.020516845,
            1.32925789200004
          ],
          [
            104.0204818,
            1.32917461400006
          ],
          [
            104.02044684,
            1.32909132600002
          ],
          [
            104.020411785,
            1.32900802500007
          ],
          [
            104.02037674,
            1.32892474800001
          ],
          [
            104.02034178,
            1.32884145900004
          ],
          [
            104.020306726,
            1.32875815900007
          ],
          [
            104.020271676,
            1.32867487000004
          ],
          [
            104.020236629,
            1.32859158700005
          ],
          [
            104.020201671,
            1.32850839400004
          ],
          [
            104.020166617,
            1.32842500300005
          ],
          [
            104.020131565,
            1.32834180000003
          ],
          [
            104.020102229,
            1.32827208900003
          ],
          [
            104.020096513,
            1.32825850400007
          ],
          [
            104.020061371,
            1.32817521100004
          ],
          [
            104.020026326,
            1.32809202400005
          ],
          [
            104.019991271,
            1.32800872300003
          ],
          [
            104.019956127,
            1.32792551300003
          ],
          [
            104.019920992,
            1.32784223600003
          ],
          [
            104.019885943,
            1.32775903800007
          ],
          [
            104.0198508,
            1.32767574200005
          ],
          [
            104.019815664,
            1.32759246000006
          ],
          [
            104.019780619,
            1.32750927300001
          ],
          [
            104.019745564,
            1.32742597200006
          ],
          [
            104.01971042,
            1.32734276300002
          ],
          [
            104.019675285,
            1.32725948500007
          ],
          [
            104.019640235,
            1.32717628700005
          ],
          [
            104.019605098,
            1.32709300300006
          ],
          [
            104.019570046,
            1.32700970900002
          ],
          [
            104.019534907,
            1.32692651100007
          ],
          [
            104.019499859,
            1.32684322700002
          ],
          [
            104.019464718,
            1.32675993300006
          ],
          [
            104.019429668,
            1.32667673400006
          ],
          [
            104.019394523,
            1.32659343400007
          ],
          [
            104.019359389,
            1.32651024700004
          ],
          [
            104.019324339,
            1.32642695800006
          ],
          [
            104.0192892,
            1.32634376000003
          ],
          [
            104.019254152,
            1.32626047600006
          ],
          [
            104.019238091,
            1.32622240700004
          ],
          [
            104.019219011,
            1.32617718200003
          ],
          [
            104.019183961,
            1.32609398300003
          ],
          [
            104.019148817,
            1.32601068300004
          ],
          [
            104.019113682,
            1.32592749600002
          ],
          [
            104.019078637,
            1.32584421900003
          ],
          [
            104.019043583,
            1.32576100900007
          ],
          [
            104.01900844,
            1.32567771300006
          ],
          [
            104.018973299,
            1.32559441900003
          ],
          [
            104.018938157,
            1.32551121600005
          ],
          [
            104.018903013,
            1.32542800600003
          ],
          [
            104.018867779,
            1.32534479600002
          ],
          [
            104.018832554,
            1.32526160900006
          ],
          [
            104.018813539,
            1.32521658800004
          ],
          [
            104.018797417,
            1.32517841600002
          ],
          [
            104.018762188,
            1.32509512700005
          ],
          [
            104.018727046,
            1.32501192300005
          ],
          [
            104.018691817,
            1.32492872500006
          ],
          [
            104.018656677,
            1.32484552700005
          ],
          [
            104.018621443,
            1.32476231700003
          ],
          [
            104.018586219,
            1.32467913000004
          ],
          [
            104.018551081,
            1.32459593600004
          ],
          [
            104.018521369,
            1.32452569200006
          ],
          [
            104.018515847,
            1.32451263600006
          ],
          [
            104.018480621,
            1.32442944400003
          ],
          [
            104.018445481,
            1.32434624500006
          ],
          [
            104.018410252,
            1.32426304700003
          ],
          [
            104.018375112,
            1.32417984800004
          ],
          [
            104.018339883,
            1.32409665000004
          ],
          [
            104.018304746,
            1.32401345600004
          ],
          [
            104.018269512,
            1.32393015600007
          ],
          [
            104.018234285,
            1.32384696400004
          ],
          [
            104.018199151,
            1.32376377700007
          ],
          [
            104.018164018,
            1.32368059500003
          ],
          [
            104.018160188,
            1.32367149200007
          ],
          [
            104.018128975,
            1.32359732200006
          ],
          [
            104.018093926,
            1.32351403400002
          ],
          [
            104.018058874,
            1.32343074000003
          ],
          [
            104.018023825,
            1.32334754100003
          ],
          [
            104.017988777,
            1.32326425700005
          ],
          [
            104.017953728,
            1.32318096800002
          ],
          [
            104.017918678,
            1.32309767900004
          ],
          [
            104.017883629,
            1.32301439000003
          ],
          [
            104.017869407,
            1.32298059600004
          ],
          [
            104.017848577,
            1.32293109700003
          ],
          [
            104.017813527,
            1.32284789800001
          ],
          [
            104.01777848,
            1.32276461400005
          ],
          [
            104.01774343,
            1.32268132500008
          ],
          [
            104.017708381,
            1.32259803600005
          ],
          [
            104.017673324,
            1.32251473100007
          ],
          [
            104.01763819,
            1.32243154400004
          ],
          [
            104.017603232,
            1.32234826000006
          ],
          [
            104.017568093,
            1.32226497100004
          ],
          [
            104.017533131,
            1.32218167700004
          ],
          [
            104.017497989,
            1.32209847200006
          ],
          [
            104.017462944,
            1.32201510400006
          ],
          [
            104.017427893,
            1.32193190100002
          ],
          [
            104.01739285,
            1.32184862800005
          ],
          [
            104.017357886,
            1.32176532800002
          ],
          [
            104.017322739,
            1.32168202300005
          ],
          [
            104.017308817,
            1.32164897600007
          ],
          [
            104.017298815,
            1.32162523200002
          ],
          [
            104.017287695,
            1.32159883600002
          ],
          [
            104.017252647,
            1.32151555100006
          ],
          [
            104.017217603,
            1.32143227400007
          ],
          [
            104.017182643,
            1.32134898500003
          ],
          [
            104.017147584,
            1.32126567300002
          ],
          [
            104.017112447,
            1.32118239100003
          ],
          [
            104.017077492,
            1.32109920400007
          ],
          [
            104.01704244,
            1.32101590800006
          ],
          [
            104.017007391,
            1.32093261900006
          ],
          [
            104.016972341,
            1.32084933000005
          ],
          [
            104.016937292,
            1.32076604100007
          ],
          [
            104.01690224,
            1.32068274800002
          ],
          [
            104.016867191,
            1.32059954900006
          ],
          [
            104.016832143,
            1.32051626500004
          ],
          [
            104.016797094,
            1.32043297600007
          ],
          [
            104.016762044,
            1.32034968700003
          ],
          [
            104.016726993,
            1.32026639300005
          ],
          [
            104.016691979,
            1.32018327800005
          ],
          [
            104.016657531,
            1.32009986900005
          ],
          [
            104.016623463,
            1.32001620200002
          ],
          [
            104.016588802,
            1.31993258600004
          ],
          [
            104.016553689,
            1.31984914600001
          ],
          [
            104.016518036,
            1.31976597800001
          ],
          [
            104.016481935,
            1.31968299600003
          ],
          [
            104.016445297,
            1.31960020200005
          ],
          [
            104.016430585,
            1.31956738800005
          ],
          [
            104.016408293,
            1.31951766800005
          ],
          [
            104.016370663,
            1.31943532100008
          ],
          [
            104.016332672,
            1.31935315600003
          ],
          [
            104.016294138,
            1.31927134700003
          ],
          [
            104.01625516,
            1.31918963900006
          ],
          [
            104.016215732,
            1.31910829500003
          ],
          [
            104.016175851,
            1.31902703500003
          ],
          [
            104.016135424,
            1.31894603600005
          ],
          [
            104.016094589,
            1.31886539000004
          ],
          [
            104.016093878,
            1.31886407800004
          ],
          [
            104.016048549,
            1.31878606100001
          ],
          [
            104.016047843,
            1.31878491300006
          ],
          [
            104.015998677,
            1.31870920600005
          ],
          [
            104.015949431,
            1.31863360500006
          ],
          [
            104.015900285,
            1.31855793000004
          ],
          [
            104.015899204,
            1.31855638500001
          ],
          [
            104.015844798,
            1.31848414400001
          ],
          [
            104.015789313,
            1.31841280500002
          ],
          [
            104.01573379,
            1.31834144800007
          ],
          [
            104.01567773,
            1.31827072500005
          ],
          [
            104.015677306,
            1.31827020400004
          ],
          [
            104.015676405,
            1.31826917700004
          ],
          [
            104.01561521,
            1.31820289300003
          ],
          [
            104.015361446,
            1.31794401500002
          ],
          [
            104.015294943,
            1.31788315100003
          ],
          [
            104.01522835,
            1.31782228600003
          ],
          [
            104.015227331,
            1.31782140300003
          ],
          [
            104.015157197,
            1.31776470200001
          ],
          [
            104.015156691,
            1.31776430200006
          ],
          [
            104.015085259,
            1.31770932700003
          ],
          [
            104.015013884,
            1.31765432800006
          ],
          [
            104.014942414,
            1.31759959400004
          ],
          [
            104.01494061,
            1.31759832700003
          ],
          [
            104.01486485,
            1.31754958100005
          ],
          [
            104.014789105,
            1.31750093600004
          ],
          [
            104.014713444,
            1.31745219600002
          ],
          [
            104.014637677,
            1.31740353700006
          ],
          [
            104.014561926,
            1.31735488800006
          ],
          [
            104.014561142,
            1.31735440400006
          ],
          [
            104.014483654,
            1.31730830700007
          ],
          [
            104.014482733,
            1.31730778900002
          ],
          [
            104.014403478,
            1.31726529000002
          ],
          [
            104.014402358,
            1.31726472200005
          ],
          [
            104.014321127,
            1.31722593100005
          ],
          [
            104.014320035,
            1.31722544000006
          ],
          [
            104.014237276,
            1.31719035700007
          ],
          [
            104.014236107,
            1.31718989300005
          ],
          [
            104.014151693,
            1.31715868500003
          ],
          [
            104.014150635,
            1.31715832000004
          ],
          [
            104.014064941,
            1.31713078600007
          ],
          [
            104.013978884,
            1.31710424600003
          ],
          [
            104.013892891,
            1.31707775500007
          ],
          [
            104.013806992,
            1.31705126500003
          ],
          [
            104.013721089,
            1.31702477300007
          ],
          [
            104.013635186,
            1.31699828200003
          ],
          [
            104.013549283,
            1.31697179000003
          ],
          [
            104.01346338,
            1.31694529900004
          ],
          [
            104.013377461,
            1.31691880200003
          ],
          [
            104.013291472,
            1.31689240200006
          ],
          [
            104.013205671,
            1.31686591400006
          ],
          [
            104.013119674,
            1.31683942200004
          ],
          [
            104.013033775,
            1.31681293100005
          ],
          [
            104.012947872,
            1.31678644000004
          ],
          [
            104.012861969,
            1.31675994800002
          ],
          [
            104.01277605,
            1.31673345200005
          ],
          [
            104.012690058,
            1.31670705100003
          ],
          [
            104.012604171,
            1.31668056400002
          ],
          [
            104.012518255,
            1.31665406900003
          ],
          [
            104.012432349,
            1.31662766700003
          ],
          [
            104.012346356,
            1.31660117500006
          ],
          [
            104.012260457,
            1.31657477500004
          ],
          [
            104.012174566,
            1.31654828700004
          ],
          [
            104.012088647,
            1.31652179100006
          ],
          [
            104.012002654,
            1.31649539000005
          ],
          [
            104.011916755,
            1.31646889900002
          ],
          [
            104.011830852,
            1.31644249800007
          ],
          [
            104.011793538,
            1.31643099100006
          ],
          [
            104.011705543,
            1.31640389600005
          ],
          [
            104.011659046,
            1.31638960500003
          ],
          [
            104.011573152,
            1.31636311700003
          ],
          [
            104.011487159,
            1.31633662500002
          ],
          [
            104.011401248,
            1.31631013100001
          ],
          [
            104.011315345,
            1.31628373000006
          ],
          [
            104.011229438,
            1.31625723700005
          ],
          [
            104.011143445,
            1.31623083600004
          ],
          [
            104.011057546,
            1.31620434500007
          ],
          [
            104.010971643,
            1.31617794400006
          ],
          [
            104.010885749,
            1.31615145500006
          ],
          [
            104.010799744,
            1.31612496000002
          ],
          [
            104.010713845,
            1.31609856000006
          ],
          [
            104.010627995,
            1.31607208400004
          ],
          [
            104.010542695,
            1.31604548200006
          ],
          [
            104.010458353,
            1.31601572400006
          ],
          [
            104.010373618,
            1.31598570500005
          ],
          [
            104.010288793,
            1.31595577700005
          ],
          [
            104.010204062,
            1.31592575900003
          ],
          [
            104.010119323,
            1.31589583000004
          ],
          [
            104.01003451,
            1.31586581500004
          ],
          [
            104.009949763,
            1.31583579200004
          ],
          [
            104.009865321,
            1.31580599900002
          ],
          [
            104.009782618,
            1.31577385400004
          ],
          [
            104.009701214,
            1.31573724800006
          ],
          [
            104.009619163,
            1.31570035000003
          ],
          [
            104.009537123,
            1.315663549
          ],
          [
            104.009455089,
            1.31562665900004
          ],
          [
            104.009372953,
            1.31558976500001
          ],
          [
            104.009291003,
            1.31555296300007
          ],
          [
            104.00920888,
            1.31551607400008
          ],
          [
            104.009127517,
            1.31547948600006
          ],
          [
            104.009048615,
            1.31543867000005
          ],
          [
            104.008970216,
            1.31539535100006
          ],
          [
            104.008891411,
            1.31535185700006
          ],
          [
            104.008812695,
            1.31530836300004
          ],
          [
            104.008733884,
            1.31526486600006
          ],
          [
            104.008655084,
            1.31522137500002
          ],
          [
            104.008576368,
            1.31517788000002
          ],
          [
            104.008497567,
            1.31513438900005
          ],
          [
            104.00841969,
            1.31509131800004
          ],
          [
            104.008345495,
            1.31504237500006
          ],
          [
            104.008270593,
            1.31499248700003
          ],
          [
            104.008195635,
            1.31494265100002
          ],
          [
            104.008120603,
            1.31489282600006
          ],
          [
            104.008045677,
            1.31484301200004
          ],
          [
            104.007970728,
            1.31479309200004
          ],
          [
            104.007895687,
            1.31474326100005
          ],
          [
            104.007820872,
            1.31469352100004
          ],
          [
            104.007746921,
            1.31464319000002
          ],
          [
            104.007674293,
            1.31459053400004
          ],
          [
            104.007601513,
            1.31453763900002
          ],
          [
            104.007528631,
            1.31448473400008
          ],
          [
            104.007455755,
            1.31443183400006
          ],
          [
            104.007382873,
            1.31437893000003
          ],
          [
            104.007309908,
            1.31432603000006
          ],
          [
            104.007237045,
            1.31427313900002
          ],
          [
            104.007164259,
            1.31422023900006
          ],
          [
            104.007092962,
            1.31416851500006
          ],
          [
            104.007091377,
            1.31416733400004
          ],
          [
            104.007089139,
            1.31416576700001
          ],
          [
            104.007018495,
            1.31411443000007
          ],
          [
            104.006945474,
            1.31406149000002
          ],
          [
            104.006872137,
            1.31400881500002
          ],
          [
            104.006798228,
            1.31395717700002
          ],
          [
            104.006724463,
            1.31390554900004
          ],
          [
            104.006650689,
            1.31385391500002
          ],
          [
            104.0065769,
            1.31380227100004
          ],
          [
            104.006503036,
            1.31375072700006
          ],
          [
            104.006429277,
            1.31369910400002
          ],
          [
            104.006355503,
            1.31364747000004
          ],
          [
            104.006281719,
            1.31359583000005
          ],
          [
            104.006207945,
            1.31354428700005
          ],
          [
            104.00613418,
            1.31349265900008
          ],
          [
            104.006060406,
            1.31344102500003
          ],
          [
            104.005986632,
            1.31338939200003
          ],
          [
            104.005912849,
            1.31333775100005
          ],
          [
            104.005839068,
            1.31328620300007
          ],
          [
            104.005765213,
            1.31323457600006
          ],
          [
            104.005691436,
            1.31318294000003
          ],
          [
            104.005617662,
            1.31313139700006
          ],
          [
            104.005543706,
            1.31307963800004
          ],
          [
            104.005468777,
            1.31302909500004
          ],
          [
            104.005393769,
            1.31297913500004
          ],
          [
            104.005365774,
            1.31296048900002
          ],
          [
            104.005318833,
            1.31292922400007
          ],
          [
            104.005243981,
            1.31287930800005
          ],
          [
            104.005169033,
            1.31282938900007
          ],
          [
            104.005094091,
            1.31277947300002
          ],
          [
            104.005019139,
            1.31272955100005
          ],
          [
            104.004943999,
            1.31267959700005
          ],
          [
            104.00486806,
            1.31263091500005
          ],
          [
            104.004867565,
            1.31263060600003
          ],
          [
            104.004790736,
            1.31258367500005
          ],
          [
            104.004713898,
            1.31253673700007
          ],
          [
            104.004637069,
            1.31248989700002
          ],
          [
            104.00456025,
            1.31244297200004
          ],
          [
            104.00455974,
            1.31244266800008
          ],
          [
            104.004558768,
            1.31244213000001
          ],
          [
            104.004478967,
            1.31240007600007
          ],
          [
            104.004398525,
            1.31235928300003
          ],
          [
            104.004318282,
            1.31231868300005
          ],
          [
            104.004237915,
            1.31227793000003
          ],
          [
            104.004157088,
            1.31223807600002
          ],
          [
            104.004155425,
            1.31223732500007
          ],
          [
            104.004072302,
            1.31220314400001
          ],
          [
            104.00398909,
            1.31216896300003
          ],
          [
            104.003905894,
            1.31213478800004
          ],
          [
            104.003822698,
            1.31210052400006
          ],
          [
            104.003821697,
            1.31210013500003
          ],
          [
            104.003737313,
            1.31206929900002
          ],
          [
            104.003736092,
            1.31206888500002
          ],
          [
            104.00365012,
            1.31204207400002
          ],
          [
            104.003563723,
            1.31201630200008
          ],
          [
            104.003476867,
            1.31199152600004
          ],
          [
            104.003389834,
            1.31196793100002
          ],
          [
            104.003302453,
            1.31194533900003
          ],
          [
            104.003214879,
            1.31192383200006
          ],
          [
            104.003126945,
            1.31190341400002
          ],
          [
            104.003038836,
            1.31188408700007
          ],
          [
            104.002950543,
            1.31186584900007
          ],
          [
            104.00286198,
            1.31184869900004
          ],
          [
            104.002773261,
            1.31183264300006
          ],
          [
            104.002684226,
            1.31181766900004
          ],
          [
            104.002595127,
            1.31180378800003
          ],
          [
            104.002505846,
            1.31179099600007
          ],
          [
            104.002416386,
            1.31177929400007
          ],
          [
            104.002326824,
            1.31176867900007
          ],
          [
            104.002237131,
            1.31175924100006
          ],
          [
            104.002147432,
            1.31175117800007
          ],
          [
            104.002145977,
            1.31175108700005
          ],
          [
            104.002056212,
            1.31174792800005
          ],
          [
            104.00205512,
            1.31174791200006
          ],
          [
            104.001965117,
            1.31174891400002
          ],
          [
            104.001964282,
            1.31174893600007
          ],
          [
            104.001874428,
            1.31175274100001
          ],
          [
            104.001873752,
            1.31175277800001
          ],
          [
            104.001783939,
            1.31175886100003
          ],
          [
            104.001693951,
            1.31176649700007
          ],
          [
            104.001604209,
            1.31177530800005
          ],
          [
            104.001514044,
            1.31178527000003
          ],
          [
            104.001425197,
            1.31179581200006
          ],
          [
            104.001335901,
            1.31180705200005
          ],
          [
            104.001246659,
            1.31181873800006
          ],
          [
            104.001157532,
            1.31183069300006
          ],
          [
            104.001068434,
            1.31184291500005
          ],
          [
            104.000979361,
            1.31185522400006
          ],
          [
            104.000890406,
            1.31186762000005
          ],
          [
            104.000801389,
            1.31187992100006
          ],
          [
            104.000712397,
            1.31189212900006
          ],
          [
            104.000623433,
            1.31190406100007
          ],
          [
            104.000534406,
            1.31191572000006
          ],
          [
            104.000445419,
            1.31192692100007
          ],
          [
            104.00035637,
            1.31193757700003
          ],
          [
            104.000267271,
            1.31194759800006
          ],
          [
            104.000178136,
            1.31195680000008
          ],
          [
            104.000088964,
            1.31196500600004
          ],
          [
            103.99999977,
            1.31197203500005
          ],
          [
            103.999910595,
            1.31197761700003
          ],
          [
            103.999821437,
            1.31198130600006
          ],
          [
            103.999732364,
            1.31198283600003
          ],
          [
            103.999643561,
            1.31198132300005
          ],
          [
            103.999554479,
            1.31197584800002
          ],
          [
            103.999552834,
            1.31197579800004
          ],
          [
            103.999551539,
            1.31197582900006
          ],
          [
            103.999461865,
            1.31198017600003
          ],
          [
            103.999461109,
            1.31198022400002
          ],
          [
            103.999371614,
            1.31198710300005
          ],
          [
            103.999369974,
            1.31198728000002
          ],
          [
            103.999280929,
            1.31199967600001
          ],
          [
            103.999279756,
            1.31199986600007
          ],
          [
            103.999191426,
            1.31201681700002
          ],
          [
            103.999190629,
            1.31201698300003
          ],
          [
            103.999102843,
            1.31203661300004
          ],
          [
            103.999100707,
            1.31203718400007
          ],
          [
            103.999014898,
            1.31206395900004
          ],
          [
            103.999014135,
            1.31206421000007
          ],
          [
            103.998928986,
            1.31209360100007
          ],
          [
            103.998927938,
            1.31209399800002
          ],
          [
            103.998844555,
            1.312127646
          ],
          [
            103.998843797,
            1.31212796500006
          ],
          [
            103.998761365,
            1.31216420200002
          ],
          [
            103.998679198,
            1.31220134500005
          ],
          [
            103.998597248,
            1.31223843200008
          ],
          [
            103.998515314,
            1.31227551100004
          ],
          [
            103.998433369,
            1.31231250500003
          ],
          [
            103.998351418,
            1.31234959200002
          ],
          [
            103.998269339,
            1.31238669600003
          ],
          [
            103.998232239,
            1.31240364600008
          ],
          [
            103.998187453,
            1.31242410700003
          ],
          [
            103.998105712,
            1.31246203500007
          ],
          [
            103.998024122,
            1.31249984500004
          ],
          [
            103.997942536,
            1.31253774400003
          ],
          [
            103.997860951,
            1.31257555100007
          ],
          [
            103.997779359,
            1.31261345200005
          ],
          [
            103.997697695,
            1.31265134500005
          ],
          [
            103.997616115,
            1.31268915000004
          ],
          [
            103.997534519,
            1.31272696300005
          ],
          [
            103.997452933,
            1.31276486100007
          ],
          [
            103.997371364,
            1.31280266100003
          ],
          [
            103.997290051,
            1.31284030100005
          ],
          [
            103.997207753,
            1.31287551000002
          ],
          [
            103.997124999,
            1.31291087600005
          ],
          [
            103.997042331,
            1.31294624400005
          ],
          [
            103.996959671,
            1.31298160800004
          ],
          [
            103.996876918,
            1.31301697400005
          ],
          [
            103.996794254,
            1.31305234000008
          ],
          [
            103.9967115,
            1.31308770600004
          ],
          [
            103.996628831,
            1.31312307400003
          ],
          [
            103.996546172,
            1.31315843800006
          ],
          [
            103.996463418,
            1.31319380400003
          ],
          [
            103.996380754,
            1.31322917000005
          ],
          [
            103.996298001,
            1.31326453600001
          ],
          [
            103.996215337,
            1.31329990200003
          ],
          [
            103.996132583,
            1.31333526800004
          ],
          [
            103.996049914,
            1.31337063600005
          ],
          [
            103.995967255,
            1.31340600000004
          ],
          [
            103.995884501,
            1.31344136600005
          ],
          [
            103.995801837,
            1.31347673200003
          ],
          [
            103.995719083,
            1.31351209800004
          ],
          [
            103.995636414,
            1.31354746600005
          ],
          [
            103.995553755,
            1.31358282900005
          ],
          [
            103.995471001,
            1.31361819500006
          ],
          [
            103.995388337,
            1.31365356100002
          ],
          [
            103.995305584,
            1.31368892700005
          ],
          [
            103.995222915,
            1.31372429500005
          ],
          [
            103.995140251,
            1.31375966100006
          ],
          [
            103.995057592,
            1.31379502500005
          ],
          [
            103.994974838,
            1.31383039100006
          ],
          [
            103.994892174,
            1.31386575700004
          ],
          [
            103.99480942,
            1.31390112300005
          ],
          [
            103.994726751,
            1.31393649100006
          ],
          [
            103.994644092,
            1.31397185400005
          ],
          [
            103.994561338,
            1.31400722000006
          ],
          [
            103.994478674,
            1.31404258600004
          ],
          [
            103.99439592,
            1.31407795200005
          ],
          [
            103.994313251,
            1.31411332000003
          ],
          [
            103.994230592,
            1.31414868400002
          ],
          [
            103.994147838,
            1.31418405000005
          ],
          [
            103.994065174,
            1.31421941600006
          ],
          [
            103.993982421,
            1.31425478100003
          ],
          [
            103.993899752,
            1.31429014900003
          ],
          [
            103.993817092,
            1.31432551300003
          ],
          [
            103.993734339,
            1.31436087900005
          ],
          [
            103.993651675,
            1.31439624500007
          ],
          [
            103.993568921,
            1.31443161100003
          ],
          [
            103.993486252,
            1.31446697900002
          ],
          [
            103.993403593,
            1.31450234200002
          ],
          [
            103.993320839,
            1.31453770800004
          ],
          [
            103.993238175,
            1.31457307400006
          ],
          [
            103.993155421,
            1.31460844000003
          ],
          [
            103.993072752,
            1.31464380800001
          ],
          [
            103.992990093,
            1.31467917200006
          ],
          [
            103.992907339,
            1.31471453800003
          ],
          [
            103.992824675,
            1.31474990300007
          ],
          [
            103.992741921,
            1.31478526900003
          ],
          [
            103.992659252,
            1.31482063700001
          ],
          [
            103.992576588,
            1.31485600300004
          ],
          [
            103.992493929,
            1.31489136700002
          ],
          [
            103.992382257,
            1.31493909100003
          ],
          [
            103.992328421,
            1.31496209800002
          ],
          [
            103.992245752,
            1.31499746600001
          ],
          [
            103.992163088,
            1.31503283200005
          ],
          [
            103.992080429,
            1.31506819600004
          ],
          [
            103.991997675,
            1.31510356200004
          ],
          [
            103.99191501,
            1.31513892700001
          ],
          [
            103.991832257,
            1.31517429300005
          ],
          [
            103.991749588,
            1.31520966100004
          ],
          [
            103.991666928,
            1.31524502500001
          ],
          [
            103.991584174,
            1.31528039100006
          ],
          [
            103.99150151,
            1.31531575600008
          ],
          [
            103.991418756,
            1.31535112200004
          ],
          [
            103.991336087,
            1.31538649000003
          ],
          [
            103.991253428,
            1.31542185400002
          ],
          [
            103.991170674,
            1.31545722000004
          ],
          [
            103.99108801,
            1.31549258500008
          ],
          [
            103.991005256,
            1.31552795100003
          ],
          [
            103.990922587,
            1.31556331900002
          ],
          [
            103.990839928,
            1.31559868300007
          ],
          [
            103.990757174,
            1.31563404900004
          ],
          [
            103.99067451,
            1.31566941400006
          ],
          [
            103.990591756,
            1.31570478000002
          ],
          [
            103.990509087,
            1.31574014800003
          ],
          [
            103.990426428,
            1.31577551200007
          ],
          [
            103.990343674,
            1.31581087700005
          ],
          [
            103.990261009,
            1.31584624300007
          ],
          [
            103.990178255,
            1.31588160900002
          ],
          [
            103.990095586,
            1.31591697700002
          ],
          [
            103.990012927,
            1.31595234000003
          ],
          [
            103.989930173,
            1.31598770600004
          ],
          [
            103.989847509,
            1.31602307200005
          ],
          [
            103.989764755,
            1.31605843800002
          ],
          [
            103.989682086,
            1.31609380600003
          ],
          [
            103.989599427,
            1.31612916900001
          ],
          [
            103.989516673,
            1.31616453500003
          ],
          [
            103.989433992,
            1.31619990800003
          ],
          [
            103.989351305,
            1.31623537400002
          ],
          [
            103.989268613,
            1.31627093200007
          ],
          [
            103.989186023,
            1.31630657600005
          ],
          [
            103.98910346,
            1.31634220800004
          ],
          [
            103.989020891,
            1.31637775300004
          ],
          [
            103.988938226,
            1.31641339000003
          ],
          [
            103.988855647,
            1.31644893800005
          ],
          [
            103.988773062,
            1.31648458000006
          ],
          [
            103.988690503,
            1.31652021000002
          ],
          [
            103.988607839,
            1.31655575700006
          ],
          [
            103.98852526,
            1.31659139600002
          ],
          [
            103.988442691,
            1.31662694100004
          ],
          [
            103.988360015,
            1.31666258200005
          ],
          [
            103.988277903,
            1.31669802000004
          ],
          [
            103.988194692,
            1.31673025100003
          ],
          [
            103.988110652,
            1.31676167100004
          ],
          [
            103.988026387,
            1.31679314200005
          ],
          [
            103.987943073,
            1.31682416800003
          ],
          [
            103.987857704,
            1.31684876100006
          ],
          [
            103.987771347,
            1.31687363900005
          ],
          [
            103.987684895,
            1.31689860800002
          ],
          [
            103.987598515,
            1.31692358300005
          ],
          [
            103.987512231,
            1.31694873700008
          ],
          [
            103.987425844,
            1.31697389500004
          ],
          [
            103.987339516,
            1.31699933300007
          ],
          [
            103.987253278,
            1.31702495200005
          ],
          [
            103.987167104,
            1.31705085100003
          ],
          [
            103.987080993,
            1.31707712000001
          ],
          [
            103.986995048,
            1.31710384600007
          ],
          [
            103.986909186,
            1.31713102700007
          ],
          [
            103.986823406,
            1.31715875400004
          ],
          [
            103.98673788,
            1.31718694000007
          ],
          [
            103.986652525,
            1.31721576300004
          ],
          [
            103.986567375,
            1.31724512100003
          ],
          [
            103.986482421,
            1.31727492600004
          ],
          [
            103.98639757,
            1.31730518000006
          ],
          [
            103.986312922,
            1.31733578700004
          ],
          [
            103.986228395,
            1.31736665500007
          ],
          [
            103.986143646,
            1.31739778800006
          ],
          [
            103.986059729,
            1.31743063200002
          ],
          [
            103.986058964,
            1.31743094500006
          ],
          [
            103.985976205,
            1.31746631300007
          ],
          [
            103.985893541,
            1.31750167800004
          ],
          [
            103.985810787,
            1.31753704400006
          ],
          [
            103.985728118,
            1.31757241100007
          ],
          [
            103.985645458,
            1.31760777500004
          ],
          [
            103.985562704,
            1.31764314100008
          ],
          [
            103.98548004,
            1.31767850600005
          ],
          [
            103.985397286,
            1.31771387200005
          ],
          [
            103.985314617,
            1.31774924000006
          ],
          [
            103.985231957,
            1.31778460300005
          ],
          [
            103.985149203,
            1.31781996900002
          ],
          [
            103.985066539,
            1.31785533400006
          ],
          [
            103.984983785,
            1.31789070000002
          ],
          [
            103.984901115,
            1.31792606800002
          ],
          [
            103.984818451,
            1.31796143300005
          ],
          [
            103.984735792,
            1.31799679700004
          ],
          [
            103.984653038,
            1.31803216200006
          ],
          [
            103.984570373,
            1.31806752800002
          ],
          [
            103.984487619,
            1.31810289300006
          ],
          [
            103.98440495,
            1.31813826100006
          ],
          [
            103.98432229,
            1.31817362500003
          ],
          [
            103.984242088,
            1.31820790000006
          ],
          [
            103.98419018,
            1.31821832700006
          ],
          [
            103.98416074,
            1.31815611400002
          ],
          [
            103.984053798,
            1.31790765100004
          ],
          [
            103.984018372,
            1.31782470900003
          ],
          [
            103.984018067,
            1.31782402300007
          ],
          [
            103.983980575,
            1.31774254600002
          ],
          [
            103.983946995,
            1.31766016400006
          ],
          [
            103.983917249,
            1.31757548900004
          ],
          [
            103.983916878,
            1.31757450800006
          ],
          [
            103.983883267,
            1.31749058500004
          ],
          [
            103.983882886,
            1.31748968000004
          ],
          [
            103.983846383,
            1.31740728000005
          ],
          [
            103.98381106,
            1.31732457900005
          ],
          [
            103.98377735,
            1.31724126000005
          ],
          [
            103.983744621,
            1.31715693600006
          ],
          [
            103.983710384,
            1.31707306500004
          ],
          [
            103.983708912,
            1.31707001700004
          ],
          [
            103.983707074,
            1.31706717700008
          ],
          [
            103.983704898,
            1.31706459000003
          ],
          [
            103.983642985,
            1.31699966100006
          ],
          [
            103.983640305,
            1.31699720500006
          ],
          [
            103.983637322,
            1.31699513200004
          ],
          [
            103.98363409,
            1.31699348200005
          ],
          [
            103.983630667,
            1.31699228300004
          ],
          [
            103.983546831,
            1.31696913600007
          ],
          [
            103.983543604,
            1.31696845500004
          ],
          [
            103.983540319,
            1.31696817700003
          ],
          [
            103.983537024,
            1.31696830300007
          ],
          [
            103.983475795,
            1.31697445100002
          ],
          [
            103.983448778,
            1.31697716300006
          ],
          [
            103.983361916,
            1.31698535600003
          ],
          [
            103.983278606,
            1.31697894400002
          ],
          [
            103.983199558,
            1.31695037600002
          ],
          [
            103.983119113,
            1.31691315800002
          ],
          [
            103.983117073,
            1.31691231400003
          ],
          [
            103.983114549,
            1.31691152800006
          ],
          [
            103.983031163,
            1.31689000900008
          ],
          [
            103.983026998,
            1.31688927900006
          ],
          [
            103.983022771,
            1.31688921300004
          ],
          [
            103.983018586,
            1.31688981300004
          ],
          [
            103.983014546,
            1.31689106500005
          ],
          [
            103.983010749,
            1.31689293700003
          ],
          [
            103.982933598,
            1.31693993000006
          ],
          [
            103.98293057,
            1.31694207300007
          ],
          [
            103.982927863,
            1.31694461300004
          ],
          [
            103.982925528,
            1.31694750200006
          ],
          [
            103.982875095,
            1.31701945700007
          ],
          [
            103.982822777,
            1.31709110000003
          ],
          [
            103.982766076,
            1.31715719200002
          ],
          [
            103.982701151,
            1.31721494300007
          ],
          [
            103.982631171,
            1.31726659500003
          ],
          [
            103.982555322,
            1.31730825600003
          ],
          [
            103.982476112,
            1.31734114000005
          ],
          [
            103.982394134,
            1.31736045900004
          ],
          [
            103.982310165,
            1.31735800100006
          ],
          [
            103.982224633,
            1.31734306200001
          ],
          [
            103.982139054,
            1.31732079900006
          ],
          [
            103.982052664,
            1.31729651700004
          ],
          [
            103.981965607,
            1.31727284900006
          ],
          [
            103.981878386,
            1.31725018300006
          ],
          [
            103.981790914,
            1.31722813500004
          ],
          [
            103.981703315,
            1.31720759100005
          ],
          [
            103.981616202,
            1.31718619600002
          ],
          [
            103.981614491,
            1.31718583500002
          ],
          [
            103.981613187,
            1.31718563600003
          ],
          [
            103.98152423,
            1.31717433700004
          ],
          [
            103.981523629,
            1.31717426800003
          ],
          [
            103.981434683,
            1.31716500600003
          ],
          [
            103.981346875,
            1.31715278200006
          ],
          [
            103.981259972,
            1.31713604200006
          ],
          [
            103.981173647,
            1.31711493100005
          ],
          [
            103.981086901,
            1.31709173300003
          ],
          [
            103.981000438,
            1.31706955600002
          ],
          [
            103.980916269,
            1.31704277700005
          ],
          [
            103.980832516,
            1.31701138700004
          ],
          [
            103.980747762,
            1.31698111400004
          ],
          [
            103.980743907,
            1.31698005300006
          ],
          [
            103.980655698,
            1.31696274000006
          ],
          [
            103.980650776,
            1.31696228400004
          ],
          [
            103.980648377,
            1.31696239100006
          ],
          [
            103.98055977,
            1.31697036600001
          ],
          [
            103.980472336,
            1.31697239500005
          ],
          [
            103.98038543,
            1.31696447200005
          ],
          [
            103.980297443,
            1.316951123
          ],
          [
            103.980295668,
            1.31695091400008
          ],
          [
            103.980206442,
            1.31694341300004
          ],
          [
            103.980204197,
            1.31694331900006
          ],
          [
            103.98020266,
            1.31694336300007
          ],
          [
            103.980112729,
            1.31694854000004
          ],
          [
            103.980023212,
            1.31695541100004
          ],
          [
            103.979933892,
            1.31696009600005
          ],
          [
            103.979844249,
            1.31696398400005
          ],
          [
            103.979841766,
            1.31696420800006
          ],
          [
            103.97975281,
            1.31697642200004
          ],
          [
            103.979749133,
            1.31697719300008
          ],
          [
            103.979745598,
            1.31697847100003
          ],
          [
            103.979742273,
            1.31698023100005
          ],
          [
            103.979666438,
            1.31702744300003
          ],
          [
            103.979664173,
            1.31702902000006
          ],
          [
            103.979593101,
            1.31708410000004
          ],
          [
            103.979592219,
            1.31708481400005
          ],
          [
            103.979591552,
            1.31708539600004
          ],
          [
            103.979524703,
            1.31714572100003
          ],
          [
            103.97952369,
            1.31714668400002
          ],
          [
            103.979460048,
            1.31721038400001
          ],
          [
            103.979396004,
            1.31727367600005
          ],
          [
            103.979331719,
            1.31733658000008
          ],
          [
            103.979267719,
            1.31739806100006
          ],
          [
            103.979198398,
            1.31745365100005
          ],
          [
            103.979197867,
            1.31745408800002
          ],
          [
            103.97919608,
            1.31745574100005
          ],
          [
            103.97913281,
            1.31751979000006
          ],
          [
            103.979069143,
            1.31758324400004
          ],
          [
            103.979004322,
            1.31764596200002
          ],
          [
            103.978940999,
            1.31770960900007
          ],
          [
            103.978875642,
            1.31777021200003
          ],
          [
            103.978807741,
            1.31782857800005
          ],
          [
            103.978806913,
            1.31782932000004
          ],
          [
            103.978741053,
            1.31789082000006
          ],
          [
            103.978740515,
            1.31789133700005
          ],
          [
            103.978677236,
            1.31795378200008
          ],
          [
            103.978608943,
            1.31801099300002
          ],
          [
            103.978605804,
            1.31801410700007
          ],
          [
            103.978553721,
            1.31807497500007
          ],
          [
            103.978490335,
            1.31808475300004
          ],
          [
            103.978490335,
            1.31808475300004
          ],
          [
            103.978444681,
            1.31803837800004
          ],
          [
            103.978355046,
            1.31788617600006
          ],
          [
            103.978354794,
            1.31788574500007
          ],
          [
            103.978308605,
            1.31780824400006
          ],
          [
            103.978308158,
            1.31780752100002
          ],
          [
            103.978259499,
            1.31773140000006
          ],
          [
            103.978210355,
            1.31765549500005
          ],
          [
            103.978160893,
            1.31757992700004
          ],
          [
            103.978160422,
            1.31757923000003
          ],
          [
            103.978108618,
            1.31750519500004
          ],
          [
            103.978056454,
            1.31743152100005
          ],
          [
            103.978055524,
            1.31743028300002
          ],
          [
            103.977999271,
            1.31735974600003
          ],
          [
            103.977998847,
            1.31735922800004
          ],
          [
            103.977940656,
            1.31729025900005
          ],
          [
            103.977938564,
            1.31728804500005
          ],
          [
            103.977873326,
            1.31722637100006
          ],
          [
            103.977872196,
            1.31722536200004
          ],
          [
            103.977870948,
            1.31722437000002
          ],
          [
            103.977798881,
            1.31717047400002
          ],
          [
            103.977797824,
            1.31716972200007
          ],
          [
            103.977723032,
            1.31711921500004
          ],
          [
            103.977647252,
            1.31707006400006
          ],
          [
            103.977646075,
            1.31706934300007
          ],
          [
            103.977568027,
            1.31702446200007
          ],
          [
            103.977564947,
            1.31702294400003
          ],
          [
            103.977482099,
            1.31698849200006
          ],
          [
            103.977480942,
            1.31698804200003
          ],
          [
            103.977396216,
            1.31695763100004
          ],
          [
            103.97739514,
            1.31695727000004
          ],
          [
            103.977309327,
            1.31693050600005
          ],
          [
            103.977308309,
            1.31693021100005
          ],
          [
            103.977221598,
            1.31690688300006
          ],
          [
            103.977219316,
            1.31690637500004
          ],
          [
            103.97721779,
            1.31690614900003
          ],
          [
            103.977128563,
            1.31689557300007
          ],
          [
            103.977125355,
            1.31689538700004
          ],
          [
            103.977035932,
            1.31689575200004
          ],
          [
            103.976946652,
            1.31689287900002
          ],
          [
            103.976945789,
            1.31689286500004
          ],
          [
            103.976944872,
            1.31689288100005
          ],
          [
            103.976855108,
            1.31689596100006
          ],
          [
            103.976765711,
            1.31689902500005
          ],
          [
            103.976676315,
            1.31689903100005
          ],
          [
            103.976675559,
            1.31689904100004
          ],
          [
            103.97658601,
            1.31690157300005
          ],
          [
            103.976496763,
            1.31690265600002
          ],
          [
            103.976407388,
            1.31690113000009
          ],
          [
            103.976317533,
            1.31689959800001
          ],
          [
            103.976316886,
            1.31689959500005
          ],
          [
            103.976227247,
            1.31690086200006
          ],
          [
            103.97613949,
            1.31689945400007
          ],
          [
            103.97605384,
            1.31688718200007
          ],
          [
            103.975967398,
            1.31686805200006
          ],
          [
            103.975966288,
            1.31686783100001
          ],
          [
            103.975961931,
            1.31686742100003
          ],
          [
            103.975871914,
            1.31686634000003
          ],
          [
            103.975781884,
            1.31686634400006
          ],
          [
            103.975692137,
            1.31686644000005
          ],
          [
            103.97560266,
            1.31686572500008
          ],
          [
            103.975541954,
            1.31686407700004
          ],
          [
            103.975513084,
            1.31686329300003
          ],
          [
            103.975422959,
            1.31686130400004
          ],
          [
            103.975332808,
            1.31686067300006
          ],
          [
            103.975328032,
            1.31686108500003
          ],
          [
            103.975325693,
            1.31686160900005
          ],
          [
            103.975241411,
            1.316884494
          ],
          [
            103.975239211,
            1.31688519500004
          ],
          [
            103.975235754,
            1.31688674600003
          ],
          [
            103.975164945,
            1.31692472800006
          ]
        ]
      },
      "properties": {
        "OBJECTID": 302,
        "pcn_loop": "RIR",
        "pcn": "Coastal Park Connector",
        "descriptionHTML": "Coastal Park Connector starts from Changi Beach Park Car Park 7 and ends at East Coast Park. This 15km park connector runs along Aviation Park Road and Tanah Merah Coast Road, alongside the future Changi Airport Runway 3 and Terminal 5. At the East Coast Park towards Coastal Park Connector next to Changi Coast Walk, you can take a leisurely stroll amidst the lush greenery whilst enjoying the cool sea breeze.",
        "address": null,
        "Shape__Length": 10570.152319927123
      }
    },
    {
      "type": "Feature",
      "id": 303,
      "geometry": {
        "type": "LineString",
        "coordinates": [
          [
            103.966621135,
            1.36607546200001
          ],
          [
            103.966626294,
            1.36607695400006
          ],
          [
            103.96666305,
            1.36608758400007
          ],
          [
            103.966705162,
            1.36610332200007
          ],
          [
            103.966737393,
            1.36612290600003
          ],
          [
            103.96677873,
            1.36616216100004
          ],
          [
            103.966799357,
            1.36618644700006
          ],
          [
            103.966800348,
            1.36618755200004
          ],
          [
            103.966863689,
            1.36625433500006
          ],
          [
            103.966886861,
            1.36627930000002
          ],
          [
            103.966934776,
            1.36633151800005
          ],
          [
            103.966935227,
            1.36633199900005
          ],
          [
            103.967007488,
            1.36640699600001
          ],
          [
            103.967008589,
            1.36640807500005
          ],
          [
            103.967084377,
            1.36647824800002
          ],
          [
            103.967156918,
            1.36654786500004
          ],
          [
            103.967229698,
            1.36662155900006
          ],
          [
            103.967300905,
            1.36669523100005
          ],
          [
            103.967383766,
            1.36678022800003
          ],
          [
            103.967383823,
            1.36678028500007
          ],
          [
            103.967458348,
            1.36685398400004
          ],
          [
            103.967530619,
            1.36692988200002
          ],
          [
            103.967557391,
            1.36695729700005
          ],
          [
            103.96760458,
            1.36700562000005
          ],
          [
            103.967624227,
            1.36702755900006
          ],
          [
            103.967673143,
            1.36708449900005
          ],
          [
            103.967740246,
            1.36716670800007
          ],
          [
            103.967740848,
            1.36716741400004
          ],
          [
            103.967773582,
            1.36720443300003
          ],
          [
            103.967774331,
            1.36720524600002
          ],
          [
            103.967815159,
            1.36724778400003
          ],
          [
            103.967817076,
            1.36724959600002
          ],
          [
            103.967897211,
            1.36731823400003
          ],
          [
            103.967936276,
            1.36735154000007
          ],
          [
            103.967974011,
            1.36738444500003
          ],
          [
            103.96801386,
            1.36742578600006
          ],
          [
            103.968043226,
            1.36745654700007
          ],
          [
            103.96807201,
            1.36748727500002
          ],
          [
            103.968122458,
            1.36754158200007
          ],
          [
            103.968157181,
            1.36758136900005
          ],
          [
            103.968200889,
            1.36763232000004
          ],
          [
            103.968201668,
            1.36763318900006
          ],
          [
            103.968250955,
            1.36768586600004
          ],
          [
            103.968275632,
            1.36771219100007
          ],
          [
            103.968310146,
            1.36774765600007
          ],
          [
            103.968354778,
            1.36779346000002
          ],
          [
            103.968398167,
            1.36783872600006
          ],
          [
            103.968413741,
            1.36785848100004
          ],
          [
            103.968414209,
            1.36785905800002
          ],
          [
            103.968415621,
            1.36786062300007
          ],
          [
            103.968480023,
            1.36792665000007
          ],
          [
            103.968481933,
            1.36792842800003
          ],
          [
            103.968483434,
            1.36792960700007
          ],
          [
            103.968539019,
            1.36797017600002
          ],
          [
            103.9686146,
            1.36804657300005
          ],
          [
            103.968689709,
            1.36812249300004
          ],
          [
            103.968746734,
            1.36818013300007
          ],
          [
            103.968747196,
            1.36818059000006
          ],
          [
            103.968894503,
            1.36832249800005
          ],
          [
            103.968987542,
            1.36843487500004
          ],
          [
            103.968989614,
            1.36843710100002
          ],
          [
            103.969060584,
            1.36850524100003
          ],
          [
            103.969127606,
            1.36857645800007
          ],
          [
            103.969128762,
            1.36857761500006
          ],
          [
            103.969193734,
            1.36863878600001
          ],
          [
            103.9692647,
            1.36871186300005
          ],
          [
            103.969265287,
            1.36871245000003
          ],
          [
            103.969342373,
            1.36878710300004
          ],
          [
            103.969342972,
            1.36878766600006
          ],
          [
            103.969449654,
            1.36888487300007
          ],
          [
            103.969492693,
            1.36894562800007
          ],
          [
            103.969493993,
            1.36894731800004
          ],
          [
            103.969494956,
            1.36894841200006
          ],
          [
            103.969584768,
            1.36904504200005
          ],
          [
            103.969603864,
            1.36906687900006
          ],
          [
            103.969604897,
            1.36906799500002
          ],
          [
            103.969682817,
            1.36914759100004
          ],
          [
            103.969683757,
            1.36914850600004
          ],
          [
            103.969743564,
            1.36920394200008
          ],
          [
            103.969744499,
            1.36920477000006
          ],
          [
            103.969747728,
            1.36920711000004
          ],
          [
            103.969780997,
            1.36922765400004
          ],
          [
            103.969793577,
            1.36925455600005
          ],
          [
            103.969795753,
            1.36925837100005
          ],
          [
            103.969798513,
            1.36926178300007
          ],
          [
            103.969801784,
            1.36926470000003
          ],
          [
            103.969805481,
            1.36926704700005
          ],
          [
            103.969809506,
            1.36926876200005
          ],
          [
            103.969848818,
            1.36928184300008
          ],
          [
            103.969868764,
            1.36930253700006
          ],
          [
            103.969997592,
            1.36943539400005
          ],
          [
            103.970110698,
            1.36954943100005
          ],
          [
            103.97018838,
            1.36962775300003
          ],
          [
            103.970215218,
            1.36967654900008
          ],
          [
            103.970218034,
            1.36968063700005
          ],
          [
            103.970218712,
            1.36968141900007
          ],
          [
            103.970261149,
            1.36972852900004
          ],
          [
            103.970277291,
            1.36975674700005
          ],
          [
            103.970279995,
            1.36976063600002
          ],
          [
            103.970280902,
            1.36976167000005
          ],
          [
            103.970324974,
            1.36980937500005
          ],
          [
            103.970341913,
            1.36983821700005
          ],
          [
            103.970344195,
            1.36984151800004
          ],
          [
            103.970346937,
            1.36984444300003
          ],
          [
            103.970350078,
            1.36984692800006
          ],
          [
            103.97039165,
            1.36987505800005
          ],
          [
            103.970464738,
            1.36994837400005
          ],
          [
            103.97053565,
            1.37001950700005
          ],
          [
            103.970601346,
            1.37008541000007
          ],
          [
            103.970627769,
            1.37013024300006
          ],
          [
            103.970630305,
            1.37013384300007
          ],
          [
            103.970633183,
            1.37013680300003
          ],
          [
            103.970706156,
            1.37020119100003
          ],
          [
            103.970773835,
            1.37026927200003
          ],
          [
            103.970775566,
            1.37027086700005
          ],
          [
            103.970777762,
            1.37027253700007
          ],
          [
            103.970808879,
            1.37029377500004
          ],
          [
            103.970922159,
            1.37041983800004
          ],
          [
            103.970924826,
            1.37042242400002
          ],
          [
            103.970927619,
            1.37042449000005
          ],
          [
            103.970957989,
            1.37044405500006
          ],
          [
            103.971068529,
            1.37054873700003
          ],
          [
            103.971071487,
            1.37055116500005
          ],
          [
            103.971074757,
            1.37055314800005
          ],
          [
            103.971078272,
            1.37055464600006
          ],
          [
            103.971081962,
            1.37055563000006
          ],
          [
            103.971085753,
            1.37055608000004
          ],
          [
            103.971133596,
            1.37055831400004
          ],
          [
            103.971171742,
            1.37059669300002
          ],
          [
            103.971246158,
            1.37067155600004
          ],
          [
            103.97130097,
            1.37072669700006
          ],
          [
            103.971359382,
            1.37078546100002
          ],
          [
            103.971418995,
            1.37084543200007
          ],
          [
            103.971497011,
            1.37092391700003
          ],
          [
            103.971549389,
            1.37097661000008
          ],
          [
            103.97157806,
            1.37102132300003
          ],
          [
            103.97158006,
            1.37102405200004
          ],
          [
            103.971580899,
            1.37102501100002
          ],
          [
            103.971605175,
            1.37105148700003
          ],
          [
            103.971640018,
            1.37109610800007
          ],
          [
            103.971659968,
            1.37112124600002
          ],
          [
            103.971683971,
            1.37115057800001
          ],
          [
            103.971684606,
            1.37115131900003
          ],
          [
            103.971710905,
            1.37118091400003
          ],
          [
            103.971713672,
            1.37118361300002
          ],
          [
            103.971714732,
            1.37118446300001
          ],
          [
            103.971747286,
            1.37120925500006
          ],
          [
            103.97177782,
            1.37123960800004
          ],
          [
            103.97180527,
            1.37126689700005
          ],
          [
            103.971806887,
            1.37126837900007
          ],
          [
            103.971808826,
            1.37126987100005
          ],
          [
            103.971830726,
            1.37128519300007
          ],
          [
            103.971831531,
            1.37128573500006
          ],
          [
            103.971861569,
            1.37130517900005
          ],
          [
            103.971893886,
            1.37132609700005
          ],
          [
            103.971917736,
            1.37134533300002
          ],
          [
            103.971941626,
            1.37136935300003
          ],
          [
            103.971997253,
            1.37142528300006
          ],
          [
            103.972122512,
            1.37155122500008
          ],
          [
            103.972250976,
            1.37168039000004
          ],
          [
            103.972394647,
            1.37182484300007
          ],
          [
            103.972467883,
            1.37189847800004
          ],
          [
            103.972575372,
            1.37200655200007
          ],
          [
            103.972655314,
            1.37208971700006
          ],
          [
            103.97267157,
            1.37210662800004
          ],
          [
            103.972736086,
            1.37217472800006
          ],
          [
            103.972795529,
            1.37223944300005
          ],
          [
            103.972836989,
            1.37236893800002
          ],
          [
            103.972838608,
            1.37237289500008
          ],
          [
            103.972840826,
            1.37237654700002
          ],
          [
            103.972843586,
            1.37237980200005
          ],
          [
            103.972882279,
            1.37241874400007
          ],
          [
            103.972951,
            1.37249072800006
          ],
          [
            103.972974451,
            1.37251455000005
          ],
          [
            103.97302759,
            1.37256852800006
          ],
          [
            103.973028068,
            1.37256900100004
          ],
          [
            103.973097753,
            1.37263635400006
          ],
          [
            103.973180508,
            1.37271591500008
          ],
          [
            103.973262334,
            1.37279509400003
          ],
          [
            103.973318508,
            1.37285201500003
          ],
          [
            103.973343112,
            1.37287694600008
          ],
          [
            103.973425581,
            1.37296076000006
          ],
          [
            103.973505922,
            1.37304059600007
          ],
          [
            103.973592811,
            1.37312768200006
          ],
          [
            103.973674951,
            1.37321176600003
          ],
          [
            103.973756036,
            1.37329443900007
          ],
          [
            103.973757482,
            1.37329597600005
          ],
          [
            103.973759343,
            1.37329779800006
          ],
          [
            103.973800424,
            1.37334019300004
          ],
          [
            103.973838759,
            1.37337966500007
          ],
          [
            103.973879769,
            1.37342033600002
          ],
          [
            103.973924966,
            1.37346515500007
          ],
          [
            103.974011365,
            1.37354963100006
          ],
          [
            103.974030498,
            1.37356808000004
          ],
          [
            103.974095022,
            1.37363030200003
          ],
          [
            103.97414422,
            1.37367880100004
          ],
          [
            103.97417426,
            1.37370841400001
          ],
          [
            103.974255247,
            1.37378694500006
          ],
          [
            103.974309433,
            1.37384086100008
          ],
          [
            103.97433383,
            1.37386513700005
          ],
          [
            103.974395402,
            1.37392692000003
          ],
          [
            103.974414515,
            1.37394608900007
          ],
          [
            103.974469247,
            1.37400093500002
          ],
          [
            103.97447002,
            1.37400168000003
          ],
          [
            103.97449832,
            1.37402787100006
          ],
          [
            103.97449924,
            1.37402868400004
          ],
          [
            103.974500424,
            1.37402962900006
          ],
          [
            103.974549316,
            1.37406641900003
          ],
          [
            103.974552413,
            1.37406843300005
          ],
          [
            103.974555754,
            1.37407000200005
          ],
          [
            103.974559276,
            1.37407109800006
          ],
          [
            103.974562914,
            1.37407170000004
          ],
          [
            103.97464953,
            1.37407996300004
          ],
          [
            103.974653463,
            1.37408004800005
          ],
          [
            103.974657367,
            1.37407955600002
          ],
          [
            103.974661157,
            1.37407849800007
          ],
          [
            103.974664755,
            1.37407689500002
          ],
          [
            103.974668082,
            1.37407478300003
          ],
          [
            103.974671068,
            1.37407220600005
          ],
          [
            103.974743194,
            1.37400012800003
          ],
          [
            103.974768838,
            1.37403170700003
          ],
          [
            103.974772379,
            1.37403527600002
          ],
          [
            103.974822838,
            1.37407700200003
          ],
          [
            103.974842654,
            1.37409837500007
          ],
          [
            103.974901436,
            1.37416430400003
          ],
          [
            103.974849763,
            1.37422577700004
          ],
          [
            103.974847071,
            1.37422962800002
          ],
          [
            103.97484508,
            1.37423389000002
          ],
          [
            103.974843852,
            1.37423843400005
          ],
          [
            103.974843423,
            1.37424312300004
          ],
          [
            103.974843805,
            1.37424781600002
          ],
          [
            103.974844989,
            1.37425237200005
          ],
          [
            103.974846937,
            1.37425665300004
          ],
          [
            103.974849591,
            1.37426053100006
          ],
          [
            103.974852872,
            1.37426388800002
          ],
          [
            103.974966916,
            1.37436192200005
          ],
          [
            103.974967461,
            1.37436237500003
          ],
          [
            103.975037986,
            1.37441933500002
          ],
          [
            103.975121805,
            1.37449985700005
          ],
          [
            103.97521166,
            1.37458905000004
          ],
          [
            103.97529517,
            1.37468642600004
          ],
          [
            103.975353989,
            1.37475582200005
          ],
          [
            103.975354629,
            1.37475655100006
          ],
          [
            103.975382695,
            1.37478735700005
          ],
          [
            103.975476677,
            1.37489001600005
          ],
          [
            103.975792268,
            1.37520653500006
          ],
          [
            103.97584607,
            1.37526054400008
          ],
          [
            103.97591678,
            1.37533152500003
          ],
          [
            103.975983839,
            1.37539884200005
          ],
          [
            103.976045133,
            1.37546037200002
          ],
          [
            103.976145046,
            1.37556066800005
          ],
          [
            103.976182489,
            1.37559825600004
          ],
          [
            103.976250585,
            1.37566662600005
          ],
          [
            103.976349727,
            1.37576616700004
          ],
          [
            103.976420173,
            1.37583689600007
          ],
          [
            103.976539293,
            1.37595649600007
          ],
          [
            103.976652837,
            1.37607038500005
          ],
          [
            103.976733884,
            1.37615155900004
          ],
          [
            103.976812879,
            1.37623067700001
          ],
          [
            103.976915276,
            1.37633323300003
          ],
          [
            103.977036947,
            1.37645316100002
          ],
          [
            103.977106627,
            1.37653236600006
          ],
          [
            103.977108665,
            1.37653444500007
          ],
          [
            103.977151084,
            1.37657330300005
          ],
          [
            103.977189785,
            1.37660887800008
          ],
          [
            103.97723796,
            1.37665727100004
          ],
          [
            103.977258603,
            1.37667847900002
          ],
          [
            103.977260114,
            1.37667991600004
          ],
          [
            103.977301961,
            1.37671674500005
          ],
          [
            103.977323988,
            1.37673625600007
          ],
          [
            103.977324471,
            1.37673667400004
          ],
          [
            103.97732692,
            1.37673851400006
          ],
          [
            103.977347053,
            1.37675192500006
          ],
          [
            103.977431519,
            1.37683482600005
          ],
          [
            103.977455178,
            1.37686330700007
          ],
          [
            103.977455813,
            1.37686404300008
          ],
          [
            103.977510158,
            1.37692477000007
          ],
          [
            103.977511728,
            1.37692638400006
          ],
          [
            103.977572973,
            1.37698430900002
          ],
          [
            103.977594843,
            1.37700484200007
          ],
          [
            103.977621782,
            1.37705513100002
          ],
          [
            103.977623546,
            1.37705798500002
          ],
          [
            103.977625647,
            1.37706059700002
          ],
          [
            103.977719054,
            1.37716306300006
          ],
          [
            103.977796433,
            1.37726420500007
          ],
          [
            103.977797283,
            1.37726525900006
          ],
          [
            103.977818903,
            1.37729036100007
          ],
          [
            103.977848245,
            1.37733269700004
          ],
          [
            103.977888038,
            1.37739011200005
          ],
          [
            103.977933942,
            1.37745634300006
          ],
          [
            103.977972459,
            1.37751191700005
          ],
          [
            103.977988051,
            1.37753441200004
          ],
          [
            103.978011089,
            1.37757540000008
          ],
          [
            103.978052455,
            1.37764899500006
          ],
          [
            103.978110713,
            1.37776783400005
          ],
          [
            103.978150823,
            1.37786064000004
          ],
          [
            103.978189947,
            1.37795349000002
          ],
          [
            103.978218229,
            1.37803811200007
          ],
          [
            103.97823583,
            1.37809077700005
          ],
          [
            103.978249557,
            1.37813184900006
          ],
          [
            103.978260175,
            1.37816823100006
          ],
          [
            103.978275438,
            1.37822819600006
          ],
          [
            103.978287571,
            1.37828580700006
          ],
          [
            103.978297759,
            1.37833417800004
          ],
          [
            103.978306961,
            1.37837787700004
          ],
          [
            103.978312988,
            1.37840648800005
          ],
          [
            103.978322943,
            1.37845375900002
          ],
          [
            103.978328334,
            1.37850207000001
          ],
          [
            103.978334506,
            1.37855738600006
          ],
          [
            103.978340519,
            1.37861128300005
          ],
          [
            103.978346291,
            1.37866305600005
          ],
          [
            103.978346397,
            1.37866389200002
          ],
          [
            103.978353659,
            1.37871472300002
          ],
          [
            103.978357654,
            1.37874145300003
          ],
          [
            103.978362398,
            1.37877318600005
          ],
          [
            103.978369316,
            1.37881947100004
          ],
          [
            103.978373797,
            1.37884944900003
          ],
          [
            103.978369816,
            1.37895843500008
          ],
          [
            103.978362789,
            1.37908116600005
          ],
          [
            103.978356969,
            1.37917811300003
          ],
          [
            103.978353313,
            1.37923902600005
          ],
          [
            103.978352768,
            1.37924809300005
          ],
          [
            103.978351132,
            1.37927534700003
          ],
          [
            103.97835121,
            1.37927962000003
          ],
          [
            103.978351954,
            1.37928382700006
          ],
          [
            103.978353345,
            1.37928786400005
          ],
          [
            103.978355349,
            1.37929163100006
          ],
          [
            103.978357916,
            1.37929503500003
          ],
          [
            103.978360982,
            1.37929799200003
          ],
          [
            103.978364471,
            1.37930042700003
          ],
          [
            103.978368296,
            1.37930228000005
          ],
          [
            103.978372364,
            1.37930350600004
          ],
          [
            103.978376572,
            1.37930407400007
          ],
          [
            103.978429367,
            1.37930697200005
          ],
          [
            103.978481937,
            1.37930985800006
          ],
          [
            103.978669945,
            1.37932016400003
          ],
          [
            103.978669481,
            1.37941453100006
          ],
          [
            103.978661708,
            1.37951130100004
          ],
          [
            103.978654699,
            1.37961092800002
          ],
          [
            103.978645009,
            1.37972739700006
          ],
          [
            103.978644947,
            1.37972833600003
          ],
          [
            103.978639011,
            1.37985052300006
          ],
          [
            103.978633954,
            1.37994482700003
          ],
          [
            103.978629129,
            1.38003664400004
          ],
          [
            103.978623552,
            1.38012874200006
          ],
          [
            103.978623519,
            1.38012943500007
          ],
          [
            103.978620263,
            1.38022219600003
          ],
          [
            103.978617656,
            1.38028632900005
          ],
          [
            103.97861645,
            1.38031560500002
          ],
          [
            103.978609727,
            1.38040655700006
          ],
          [
            103.978602028,
            1.38049789600006
          ],
          [
            103.978592692,
            1.38063374100006
          ],
          [
            103.97858458,
            1.38076574600005
          ],
          [
            103.978584545,
            1.38076648000002
          ],
          [
            103.978581386,
            1.38085806900005
          ],
          [
            103.978576428,
            1.38095337800006
          ],
          [
            103.978570165,
            1.38104425900002
          ],
          [
            103.97856226,
            1.38113747500006
          ],
          [
            103.978557008,
            1.38118866200005
          ],
          [
            103.978552505,
            1.38123285200003
          ],
          [
            103.978544425,
            1.38133209600005
          ],
          [
            103.97854438,
            1.38133274100005
          ],
          [
            103.978538463,
            1.38143542600005
          ],
          [
            103.978530966,
            1.38153760600004
          ],
          [
            103.978521899,
            1.38164485100003
          ],
          [
            103.978511951,
            1.38175408100006
          ],
          [
            103.978511874,
            1.38175516300003
          ],
          [
            103.978506122,
            1.38186772500007
          ],
          [
            103.978506087,
            1.38186930000007
          ],
          [
            103.978508082,
            1.38202053600003
          ],
          [
            103.978483496,
            1.38219456700005
          ],
          [
            103.978483252,
            1.38219723000002
          ],
          [
            103.978478389,
            1.38231194200005
          ],
          [
            103.978470362,
            1.38242442900003
          ],
          [
            103.978470302,
            1.38242566500003
          ],
          [
            103.978467354,
            1.38253934300007
          ],
          [
            103.978464184,
            1.38264712200003
          ],
          [
            103.97846058,
            1.38274913400005
          ],
          [
            103.978454934,
            1.38284330100002
          ],
          [
            103.978452007,
            1.38292165600005
          ],
          [
            103.978451516,
            1.38293483400001
          ],
          [
            103.978445983,
            1.38302543400004
          ],
          [
            103.978438334,
            1.38308260300004
          ],
          [
            103.978438248,
            1.38308332200006
          ],
          [
            103.978434321,
            1.38312006900003
          ],
          [
            103.978434167,
            1.38312277600003
          ],
          [
            103.978433949,
            1.38315333300004
          ],
          [
            103.978425851,
            1.38323522200007
          ],
          [
            103.978425718,
            1.38323791000004
          ],
          [
            103.978425755,
            1.38323932300006
          ],
          [
            103.978427151,
            1.38326624900003
          ],
          [
            103.978424613,
            1.38334786100006
          ],
          [
            103.978420722,
            1.38345692900003
          ],
          [
            103.978420706,
            1.38345759400004
          ],
          [
            103.978420021,
            1.38351819800005
          ],
          [
            103.978420056,
            1.38351973800008
          ],
          [
            103.978422594,
            1.38356968000005
          ],
          [
            103.978423015,
            1.38357325700002
          ],
          [
            103.978436536,
            1.38364275200007
          ],
          [
            103.978416017,
            1.38380328800002
          ],
          [
            103.978398971,
            1.38391911300005
          ],
          [
            103.978391684,
            1.38396189400003
          ],
          [
            103.978391477,
            1.38396333900004
          ],
          [
            103.978382924,
            1.38403725400001
          ],
          [
            103.97838285,
            1.38403797600006
          ],
          [
            103.978372488,
            1.38415459200008
          ],
          [
            103.978372383,
            1.38415665600006
          ],
          [
            103.978370883,
            1.38427286000007
          ],
          [
            103.978363557,
            1.38440062700006
          ],
          [
            103.978363513,
            1.38440197000006
          ],
          [
            103.978362506,
            1.38452709500005
          ],
          [
            103.978362916,
            1.38453191800004
          ],
          [
            103.978378093,
            1.38461850100004
          ],
          [
            103.978376564,
            1.38465096000006
          ],
          [
            103.978376534,
            1.38465224600003
          ],
          [
            103.978376831,
            1.38465626000004
          ],
          [
            103.978391088,
            1.38475212200005
          ],
          [
            103.978393481,
            1.38478776000004
          ],
          [
            103.978393263,
            1.38483475600003
          ],
          [
            103.978393347,
            1.38483696200008
          ],
          [
            103.978396745,
            1.38488011600003
          ],
          [
            103.978397071,
            1.38488268500004
          ],
          [
            103.978397221,
            1.38488347400003
          ],
          [
            103.978407372,
            1.38493280400005
          ],
          [
            103.978412446,
            1.38496920600006
          ],
          [
            103.978412595,
            1.38497014900002
          ],
          [
            103.978413012,
            1.38497210400004
          ],
          [
            103.978424185,
            1.38501645300004
          ],
          [
            103.97843609,
            1.38506186500007
          ],
          [
            103.978436258,
            1.38506247600003
          ],
          [
            103.978445606,
            1.38509502500006
          ],
          [
            103.9784646,
            1.38516077700006
          ],
          [
            103.978495126,
            1.38526054900006
          ],
          [
            103.978495393,
            1.38526137400003
          ],
          [
            103.978526506,
            1.38535257600005
          ],
          [
            103.978527474,
            1.38535496500004
          ],
          [
            103.978540204,
            1.38538253200005
          ],
          [
            103.978571755,
            1.38546712100003
          ],
          [
            103.978573648,
            1.38547115300002
          ],
          [
            103.978574239,
            1.38547213400006
          ],
          [
            103.978610202,
            1.38552910600005
          ],
          [
            103.978657876,
            1.38563193300007
          ],
          [
            103.978658492,
            1.38563317700004
          ],
          [
            103.97869847,
            1.38570900600007
          ],
          [
            103.97869903,
            1.38571001300003
          ],
          [
            103.978720249,
            1.38574587500005
          ],
          [
            103.978741009,
            1.38578095800005
          ],
          [
            103.978798572,
            1.38587761200006
          ],
          [
            103.978799342,
            1.38587883000002
          ],
          [
            103.978821032,
            1.38591120900003
          ],
          [
            103.978844494,
            1.38597119800005
          ],
          [
            103.978846287,
            1.38597492000001
          ],
          [
            103.978848621,
            1.38597832500005
          ],
          [
            103.978851442,
            1.38598133300007
          ],
          [
            103.978854685,
            1.38598387500002
          ],
          [
            103.978885142,
            1.38600419200003
          ],
          [
            103.978907604,
            1.38603577000004
          ],
          [
            103.978908347,
            1.38603676600007
          ],
          [
            103.978961303,
            1.38610442300005
          ],
          [
            103.979017818,
            1.38617368200004
          ],
          [
            103.979034907,
            1.38619429100003
          ],
          [
            103.979035524,
            1.38619500800007
          ],
          [
            103.979069605,
            1.38623319700003
          ],
          [
            103.9791,
            1.38626652200003
          ],
          [
            103.979100851,
            1.38626741300004
          ],
          [
            103.979147645,
            1.38631424400006
          ],
          [
            103.979179283,
            1.38634590500004
          ],
          [
            103.979223826,
            1.38639048300008
          ],
          [
            103.97927956,
            1.38644090100007
          ],
          [
            103.979294347,
            1.38645405400007
          ],
          [
            103.979295057,
            1.38645466200007
          ],
          [
            103.97940165,
            1.38654146400006
          ],
          [
            103.979405128,
            1.38654386900004
          ],
          [
            103.979406964,
            1.38654484300001
          ],
          [
            103.979441444,
            1.38656145700003
          ],
          [
            103.979477681,
            1.38657891900004
          ],
          [
            103.979510482,
            1.38659626300004
          ],
          [
            103.979541729,
            1.38661500400003
          ],
          [
            103.979592461,
            1.38664946500006
          ],
          [
            103.97965628,
            1.38670751700005
          ],
          [
            103.979657029,
            1.38670817300004
          ],
          [
            103.979658495,
            1.38670932700007
          ],
          [
            103.979692894,
            1.38673451700003
          ],
          [
            103.979736176,
            1.38677234500006
          ],
          [
            103.979737733,
            1.38677358800005
          ],
          [
            103.979781608,
            1.38680597800003
          ],
          [
            103.979782603,
            1.38680667900007
          ],
          [
            103.979818723,
            1.38683090400001
          ],
          [
            103.97981953,
            1.38683142400004
          ],
          [
            103.979878889,
            1.38686823500006
          ],
          [
            103.979901293,
            1.38688213000007
          ],
          [
            103.979902124,
            1.38688262400006
          ],
          [
            103.979947868,
            1.38690833800006
          ],
          [
            103.979984764,
            1.38692876700003
          ],
          [
            103.979988548,
            1.38693049400006
          ],
          [
            103.980036206,
            1.38694791100004
          ],
          [
            103.98007108,
            1.38696285900006
          ],
          [
            103.980099053,
            1.38697463400006
          ],
          [
            103.980100306,
            1.38697512400006
          ],
          [
            103.980162434,
            1.38699749200003
          ],
          [
            103.98020084,
            1.38702129100006
          ],
          [
            103.980201496,
            1.38702168500002
          ],
          [
            103.98020509,
            1.38702343000005
          ],
          [
            103.980389771,
            1.38709667600005
          ],
          [
            103.98033678,
            1.38726046700002
          ],
          [
            103.980288723,
            1.38740901000006
          ],
          [
            103.980123712,
            1.38742376300007
          ],
          [
            103.980018936,
            1.38743106300006
          ],
          [
            103.980016844,
            1.38743129200003
          ],
          [
            103.979699936,
            1.38747858400006
          ],
          [
            103.979699207,
            1.38747870300005
          ],
          [
            103.979698589,
            1.38747882000008
          ],
          [
            103.979657306,
            1.38748715200006
          ],
          [
            103.979566582,
            1.38750546100005
          ],
          [
            103.979455916,
            1.38752150100003
          ],
          [
            103.979372703,
            1.38753113500007
          ],
          [
            103.97934789,
            1.38753400800005
          ],
          [
            103.979258454,
            1.38754436200002
          ],
          [
            103.979257614,
            1.38754447300004
          ],
          [
            103.97912827,
            1.38756360900004
          ],
          [
            103.979101142,
            1.38756762200006
          ],
          [
            103.979100378,
            1.38756774600004
          ],
          [
            103.979099769,
            1.38756786100003
          ],
          [
            103.979056836,
            1.38757651100002
          ],
          [
            103.979052906,
            1.38757762000005
          ],
          [
            103.979048945,
            1.38757944900005
          ],
          [
            103.979012364,
            1.38760008800004
          ],
          [
            103.978887695,
            1.38762677700002
          ],
          [
            103.978655593,
            1.38768082900003
          ],
          [
            103.978652373,
            1.38768179500004
          ],
          [
            103.978453742,
            1.38775591800004
          ],
          [
            103.978451514,
            1.38775686600008
          ],
          [
            103.978328914,
            1.38781568300004
          ],
          [
            103.978327033,
            1.38781667900002
          ],
          [
            103.978325414,
            1.38781769800005
          ],
          [
            103.978233432,
            1.38788029000005
          ],
          [
            103.97818278,
            1.38790579600004
          ],
          [
            103.978181224,
            1.38790664500003
          ],
          [
            103.978136581,
            1.38793330200003
          ],
          [
            103.978085896,
            1.38796213200004
          ],
          [
            103.978039407,
            1.38798976200008
          ],
          [
            103.978038302,
            1.38799045500002
          ],
          [
            103.977950684,
            1.38804845700002
          ],
          [
            103.977950139,
            1.38804882700004
          ],
          [
            103.977908537,
            1.38807785400007
          ],
          [
            103.977862756,
            1.38811083400002
          ],
          [
            103.977861089,
            1.38811213700006
          ],
          [
            103.977759233,
            1.38819864600003
          ],
          [
            103.977664653,
            1.38827934200004
          ],
          [
            103.977620674,
            1.38830807600005
          ],
          [
            103.977618024,
            1.38831005000001
          ],
          [
            103.977615159,
            1.38831285900007
          ],
          [
            103.977590983,
            1.38834037300005
          ],
          [
            103.977568945,
            1.38836793100005
          ],
          [
            103.977539334,
            1.38841403600002
          ],
          [
            103.977538627,
            1.38841520000005
          ],
          [
            103.97753823,
            1.38841591500004
          ],
          [
            103.977523952,
            1.38844264200004
          ],
          [
            103.977522186,
            1.38844671700003
          ],
          [
            103.977521104,
            1.38845102800001
          ],
          [
            103.977520737,
            1.38845545800007
          ],
          [
            103.977521094,
            1.38845989000004
          ],
          [
            103.97752839,
            1.38850457100005
          ],
          [
            103.97753431,
            1.38854322400005
          ],
          [
            103.977534405,
            1.38854380300005
          ],
          [
            103.977534987,
            1.38854638000003
          ],
          [
            103.977542686,
            1.38857415800005
          ],
          [
            103.977543323,
            1.38857615500007
          ],
          [
            103.977553612,
            1.388604561
          ],
          [
            103.977554981,
            1.38860770700006
          ],
          [
            103.97757171,
            1.38864034300002
          ],
          [
            103.977608082,
            1.38871209500008
          ],
          [
            103.97760875,
            1.38871333200007
          ],
          [
            103.977611619,
            1.38871741000002
          ],
          [
            103.9776517,
            1.38876358800007
          ],
          [
            103.977684938,
            1.38881029400005
          ],
          [
            103.977687538,
            1.38881342100008
          ],
          [
            103.977690575,
            1.38881612100003
          ],
          [
            103.977692921,
            1.38881791000005
          ],
          [
            103.977772145,
            1.38887831900006
          ],
          [
            103.977774946,
            1.38888019000007
          ],
          [
            103.977778569,
            1.38888194700007
          ],
          [
            103.977809158,
            1.38889403800005
          ],
          [
            103.977867449,
            1.38891971800007
          ],
          [
            103.978030773,
            1.38899068300001
          ],
          [
            103.978278545,
            1.38913215200006
          ],
          [
            103.978317868,
            1.38916007800003
          ],
          [
            103.978345867,
            1.38917996200007
          ],
          [
            103.9783495,
            1.38921422100004
          ],
          [
            103.978350343,
            1.38921864300005
          ],
          [
            103.9783519,
            1.38922286300005
          ],
          [
            103.978354129,
            1.38922676600004
          ],
          [
            103.978465564,
            1.38929363400006
          ],
          [
            103.978466587,
            1.38929426600003
          ],
          [
            103.978502871,
            1.38931559000002
          ],
          [
            103.978566295,
            1.38937168800003
          ],
          [
            103.978566766,
            1.38937209500005
          ],
          [
            103.978658046,
            1.38944913500007
          ],
          [
            103.978662139,
            1.38945198400005
          ],
          [
            103.978746447,
            1.38949861000002
          ],
          [
            103.978870687,
            1.38961086500005
          ],
          [
            103.978871403,
            1.38961148900006
          ],
          [
            103.978944808,
            1.38967306300004
          ],
          [
            103.979009384,
            1.38973213800006
          ],
          [
            103.979064259,
            1.38978847700003
          ],
          [
            103.979106121,
            1.38983659400003
          ],
          [
            103.979149579,
            1.38989096300001
          ],
          [
            103.979195646,
            1.38995282500001
          ],
          [
            103.97921533,
            1.38998071600002
          ],
          [
            103.97924976,
            1.39002950300004
          ],
          [
            103.979285167,
            1.39008262400007
          ],
          [
            103.979320253,
            1.39013934600007
          ],
          [
            103.979355452,
            1.39020037500007
          ],
          [
            103.979391577,
            1.39026715700004
          ],
          [
            103.979391908,
            1.39026775100007
          ],
          [
            103.979392702,
            1.39026904900003
          ],
          [
            103.979437921,
            1.39033853300002
          ],
          [
            103.979461199,
            1.39039414400002
          ],
          [
            103.979474675,
            1.39042586000004
          ],
          [
            103.979475012,
            1.39042662100008
          ],
          [
            103.979494431,
            1.39046869500003
          ],
          [
            103.979516464,
            1.39051643600004
          ],
          [
            103.979559651,
            1.39060639600007
          ],
          [
            103.979596673,
            1.39069013300002
          ],
          [
            103.979597966,
            1.39069268600001
          ],
          [
            103.97963712,
            1.39076071000004
          ],
          [
            103.979655489,
            1.39081022200002
          ],
          [
            103.979695536,
            1.39092144400007
          ],
          [
            103.979695845,
            1.39092225900002
          ],
          [
            103.979722424,
            1.39098911800005
          ],
          [
            103.97973747,
            1.39102523800005
          ],
          [
            103.979738986,
            1.39102831300005
          ],
          [
            103.979740137,
            1.39103014600003
          ],
          [
            103.979762889,
            1.39106335900004
          ],
          [
            103.979763236,
            1.39106385300005
          ],
          [
            103.979800955,
            1.39111637100006
          ],
          [
            103.979843975,
            1.39118467200006
          ],
          [
            103.979845629,
            1.39118701400001
          ],
          [
            103.979893105,
            1.39124720700005
          ],
          [
            103.97992065,
            1.39128721300004
          ],
          [
            103.979922158,
            1.39128920100006
          ],
          [
            103.979922915,
            1.39129007100006
          ],
          [
            103.979963781,
            1.39133503900006
          ],
          [
            103.979966346,
            1.39133751300006
          ],
          [
            103.97996917,
            1.39133959900005
          ],
          [
            103.980008271,
            1.39136471300001
          ],
          [
            103.980051786,
            1.39140589900006
          ],
          [
            103.980084553,
            1.39143758600005
          ],
          [
            103.980088168,
            1.39144052300003
          ],
          [
            103.980092231,
            1.39144279200001
          ],
          [
            103.980167591,
            1.39147668800007
          ],
          [
            103.980218817,
            1.39150703500008
          ],
          [
            103.980272086,
            1.39154882800005
          ],
          [
            103.980275182,
            1.39155092800007
          ],
          [
            103.980279447,
            1.39155292800006
          ],
          [
            103.98032831,
            1.39157079700005
          ],
          [
            103.980379253,
            1.39159464400006
          ],
          [
            103.980382563,
            1.39159593500006
          ],
          [
            103.980386013,
            1.39159677600002
          ],
          [
            103.980389543,
            1.39159715300002
          ],
          [
            103.980435067,
            1.39159898800005
          ],
          [
            103.980469993,
            1.39160771500002
          ],
          [
            103.980470763,
            1.39160789500004
          ],
          [
            103.980514029,
            1.39161736000005
          ],
          [
            103.980515075,
            1.39161756700002
          ],
          [
            103.980515976,
            1.39161771100003
          ],
          [
            103.980574585,
            1.39162606000001
          ],
          [
            103.980638328,
            1.39163398400007
          ],
          [
            103.980640401,
            1.39163416000002
          ],
          [
            103.980691843,
            1.39163652500002
          ],
          [
            103.980693075,
            1.39163655300006
          ],
          [
            103.980694335,
            1.39163652300005
          ],
          [
            103.9807461,
            1.39163408100005
          ],
          [
            103.980747552,
            1.39163397200003
          ],
          [
            103.980807963,
            1.39162781600004
          ],
          [
            103.980869444,
            1.39162073900008
          ],
          [
            103.98087115,
            1.39162048600002
          ],
          [
            103.980927264,
            1.39161013700005
          ],
          [
            103.980930103,
            1.39160945200007
          ],
          [
            103.980982518,
            1.39159373200003
          ],
          [
            103.980983945,
            1.39159326000003
          ],
          [
            103.98104126,
            1.39157250900008
          ],
          [
            103.981092305,
            1.39155381100006
          ],
          [
            103.981120679,
            1.39154463600004
          ],
          [
            103.981121376,
            1.39154440000003
          ],
          [
            103.981156566,
            1.39153194300006
          ],
          [
            103.98115712,
            1.39153173700003
          ],
          [
            103.981182886,
            1.39152181100008
          ],
          [
            103.981207971,
            1.39151289700004
          ],
          [
            103.981235662,
            1.39151222300005
          ],
          [
            103.981258733,
            1.39152261900005
          ],
          [
            103.981261701,
            1.39152375100001
          ],
          [
            103.981264782,
            1.39152452300003
          ],
          [
            103.981267931,
            1.39152492600003
          ],
          [
            103.981305932,
            1.39152751100006
          ],
          [
            103.9813091,
            1.39152753900004
          ],
          [
            103.98131225,
            1.39152719200006
          ],
          [
            103.981315337,
            1.39152647600001
          ],
          [
            103.981360774,
            1.39151306200005
          ],
          [
            103.981364214,
            1.39151178500003
          ],
          [
            103.98136745,
            1.39151005000003
          ],
          [
            103.981370423,
            1.39150788800003
          ],
          [
            103.981432357,
            1.39145605000003
          ],
          [
            103.981463423,
            1.39144117300004
          ],
          [
            103.981490691,
            1.39143591400005
          ],
          [
            103.981522987,
            1.39143399500006
          ],
          [
            103.981621332,
            1.39143392800003
          ],
          [
            103.981624254,
            1.39143376600003
          ],
          [
            103.981653663,
            1.39143051800005
          ],
          [
            103.981655404,
            1.39143026700003
          ],
          [
            103.981657962,
            1.39142968300006
          ],
          [
            103.981695167,
            1.39141924100005
          ],
          [
            103.981697148,
            1.39141860200005
          ],
          [
            103.981698794,
            1.39141793600004
          ],
          [
            103.981769064,
            1.39138678200003
          ],
          [
            103.981794534,
            1.39137709900005
          ],
          [
            103.981817277,
            1.39137143100003
          ],
          [
            103.981841865,
            1.39136838400003
          ],
          [
            103.981868283,
            1.39136766900005
          ],
          [
            103.981921428,
            1.39136892100004
          ],
          [
            103.982016765,
            1.39137248100006
          ],
          [
            103.982193494,
            1.39138350100007
          ],
          [
            103.982267781,
            1.39139100300003
          ],
          [
            103.982348409,
            1.39140518500005
          ],
          [
            103.982430677,
            1.39143854200006
          ],
          [
            103.982431532,
            1.39143887100005
          ],
          [
            103.982436139,
            1.39144010700005
          ],
          [
            103.98262255,
            1.39147218900006
          ],
          [
            103.982717915,
            1.39149217100004
          ],
          [
            103.982883595,
            1.39152511700008
          ],
          [
            103.983213693,
            1.39159945700004
          ],
          [
            103.983214297,
            1.39159958500005
          ],
          [
            103.983387515,
            1.39163442400008
          ],
          [
            103.983461014,
            1.39165094400005
          ],
          [
            103.983535655,
            1.39167148100006
          ],
          [
            103.983602738,
            1.39169481200002
          ],
          [
            103.983606863,
            1.39169588800007
          ],
          [
            103.983609248,
            1.39169620100006
          ],
          [
            103.983749217,
            1.39170823200004
          ],
          [
            103.983958076,
            1.39178771800005
          ],
          [
            103.983962773,
            1.39178900000007
          ],
          [
            103.983965609,
            1.39178934900003
          ],
          [
            103.984128034,
            1.39180055100006
          ],
          [
            103.984132037,
            1.39180052700004
          ],
          [
            103.984135992,
            1.39179990700005
          ],
          [
            103.984139812,
            1.39179870400005
          ],
          [
            103.984271217,
            1.39174627200004
          ],
          [
            103.984368605,
            1.39173326000003
          ],
          [
            103.984419761,
            1.39172642500005
          ],
          [
            103.984572761,
            1.39170598200006
          ],
          [
            103.984573896,
            1.39170580500007
          ],
          [
            103.984575612,
            1.39170544200004
          ],
          [
            103.984718582,
            1.39167028000003
          ],
          [
            103.984721405,
            1.39166941900004
          ],
          [
            103.984724672,
            1.39166796900002
          ],
          [
            103.984811017,
            1.39162254000006
          ],
          [
            103.984811558,
            1.39162224700005
          ],
          [
            103.984897171,
            1.39157466800002
          ],
          [
            103.984898568,
            1.39157381900003
          ],
          [
            103.984977436,
            1.39152242100004
          ],
          [
            103.985070454,
            1.39147040900001
          ],
          [
            103.985072389,
            1.39146919500007
          ],
          [
            103.985164232,
            1.39140595600003
          ],
          [
            103.985241261,
            1.39136182500004
          ],
          [
            103.985336098,
            1.39131343600007
          ],
          [
            103.985365393,
            1.39130173500006
          ],
          [
            103.9854227,
            1.39128435800006
          ],
          [
            103.985522659,
            1.39126405500001
          ],
          [
            103.985524225,
            1.39126368800004
          ],
          [
            103.985615376,
            1.39123940100006
          ],
          [
            103.985617473,
            1.39123875000006
          ],
          [
            103.985706296,
            1.39120710400005
          ],
          [
            103.98581262,
            1.39117787600002
          ],
          [
            103.985814739,
            1.39117719800004
          ],
          [
            103.985815376,
            1.39117695500006
          ],
          [
            103.985898428,
            1.39114411000003
          ],
          [
            103.985899341,
            1.39114373000006
          ],
          [
            103.985992797,
            1.39110273000005
          ],
          [
            103.985995505,
            1.39110135400007
          ],
          [
            103.985996745,
            1.39110058800004
          ],
          [
            103.986163525,
            1.39099118500007
          ],
          [
            103.98616488,
            1.39099023500006
          ],
          [
            103.986480366,
            1.39075437300004
          ],
          [
            103.98648162,
            1.39075337600001
          ],
          [
            103.986482604,
            1.39075250200006
          ],
          [
            103.986769473,
            1.39048520600006
          ],
          [
            103.986776531,
            1.39049094100005
          ],
          [
            103.986778842,
            1.39049262400005
          ],
          [
            103.986827708,
            1.39052438600004
          ],
          [
            103.986853876,
            1.39054248300003
          ],
          [
            103.986855665,
            1.39054361900002
          ],
          [
            103.986856825,
            1.39054425500007
          ],
          [
            103.986944791,
            1.39058973200002
          ],
          [
            103.98703746,
            1.39063760600004
          ],
          [
            103.987038084,
            1.39063791800004
          ],
          [
            103.987348056,
            1.390787986
          ],
          [
            103.987350262,
            1.39078893500003
          ],
          [
            103.987381593,
            1.39080078000007
          ],
          [
            103.987385634,
            1.39080193300002
          ],
          [
            103.987389805,
            1.39080244000007
          ],
          [
            103.987394003,
            1.39080228900003
          ],
          [
            103.987398127,
            1.39080148300008
          ],
          [
            103.987402077,
            1.39080004100003
          ],
          [
            103.987405756,
            1.39079800000007
          ],
          [
            103.987472383,
            1.39075389300007
          ],
          [
            103.987567849,
            1.39070933600004
          ],
          [
            103.987571823,
            1.39070705000006
          ],
          [
            103.987575355,
            1.39070412100006
          ],
          [
            103.987578344,
            1.39070063200007
          ],
          [
            103.987580704,
            1.39069668500002
          ],
          [
            103.987582366,
            1.39069239300005
          ],
          [
            103.987682652,
            1.39034996300006
          ],
          [
            103.987855446,
            1.39040020600003
          ],
          [
            103.987809517,
            1.39058741600007
          ],
          [
            103.987783965,
            1.39065688100004
          ],
          [
            103.987744656,
            1.39076374700005
          ],
          [
            103.987743485,
            1.39076800000002
          ],
          [
            103.987743014,
            1.39077238800007
          ],
          [
            103.987743257,
            1.390776795
          ],
          [
            103.987744206,
            1.39078110400004
          ],
          [
            103.987745837,
            1.39078520000004
          ],
          [
            103.987748106,
            1.39078897700005
          ],
          [
            103.987750954,
            1.39079233300003
          ],
          [
            103.987754304,
            1.39079518000006
          ],
          [
            103.987758069,
            1.39079744300005
          ],
          [
            103.987762149,
            1.39079906200004
          ],
          [
            103.987964907,
            1.39086086100003
          ],
          [
            103.987969133,
            1.39086178400003
          ],
          [
            103.987973452,
            1.39086201500003
          ],
          [
            103.987977753,
            1.39086154800003
          ],
          [
            103.987981923,
            1.39086039500006
          ],
          [
            103.987985857,
            1.39085858500004
          ],
          [
            103.988069041,
            1.39081186200001
          ],
          [
            103.988279411,
            1.39070823200006
          ],
          [
            103.988295035,
            1.39074531700004
          ],
          [
            103.988439989,
            1.39109527300007
          ],
          [
            103.9884552,
            1.39113982600003
          ],
          [
            103.988455777,
            1.39114192300002
          ]
        ]
      },
      "properties": {
        "OBJECTID": 303,
        "pcn_loop": "RIR",
        "pcn": "Loyang Park Connector",
        "descriptionHTML": "Loyang Park Connector stretches along the roads within Tampines Housing Estates and Loyang Avenue, passing under the Tampines Expressway flyover before ending at Pasir Ris Drive 3. You can continue your journey on Pasir Ris Park Connector or Loyang Park Connector.",
        "address": null,
        "Shape__Length": 4997.771400128305
      }
    },
    {
      "type": "Feature",
      "id": 304,
      "geometry": {
        "type": "LineString",
        "coordinates": [
          [
            104.004721836,
            1.37105128400002
          ],
          [
            104.004722923,
            1.37091113400003
          ],
          [
            104.004859623,
            1.37085728600004
          ],
          [
            104.005180577,
            1.37080940700002
          ],
          [
            104.005471812,
            1.37074956700007
          ],
          [
            104.00566795,
            1.37071964300003
          ],
          [
            104.005780875,
            1.37065383300006
          ],
          [
            104.00595323,
            1.37050427100006
          ],
          [
            104.005982929,
            1.37023508000004
          ],
          [
            104.005976977,
            1.37011544000006
          ],
          [
            104.006095842,
            1.36999579200006
          ],
          [
            104.006167163,
            1.36996587700002
          ],
          [
            104.006546547,
            1.36968968200006
          ],
          [
            104.006837776,
            1.36954908400002
          ],
          [
            104.007078488,
            1.36946531900003
          ],
          [
            104.007209244,
            1.36940548900002
          ],
          [
            104.00741776,
            1.36931150700002
          ],
          [
            104.008012109,
            1.36909611300006
          ],
          [
            104.008253415,
            1.36899775100005
          ],
          [
            104.008552965,
            1.36886851900004
          ],
          [
            104.008802591,
            1.36876800300007
          ],
          [
            104.009002293,
            1.36869620500004
          ],
          [
            104.009280452,
            1.36864593500008
          ],
          [
            104.009537215,
            1.36861002500007
          ],
          [
            104.009822508,
            1.36858846800005
          ],
          [
            104.01000795,
            1.36858845500007
          ],
          [
            104.010243319,
            1.36859561600004
          ],
          [
            104.01045016,
            1.36862431400005
          ],
          [
            104.010763989,
            1.36867453900003
          ],
          [
            104.011099216,
            1.36875347600005
          ],
          [
            104.011555701,
            1.36892572300007
          ],
          [
            104.011734018,
            1.36901902800003
          ],
          [
            104.011883808,
            1.36916258500003
          ],
          [
            104.012076399,
            1.36938510000004
          ],
          [
            104.012311784,
            1.36960761100004
          ],
          [
            104.01250437,
            1.36976552100002
          ],
          [
            104.012696953,
            1.36988036100008
          ],
          [
            104.012889535,
            1.36998084300007
          ],
          [
            104.013117776,
            1.37004543100003
          ],
          [
            104.013317484,
            1.37006695100005
          ],
          [
            104.01354572,
            1.37005975600004
          ],
          [
            104.013702628,
            1.37000949500002
          ],
          [
            104.01420901,
            1.36977257100006
          ],
          [
            104.014137677,
            1.36965054400001
          ],
          [
            104.01411627,
            1.36952851300003
          ],
          [
            104.014109127,
            1.36938494600002
          ],
          [
            104.014144778,
            1.36923419800008
          ],
          [
            104.014244619,
            1.36907626600003
          ],
          [
            104.014330197,
            1.36893269200004
          ],
          [
            104.014544154,
            1.36873886000007
          ],
          [
            104.014850829,
            1.36851630700004
          ],
          [
            104.015214564,
            1.36830092800004
          ],
          [
            104.015884983,
            1.36797785000004
          ],
          [
            104.016883484,
            1.36756860700006
          ],
          [
            104.017610962,
            1.36724552400006
          ],
          [
            104.01794617,
            1.36707321700004
          ],
          [
            104.018302777,
            1.36691526600004
          ],
          [
            104.018687915,
            1.36678602500007
          ],
          [
            104.018916147,
            1.36673575900004
          ],
          [
            104.01930129,
            1.36667830200001
          ],
          [
            104.019451072,
            1.36670700400004
          ],
          [
            104.01957232,
            1.36667828100002
          ],
          [
            104.019857629,
            1.36686489600003
          ],
          [
            104.02010016,
            1.36725250900003
          ],
          [
            104.020663599,
            1.36702275700004
          ],
          [
            104.020806241,
            1.36695096200003
          ],
          [
            104.020916777,
            1.36674278100003
          ],
          [
            104.021045148,
            1.36659202500005
          ],
          [
            104.021116466,
            1.36652741400008
          ],
          [
            104.021744091,
            1.36621869500005
          ],
          [
            104.022571421,
            1.36590278100004
          ],
          [
            104.023398747,
            1.36555097600006
          ],
          [
            104.023880164,
            1.36532697200004
          ],
          [
            104.024736019,
            1.36496080700004
          ],
          [
            104.025798707,
            1.36453002000006
          ],
          [
            104.026597502,
            1.36417103700006
          ],
          [
            104.02679007,
            1.36409205900003
          ],
          [
            104.026847121,
            1.36399155800006
          ],
          [
            104.026540371,
            1.36325938900007
          ],
          [
            104.026183686,
            1.36241954900004
          ],
          [
            104.025862667,
            1.36161847000006
          ],
          [
            104.025698594,
            1.36125238600004
          ],
          [
            104.025684313,
            1.36112784300001
          ]
        ]
      },
      "properties": {
        "OBJECTID": 304,
        "pcn_loop": "RIR",
        "pcn": "RIR - Changi Aviation Park Road",
        "descriptionHTML": null,
        "address": null,
        "Shape__Length": 3242.3201293384936
      }
    },
    {
      "type": "Feature",
      "id": 305,
      "geometry": {
        "type": "LineString",
        "coordinates": [
          [
            103.975164945,
            1.31692472800006
          ],
          [
            103.974882195,
            1.31686816300003
          ],
          [
            103.974838816,
            1.31685945100002
          ],
          [
            103.974838221,
            1.31685933900007
          ],
          [
            103.974837315,
            1.31685919400009
          ],
          [
            103.974753921,
            1.31684733100002
          ],
          [
            103.974602712,
            1.31682905100007
          ],
          [
            103.974495922,
            1.31681768600004
          ],
          [
            103.97449513,
            1.31681761300006
          ],
          [
            103.97439839,
            1.31681021900003
          ],
          [
            103.974331461,
            1.31680509200003
          ],
          [
            103.974330216,
            1.31680502600005
          ],
          [
            103.97421126,
            1.31680146800005
          ],
          [
            103.974210457,
            1.31680145600006
          ],
          [
            103.974209448,
            1.31680147500003
          ],
          [
            103.97412638,
            1.31680461400004
          ],
          [
            103.974058047,
            1.31680771900005
          ],
          [
            103.974056733,
            1.31680781200004
          ],
          [
            103.973980118,
            1.31681508200006
          ],
          [
            103.973880937,
            1.31682445500007
          ],
          [
            103.973695395,
            1.31682741900003
          ],
          [
            103.973491495,
            1.31681218600004
          ],
          [
            103.973414704,
            1.31680645400008
          ],
          [
            103.973358853,
            1.31680007300003
          ],
          [
            103.973207842,
            1.31676897900006
          ],
          [
            103.972624788,
            1.31659752800004
          ],
          [
            103.972623998,
            1.31659730900002
          ],
          [
            103.972552674,
            1.31657868400004
          ],
          [
            103.972550584,
            1.31657822600004
          ],
          [
            103.972549752,
            1.31657809200005
          ],
          [
            103.972488523,
            1.31656920600005
          ],
          [
            103.972429632,
            1.31656066200003
          ],
          [
            103.972425844,
            1.31656038400006
          ],
          [
            103.972388099,
            1.31656030100004
          ],
          [
            103.972329328,
            1.31656019700005
          ],
          [
            103.972328077,
            1.31656022500005
          ],
          [
            103.972268378,
            1.31656296600004
          ],
          [
            103.972264924,
            1.31656335000002
          ],
          [
            103.972263947,
            1.31656354200003
          ],
          [
            103.972119453,
            1.31659477100004
          ],
          [
            103.971639729,
            1.31669888300007
          ],
          [
            103.971548487,
            1.31671246200004
          ],
          [
            103.971472676,
            1.31671520700006
          ],
          [
            103.971372612,
            1.31671163700003
          ],
          [
            103.971259827,
            1.31669990000006
          ],
          [
            103.971087731,
            1.31668200200005
          ],
          [
            103.970907785,
            1.31666358500006
          ],
          [
            103.970906846,
            1.31666350600005
          ],
          [
            103.970785803,
            1.31665540700004
          ],
          [
            103.970683153,
            1.31664993700002
          ],
          [
            103.970611384,
            1.31664300100003
          ],
          [
            103.970542108,
            1.31663116900005
          ],
          [
            103.970484928,
            1.31661905600004
          ],
          [
            103.970414434,
            1.31660413500003
          ],
          [
            103.970345619,
            1.31658964400003
          ],
          [
            103.970344677,
            1.31658946400006
          ],
          [
            103.970135996,
            1.31655407800003
          ],
          [
            103.969959359,
            1.31652467300006
          ],
          [
            103.969742595,
            1.31648585800002
          ],
          [
            103.969362135,
            1.31640858400004
          ],
          [
            103.96920624,
            1.31637416500007
          ],
          [
            103.969127694,
            1.31635410800004
          ],
          [
            103.969075577,
            1.31633694900006
          ],
          [
            103.969036138,
            1.31632265100006
          ],
          [
            103.968968034,
            1.31629119200005
          ],
          [
            103.968888788,
            1.31625458800004
          ],
          [
            103.968737558,
            1.31618608700006
          ],
          [
            103.968474908,
            1.31606926800004
          ],
          [
            103.968322187,
            1.31600629500001
          ],
          [
            103.96831351,
            1.31600318800003
          ],
          [
            103.968311273,
            1.316002495
          ],
          [
            103.968257123,
            1.31598828600004
          ],
          [
            103.968255899,
            1.31598799500005
          ],
          [
            103.968197003,
            1.31597546100005
          ],
          [
            103.968196087,
            1.31597528300006
          ],
          [
            103.967970067,
            1.31593551200006
          ],
          [
            103.967788076,
            1.31590656200007
          ],
          [
            103.967719601,
            1.31589394300004
          ],
          [
            103.967674784,
            1.31588218400002
          ],
          [
            103.967641302,
            1.31587299400009
          ],
          [
            103.96725434,
            1.31574478800008
          ],
          [
            103.967252468,
            1.31574424300004
          ],
          [
            103.967205295,
            1.31573233800001
          ],
          [
            103.967150526,
            1.31571954900005
          ],
          [
            103.967149114,
            1.31571926000003
          ],
          [
            103.967148337,
            1.31571913300006
          ],
          [
            103.967104491,
            1.31571267700002
          ],
          [
            103.967102158,
            1.31571243700006
          ],
          [
            103.967041466,
            1.31570887600003
          ],
          [
            103.967039988,
            1.31570883000006
          ],
          [
            103.967004853,
            1.31570871100006
          ],
          [
            103.967002081,
            1.31570885000001
          ],
          [
            103.966596595,
            1.31575034200007
          ],
          [
            103.966488237,
            1.315761746
          ],
          [
            103.966435633,
            1.31576450200004
          ],
          [
            103.966378662,
            1.31575935500006
          ],
          [
            103.966243396,
            1.31572641300004
          ],
          [
            103.966018833,
            1.31565765000005
          ],
          [
            103.965797747,
            1.31556957800006
          ],
          [
            103.96539352,
            1.31538336600005
          ],
          [
            103.965392848,
            1.31538306800008
          ],
          [
            103.964994853,
            1.31521275900007
          ],
          [
            103.964993918,
            1.31521238000005
          ],
          [
            103.964819406,
            1.31514533900003
          ],
          [
            103.964817859,
            1.31514481100002
          ],
          [
            103.964682505,
            1.31510323000004
          ],
          [
            103.964681436,
            1.31510292500007
          ],
          [
            103.964560268,
            1.31507113500004
          ],
          [
            103.9645584,
            1.31507071600004
          ],
          [
            103.964421449,
            1.31504506600004
          ],
          [
            103.964304338,
            1.31502249600003
          ],
          [
            103.964210432,
            1.31499440000004
          ],
          [
            103.963992277,
            1.31486510000003
          ],
          [
            103.963991119,
            1.31486445800004
          ],
          [
            103.963934609,
            1.31483493400003
          ],
          [
            103.963932618,
            1.31483399500008
          ],
          [
            103.963885439,
            1.31481407400002
          ],
          [
            103.963884229,
            1.31481359800006
          ],
          [
            103.963879476,
            1.31481233800002
          ],
          [
            103.963846318,
            1.31480700600002
          ],
          [
            103.963844306,
            1.31480676000006
          ],
          [
            103.963796518,
            1.31480275300004
          ],
          [
            103.963794278,
            1.31480265900005
          ],
          [
            103.963790531,
            1.31480292300005
          ],
          [
            103.963751969,
            1.31480837400005
          ],
          [
            103.963751035,
            1.31480852300005
          ],
          [
            103.963746288,
            1.31480982500006
          ],
          [
            103.963689388,
            1.31483174800006
          ],
          [
            103.963685547,
            1.31483359000003
          ],
          [
            103.963684579,
            1.31483418000006
          ],
          [
            103.963645606,
            1.31485908000008
          ],
          [
            103.963618227,
            1.31487656500002
          ],
          [
            103.963615341,
            1.31487869100003
          ],
          [
            103.963614499,
            1.31487943300003
          ],
          [
            103.963542215,
            1.31494582000004
          ],
          [
            103.96353968,
            1.31494848900008
          ],
          [
            103.963537528,
            1.31495148000003
          ],
          [
            103.963535799,
            1.31495473700004
          ],
          [
            103.963399956,
            1.31525886900003
          ],
          [
            103.963285122,
            1.31551596600001
          ],
          [
            103.963143577,
            1.31583286200004
          ],
          [
            103.963142832,
            1.31583470800006
          ],
          [
            103.963142097,
            1.31583707400005
          ],
          [
            103.963076454,
            1.31608785800005
          ],
          [
            103.963075974,
            1.31609006000001
          ],
          [
            103.963075565,
            1.31609482700002
          ],
          [
            103.963076261,
            1.31626452100003
          ],
          [
            103.963050335,
            1.31639271300001
          ],
          [
            103.963012412,
            1.31643467300006
          ],
          [
            103.962962586,
            1.31644244000006
          ],
          [
            103.962679395,
            1.31632657200005
          ],
          [
            103.962410905,
            1.31621617500002
          ],
          [
            103.962288707,
            1.31616277000006
          ],
          [
            103.962192337,
            1.31602776000005
          ],
          [
            103.962178845,
            1.31600835800003
          ],
          [
            103.962177584,
            1.31600668600004
          ],
          [
            103.962148441,
            1.31597100400006
          ],
          [
            103.962110792,
            1.31592490900004
          ],
          [
            103.962108784,
            1.31592272900002
          ],
          [
            103.962053262,
            1.31586875100002
          ],
          [
            103.962052432,
            1.31586797700004
          ],
          [
            103.961642302,
            1.31550146500007
          ],
          [
            103.96164173,
            1.31550096800002
          ],
          [
            103.96164007,
            1.31549967400001
          ],
          [
            103.961548915,
            1.31543415300007
          ],
          [
            103.961548081,
            1.315433577
          ],
          [
            103.961367303,
            1.31531368400005
          ],
          [
            103.961365948,
            1.31531284200003
          ],
          [
            103.961362933,
            1.31531133500004
          ],
          [
            103.960832868,
            1.31508666700005
          ],
          [
            103.960701507,
            1.31503099000002
          ],
          [
            103.960626306,
            1.31499911600002
          ],
          [
            103.960272891,
            1.31485630900003
          ],
          [
            103.960101329,
            1.31478921800004
          ],
          [
            103.96010067,
            1.31478897100005
          ],
          [
            103.959938098,
            1.31473109100005
          ],
          [
            103.959936553,
            1.31473059300003
          ],
          [
            103.959789509,
            1.31468807300006
          ],
          [
            103.959721333,
            1.31466965100002
          ],
          [
            103.959720666,
            1.31466947900004
          ],
          [
            103.959580706,
            1.31463549500006
          ],
          [
            103.959435574,
            1.31460095500006
          ],
          [
            103.959434926,
            1.31460080900007
          ],
          [
            103.959266193,
            1.31456504400005
          ],
          [
            103.959141244,
            1.31453851500003
          ],
          [
            103.959015455,
            1.31451180800001
          ],
          [
            103.958805286,
            1.31446710300001
          ],
          [
            103.958460228,
            1.31439357300007
          ],
          [
            103.9583818,
            1.31437648700005
          ],
          [
            103.95828025,
            1.31435273800002
          ],
          [
            103.958210056,
            1.31433584100005
          ],
          [
            103.958102843,
            1.31431003300002
          ],
          [
            103.958007506,
            1.31428599600002
          ],
          [
            103.957942107,
            1.31426844900005
          ],
          [
            103.95785718,
            1.31424493400004
          ],
          [
            103.957783113,
            1.31422305700004
          ],
          [
            103.957737375,
            1.31420903700006
          ],
          [
            103.957681719,
            1.31418970000004
          ],
          [
            103.957612492,
            1.31416553700004
          ],
          [
            103.957545544,
            1.31413996800006
          ],
          [
            103.957423475,
            1.31409361300007
          ],
          [
            103.957328335,
            1.31405635600003
          ],
          [
            103.957288987,
            1.31404081400005
          ],
          [
            103.957230708,
            1.31401334100001
          ],
          [
            103.957129989,
            1.31396615600004
          ],
          [
            103.957057501,
            1.31392955600005
          ],
          [
            103.956918354,
            1.31385856500004
          ],
          [
            103.956800455,
            1.31379796300007
          ],
          [
            103.956740425,
            1.31376436200001
          ],
          [
            103.956696083,
            1.31373742600005
          ],
          [
            103.956643091,
            1.31370096900002
          ],
          [
            103.956596463,
            1.31366769800007
          ],
          [
            103.956566837,
            1.31364352800005
          ],
          [
            103.956519782,
            1.31360560800004
          ],
          [
            103.956289614,
            1.31350931900006
          ],
          [
            103.95626929,
            1.31350604500004
          ],
          [
            103.956187541,
            1.31349238800005
          ],
          [
            103.956078758,
            1.31347375600006
          ],
          [
            103.95580758,
            1.31339559100007
          ],
          [
            103.955431714,
            1.31328725100001
          ],
          [
            103.955348882,
            1.31326337500003
          ],
          [
            103.955289943,
            1.31324405400004
          ],
          [
            103.954957987,
            1.31310624200005
          ],
          [
            103.954717646,
            1.31300646900006
          ],
          [
            103.954588864,
            1.31295301000005
          ],
          [
            103.954588107,
            1.31295270900005
          ],
          [
            103.954432927,
            1.31289374600004
          ],
          [
            103.954115819,
            1.31276360500004
          ],
          [
            103.953293467,
            1.31242591300002
          ],
          [
            103.953227335,
            1.31239875600005
          ],
          [
            103.953118284,
            1.31235397600006
          ],
          [
            103.95311732,
            1.31235360100004
          ],
          [
            103.953113808,
            1.31235258100004
          ],
          [
            103.953070023,
            1.31234303400004
          ],
          [
            103.953026788,
            1.31233360700001
          ],
          [
            103.952941471,
            1.31230851700001
          ],
          [
            103.952187776,
            1.31201469300002
          ],
          [
            103.952122216,
            1.31199031200004
          ],
          [
            103.952121335,
            1.31199000400006
          ],
          [
            103.952061087,
            1.31197011900002
          ],
          [
            103.952059835,
            1.31196973900006
          ],
          [
            103.95198036,
            1.31194774000004
          ],
          [
            103.951892871,
            1.31191237900003
          ],
          [
            103.951763645,
            1.31185042800006
          ],
          [
            103.951716364,
            1.31181998900007
          ],
          [
            103.951664648,
            1.31178316400007
          ],
          [
            103.951612119,
            1.31174318000006
          ],
          [
            103.951545724,
            1.31169037200005
          ],
          [
            103.95154426,
            1.31168928600004
          ],
          [
            103.951500772,
            1.31165925900005
          ],
          [
            103.951499,
            1.31165813400001
          ],
          [
            103.951498431,
            1.31165781300006
          ],
          [
            103.951454344,
            1.31163360800003
          ],
          [
            103.951451822,
            1.31163239000006
          ],
          [
            103.951405457,
            1.31161290400007
          ],
          [
            103.951298167,
            1.31156672200006
          ],
          [
            103.951213528,
            1.31152859400004
          ],
          [
            103.95115524,
            1.31150231400005
          ],
          [
            103.951101951,
            1.31147620800005
          ],
          [
            103.950982863,
            1.31141452200005
          ],
          [
            103.950981733,
            1.31141396900005
          ],
          [
            103.950925585,
            1.31138814200005
          ],
          [
            103.95092418,
            1.31138754400007
          ],
          [
            103.950892952,
            1.31137527800007
          ],
          [
            103.950892371,
            1.31137505800005
          ],
          [
            103.950890265,
            1.31137438300004
          ],
          [
            103.950848859,
            1.31136298300004
          ],
          [
            103.950847434,
            1.31136263200006
          ],
          [
            103.950779924,
            1.31134796500004
          ],
          [
            103.950733637,
            1.31133593000002
          ],
          [
            103.950615622,
            1.31129807900003
          ],
          [
            103.950507346,
            1.31125889200007
          ],
          [
            103.950165486,
            1.31112744300003
          ],
          [
            103.950108398,
            1.31110365500006
          ],
          [
            103.950049203,
            1.31107822400004
          ],
          [
            103.949998573,
            1.31105503400005
          ],
          [
            103.949918911,
            1.31101854600007
          ],
          [
            103.949918379,
            1.31101830900007
          ],
          [
            103.94983538,
            1.31098244900003
          ],
          [
            103.949834571,
            1.31098211400007
          ],
          [
            103.949718536,
            1.31093641100005
          ],
          [
            103.949660449,
            1.31091355200003
          ],
          [
            103.949629112,
            1.31090127600003
          ],
          [
            103.949590131,
            1.31088600500004
          ],
          [
            103.949589411,
            1.31088573600004
          ],
          [
            103.94954139,
            1.31086883300002
          ],
          [
            103.94953916,
            1.31086815600002
          ],
          [
            103.949491027,
            1.31085578700003
          ],
          [
            103.949490291,
            1.31085560900003
          ],
          [
            103.949450298,
            1.31084652900005
          ],
          [
            103.949449046,
            1.31084627500008
          ],
          [
            103.949446594,
            1.31084595600004
          ],
          [
            103.94940097,
            1.31084214800007
          ],
          [
            103.949338029,
            1.31083684200008
          ],
          [
            103.949267467,
            1.31083057500006
          ],
          [
            103.949189598,
            1.31082333500007
          ],
          [
            103.949146511,
            1.31081952000006
          ],
          [
            103.949144237,
            1.31081941600008
          ],
          [
            103.949108258,
            1.31081929700002
          ],
          [
            103.949105055,
            1.31081948400003
          ],
          [
            103.949064603,
            1.31082429000003
          ],
          [
            103.949063081,
            1.31082451500003
          ],
          [
            103.949061738,
            1.31082478900002
          ],
          [
            103.949010888,
            1.31083652500006
          ],
          [
            103.949010153,
            1.31083670600003
          ],
          [
            103.948954322,
            1.31085126400007
          ],
          [
            103.948885178,
            1.31087019500006
          ],
          [
            103.948843051,
            1.31088139600007
          ],
          [
            103.948790654,
            1.31089491700005
          ],
          [
            103.948731689,
            1.31090853400004
          ],
          [
            103.948685636,
            1.31091805400007
          ],
          [
            103.948632764,
            1.31092501800002
          ],
          [
            103.948575901,
            1.31092973400005
          ],
          [
            103.948506611,
            1.31093223900006
          ],
          [
            103.948443834,
            1.31093141400004
          ],
          [
            103.948430598,
            1.31093124000006
          ],
          [
            103.948360362,
            1.31092619400005
          ],
          [
            103.948302503,
            1.31091157400004
          ],
          [
            103.94825671,
            1.31089482600003
          ],
          [
            103.94819606,
            1.31087166900005
          ],
          [
            103.948139122,
            1.31084660100002
          ],
          [
            103.948072982,
            1.31081328300007
          ],
          [
            103.947998536,
            1.31077344000004
          ],
          [
            103.947951833,
            1.31074788200004
          ],
          [
            103.947950523,
            1.31074721100003
          ],
          [
            103.947897321,
            1.31072177500003
          ],
          [
            103.947874166,
            1.31071050200007
          ],
          [
            103.947827214,
            1.31068764300006
          ],
          [
            103.947826129,
            1.31068714400003
          ],
          [
            103.947771861,
            1.31066364800007
          ],
          [
            103.947770236,
            1.31066300700007
          ],
          [
            103.947727982,
            1.31064824800006
          ],
          [
            103.947725584,
            1.31064753400006
          ],
          [
            103.947672241,
            1.31063432700006
          ],
          [
            103.947671432,
            1.31063414000004
          ],
          [
            103.947610544,
            1.31062105100004
          ],
          [
            103.947609594,
            1.31062086500003
          ],
          [
            103.947608094,
            1.31062064200004
          ],
          [
            103.947540968,
            1.31061261700005
          ],
          [
            103.947504837,
            1.31060881800003
          ],
          [
            103.947502383,
            1.31060867300005
          ],
          [
            103.947448824,
            1.31060798200001
          ],
          [
            103.94744821,
            1.31060798400005
          ],
          [
            103.947374615,
            1.31060919700007
          ],
          [
            103.947372891,
            1.31060928100003
          ],
          [
            103.947276364,
            1.31061711100005
          ],
          [
            103.947273984,
            1.31061741200006
          ],
          [
            103.947173373,
            1.31063473300003
          ],
          [
            103.94714858,
            1.31063774800003
          ],
          [
            103.946948468,
            1.31066207900006
          ],
          [
            103.946789381,
            1.31067577800008
          ],
          [
            103.946657852,
            1.31068628200006
          ],
          [
            103.946539346,
            1.31069574700007
          ],
          [
            103.946411544,
            1.31070595400006
          ],
          [
            103.946377123,
            1.31070652200003
          ],
          [
            103.946224392,
            1.31069811300005
          ],
          [
            103.946130872,
            1.31068316000005
          ],
          [
            103.946083412,
            1.31067076900008
          ],
          [
            103.945977549,
            1.31064024700004
          ],
          [
            103.945889862,
            1.31061384300005
          ],
          [
            103.945881859,
            1.31061009300002
          ],
          [
            103.945827804,
            1.31057459400006
          ],
          [
            103.945826551,
            1.31057381900007
          ],
          [
            103.945822537,
            1.31057191200005
          ],
          [
            103.945794353,
            1.31056127700004
          ],
          [
            103.945745155,
            1.31054271300006
          ],
          [
            103.945541045,
            1.31046562100005
          ],
          [
            103.94510729,
            1.31029530200003
          ],
          [
            103.944359771,
            1.31001014500003
          ],
          [
            103.943693329,
            1.30975578300008
          ],
          [
            103.942930766,
            1.30946462900003
          ],
          [
            103.941826579,
            1.30904334900003
          ],
          [
            103.94130607,
            1.30884411900006
          ],
          [
            103.940933754,
            1.30869997200006
          ],
          [
            103.940822748,
            1.30865699500002
          ],
          [
            103.940645978,
            1.30859023700003
          ],
          [
            103.940528561,
            1.30854590800005
          ],
          [
            103.940469008,
            1.30852341600007
          ],
          [
            103.940220976,
            1.30842976200006
          ],
          [
            103.939749957,
            1.30825026500001
          ],
          [
            103.939687957,
            1.30822664500004
          ],
          [
            103.9393634,
            1.30810294000002
          ],
          [
            103.939347089,
            1.30809670600006
          ],
          [
            103.939026664,
            1.30797423900002
          ],
          [
            103.938861368,
            1.30791345100006
          ],
          [
            103.93875114,
            1.30787291500008
          ],
          [
            103.938667549,
            1.30784217500008
          ],
          [
            103.938517634,
            1.30778469200002
          ],
          [
            103.938429495,
            1.30775083000003
          ],
          [
            103.938375899,
            1.30773023600005
          ],
          [
            103.938374461,
            1.30772974100004
          ],
          [
            103.938132556,
            1.30765429800005
          ],
          [
            103.937584445,
            1.30745378300002
          ],
          [
            103.937099473,
            1.30726515300007
          ],
          [
            103.936729302,
            1.30711276700004
          ],
          [
            103.936593337,
            1.30705476500004
          ],
          [
            103.936500974,
            1.30701536300006
          ],
          [
            103.93625942,
            1.30691231700007
          ],
          [
            103.936219992,
            1.30689583400004
          ],
          [
            103.935845412,
            1.30673913100003
          ],
          [
            103.935801663,
            1.30672083000007
          ],
          [
            103.935789721,
            1.30671600100004
          ],
          [
            103.935789041,
            1.30671573700003
          ],
          [
            103.935720601,
            1.30669021000005
          ],
          [
            103.935715988,
            1.30668895900002
          ],
          [
            103.935714705,
            1.30668876300006
          ],
          [
            103.935670033,
            1.30668305300002
          ],
          [
            103.935666636,
            1.30668283700004
          ],
          [
            103.935663091,
            1.30668307200004
          ],
          [
            103.935630894,
            1.30668737200004
          ],
          [
            103.935629757,
            1.30668754900006
          ],
          [
            103.935625508,
            1.30668866900004
          ],
          [
            103.935591622,
            1.30670064700006
          ],
          [
            103.935587219,
            1.30670269800005
          ],
          [
            103.935583259,
            1.30670550500002
          ],
          [
            103.935514074,
            1.30676522600004
          ],
          [
            103.935513076,
            1.30676613300004
          ],
          [
            103.935440938,
            1.30683497800004
          ],
          [
            103.935438878,
            1.30683717500004
          ],
          [
            103.935266223,
            1.30704325400006
          ],
          [
            103.935046466,
            1.30730605400005
          ],
          [
            103.935008509,
            1.30734678500004
          ],
          [
            103.934985552,
            1.30736110100003
          ],
          [
            103.93493308,
            1.30736721200004
          ],
          [
            103.93481144,
            1.30736990700007
          ],
          [
            103.934602335,
            1.30737599400002
          ],
          [
            103.934579996,
            1.30737105100007
          ],
          [
            103.934458007,
            1.30734406600004
          ],
          [
            103.9344569,
            1.30734384500006
          ],
          [
            103.934455505,
            1.30734363500006
          ],
          [
            103.934340239,
            1.30732939300003
          ],
          [
            103.934336953,
            1.30732919100006
          ],
          [
            103.934222122,
            1.30732919600006
          ],
          [
            103.934136498,
            1.30732641300006
          ],
          [
            103.934133392,
            1.30732649200007
          ],
          [
            103.934130316,
            1.30732693000005
          ],
          [
            103.934035956,
            1.30734601700004
          ],
          [
            103.934034481,
            1.30734635900007
          ],
          [
            103.933946148,
            1.30736948400004
          ],
          [
            103.933944854,
            1.30736985800008
          ],
          [
            103.933874784,
            1.30739201700005
          ],
          [
            103.933873585,
            1.30739242800008
          ],
          [
            103.933754365,
            1.30743674300004
          ],
          [
            103.933662402,
            1.30747104700004
          ],
          [
            103.933549669,
            1.30751198000007
          ],
          [
            103.93341877,
            1.30755757600002
          ],
          [
            103.933323478,
            1.30758715100006
          ],
          [
            103.933205977,
            1.30761860800003
          ],
          [
            103.933090405,
            1.30764424600004
          ],
          [
            103.932990473,
            1.30766230000007
          ],
          [
            103.932917475,
            1.30767335300004
          ],
          [
            103.932826463,
            1.30767594900003
          ],
          [
            103.932760422,
            1.30767012000007
          ],
          [
            103.932690009,
            1.30765639200007
          ],
          [
            103.932660703,
            1.30764383300003
          ],
          [
            103.932659361,
            1.30764330000005
          ],
          [
            103.932658481,
            1.30764299500003
          ],
          [
            103.932623455,
            1.30763152700007
          ],
          [
            103.932583295,
            1.30760910700007
          ],
          [
            103.932579438,
            1.30760733700003
          ],
          [
            103.932576844,
            1.30760653400006
          ],
          [
            103.93250878,
            1.30758916700005
          ],
          [
            103.932464007,
            1.30757791700005
          ],
          [
            103.932462276,
            1.30757754200003
          ],
          [
            103.93240986,
            1.30756800000006
          ],
          [
            103.932407697,
            1.30756770200002
          ],
          [
            103.932353634,
            1.30756247700004
          ],
          [
            103.932352833,
            1.30756241200003
          ],
          [
            103.932302435,
            1.30755906600007
          ],
          [
            103.932243112,
            1.30755113400004
          ],
          [
            103.932197495,
            1.30753912600005
          ],
          [
            103.932153029,
            1.30752153000003
          ],
          [
            103.932088581,
            1.30748617900002
          ],
          [
            103.932050684,
            1.30745774200007
          ],
          [
            103.932003796,
            1.30740904100003
          ],
          [
            103.932001763,
            1.30740713600006
          ],
          [
            103.932000342,
            1.30740601600007
          ],
          [
            103.931953382,
            1.30737147400003
          ],
          [
            103.931950954,
            1.30736988200005
          ],
          [
            103.931950162,
            1.30736944000006
          ],
          [
            103.931901773,
            1.30734346500003
          ],
          [
            103.931898243,
            1.30734188600008
          ],
          [
            103.931833919,
            1.30731868400004
          ],
          [
            103.931830054,
            1.30731760900005
          ],
          [
            103.931815586,
            1.30731472900003
          ],
          [
            103.931771357,
            1.30730592600002
          ],
          [
            103.931713475,
            1.30728386600003
          ],
          [
            103.931653647,
            1.30725455700001
          ],
          [
            103.931653069,
            1.30725428200003
          ],
          [
            103.931641513,
            1.30724895800006
          ],
          [
            103.931608597,
            1.30723379400005
          ],
          [
            103.931570335,
            1.30720237000002
          ],
          [
            103.931515133,
            1.30715875700002
          ],
          [
            103.931466267,
            1.30711477900006
          ],
          [
            103.93142075,
            1.30706875700002
          ],
          [
            103.931396872,
            1.30703245300003
          ],
          [
            103.931395044,
            1.30702998900006
          ],
          [
            103.931394576,
            1.30702944300002
          ],
          [
            103.931356485,
            1.30698614800002
          ],
          [
            103.931354125,
            1.30698377900008
          ],
          [
            103.931314041,
            1.30694822800006
          ],
          [
            103.931313545,
            1.30694779900004
          ],
          [
            103.931311561,
            1.30694627500002
          ],
          [
            103.931258482,
            1.30690929700007
          ],
          [
            103.931235618,
            1.30689117100006
          ],
          [
            103.931180487,
            1.30684746500003
          ],
          [
            103.931120367,
            1.30679639600003
          ],
          [
            103.931048284,
            1.30673047600004
          ],
          [
            103.930999739,
            1.30668297300003
          ],
          [
            103.930942852,
            1.30662399700004
          ],
          [
            103.930894803,
            1.30657096200002
          ],
          [
            103.9308558,
            1.30652552600004
          ],
          [
            103.930823513,
            1.30648607400001
          ],
          [
            103.930796276,
            1.30643957600005
          ],
          [
            103.93079498,
            1.30643757200004
          ],
          [
            103.930783293,
            1.30642112600002
          ],
          [
            103.930771235,
            1.30640415600005
          ],
          [
            103.93077043,
            1.30640308000004
          ],
          [
            103.930735764,
            1.30635908700003
          ],
          [
            103.930735293,
            1.30635850500006
          ],
          [
            103.930733602,
            1.30635665800002
          ],
          [
            103.930684835,
            1.30630810000002
          ],
          [
            103.93068302,
            1.30630645100007
          ],
          [
            103.930643484,
            1.30627423900005
          ],
          [
            103.93064137,
            1.30627268200003
          ],
          [
            103.930595839,
            1.30624244200004
          ],
          [
            103.93059453,
            1.30624162600003
          ],
          [
            103.930520309,
            1.30619824100005
          ],
          [
            103.930476142,
            1.30616728800004
          ],
          [
            103.930421152,
            1.30612172100007
          ],
          [
            103.930376381,
            1.30607813200005
          ],
          [
            103.930336418,
            1.30602478400004
          ],
          [
            103.930335543,
            1.30602367700004
          ],
          [
            103.930333009,
            1.30602102600005
          ],
          [
            103.930298282,
            1.30598930900003
          ],
          [
            103.930297436,
            1.30598856800003
          ],
          [
            103.930253762,
            1.30595210000006
          ],
          [
            103.930251453,
            1.30595037300002
          ],
          [
            103.930206219,
            1.30592016700007
          ],
          [
            103.930204794,
            1.30591927800004
          ],
          [
            103.930203961,
            1.30591881400005
          ],
          [
            103.930162501,
            1.30589665000003
          ],
          [
            103.930160243,
            1.30589557500002
          ],
          [
            103.930123057,
            1.30587994500006
          ],
          [
            103.930121888,
            1.30587948600004
          ],
          [
            103.930119008,
            1.30587861000003
          ],
          [
            103.930061283,
            1.30586455700006
          ],
          [
            103.930006897,
            1.30585013300003
          ],
          [
            103.929965244,
            1.30583024500003
          ],
          [
            103.92990426,
            1.30579614300007
          ],
          [
            103.929866001,
            1.30577077500003
          ],
          [
            103.929835918,
            1.30572655100001
          ],
          [
            103.929799877,
            1.30565897300005
          ],
          [
            103.92979947,
            1.30565823800004
          ],
          [
            103.929797171,
            1.30565485100004
          ],
          [
            103.929745059,
            1.30558932300004
          ],
          [
            103.929744663,
            1.30558883700005
          ],
          [
            103.929742255,
            1.30558630200004
          ],
          [
            103.929666965,
            1.30551665400003
          ],
          [
            103.929664132,
            1.30551436800004
          ],
          [
            103.929661019,
            1.30551248600005
          ],
          [
            103.929657683,
            1.30551104200003
          ],
          [
            103.92959461,
            1.30548939700004
          ],
          [
            103.929590506,
            1.30548834300003
          ],
          [
            103.929457919,
            1.30546570300004
          ],
          [
            103.929455571,
            1.30546540800003
          ],
          [
            103.929426628,
            1.30546306500002
          ],
          [
            103.929304166,
            1.30544116700002
          ],
          [
            103.929180356,
            1.30541840200005
          ],
          [
            103.929179765,
            1.30541830200001
          ],
          [
            103.929130721,
            1.30541057100002
          ],
          [
            103.929126549,
            1.30541024400003
          ],
          [
            103.929123674,
            1.30541039900004
          ],
          [
            103.929052092,
            1.30541813000001
          ],
          [
            103.928982624,
            1.30541415300006
          ],
          [
            103.928981835,
            1.30541412000002
          ],
          [
            103.928931768,
            1.30541273400006
          ],
          [
            103.928931026,
            1.30541272300007
          ],
          [
            103.928928995,
            1.30541280100005
          ],
          [
            103.928872163,
            1.30541712300003
          ],
          [
            103.92883992,
            1.30541967600005
          ],
          [
            103.928837101,
            1.30542005200005
          ],
          [
            103.92880708,
            1.30542597000003
          ],
          [
            103.928803851,
            1.30542681900004
          ],
          [
            103.928775203,
            1.30543629100003
          ],
          [
            103.928774341,
            1.30543659200004
          ],
          [
            103.928747675,
            1.30544649100005
          ],
          [
            103.928744171,
            1.30544808600007
          ],
          [
            103.928717547,
            1.30546259000005
          ],
          [
            103.9287169,
            1.30546295500006
          ],
          [
            103.928715946,
            1.30546353500005
          ],
          [
            103.928655257,
            1.30550225500003
          ],
          [
            103.928652352,
            1.30550439600005
          ],
          [
            103.92860951,
            1.30554065100006
          ],
          [
            103.928469031,
            1.30565956600002
          ],
          [
            103.928468352,
            1.30566016100006
          ],
          [
            103.928432379,
            1.30569273600002
          ],
          [
            103.928396709,
            1.30572503900004
          ],
          [
            103.928253887,
            1.30584948800003
          ],
          [
            103.928205351,
            1.30589132800003
          ],
          [
            103.928177021,
            1.30591319800003
          ],
          [
            103.928142924,
            1.30593655100006
          ],
          [
            103.928102223,
            1.30595815500004
          ],
          [
            103.928080005,
            1.30596615300003
          ],
          [
            103.928047911,
            1.30597632300003
          ],
          [
            103.928017862,
            1.30598287100001
          ],
          [
            103.928016911,
            1.30598309600003
          ],
          [
            103.927983496,
            1.30599166400002
          ],
          [
            103.927956566,
            1.30599590600002
          ],
          [
            103.927894087,
            1.30598275700003
          ],
          [
            103.927856747,
            1.30597221600004
          ],
          [
            103.927821097,
            1.30595981200002
          ],
          [
            103.927782494,
            1.30594063300002
          ],
          [
            103.9277522,
            1.30591985300002
          ],
          [
            103.927718568,
            1.30589401700007
          ],
          [
            103.927590028,
            1.30577816300006
          ],
          [
            103.927381079,
            1.30558985600004
          ],
          [
            103.926652803,
            1.30493600200003
          ],
          [
            103.926640626,
            1.30492538600005
          ],
          [
            103.92660219,
            1.30489188600005
          ],
          [
            103.926569662,
            1.30486353400006
          ],
          [
            103.926509256,
            1.30480868800004
          ],
          [
            103.926490764,
            1.30477032700002
          ],
          [
            103.92647093,
            1.30470168300007
          ],
          [
            103.926471827,
            1.30468697300006
          ],
          [
            103.926474792,
            1.30463837500003
          ],
          [
            103.926491095,
            1.30457990900003
          ],
          [
            103.92649134,
            1.30457819400004
          ],
          [
            103.926496424,
            1.30453213700003
          ],
          [
            103.926496588,
            1.30452914000006
          ],
          [
            103.926496566,
            1.30452804300005
          ],
          [
            103.926495352,
            1.30449788200003
          ],
          [
            103.926494965,
            1.30449426800004
          ],
          [
            103.926494837,
            1.30449358900006
          ],
          [
            103.926484537,
            1.30444246000006
          ],
          [
            103.926483448,
            1.30443857100005
          ],
          [
            103.926482226,
            1.30443571200004
          ],
          [
            103.926464438,
            1.30439992500004
          ],
          [
            103.926463674,
            1.30439849700002
          ],
          [
            103.926461976,
            1.30439589400002
          ],
          [
            103.926445054,
            1.30437294700004
          ],
          [
            103.926442201,
            1.30436966600007
          ],
          [
            103.926438863,
            1.30436688700007
          ],
          [
            103.926390381,
            1.30433274400001
          ],
          [
            103.926388366,
            1.30433145400002
          ],
          [
            103.926354753,
            1.30431207200008
          ],
          [
            103.926350371,
            1.30431004700005
          ],
          [
            103.925765133,
            1.30410609700004
          ],
          [
            103.925762939,
            1.30410543600002
          ],
          [
            103.925556042,
            1.30405264000007
          ],
          [
            103.925541266,
            1.30404507400003
          ],
          [
            103.925512259,
            1.30402640400006
          ],
          [
            103.925369718,
            1.30392684700007
          ],
          [
            103.925367843,
            1.30392564900005
          ],
          [
            103.925290635,
            1.30388071800005
          ],
          [
            103.925286368,
            1.30387871500005
          ],
          [
            103.925281571,
            1.30387744800003
          ],
          [
            103.925193318,
            1.30386356000002
          ],
          [
            103.925191063,
            1.30386330300006
          ],
          [
            103.925178386,
            1.30386239700004
          ],
          [
            103.925131516,
            1.30385905100009
          ],
          [
            103.925130413,
            1.30385899500004
          ],
          [
            103.925000165,
            1.30385508700004
          ],
          [
            103.92487915,
            1.30385331
          ],
          [
            103.924836049,
            1.30385343000007
          ],
          [
            103.924791165,
            1.30385355800008
          ],
          [
            103.924694043,
            1.30385484800007
          ],
          [
            103.924578424,
            1.30385227600005
          ],
          [
            103.924511595,
            1.30384342700006
          ],
          [
            103.924455334,
            1.30381645800002
          ],
          [
            103.924405598,
            1.30378444200004
          ],
          [
            103.924349252,
            1.30374815800005
          ],
          [
            103.924269317,
            1.30369794900002
          ],
          [
            103.924208296,
            1.30366076000007
          ],
          [
            103.924204965,
            1.30365907700002
          ],
          [
            103.924158045,
            1.30363935600008
          ],
          [
            103.924088766,
            1.30361171100003
          ],
          [
            103.924088051,
            1.30361143700003
          ],
          [
            103.924085876,
            1.30361074400003
          ],
          [
            103.924045425,
            1.30359972300005
          ],
          [
            103.924044111,
            1.30359940000004
          ],
          [
            103.924010699,
            1.30359208500004
          ],
          [
            103.923970654,
            1.30358331900003
          ],
          [
            103.923830908,
            1.30355272400004
          ],
          [
            103.923703178,
            1.30352564400004
          ],
          [
            103.92352216,
            1.30348755200004
          ],
          [
            103.923459225,
            1.30347545900001
          ],
          [
            103.923458059,
            1.30347526900004
          ],
          [
            103.923405112,
            1.30346788200007
          ],
          [
            103.923403792,
            1.30346773100005
          ],
          [
            103.92335434,
            1.30346331900005
          ],
          [
            103.923353142,
            1.30346323900006
          ],
          [
            103.923299635,
            1.30346087400004
          ],
          [
            103.92329905,
            1.30346085500003
          ],
          [
            103.923164591,
            1.30345785000002
          ],
          [
            103.922973414,
            1.30345390700006
          ],
          [
            103.922758556,
            1.30345117400002
          ],
          [
            103.922616922,
            1.30344938700005
          ],
          [
            103.922361878,
            1.30344278400002
          ],
          [
            103.922236872,
            1.30343749800004
          ],
          [
            103.92216594,
            1.30342882000002
          ],
          [
            103.922022056,
            1.30340990100008
          ],
          [
            103.921940067,
            1.30339844100007
          ],
          [
            103.921827585,
            1.30337946600004
          ],
          [
            103.921806465,
            1.30337519100004
          ],
          [
            103.921748917,
            1.30336292500005
          ],
          [
            103.92162464,
            1.30333370900007
          ],
          [
            103.92128561,
            1.30322900400005
          ],
          [
            103.921221696,
            1.30320575400002
          ],
          [
            103.921076314,
            1.30314257200008
          ],
          [
            103.920954658,
            1.30308905100003
          ],
          [
            103.920869671,
            1.30304845600006
          ],
          [
            103.920839892,
            1.30303423200006
          ],
          [
            103.920717733,
            1.30297552100006
          ],
          [
            103.920542486,
            1.30289129600004
          ],
          [
            103.920541684,
            1.30289092600003
          ],
          [
            103.920437956,
            1.30284520500003
          ],
          [
            103.920436361,
            1.30284456200008
          ],
          [
            103.920435484,
            1.30284425800004
          ],
          [
            103.920368035,
            1.30282216400001
          ],
          [
            103.920366182,
            1.30282163000004
          ],
          [
            103.920282738,
            1.30280080200004
          ],
          [
            103.920282122,
            1.30280065600005
          ],
          [
            103.920162451,
            1.30277376800006
          ],
          [
            103.919938576,
            1.30272622700004
          ],
          [
            103.919857405,
            1.30270983300004
          ],
          [
            103.919853475,
            1.30270933800005
          ],
          [
            103.919849516,
            1.30270942700001
          ],
          [
            103.919805414,
            1.30271370400004
          ],
          [
            103.919801615,
            1.30271435100001
          ],
          [
            103.919797947,
            1.30271553600004
          ],
          [
            103.919794484,
            1.30271723500005
          ],
          [
            103.919750265,
            1.30274311700003
          ],
          [
            103.919746436,
            1.30274583300007
          ],
          [
            103.919714359,
            1.30277321000005
          ],
          [
            103.919711505,
            1.30277603800004
          ],
          [
            103.919678918,
            1.30281352800005
          ],
          [
            103.91967842,
            1.30281412000004
          ],
          [
            103.91965066,
            1.30284851000004
          ],
          [
            103.919619327,
            1.30287024200004
          ],
          [
            103.919588129,
            1.30289188000006
          ],
          [
            103.919573517,
            1.30289478100001
          ],
          [
            103.919572986,
            1.30289488400006
          ],
          [
            103.919557605,
            1.30289793500003
          ],
          [
            103.919511002,
            1.30289076300004
          ],
          [
            103.919492761,
            1.30288795500008
          ],
          [
            103.919402733,
            1.30286865600004
          ],
          [
            103.919325007,
            1.30284947800004
          ],
          [
            103.919323269,
            1.30284911000007
          ],
          [
            103.919322465,
            1.30284898000001
          ],
          [
            103.919238811,
            1.30283674500003
          ],
          [
            103.919192479,
            1.30280665800007
          ],
          [
            103.919126141,
            1.30276145600003
          ],
          [
            103.919038028,
            1.30269178300005
          ],
          [
            103.918950037,
            1.30262023900002
          ],
          [
            103.918949308,
            1.30261966700005
          ],
          [
            103.918929318,
            1.30260452300007
          ],
          [
            103.918928356,
            1.30260391500001
          ],
          [
            103.918927512,
            1.30260326800003
          ],
          [
            103.918628139,
            1.30241277200004
          ],
          [
            103.918627211,
            1.30241220800001
          ],
          [
            103.918624555,
            1.30241085500006
          ],
          [
            103.9183685,
            1.30229790100003
          ],
          [
            103.918366897,
            1.30229725500002
          ],
          [
            103.918364911,
            1.30229661400005
          ],
          [
            103.918141591,
            1.30223401400001
          ],
          [
            103.918140839,
            1.30223381500001
          ],
          [
            103.917802028,
            1.30214935700008
          ],
          [
            103.917451126,
            1.30205411500002
          ],
          [
            103.917449417,
            1.30205371000005
          ],
          [
            103.917098731,
            1.30198279700004
          ],
          [
            103.916716246,
            1.30187357100004
          ],
          [
            103.916497217,
            1.30178729600005
          ],
          [
            103.916496364,
            1.30178697800004
          ],
          [
            103.916122541,
            1.30165828700006
          ],
          [
            103.915898358,
            1.30155844900002
          ],
          [
            103.915769107,
            1.30149274900003
          ],
          [
            103.915623103,
            1.30137057200007
          ],
          [
            103.915622143,
            1.30136980500002
          ],
          [
            103.915479369,
            1.30126097900005
          ],
          [
            103.915361545,
            1.30114337800004
          ],
          [
            103.915358007,
            1.30114040600004
          ],
          [
            103.915354017,
            1.30113808300006
          ],
          [
            103.915169294,
            1.30105081900007
          ],
          [
            103.915167059,
            1.30104988400007
          ],
          [
            103.915164748,
            1.30104915400006
          ],
          [
            103.915066107,
            1.30102283400003
          ],
          [
            103.915063879,
            1.30102234000003
          ],
          [
            103.915059176,
            1.30102192800006
          ],
          [
            103.914878692,
            1.30102222500004
          ],
          [
            103.914877397,
            1.30102225800005
          ],
          [
            103.914667421,
            1.30103277000005
          ],
          [
            103.914518556,
            1.30100388400005
          ],
          [
            103.914399782,
            1.30097940600006
          ],
          [
            103.914254108,
            1.30094938400003
          ],
          [
            103.91425311,
            1.30094919900006
          ],
          [
            103.913996771,
            1.30090910200003
          ],
          [
            103.913814644,
            1.30088239900005
          ],
          [
            103.913683652,
            1.30085378100006
          ],
          [
            103.913498602,
            1.30073310500005
          ],
          [
            103.913497422,
            1.30073237700003
          ],
          [
            103.913494616,
            1.30073096000007
          ],
          [
            103.913340252,
            1.30066397600006
          ],
          [
            103.913338798,
            1.30066339500007
          ],
          [
            103.913337469,
            1.30066294700002
          ],
          [
            103.913190803,
            1.30061776500002
          ],
          [
            103.913189002,
            1.30061727800005
          ],
          [
            103.912974129,
            1.30056713600003
          ],
          [
            103.912743284,
            1.30047049000007
          ],
          [
            103.912550658,
            1.30032131600005
          ],
          [
            103.912549277,
            1.30032031500003
          ],
          [
            103.912468909,
            1.30026584100006
          ],
          [
            103.912467329,
            1.30026484800003
          ],
          [
            103.912463044,
            1.30026283900002
          ],
          [
            103.912355731,
            1.30022379200006
          ],
          [
            103.911983851,
            1.30007685800006
          ],
          [
            103.911853469,
            1.30002613400006
          ],
          [
            103.911685287,
            1.29995872800003
          ],
          [
            103.911684334,
            1.29995836800003
          ],
          [
            103.911383351,
            1.29985346000006
          ],
          [
            103.91137921,
            1.29985237800003
          ],
          [
            103.91137813,
            1.29985220900004
          ],
          [
            103.911257183,
            1.29983580600004
          ],
          [
            103.911064465,
            1.29979372700007
          ],
          [
            103.910967065,
            1.29972207100007
          ],
          [
            103.910858974,
            1.29958730200002
          ],
          [
            103.910856015,
            1.29958421500004
          ],
          [
            103.910852609,
            1.29958163700006
          ],
          [
            103.910848841,
            1.29957963200008
          ],
          [
            103.91069185,
            1.29951145600005
          ],
          [
            103.91069039,
            1.29951087200004
          ],
          [
            103.910688773,
            1.29951033700006
          ],
          [
            103.910464472,
            1.29944397400004
          ],
          [
            103.910356453,
            1.29940797200003
          ],
          [
            103.910213018,
            1.29935571900006
          ],
          [
            103.909976017,
            1.29924583900005
          ],
          [
            103.909637703,
            1.29906810600004
          ],
          [
            103.909573161,
            1.29903584500004
          ],
          [
            103.909377593,
            1.29893317600005
          ],
          [
            103.909181178,
            1.29882189600005
          ],
          [
            103.909178782,
            1.29882069200005
          ],
          [
            103.908862125,
            1.29868091900005
          ],
          [
            103.908860517,
            1.29868027100002
          ],
          [
            103.90885887,
            1.29867972700003
          ],
          [
            103.908607578,
            1.29860570800002
          ],
          [
            103.908604687,
            1.29860502800005
          ],
          [
            103.9086018,
            1.29860467600003
          ],
          [
            103.908391406,
            1.29859055600003
          ],
          [
            103.908389612,
            1.29859049600003
          ],
          [
            103.908385366,
            1.29859083500002
          ],
          [
            103.908318471,
            1.29860157600007
          ],
          [
            103.908250583,
            1.29861247700005
          ],
          [
            103.908144888,
            1.29862944800004
          ],
          [
            103.907762771,
            1.29863490200005
          ],
          [
            103.907386095,
            1.29861604200005
          ],
          [
            103.907269359,
            1.29859982600004
          ],
          [
            103.907143211,
            1.29855371400002
          ],
          [
            103.906983547,
            1.29847692200002
          ],
          [
            103.906981143,
            1.29847590700007
          ],
          [
            103.906977846,
            1.29847493400005
          ],
          [
            103.906632161,
            1.29839659100004
          ],
          [
            103.906210769,
            1.29823440600005
          ],
          [
            103.905818137,
            1.29808153000004
          ],
          [
            103.905813677,
            1.29808027200004
          ],
          [
            103.905323545,
            1.29798691000002
          ],
          [
            103.904881931,
            1.29788042200004
          ],
          [
            103.904704531,
            1.29779613500005
          ],
          [
            103.904550994,
            1.29767506600007
          ],
          [
            103.904394876,
            1.29754391300003
          ],
          [
            103.904391777,
            1.29754166400004
          ],
          [
            103.904248093,
            1.29745226600005
          ],
          [
            103.904244335,
            1.29745032000004
          ],
          [
            103.904240321,
            1.29744898900002
          ],
          [
            103.903937675,
            1.29737451500006
          ],
          [
            103.903936503,
            1.29737425400003
          ],
          [
            103.903508576,
            1.29728907000001
          ],
          [
            103.903162535,
            1.29721037600005
          ],
          [
            103.902936314,
            1.29713866400004
          ],
          [
            103.902451401,
            1.29696145700007
          ],
          [
            103.902449304,
            1.29696078700004
          ],
          [
            103.90226852,
            1.29691108900004
          ],
          [
            103.90210276,
            1.29686552100003
          ],
          [
            103.901809741,
            1.29678496900003
          ],
          [
            103.90139892,
            1.29662274100002
          ],
          [
            103.900968036,
            1.29645857800005
          ],
          [
            103.900967289,
            1.29645831100004
          ],
          [
            103.900918483,
            1.29644170200004
          ],
          [
            103.900756658,
            1.29638663200006
          ],
          [
            103.900556647,
            1.29631022400003
          ],
          [
            103.900320125,
            1.29622134400006
          ],
          [
            103.900315482,
            1.29622008100005
          ],
          [
            103.90031355,
            1.29621981100007
          ],
          [
            103.900042653,
            1.29619186500002
          ],
          [
            103.900039904,
            1.29619172400003
          ],
          [
            103.900039038,
            1.29619173800007
          ],
          [
            103.899641038,
            1.29620461500002
          ],
          [
            103.899533593,
            1.29619921800002
          ],
          [
            103.899357875,
            1.29615566600007
          ],
          [
            103.899233453,
            1.29610800600004
          ],
          [
            103.899101339,
            1.29605020400003
          ],
          [
            103.898890941,
            1.29595698700007
          ],
          [
            103.898695212,
            1.29587284400001
          ],
          [
            103.8985682,
            1.29581608500007
          ],
          [
            103.89856648,
            1.29581538700006
          ],
          [
            103.898565798,
            1.29581514700003
          ],
          [
            103.898268318,
            1.29571517600004
          ],
          [
            103.898265677,
            1.29571443600004
          ],
          [
            103.89814447,
            1.29568708900008
          ],
          [
            103.897922335,
            1.29563838000007
          ],
          [
            103.897630585,
            1.29557860300002
          ],
          [
            103.897629888,
            1.29557847000007
          ],
          [
            103.897627458,
            1.29557815200007
          ],
          [
            103.89731667,
            1.29555194500004
          ],
          [
            103.897314419,
            1.29555185100002
          ],
          [
            103.897313112,
            1.29555188300002
          ],
          [
            103.897061105,
            1.29556419500005
          ],
          [
            103.89693708,
            1.29555809100003
          ],
          [
            103.896761317,
            1.29552344600006
          ],
          [
            103.896546017,
            1.29547005000005
          ],
          [
            103.896073696,
            1.29532748700006
          ],
          [
            103.895834406,
            1.29525854500003
          ],
          [
            103.89566662,
            1.29521332700005
          ],
          [
            103.895665326,
            1.29521301300002
          ],
          [
            103.895443933,
            1.29516499900006
          ],
          [
            103.895442935,
            1.29516480200005
          ],
          [
            103.895440852,
            1.29516451600006
          ],
          [
            103.895194838,
            1.29514055200002
          ],
          [
            103.895041567,
            1.29512427000002
          ],
          [
            103.89495136,
            1.29511468700002
          ],
          [
            103.894556307,
            1.29507272000006
          ],
          [
            103.893888832,
            1.29500250100005
          ],
          [
            103.892822686,
            1.29487291100002
          ],
          [
            103.891958389,
            1.29470621300005
          ],
          [
            103.89195791,
            1.29470612500006
          ],
          [
            103.891151302,
            1.29456836800005
          ],
          [
            103.89115022,
            1.29456820600007
          ],
          [
            103.890452341,
            1.29447818600005
          ],
          [
            103.890451388,
            1.29447808000004
          ],
          [
            103.890037945,
            1.29443972700006
          ],
          [
            103.890035465,
            1.29443961300006
          ],
          [
            103.889665012,
            1.29443975700001
          ],
          [
            103.889663387,
            1.29443980700007
          ],
          [
            103.888945408,
            1.29448373400004
          ],
          [
            103.888832059,
            1.29449069400005
          ],
          [
            103.888831189,
            1.29449076200007
          ],
          [
            103.888032034,
            1.29456604700005
          ],
          [
            103.888024012,
            1.29456694500004
          ],
          [
            103.887966366,
            1.29457339300006
          ],
          [
            103.887952832,
            1.29457490600002
          ],
          [
            103.887909308,
            1.29457946500002
          ],
          [
            103.88735718,
            1.29463729400004
          ],
          [
            103.88709624,
            1.29465977000006
          ],
          [
            103.886959448,
            1.29467155200005
          ],
          [
            103.886596406,
            1.29469518300004
          ],
          [
            103.88628317,
            1.29470008800006
          ],
          [
            103.885528056,
            1.29471191000005
          ],
          [
            103.885470099,
            1.29469876000007
          ],
          [
            103.885255783,
            1.29465013400005
          ],
          [
            103.885116192,
            1.29456060500006
          ],
          [
            103.885112477,
            1.29455861500001
          ],
          [
            103.885108499,
            1.29455723000006
          ],
          [
            103.885104356,
            1.29455648600004
          ],
          [
            103.885100148,
            1.29455640000003
          ],
          [
            103.884624233,
            1.29458412600008
          ],
          [
            103.884621966,
            1.29458435500005
          ],
          [
            103.884054045,
            1.29466626600004
          ],
          [
            103.883665626,
            1.29470352800006
          ],
          [
            103.883198047,
            1.29469923300007
          ],
          [
            103.882533851,
            1.29466166700007
          ],
          [
            103.882532069,
            1.29466162700005
          ],
          [
            103.882246511,
            1.29466737800005
          ],
          [
            103.882244495,
            1.29466749500006
          ],
          [
            103.881563228,
            1.29467314300005
          ],
          [
            103.881124026,
            1.29466166900004
          ],
          [
            103.880542348,
            1.29463298200005
          ],
          [
            103.880541306,
            1.29463295000003
          ],
          [
            103.880540579,
            1.29463294300008
          ],
          [
            103.879988265,
            1.29462722200003
          ],
          [
            103.879778604,
            1.29461850700006
          ],
          [
            103.879298143,
            1.29459853400004
          ],
          [
            103.878965533,
            1.29458823900005
          ],
          [
            103.878556511,
            1.29457557900003
          ],
          [
            103.877986454,
            1.29454690100004
          ],
          [
            103.877576141,
            1.29451823000005
          ],
          [
            103.877122557,
            1.29447829200006
          ],
          [
            103.876870626,
            1.29440454900003
          ],
          [
            103.876624497,
            1.29417705600002
          ],
          [
            103.876370797,
            1.29380823900005
          ],
          [
            103.876183493,
            1.29339694600003
          ],
          [
            103.876029435,
            1.29305813500002
          ],
          [
            103.876027608,
            1.29305476800004
          ],
          [
            103.876025326,
            1.29305169400005
          ],
          [
            103.876022637,
            1.29304897400004
          ],
          [
            103.875849594,
            1.29289714600003
          ],
          [
            103.875799917,
            1.29285355900003
          ],
          [
            103.875796375,
            1.29285097900003
          ],
          [
            103.875792466,
            1.29284900900006
          ],
          [
            103.875788292,
            1.29284770200006
          ],
          [
            103.875457356,
            1.29277305300008
          ],
          [
            103.87545363,
            1.29277248400006
          ],
          [
            103.875449861,
            1.29277244400003
          ],
          [
            103.875446123,
            1.29277293300003
          ],
          [
            103.875442489,
            1.29277394300004
          ],
          [
            103.875151373,
            1.29287736100002
          ],
          [
            103.875146991,
            1.29287940500007
          ],
          [
            103.875143059,
            1.29288218800001
          ],
          [
            103.874948983,
            1.29304880100004
          ],
          [
            103.874947258,
            1.29305041800007
          ],
          [
            103.874604729,
            1.29340092800002
          ],
          [
            103.874313929,
            1.29371083500005
          ],
          [
            103.874087099,
            1.29393357300006
          ],
          [
            103.874081986,
            1.29393859400006
          ],
          [
            103.87385102,
            1.29410041500006
          ],
          [
            103.873687961,
            1.29418262100006
          ],
          [
            103.873577143,
            1.29423881100007
          ],
          [
            103.873359777,
            1.29431880200001
          ],
          [
            103.873355555,
            1.29432078800006
          ],
          [
            103.873351587,
            1.29432360200001
          ],
          [
            103.873237308,
            1.29442242400006
          ],
          [
            103.873154471,
            1.29441496100004
          ],
          [
            103.873153148,
            1.29441487400003
          ],
          [
            103.873027263,
            1.29440979200006
          ],
          [
            103.872879342,
            1.29440387600004
          ],
          [
            103.872609572,
            1.29439184400007
          ],
          [
            103.872460965,
            1.29438359400007
          ],
          [
            103.872377274,
            1.29437894700003
          ],
          [
            103.872375789,
            1.29437890600001
          ],
          [
            103.872375105,
            1.29437891500003
          ],
          [
            103.872267523,
            1.29438166200003
          ],
          [
            103.872266875,
            1.29438168700004
          ],
          [
            103.872007136,
            1.29439461300006
          ],
          [
            103.871765049,
            1.29439860400003
          ],
          [
            103.871350334,
            1.29437493400006
          ],
          [
            103.870965765,
            1.29430978900006
          ],
          [
            103.870753298,
            1.29423362700004
          ],
          [
            103.870539073,
            1.29415683500002
          ],
          [
            103.870536581,
            1.29415607600003
          ],
          [
            103.870215934,
            1.29407521200005
          ],
          [
            103.870213964,
            1.29407479400003
          ],
          [
            103.8698447,
            1.29401210100002
          ],
          [
            103.869841742,
            1.29401176700003
          ],
          [
            103.869516724,
            1.29399322700004
          ],
          [
            103.869512665,
            1.29399330300004
          ],
          [
            103.869508663,
            1.29399399300007
          ],
          [
            103.86950481,
            1.29399527900005
          ],
          [
            103.869318609,
            1.29407355300002
          ],
          [
            103.869252675,
            1.29408924700005
          ],
          [
            103.868999902,
            1.29414941300007
          ],
          [
            103.868997698,
            1.29415003900004
          ],
          [
            103.86889868,
            1.29418275500006
          ],
          [
            103.868840629,
            1.29414867500003
          ],
          [
            103.868836318,
            1.29414664600006
          ],
          [
            103.868835623,
            1.29414640200003
          ],
          [
            103.868767153,
            1.29412343200005
          ],
          [
            103.86876331,
            1.29412245200006
          ],
          [
            103.868759825,
            1.29412206600004
          ],
          [
            103.868655844,
            1.29411742100005
          ],
          [
            103.86855036,
            1.29404341700007
          ],
          [
            103.868564279,
            1.29388840700005
          ],
          [
            103.868564301,
            1.29388377500003
          ],
          [
            103.868563539,
            1.29387920700003
          ],
          [
            103.868562017,
            1.29387483700003
          ],
          [
            103.868559778,
            1.29387079000002
          ],
          [
            103.868527825,
            1.29382312600006
          ],
          [
            103.868526129,
            1.29382086100002
          ],
          [
            103.868525247,
            1.29381985500004
          ],
          [
            103.868474466,
            1.29376472600006
          ],
          [
            103.868471607,
            1.29376204200002
          ],
          [
            103.868468394,
            1.29375980300006
          ],
          [
            103.868464892,
            1.29375805500006
          ],
          [
            103.868461177,
            1.29375683600005
          ],
          [
            103.868395603,
            1.29374049400006
          ],
          [
            103.868341356,
            1.29372697500003
          ],
          [
            103.868336938,
            1.29372625900003
          ],
          [
            103.868332464,
            1.29372628900005
          ],
          [
            103.868328056,
            1.29372706300006
          ],
          [
            103.868323836,
            1.29372856000003
          ],
          [
            103.868319921,
            1.29373073900006
          ],
          [
            103.868316417,
            1.29373354000006
          ],
          [
            103.868313422,
            1.29373688500005
          ],
          [
            103.868311018,
            1.29374068300006
          ],
          [
            103.868309271,
            1.29374482900004
          ],
          [
            103.86830823,
            1.29374920900005
          ],
          [
            103.868290186,
            1.29386796100005
          ],
          [
            103.868271541,
            1.29395639900001
          ],
          [
            103.868271368,
            1.29395729100002
          ],
          [
            103.868254645,
            1.29405216700007
          ],
          [
            103.868231887,
            1.29417739300003
          ],
          [
            103.868208582,
            1.29429214700002
          ],
          [
            103.868201116,
            1.29432220400001
          ],
          [
            103.868200721,
            1.29432407300003
          ],
          [
            103.86820052,
            1.29432541900006
          ],
          [
            103.868194616,
            1.29437296100001
          ],
          [
            103.868173157,
            1.29440688000006
          ],
          [
            103.868169673,
            1.29440931900007
          ],
          [
            103.868150602,
            1.29440559800003
          ],
          [
            103.868121375,
            1.29439989600006
          ],
          [
            103.868068675,
            1.29438961500005
          ],
          [
            103.867954251,
            1.29436729100007
          ],
          [
            103.867724958,
            1.29432255700004
          ],
          [
            103.867525373,
            1.29428361900005
          ],
          [
            103.867367302,
            1.29425290000006
          ],
          [
            103.867133375,
            1.29420754600004
          ],
          [
            103.866953858,
            1.29417274100006
          ],
          [
            103.866714541,
            1.29412634100004
          ],
          [
            103.866608641,
            1.29409386000002
          ],
          [
            103.866529732,
            1.29406985000002
          ],
          [
            103.866529098,
            1.29406979100002
          ],
          [
            103.86652657,
            1.29406955500001
          ],
          [
            103.866524538,
            1.29406945800002
          ],
          [
            103.866521955,
            1.29406967200003
          ],
          [
            103.866519988,
            1.29406990500007
          ],
          [
            103.86651739,
            1.29407059100004
          ],
          [
            103.866515577,
            1.29407112100005
          ],
          [
            103.866512959,
            1.29407233300002
          ],
          [
            103.866511434,
            1.29407307100006
          ],
          [
            103.86650855,
            1.29407507800005
          ],
          [
            103.866507716,
            1.29407566500004
          ],
          [
            103.866507635,
            1.29407573300006
          ],
          [
            103.866504467,
            1.29407888200007
          ],
          [
            103.866504379,
            1.29407898500005
          ]
        ]
      },
      "properties": {
        "OBJECTID": 305,
        "pcn_loop": "RIR",
        "pcn": "East Coast Park",
        "descriptionHTML": "East Coast Park is one of Singapore's most treasured urban getaways, offering a exciting diversity of recreational, sporting and dining activities. With the theme “Recreation for All”, the park has an activity for everyone.",
        "address": null,
        "Shape__Length": 13242.955648444675
      }
    },
    {
      "type": "Feature",
      "id": 306,
      "geometry": {
        "type": "LineString",
        "coordinates": [
          [
            103.869853275,
            1.28192329900002
          ],
          [
            103.869849863,
            1.28192512200007
          ],
          [
            103.869846761,
            1.28192743700002
          ],
          [
            103.869819824,
            1.28195079900005
          ],
          [
            103.869682267,
            1.28207009000004
          ],
          [
            103.869605169,
            1.28213505400005
          ],
          [
            103.869513192,
            1.28221253800006
          ],
          [
            103.869421159,
            1.28229228400006
          ],
          [
            103.869297211,
            1.28239968800005
          ],
          [
            103.8692529,
            1.28243808500002
          ],
          [
            103.869107225,
            1.28255253900004
          ],
          [
            103.868879386,
            1.28272368700004
          ],
          [
            103.868746265,
            1.28282108000008
          ],
          [
            103.868658965,
            1.28288240800002
          ],
          [
            103.868298835,
            1.28313540800002
          ],
          [
            103.867993446,
            1.28334564200003
          ],
          [
            103.867821444,
            1.28346046700006
          ],
          [
            103.867720634,
            1.28352746300005
          ],
          [
            103.867449067,
            1.28369657200004
          ],
          [
            103.867357744,
            1.28375344300002
          ],
          [
            103.867045511,
            1.28392885700003
          ],
          [
            103.86666206,
            1.28415096500004
          ],
          [
            103.866321813,
            1.28433330000008
          ],
          [
            103.865828947,
            1.28457733700003
          ],
          [
            103.865538159,
            1.28471232100004
          ],
          [
            103.865433488,
            1.28475801800004
          ],
          [
            103.865224264,
            1.28484936100005
          ],
          [
            103.864791596,
            1.28503005200002
          ],
          [
            103.864619858,
            1.28510177300006
          ],
          [
            103.864308172,
            1.28520871300002
          ],
          [
            103.863797034,
            1.28538736800004
          ],
          [
            103.863614733,
            1.28544744600003
          ],
          [
            103.863472075,
            1.28549047800005
          ],
          [
            103.863470594,
            1.28549097200003
          ],
          [
            103.863469487,
            1.28549140500007
          ],
          [
            103.863413785,
            1.28551465600002
          ],
          [
            103.863343792,
            1.28553475600006
          ],
          [
            103.863343021,
            1.28553499000003
          ],
          [
            103.86320807,
            1.28557817100005
          ],
          [
            103.863052786,
            1.28562955400003
          ],
          [
            103.863046881,
            1.28563145200007
          ],
          [
            103.862963667,
            1.28565819000004
          ],
          [
            103.862611634,
            1.28577130700007
          ],
          [
            103.862331962,
            1.28586164100005
          ],
          [
            103.861989656,
            1.28596612800002
          ],
          [
            103.86182871,
            1.28600651500005
          ],
          [
            103.861742393,
            1.28602817500006
          ],
          [
            103.861377837,
            1.28611985500004
          ],
          [
            103.861374036,
            1.28612111400003
          ],
          [
            103.861370467,
            1.28612293600002
          ],
          [
            103.861367212,
            1.28612527900004
          ],
          [
            103.861364347,
            1.28612809100002
          ],
          [
            103.861361936,
            1.28613130500003
          ],
          [
            103.861347077,
            1.28613633500004
          ],
          [
            103.86120943,
            1.28618009700005
          ],
          [
            103.860991439,
            1.28624935600003
          ],
          [
            103.860986649,
            1.28624975900005
          ],
          [
            103.860983116,
            1.28625063700002
          ],
          [
            103.860521509,
            1.28639733500005
          ]
        ]
      },
      "properties": {
        "OBJECTID": 306,
        "pcn_loop": "RIR",
        "pcn": "Gardens by the Bay",
        "descriptionHTML": "Gardens by the Bay is a 101-hectare development that comprises three plots - Bay South, Bay East and Bay Central. Bay South Garden, situated on prime waterfront land at Marina South, is the largest of the three gardens at 54 hectares. The rest of the 101 hectares include Bay East Garden across the Marina Channel and Bay Central Garden beside the Singapore Flyer.",
        "address": null,
        "Shape__Length": 1164.0193853444775
      }
    },
    {
      "type": "Feature",
      "id": 307,
      "geometry": {
        "type": "LineString",
        "coordinates": [
          [
            103.866501659,
            1.29408283600001
          ],
          [
            103.866427985,
            1.29405517500003
          ],
          [
            103.866458662,
            1.29393004000001
          ],
          [
            103.866491718,
            1.29379520000004
          ],
          [
            103.866630365,
            1.29338389200006
          ],
          [
            103.866649282,
            1.29332777200004
          ],
          [
            103.86675352,
            1.29301853800007
          ],
          [
            103.866800525,
            1.29287909500003
          ],
          [
            103.866906631,
            1.29256432100003
          ],
          [
            103.867003498,
            1.29227695500003
          ],
          [
            103.867003911,
            1.29227561700002
          ],
          [
            103.867061804,
            1.29206943100007
          ],
          [
            103.867209303,
            1.29173202100003
          ],
          [
            103.867210004,
            1.29173024900007
          ],
          [
            103.867373474,
            1.29126406500005
          ],
          [
            103.867398624,
            1.29119234000008
          ],
          [
            103.867488357,
            1.29095525700006
          ],
          [
            103.867541931,
            1.29081370800003
          ],
          [
            103.867617364,
            1.29064995000004
          ],
          [
            103.867680085,
            1.29051378800006
          ],
          [
            103.867733275,
            1.29039831600003
          ],
          [
            103.867999744,
            1.28981983500006
          ],
          [
            103.868143198,
            1.28951300700004
          ],
          [
            103.868210468,
            1.28938537300008
          ],
          [
            103.868533512,
            1.28877245000005
          ],
          [
            103.868554932,
            1.28873527900003
          ],
          [
            103.868601034,
            1.28865527400007
          ],
          [
            103.868601746,
            1.28865403800006
          ],
          [
            103.868903644,
            1.28813013500006
          ],
          [
            103.868923854,
            1.28809506300008
          ],
          [
            103.869170524,
            1.28770233300002
          ],
          [
            103.86923869,
            1.28759856100004
          ],
          [
            103.870088733,
            1.28630449700005
          ],
          [
            103.870247942,
            1.28606212600005
          ],
          [
            103.870330571,
            1.28595766400001
          ],
          [
            103.870356867,
            1.28592441900001
          ],
          [
            103.870990783,
            1.28512300500006
          ],
          [
            103.870991218,
            1.28512246200005
          ],
          [
            103.87099331,
            1.28511981700006
          ],
          [
            103.87117667,
            1.28488801000003
          ],
          [
            103.871190203,
            1.28487285800003
          ],
          [
            103.871309241,
            1.28473958200004
          ],
          [
            103.87174218,
            1.28425486200005
          ],
          [
            103.871820291,
            1.28416740800004
          ],
          [
            103.871975514,
            1.28399362000005
          ],
          [
            103.872286187,
            1.28366841500001
          ],
          [
            103.872327843,
            1.28362481000005
          ],
          [
            103.872392415,
            1.28355721800004
          ],
          [
            103.872601346,
            1.28333851400003
          ],
          [
            103.872873028,
            1.28305412400004
          ],
          [
            103.87291756,
            1.28301397800003
          ],
          [
            103.873097623,
            1.28285164900007
          ],
          [
            103.873104237,
            1.28284568600004
          ],
          [
            103.873199921,
            1.28275942600005
          ],
          [
            103.873729268,
            1.28229925300008
          ],
          [
            103.873732254,
            1.28229621200005
          ],
          [
            103.87379068,
            1.28222648500003
          ],
          [
            103.873793233,
            1.28222286700003
          ],
          [
            103.873795166,
            1.28221887800003
          ],
          [
            103.873796426,
            1.28221462500006
          ],
          [
            103.873796981,
            1.28221022200005
          ],
          [
            103.873796816,
            1.28220578700006
          ]
        ]
      },
      "properties": {
        "OBJECTID": 307,
        "pcn_loop": "RIR",
        "pcn": "Gardens by the Bay East",
        "descriptionHTML": null,
        "address": null,
        "Shape__Length": 1585.6562135965648
      }
    },
    {
      "type": "Feature",
      "id": 308,
      "geometry": {
        "type": "LineString",
        "coordinates": [
          [
            103.860626694,
            1.28636086400008
          ],
          [
            103.860626015,
            1.28657561600004
          ],
          [
            103.860688677,
            1.28863365500006
          ]
        ]
      },
      "properties": {
        "OBJECTID": 308,
        "pcn_loop": "RIR",
        "pcn": "Bayfront Avenue",
        "descriptionHTML": null,
        "address": null,
        "Shape__Length": 253.17608890464246
      }
    },
    {
      "type": "Feature",
      "id": 309,
      "geometry": {
        "type": "LineString",
        "coordinates": [
          [
            103.857594214,
            1.28882655000006
          ],
          [
            103.857590394,
            1.28882556900004
          ],
          [
            103.857586757,
            1.28882403700004
          ],
          [
            103.85758338,
            1.28882198800004
          ],
          [
            103.857580337,
            1.28881946500008
          ],
          [
            103.857574787,
            1.28881413100004
          ],
          [
            103.857559523,
            1.28880267200001
          ],
          [
            103.857553839,
            1.28879840400002
          ],
          [
            103.857534579,
            1.28878959300005
          ],
          [
            103.857477648,
            1.28879295400001
          ],
          [
            103.857347621,
            1.28880063300006
          ],
          [
            103.857152112,
            1.28881217500003
          ],
          [
            103.856951801,
            1.28882379800006
          ],
          [
            103.856766697,
            1.28883485200003
          ],
          [
            103.856564986,
            1.28884608500004
          ],
          [
            103.856378203,
            1.28885751600006
          ],
          [
            103.856377107,
            1.28885756000005
          ],
          [
            103.856368741,
            1.28885772900003
          ],
          [
            103.856298709,
            1.28886162800006
          ],
          [
            103.855724941,
            1.28889430700002
          ],
          [
            103.855657627,
            1.28889716800006
          ],
          [
            103.855444553,
            1.28890497900005
          ],
          [
            103.855247611,
            1.28891219700005
          ],
          [
            103.855000191,
            1.28892146000004
          ],
          [
            103.85499919,
            1.28892147800002
          ],
          [
            103.85499688,
            1.28892137900004
          ],
          [
            103.854887806,
            1.28891193800007
          ]
        ]
      },
      "properties": {
        "OBJECTID": 309,
        "pcn_loop": "RIR",
        "pcn": "Esplanade Promenade",
        "descriptionHTML": null,
        "address": null,
        "Shape__Length": 302.96720640993743
      }
    },
    {
      "type": "Feature",
      "id": 310,
      "geometry": {
        "type": "LineString",
        "coordinates": [
          [
            103.852851545,
            1.28755963600001
          ],
          [
            103.852679352,
            1.28735840800005
          ],
          [
            103.852677433,
            1.28735616400007
          ],
          [
            103.852676757,
            1.28735533100005
          ],
          [
            103.852675852,
            1.28735418800005
          ],
          [
            103.852582992,
            1.28723675900005
          ],
          [
            103.852527427,
            1.28716649300003
          ],
          [
            103.852376878,
            1.28697611000005
          ],
          [
            103.852278884,
            1.28685218900005
          ],
          [
            103.852268099,
            1.28684838900006
          ],
          [
            103.852265108,
            1.28684710500004
          ],
          [
            103.852256121,
            1.28684258300006
          ],
          [
            103.852254698,
            1.28684181200002
          ],
          [
            103.852254156,
            1.28684148900004
          ],
          [
            103.852140599,
            1.28677189200005
          ],
          [
            103.852138083,
            1.28677014600003
          ],
          [
            103.852104916,
            1.28674421500005
          ],
          [
            103.85205239,
            1.28670992400002
          ],
          [
            103.852028604,
            1.28669546500003
          ],
          [
            103.852008904,
            1.28668349100006
          ],
          [
            103.852007804,
            1.28668278400004
          ],
          [
            103.851985022,
            1.28666737400005
          ],
          [
            103.8519796,
            1.28666370700005
          ],
          [
            103.851971205,
            1.28665802800003
          ],
          [
            103.851959197,
            1.28665320100003
          ],
          [
            103.851955717,
            1.28665150100004
          ],
          [
            103.851954847,
            1.28665097400006
          ],
          [
            103.851949446,
            1.28664755600005
          ],
          [
            103.851915686,
            1.28663056700003
          ],
          [
            103.851900215,
            1.28662433900008
          ],
          [
            103.851890605,
            1.28662047000006
          ],
          [
            103.851889766,
            1.28662013200004
          ],
          [
            103.851887726,
            1.28661921000001
          ],
          [
            103.851863226,
            1.28660688100007
          ],
          [
            103.8518403,
            1.28660072700006
          ],
          [
            103.851812954,
            1.28659642700005
          ],
          [
            103.85181223,
            1.28659630200001
          ],
          [
            103.851792399,
            1.28659246600006
          ],
          [
            103.851785882,
            1.28659306100007
          ],
          [
            103.851783447,
            1.28659317100005
          ],
          [
            103.851782048,
            1.28659313500002
          ],
          [
            103.851739233,
            1.28659089500007
          ],
          [
            103.851728191,
            1.28659031800004
          ],
          [
            103.851727418,
            1.28659027700007
          ],
          [
            103.851707897,
            1.28659126900003
          ],
          [
            103.851644818,
            1.28660005900001
          ],
          [
            103.851566471,
            1.28662020200005
          ],
          [
            103.851549112,
            1.28662646500003
          ],
          [
            103.851527823,
            1.28663636200002
          ],
          [
            103.851491384,
            1.28665330200003
          ],
          [
            103.85148531,
            1.28665705000002
          ],
          [
            103.851448341,
            1.28667985900005
          ],
          [
            103.85143226,
            1.28669255600004
          ],
          [
            103.851403198,
            1.28671549800003
          ],
          [
            103.851358655,
            1.28676053600004
          ],
          [
            103.851325185,
            1.28680322800005
          ],
          [
            103.851322014,
            1.28680662700002
          ],
          [
            103.851318312,
            1.28680942800004
          ],
          [
            103.851314188,
            1.28681155000002
          ],
          [
            103.851309764,
            1.28681293100004
          ],
          [
            103.85130517,
            1.28681352900002
          ],
          [
            103.851300543,
            1.28681332600008
          ],
          [
            103.851296018,
            1.28681232900004
          ],
          [
            103.85129173,
            1.28681056700002
          ],
          [
            103.851287805,
            1.28680809300004
          ],
          [
            103.851265311,
            1.28679103900003
          ],
          [
            103.851077171,
            1.28704241600003
          ],
          [
            103.851099631,
            1.28705944500006
          ],
          [
            103.851103123,
            1.28706260800004
          ],
          [
            103.851106016,
            1.28706633400002
          ],
          [
            103.851108223,
            1.28707050900006
          ],
          [
            103.851109676,
            1.28707500500003
          ],
          [
            103.851110331,
            1.28707968800006
          ],
          [
            103.851110169,
            1.28708441400005
          ],
          [
            103.851109193,
            1.28708903900001
          ],
          [
            103.851107435,
            1.28709342400004
          ],
          [
            103.851104947,
            1.28709743500003
          ],
          [
            103.851033194,
            1.28719334700003
          ],
          [
            103.850946439,
            1.28730931200005
          ],
          [
            103.850878565,
            1.28740003900002
          ],
          [
            103.850877584,
            1.28740127400004
          ],
          [
            103.850842094,
            1.28744289600007
          ],
          [
            103.850794824,
            1.28749833600004
          ],
          [
            103.850463747,
            1.28788662800002
          ],
          [
            103.850466915,
            1.28788907200004
          ],
          [
            103.850470317,
            1.28789219500003
          ],
          [
            103.850473142,
            1.28789585600003
          ],
          [
            103.850475306,
            1.28789994800007
          ],
          [
            103.850476747,
            1.28790435000007
          ],
          [
            103.850477422,
            1.28790893500008
          ],
          [
            103.850477311,
            1.28791356900005
          ],
          [
            103.850476419,
            1.28791811700005
          ],
          [
            103.850474771,
            1.28792244500004
          ],
          [
            103.850472414,
            1.28792642700006
          ],
          [
            103.85032455,
            1.28813373600003
          ],
          [
            103.850321861,
            1.28813750600005
          ],
          [
            103.850276542,
            1.28820127100003
          ],
          [
            103.850225714,
            1.28827229600006
          ],
          [
            103.850224808,
            1.28827349100004
          ],
          [
            103.849779348,
            1.28882839400006
          ],
          [
            103.849780953,
            1.28882951100007
          ],
          [
            103.849784303,
            1.28883226900006
          ],
          [
            103.84978717,
            1.28883553100007
          ],
          [
            103.849789483,
            1.28883921300007
          ],
          [
            103.84979118,
            1.28884322000005
          ],
          [
            103.849792218,
            1.28884744900005
          ],
          [
            103.849792571,
            1.28885179000002
          ],
          [
            103.849792228,
            1.28885613200003
          ],
          [
            103.8497912,
            1.28886036300002
          ],
          [
            103.849789512,
            1.28886437400007
          ],
          [
            103.849787209,
            1.28886806100006
          ],
          [
            103.849733413,
            1.28894052500004
          ],
          [
            103.84967977,
            1.28901278400002
          ],
          [
            103.84961115,
            1.28911092300006
          ],
          [
            103.849608859,
            1.28911377000002
          ],
          [
            103.849606208,
            1.28911628000003
          ],
          [
            103.849603244,
            1.28911840800004
          ],
          [
            103.849518402,
            1.28917101500002
          ],
          [
            103.849513992,
            1.28917374800006
          ],
          [
            103.849493519,
            1.28918644400005
          ],
          [
            103.849315694,
            1.28933524000008
          ],
          [
            103.849312741,
            1.28933738800002
          ],
          [
            103.849312228,
            1.28933771100003
          ],
          [
            103.849238887,
            1.28938374600005
          ],
          [
            103.849234189,
            1.28938669400003
          ],
          [
            103.84906117,
            1.28949529500006
          ],
          [
            103.848902047,
            1.28959517300006
          ],
          [
            103.848821992,
            1.28964496700007
          ],
          [
            103.848640879,
            1.28975677000005
          ],
          [
            103.848578199,
            1.28979534300002
          ],
          [
            103.848498257,
            1.28983557400005
          ],
          [
            103.848417895,
            1.28988410200003
          ],
          [
            103.848417087,
            1.28988456300004
          ],
          [
            103.848411419,
            1.28988766200007
          ],
          [
            103.848409248,
            1.28988872400004
          ],
          [
            103.848403328,
            1.28989130000003
          ],
          [
            103.848401852,
            1.28989189100003
          ],
          [
            103.848401075,
            1.28989216200005
          ],
          [
            103.848394949,
            1.28989419500005
          ],
          [
            103.848392625,
            1.28989485200003
          ],
          [
            103.848386343,
            1.28989632500004
          ],
          [
            103.848384907,
            1.28989662100001
          ],
          [
            103.848383973,
            1.28989677000004
          ],
          [
            103.848377584,
            1.28989767200004
          ],
          [
            103.848375185,
            1.28989790200006
          ],
          [
            103.848368745,
            1.28989822600004
          ],
          [
            103.848367396,
            1.28989826000003
          ],
          [
            103.848366334,
            1.28989823900002
          ],
          [
            103.848359888,
            1.28989798300005
          ],
          [
            103.848357484,
            1.28989777900005
          ],
          [
            103.848351088,
            1.28989694500006
          ],
          [
            103.848349873,
            1.28989675800005
          ],
          [
            103.848348714,
            1.28989652600006
          ],
          [
            103.848342418,
            1.28989511900005
          ],
          [
            103.848340087,
            1.28989448700003
          ],
          [
            103.84833394,
            1.28989251900003
          ],
          [
            103.848332892,
            1.28989216000002
          ],
          [
            103.848331679,
            1.28989168200007
          ],
          [
            103.848325732,
            1.28988916900005
          ],
          [
            103.84832355,
            1.28988813000007
          ],
          [
            103.848320485,
            1.28988649700006
          ],
          [
            103.84831785,
            1.28988509200002
          ],
          [
            103.848316985,
            1.28988461100005
          ],
          [
            103.848315774,
            1.28988386300006
          ],
          [
            103.848310365,
            1.28988032500006
          ],
          [
            103.848308404,
            1.28987891300005
          ],
          [
            103.848303332,
            1.28987490300005
          ],
          [
            103.848302656,
            1.28987435100004
          ],
          [
            103.848301502,
            1.28987331800005
          ],
          [
            103.848300375,
            1.28987225000003
          ],
          [
            103.848299867,
            1.28987176800007
          ],
          [
            103.848296805,
            1.28986886700004
          ],
          [
            103.848295126,
            1.28986712600004
          ],
          [
            103.848290844,
            1.28986227000007
          ],
          [
            103.848290185,
            1.28986149200006
          ],
          [
            103.848258283,
            1.28982164400002
          ],
          [
            103.848196375,
            1.28974430700003
          ],
          [
            103.848178431,
            1.28972189100005
          ],
          [
            103.848156603,
            1.28969462400005
          ],
          [
            103.848052172,
            1.28956416600005
          ],
          [
            103.847678114,
            1.28968205300004
          ],
          [
            103.847676841,
            1.28968233400002
          ],
          [
            103.847673524,
            1.28968306700005
          ],
          [
            103.84766883,
            1.28968326400007
          ],
          [
            103.847664172,
            1.28968263800006
          ],
          [
            103.847659694,
            1.28968120700006
          ],
          [
            103.84765553,
            1.28967901500005
          ],
          [
            103.847651808,
            1.28967612800005
          ],
          [
            103.84764864,
            1.28967263500003
          ],
          [
            103.847646124,
            1.28966864200005
          ],
          [
            103.847550002,
            1.28970768700002
          ],
          [
            103.847545583,
            1.28970672400005
          ],
          [
            103.847541386,
            1.28970503200002
          ],
          [
            103.847530627,
            1.28969959900007
          ],
          [
            103.847513708,
            1.28969105600003
          ],
          [
            103.847504142,
            1.28968622500002
          ],
          [
            103.847500615,
            1.28968409000003
          ],
          [
            103.847497452,
            1.28968144000004
          ],
          [
            103.847494727,
            1.28967833600006
          ],
          [
            103.847492503,
            1.28967485200008
          ],
          [
            103.847490833,
            1.28967106700003
          ],
          [
            103.847489753,
            1.28966707000005
          ],
          [
            103.847487022,
            1.28965269000002
          ],
          [
            103.84747175,
            1.28965660000006
          ],
          [
            103.847428354,
            1.28966823900003
          ],
          [
            103.847384665,
            1.28967952400007
          ],
          [
            103.847341173,
            1.28969084900007
          ],
          [
            103.847297667,
            1.28970213400003
          ],
          [
            103.847296331,
            1.28970244400005
          ],
          [
            103.847263197,
            1.28970925200002
          ],
          [
            103.847208296,
            1.28972053000006
          ],
          [
            103.847207586,
            1.28972066600005
          ],
          [
            103.84720584,
            1.28972091700007
          ],
          [
            103.847161396,
            1.28972581600005
          ],
          [
            103.847159841,
            1.28972595300006
          ],
          [
            103.847114999,
            1.28972860500005
          ],
          [
            103.847113364,
            1.28972865100007
          ],
          [
            103.847068315,
            1.28972846900005
          ],
          [
            103.847066898,
            1.28972842500001
          ],
          [
            103.84706149,
            1.28972811700003
          ],
          [
            103.847060054,
            1.28972803600004
          ],
          [
            103.847059149,
            1.28972796900006
          ],
          [
            103.847000435,
            1.28972263300005
          ],
          [
            103.846998814,
            1.28972243500003
          ],
          [
            103.846984151,
            1.28972019500002
          ],
          [
            103.846930701,
            1.28971202800004
          ],
          [
            103.846930067,
            1.28971192300002
          ],
          [
            103.846929361,
            1.28971178800003
          ],
          [
            103.846885302,
            1.28970274500005
          ],
          [
            103.846884248,
            1.28970250700006
          ],
          [
            103.846840642,
            1.28969170900007
          ],
          [
            103.846839557,
            1.28969141600003
          ],
          [
            103.846826472,
            1.28968758700006
          ],
          [
            103.846822786,
            1.28968650900002
          ],
          [
            103.846808857,
            1.28968243300005
          ],
          [
            103.846796378,
            1.28967878200006
          ],
          [
            103.846794711,
            1.28967823500005
          ],
          [
            103.84675245,
            1.28966281000004
          ],
          [
            103.846750435,
            1.28966197900007
          ],
          [
            103.846727262,
            1.28965130300004
          ],
          [
            103.846709997,
            1.28964334700004
          ],
          [
            103.846709398,
            1.28964307000007
          ],
          [
            103.846668719,
            1.28962379100006
          ],
          [
            103.846645428,
            1.28961276800003
          ],
          [
            103.846627919,
            1.28960448500003
          ],
          [
            103.846587274,
            1.28958513500004
          ],
          [
            103.846562625,
            1.28957347000006
          ],
          [
            103.846547589,
            1.28956635500001
          ],
          [
            103.846546602,
            1.28956588700003
          ],
          [
            103.846505818,
            1.28954640800002
          ],
          [
            103.84646535,
            1.28952699700005
          ],
          [
            103.846464708,
            1.28952669200003
          ],
          [
            103.846461538,
            1.28952518000005
          ],
          [
            103.846424687,
            1.28950759000002
          ],
          [
            103.846384116,
            1.28948820300007
          ],
          [
            103.846343396,
            1.28946889600007
          ],
          [
            103.846302855,
            1.28944932400002
          ],
          [
            103.846262375,
            1.28943010400009
          ],
          [
            103.846221847,
            1.28941101600002
          ],
          [
            103.846208999,
            1.28940516800004
          ],
          [
            103.846194292,
            1.28939847300005
          ],
          [
            103.846181041,
            1.28939244000003
          ],
          [
            103.84614022,
            1.28937371100005
          ],
          [
            103.84609953,
            1.28935546700007
          ],
          [
            103.846058199,
            1.28933716900002
          ],
          [
            103.846017125,
            1.28931895900007
          ],
          [
            103.845975925,
            1.28930062000007
          ],
          [
            103.845934885,
            1.28928223100008
          ],
          [
            103.845893955,
            1.28926410200004
          ],
          [
            103.845852763,
            1.28924640500003
          ],
          [
            103.845811826,
            1.28922904700004
          ],
          [
            103.845811464,
            1.28922889800003
          ],
          [
            103.845770226,
            1.28921230900004
          ],
          [
            103.845728769,
            1.28919603700008
          ],
          [
            103.845686905,
            1.28918072200002
          ],
          [
            103.845644936,
            1.28916576500005
          ],
          [
            103.845602618,
            1.28915167900004
          ],
          [
            103.845559975,
            1.28913784000002
          ],
          [
            103.84552147,
            1.28912563200003
          ],
          [
            103.845517455,
            1.28912435900003
          ],
          [
            103.845508484,
            1.28912168500005
          ],
          [
            103.845474353,
            1.28911087200003
          ],
          [
            103.845473704,
            1.28911065700004
          ],
          [
            103.84540783,
            1.28908792400005
          ],
          [
            103.845357168,
            1.28907043800006
          ],
          [
            103.845354471,
            1.28906931100005
          ],
          [
            103.845270234,
            1.28902855800003
          ],
          [
            103.845260884,
            1.28902463100007
          ],
          [
            103.845244676,
            1.28901782400003
          ],
          [
            103.845208442,
            1.28900260700003
          ],
          [
            103.845204663,
            1.28900065500005
          ],
          [
            103.845201235,
            1.28899813000004
          ],
          [
            103.845198245,
            1.28899509400001
          ],
          [
            103.845194907,
            1.28899112500005
          ],
          [
            103.845182614,
            1.28897666400007
          ],
          [
            103.845147507,
            1.28896256700005
          ],
          [
            103.845112695,
            1.28895948400003
          ],
          [
            103.845065033,
            1.28896654400005
          ],
          [
            103.845010163,
            1.28897467000007
          ],
          [
            103.845006935,
            1.28897739100005
          ],
          [
            103.845003293,
            1.28897951900006
          ],
          [
            103.844975675,
            1.28899274700006
          ],
          [
            103.844973208,
            1.28899392700004
          ],
          [
            103.844955167,
            1.28900256600003
          ],
          [
            103.844830571,
            1.28906807700002
          ],
          [
            103.844802717,
            1.28908242500007
          ],
          [
            103.844706827,
            1.28913181700006
          ],
          [
            103.844657726,
            1.28915774100005
          ],
          [
            103.844615426,
            1.28918081600005
          ],
          [
            103.844594073,
            1.28919373100006
          ],
          [
            103.844544294,
            1.28923545500004
          ],
          [
            103.844488342,
            1.28928918200006
          ],
          [
            103.844464498,
            1.28931441800005
          ],
          [
            103.84444216,
            1.28933948100006
          ],
          [
            103.844414214,
            1.28937051300005
          ],
          [
            103.844385448,
            1.28940971000002
          ],
          [
            103.844355478,
            1.28944990600008
          ],
          [
            103.844332322,
            1.28948301300005
          ],
          [
            103.844330953,
            1.28948497100003
          ],
          [
            103.844302054,
            1.28952628500002
          ],
          [
            103.844196329,
            1.28967107300002
          ],
          [
            103.844163798,
            1.28972951800005
          ],
          [
            103.84412388,
            1.28979846800007
          ],
          [
            103.84410704,
            1.28984191800003
          ],
          [
            103.84409088,
            1.28988938800005
          ],
          [
            103.844088359,
            1.28989670300005
          ],
          [
            103.844076056,
            1.28993192700006
          ],
          [
            103.844068621,
            1.28997281700002
          ],
          [
            103.844048085,
            1.29008576700005
          ],
          [
            103.844045241,
            1.290134398
          ],
          [
            103.844041045,
            1.29019693700007
          ],
          [
            103.84404028,
            1.29020836100005
          ],
          [
            103.84404202,
            1.29023058900003
          ],
          [
            103.844045323,
            1.29027276600003
          ],
          [
            103.844045931,
            1.29028052100006
          ],
          [
            103.844046835,
            1.29029207400004
          ],
          [
            103.844046939,
            1.29029338900004
          ],
          [
            103.844047083,
            1.29029403700002
          ],
          [
            103.844062107,
            1.29036133800001
          ],
          [
            103.844076107,
            1.29044838300007
          ],
          [
            103.844083368,
            1.29054182100003
          ],
          [
            103.84408341,
            1.29054245300004
          ],
          [
            103.844087675,
            1.29062083900004
          ],
          [
            103.844087714,
            1.29062255100006
          ],
          [
            103.844086227,
            1.29071191000003
          ],
          [
            103.844085824,
            1.29071615400003
          ],
          [
            103.844084765,
            1.29072028100005
          ],
          [
            103.844083077,
            1.29072419100004
          ],
          [
            103.844080801,
            1.29072778600004
          ],
          [
            103.844077994,
            1.29073097800006
          ],
          [
            103.844074725,
            1.29073368800004
          ],
          [
            103.844006779,
            1.29078152100004
          ],
          [
            103.844001185,
            1.29078545800007
          ],
          [
            103.843918492,
            1.29084367300004
          ],
          [
            103.843914388,
            1.29084656200008
          ],
          [
            103.843828123,
            1.29090729200004
          ],
          [
            103.843824709,
            1.29090933600002
          ],
          [
            103.843821033,
            1.29091085200004
          ],
          [
            103.843817176,
            1.29091180900002
          ],
          [
            103.843813222,
            1.29091218500002
          ],
          [
            103.843738498,
            1.29091371500005
          ],
          [
            103.843735126,
            1.29091353800003
          ],
          [
            103.843604568,
            1.29089833900002
          ],
          [
            103.843601101,
            1.29089770200004
          ],
          [
            103.843597746,
            1.29089661500006
          ],
          [
            103.843594561,
            1.29089509700003
          ],
          [
            103.843568117,
            1.29088029100006
          ],
          [
            103.843517771,
            1.29085210100005
          ],
          [
            103.843515884,
            1.29085104500007
          ],
          [
            103.843486788,
            1.29083876400005
          ],
          [
            103.843483735,
            1.29083724000002
          ],
          [
            103.843481523,
            1.29083580600008
          ],
          [
            103.843476601,
            1.29083226000006
          ],
          [
            103.8434341,
            1.29080164300006
          ],
          [
            103.843289598,
            1.29069754900006
          ],
          [
            103.843286158,
            1.29069609600004
          ],
          [
            103.843275702,
            1.29069356200006
          ],
          [
            103.843146785,
            1.29066232300005
          ],
          [
            103.843143875,
            1.29066144100005
          ],
          [
            103.843141367,
            1.29066037500007
          ],
          [
            103.843112459,
            1.29064631600005
          ],
          [
            103.842938711,
            1.29060640900002
          ],
          [
            103.842759845,
            1.29056532700002
          ],
          [
            103.842600821,
            1.29052880300003
          ],
          [
            103.84253967,
            1.29052830600004
          ],
          [
            103.842537739,
            1.29052828900007
          ],
          [
            103.842537119,
            1.29052828500005
          ],
          [
            103.842099446,
            1.29052059400004
          ],
          [
            103.842096454,
            1.29052284700003
          ],
          [
            103.842093177,
            1.29052465400002
          ],
          [
            103.84208968,
            1.29052598100004
          ],
          [
            103.842086033,
            1.29052680000007
          ],
          [
            103.842082308,
            1.29052709500007
          ],
          [
            103.842063472,
            1.29052730000006
          ],
          [
            103.842058443,
            1.29052729700004
          ],
          [
            103.842002065,
            1.29052726600002
          ],
          [
            103.841917347,
            1.29052722000007
          ],
          [
            103.841916688,
            1.29052721200002
          ],
          [
            103.841770515,
            1.29052353500002
          ],
          [
            103.84173714,
            1.29052219300006
          ],
          [
            103.841649662,
            1.29051778500002
          ],
          [
            103.841628978,
            1.29051652500004
          ],
          [
            103.841625928,
            1.29051679400003
          ],
          [
            103.841624325,
            1.29051674600003
          ],
          [
            103.841251629,
            1.29049440500006
          ],
          [
            103.84083556,
            1.29046746800004
          ],
          [
            103.840737266,
            1.29046110200004
          ],
          [
            103.840725371,
            1.29046019600002
          ],
          [
            103.840715303,
            1.29045942700004
          ],
          [
            103.8407143,
            1.29045933200007
          ],
          [
            103.840659713,
            1.29045309200007
          ],
          [
            103.840657984,
            1.29045283700003
          ],
          [
            103.840624621,
            1.29044668000006
          ],
          [
            103.840623306,
            1.29044640300002
          ],
          [
            103.840604068,
            1.29044184500003
          ],
          [
            103.840602421,
            1.29044139900002
          ],
          [
            103.840601,
            1.29044096500007
          ],
          [
            103.840577261,
            1.29043370900007
          ],
          [
            103.840575918,
            1.29043325900005
          ],
          [
            103.840565578,
            1.29042949200003
          ],
          [
            103.840532443,
            1.29041741600002
          ],
          [
            103.840530316,
            1.29041653400003
          ],
          [
            103.840492218,
            1.29039878100002
          ],
          [
            103.840490604,
            1.29039796200004
          ],
          [
            103.840450879,
            1.29037608500004
          ],
          [
            103.84045034,
            1.29037578100003
          ],
          [
            103.840449698,
            1.29037539500006
          ],
          [
            103.840425033,
            1.29036013000007
          ],
          [
            103.840424214,
            1.29035960200002
          ],
          [
            103.840395496,
            1.29034035700004
          ],
          [
            103.840394531,
            1.29033967900006
          ],
          [
            103.840379911,
            1.29032892600003
          ],
          [
            103.840379205,
            1.29032838800002
          ],
          [
            103.840357478,
            1.29031127800005
          ],
          [
            103.840356763,
            1.29031069400003
          ],
          [
            103.840356124,
            1.29031013800004
          ],
          [
            103.840338504,
            1.29029428400004
          ],
          [
            103.840337309,
            1.29029314100005
          ],
          [
            103.840320174,
            1.29027571400009
          ],
          [
            103.840319494,
            1.29027499700003
          ],
          [
            103.840297749,
            1.29025120300003
          ],
          [
            103.840296885,
            1.29025021100006
          ],
          [
            103.840280154,
            1.29022988400003
          ],
          [
            103.840268122,
            1.29021507600002
          ],
          [
            103.840266564,
            1.29021295700004
          ],
          [
            103.840247209,
            1.29018375500004
          ],
          [
            103.840246574,
            1.29018275000004
          ],
          [
            103.840163131,
            1.29004402700001
          ],
          [
            103.840162602,
            1.29004314700006
          ],
          [
            103.840158616,
            1.29003753900002
          ],
          [
            103.840148965,
            1.29002396100004
          ],
          [
            103.840135189,
            1.29000457900003
          ],
          [
            103.839762036,
            1.29025049600005
          ],
          [
            103.839761055,
            1.29025120400006
          ],
          [
            103.839759279,
            1.29025248500005
          ],
          [
            103.839757378,
            1.29025359900004
          ],
          [
            103.839755448,
            1.29025456800001
          ],
          [
            103.839753363,
            1.29025536200003
          ],
          [
            103.83975133,
            1.29025600300003
          ],
          [
            103.839749117,
            1.29025644500006
          ],
          [
            103.839747032,
            1.29025675000003
          ],
          [
            103.839744751,
            1.29025682000003
          ],
          [
            103.839742668,
            1.29025678900006
          ],
          [
            103.839740382,
            1.29025647600002
          ],
          [
            103.839738352,
            1.29025611600002
          ],
          [
            103.839736126,
            1.29025542100004
          ],
          [
            103.839734198,
            1.29025475000003
          ],
          [
            103.839732095,
            1.29025368400006
          ],
          [
            103.839730316,
            1.29025272400003
          ],
          [
            103.839728395,
            1.29025130700007
          ],
          [
            103.83972681,
            1.29025009100008
          ],
          [
            103.839725118,
            1.29024834600006
          ],
          [
            103.839723772,
            1.29024692000006
          ],
          [
            103.839721319,
            1.29024335800006
          ],
          [
            103.839721274,
            1.29024328900005
          ],
          [
            103.839717487,
            1.29023725600006
          ],
          [
            103.839717056,
            1.29023666400002
          ],
          [
            103.83971595,
            1.29023491900006
          ],
          [
            103.839715088,
            1.29023356000004
          ],
          [
            103.839710995,
            1.29022710600004
          ],
          [
            103.839704789,
            1.29021732100007
          ],
          [
            103.839685901,
            1.29018790800005
          ],
          [
            103.839673425,
            1.29016833200006
          ],
          [
            103.839656703,
            1.29014250200003
          ],
          [
            103.839641155,
            1.29011878800003
          ],
          [
            103.839622749,
            1.29009083500005
          ],
          [
            103.839610475,
            1.29007238900004
          ],
          [
            103.839515978,
            1.28992998100005
          ],
          [
            103.839493878,
            1.28989667500002
          ],
          [
            103.839490657,
            1.28989223100006
          ],
          [
            103.839473046,
            1.28986792800004
          ],
          [
            103.839400478,
            1.28976931500006
          ],
          [
            103.839377507,
            1.28974201700003
          ],
          [
            103.839366585,
            1.28972903800008
          ],
          [
            103.839342965,
            1.28970096900002
          ],
          [
            103.839330068,
            1.28968957900002
          ],
          [
            103.83928852,
            1.28965288500006
          ],
          [
            103.839205424,
            1.28960222000006
          ],
          [
            103.839180149,
            1.28958961300003
          ],
          [
            103.839154588,
            1.28957686700005
          ],
          [
            103.839153854,
            1.28957650100004
          ],
          [
            103.839114799,
            1.28955702300004
          ],
          [
            103.83906183,
            1.28953923200003
          ],
          [
            103.83895798,
            1.28950434900002
          ],
          [
            103.838878729,
            1.28948396300008
          ],
          [
            103.838833142,
            1.28947726000007
          ],
          [
            103.838771239,
            1.28946815700005
          ],
          [
            103.838457775,
            1.28947117700005
          ],
          [
            103.838289432,
            1.28952736100006
          ],
          [
            103.83825051,
            1.28954035100003
          ],
          [
            103.838247279,
            1.28954142900004
          ],
          [
            103.838246189,
            1.28954176800005
          ],
          [
            103.838245696,
            1.28954190900003
          ],
          [
            103.838011644,
            1.28960907500005
          ],
          [
            103.837946863,
            1.28962768800004
          ],
          [
            103.837849332,
            1.28965571000002
          ],
          [
            103.837845768,
            1.28965650700007
          ],
          [
            103.837842126,
            1.28965675500007
          ],
          [
            103.837838488,
            1.28965644900006
          ],
          [
            103.837813873,
            1.28966344400004
          ],
          [
            103.837766277,
            1.28967697100006
          ],
          [
            103.837666314,
            1.28970538000004
          ],
          [
            103.837509225,
            1.28975555300002
          ],
          [
            103.837442652,
            1.28977681500003
          ],
          [
            103.837069839,
            1.28996107800002
          ],
          [
            103.837066426,
            1.28996276500004
          ],
          [
            103.837065191,
            1.28996337500007
          ],
          [
            103.837058284,
            1.28996680400005
          ],
          [
            103.837053633,
            1.28996911400002
          ],
          [
            103.837049216,
            1.28997130800001
          ],
          [
            103.836952624,
            1.29001913500002
          ],
          [
            103.836930588,
            1.29002997900006
          ],
          [
            103.836871518,
            1.29005904200005
          ],
          [
            103.836832881,
            1.29007805400005
          ],
          [
            103.836831895,
            1.29007851500006
          ],
          [
            103.836828707,
            1.29007992600003
          ],
          [
            103.836762719,
            1.29010914600001
          ],
          [
            103.836761083,
            1.29010980700001
          ],
          [
            103.836731437,
            1.29012066600006
          ],
          [
            103.836718431,
            1.29012521900005
          ],
          [
            103.836716998,
            1.29012567600005
          ],
          [
            103.836701806,
            1.29013005500002
          ],
          [
            103.836701275,
            1.29013020200007
          ],
          [
            103.836700163,
            1.29013047500007
          ],
          [
            103.836684689,
            1.29013392000006
          ],
          [
            103.836683439,
            1.29013416700007
          ],
          [
            103.836580615,
            1.29015155400004
          ],
          [
            103.836514326,
            1.29016276200003
          ],
          [
            103.836515801,
            1.29017846500005
          ],
          [
            103.836515851,
            1.29018297800006
          ],
          [
            103.836515156,
            1.29018743500006
          ],
          [
            103.836513737,
            1.29019171600003
          ],
          [
            103.836511633,
            1.29019570100007
          ],
          [
            103.836508902,
            1.29019927900003
          ],
          [
            103.836505619,
            1.29020235200003
          ],
          [
            103.836501876,
            1.29020483500005
          ],
          [
            103.836497775,
            1.29020666000002
          ],
          [
            103.836493431,
            1.29020777400007
          ],
          [
            103.836445134,
            1.29021554000001
          ],
          [
            103.836440726,
            1.29021588000005
          ],
          [
            103.836436323,
            1.29021548900003
          ],
          [
            103.836432041,
            1.29021437900001
          ],
          [
            103.836427998,
            1.29021258000004
          ],
          [
            103.836424301,
            1.29021014000005
          ],
          [
            103.83642105,
            1.29020712400007
          ],
          [
            103.836418333,
            1.29020361400006
          ],
          [
            103.836416222,
            1.29019970500001
          ],
          [
            103.836414774,
            1.29019550100002
          ],
          [
            103.836410884,
            1.29018026000006
          ],
          [
            103.836282838,
            1.29020191400002
          ],
          [
            103.836262688,
            1.29020667400004
          ],
          [
            103.836242469,
            1.29021258900001
          ],
          [
            103.836214678,
            1.29022186400005
          ],
          [
            103.836196482,
            1.29022839800005
          ],
          [
            103.836186912,
            1.29023183500003
          ],
          [
            103.836159164,
            1.29024251100003
          ],
          [
            103.836134808,
            1.29025203700007
          ],
          [
            103.836134206,
            1.29025228000006
          ],
          [
            103.836110335,
            1.29026231900002
          ],
          [
            103.836082929,
            1.29027470000006
          ],
          [
            103.836055826,
            1.29028788300008
          ],
          [
            103.836022958,
            1.29030477100003
          ],
          [
            103.835990962,
            1.29032227100004
          ],
          [
            103.835990449,
            1.29032256000006
          ],
          [
            103.835958478,
            1.29034115600007
          ],
          [
            103.835938169,
            1.29035295000006
          ],
          [
            103.835919017,
            1.29036536400003
          ],
          [
            103.835900491,
            1.29037870300005
          ],
          [
            103.835882634,
            1.29039294000006
          ],
          [
            103.835866331,
            1.29040729400003
          ],
          [
            103.835858225,
            1.29041658900006
          ],
          [
            103.835850157,
            1.29042709200007
          ],
          [
            103.835842737,
            1.29043810400003
          ],
          [
            103.835836015,
            1.29044955400002
          ],
          [
            103.835830013,
            1.29046140300006
          ],
          [
            103.835824759,
            1.29047360300006
          ],
          [
            103.835820306,
            1.29048596400002
          ],
          [
            103.835820002,
            1.29048687300002
          ],
          [
            103.835819836,
            1.29048741700006
          ],
          [
            103.835816548,
            1.29049889700001
          ],
          [
            103.8358136,
            1.29051180900006
          ],
          [
            103.835811509,
            1.29052474100006
          ],
          [
            103.835810248,
            1.29053780200008
          ],
          [
            103.835809828,
            1.29055086400005
          ],
          [
            103.835810377,
            1.29056587600007
          ],
          [
            103.835812013,
            1.29058072900005
          ],
          [
            103.835814728,
            1.29059542300007
          ],
          [
            103.835818547,
            1.29061001700006
          ],
          [
            103.835835338,
            1.29066060500003
          ],
          [
            103.835842819,
            1.29068238800003
          ],
          [
            103.835879566,
            1.29078938400004
          ],
          [
            103.83589531,
            1.29083525800007
          ],
          [
            103.835900502,
            1.29085038800002
          ],
          [
            103.835944638,
            1.29097900200003
          ],
          [
            103.83602624,
            1.29121481400006
          ],
          [
            103.836026613,
            1.29121597500005
          ],
          [
            103.83603705,
            1.29125115600004
          ],
          [
            103.836037231,
            1.29125179200002
          ],
          [
            103.836046918,
            1.29128726000004
          ],
          [
            103.83604717,
            1.29128825700008
          ],
          [
            103.836086708,
            1.29145797200004
          ],
          [
            103.836087006,
            1.29145943300005
          ],
          [
            103.836089932,
            1.29147605700006
          ],
          [
            103.836090048,
            1.29147677300004
          ],
          [
            103.836092523,
            1.29149346000003
          ],
          [
            103.836092648,
            1.29149442700004
          ],
          [
            103.836095186,
            1.29151709500007
          ],
          [
            103.836095243,
            1.29151765700003
          ],
          [
            103.836095303,
            1.29151840500003
          ],
          [
            103.83609683,
            1.29154120200006
          ],
          [
            103.836096865,
            1.29154184300006
          ],
          [
            103.836096887,
            1.29154247800005
          ],
          [
            103.836097398,
            1.29156538100006
          ],
          [
            103.836097405,
            1.29156605900005
          ],
          [
            103.836097376,
            1.29157151100003
          ],
          [
            103.836096636,
            1.29161003900004
          ],
          [
            103.836096302,
            1.29162739600003
          ],
          [
            103.836096258,
            1.29162850600004
          ],
          [
            103.836095805,
            1.29163605500002
          ],
          [
            103.836094919,
            1.29165080000007
          ],
          [
            103.836092818,
            1.29168140300004
          ],
          [
            103.836092689,
            1.29168277400004
          ],
          [
            103.836090064,
            1.29170472300006
          ],
          [
            103.836088687,
            1.29171822000007
          ],
          [
            103.836088595,
            1.29171899900007
          ],
          [
            103.836086689,
            1.29173292600006
          ],
          [
            103.836086537,
            1.29173390300001
          ],
          [
            103.836086418,
            1.29173456000005
          ],
          [
            103.836084185,
            1.29174758600005
          ],
          [
            103.836083958,
            1.29174873500005
          ],
          [
            103.836081182,
            1.29176214700004
          ],
          [
            103.836074493,
            1.29179422900005
          ],
          [
            103.836074322,
            1.29179499200006
          ],
          [
            103.83606672,
            1.29182685000006
          ],
          [
            103.836066527,
            1.29182760900005
          ],
          [
            103.836058014,
            1.29185923200003
          ],
          [
            103.8360578,
            1.29185998500003
          ],
          [
            103.8360483,
            1.29189161700003
          ],
          [
            103.836031625,
            1.29194325900004
          ],
          [
            103.836031447,
            1.29194379100004
          ],
          [
            103.836013844,
            1.29199484300006
          ],
          [
            103.835999454,
            1.29203662900005
          ],
          [
            103.835997175,
            1.29204325100003
          ],
          [
            103.835978574,
            1.29209711500003
          ],
          [
            103.835972065,
            1.29211622500002
          ],
          [
            103.835956567,
            1.29216172200005
          ],
          [
            103.835951744,
            1.29217588300003
          ],
          [
            103.835947445,
            1.29218850700004
          ],
          [
            103.835945449,
            1.29219436400005
          ],
          [
            103.835945235,
            1.29219496700005
          ],
          [
            103.835944461,
            1.29219704500003
          ],
          [
            103.835920259,
            1.29226192900005
          ],
          [
            103.835919673,
            1.29226337300002
          ],
          [
            103.835913078,
            1.29227837200005
          ],
          [
            103.835896336,
            1.29231645600002
          ],
          [
            103.835895656,
            1.29231788800006
          ],
          [
            103.835890832,
            1.29232731300004
          ],
          [
            103.835890468,
            1.29232803800005
          ],
          [
            103.835889251,
            1.29233000200003
          ],
          [
            103.835888265,
            1.29233159300003
          ],
          [
            103.835886353,
            1.29233384600001
          ],
          [
            103.83588539,
            1.29233498000002
          ],
          [
            103.835885273,
            1.29233507800007
          ],
          [
            103.835882345,
            1.29233750600003
          ],
          [
            103.835881762,
            1.29233798600005
          ],
          [
            103.835881709,
            1.29233802300007
          ],
          [
            103.83587784,
            1.29234024000004
          ],
          [
            103.835877752,
            1.29234027200004
          ],
          [
            103.835876474,
            1.29234074400006
          ],
          [
            103.835873661,
            1.29234178300005
          ],
          [
            103.835873442,
            1.29234182500005
          ],
          [
            103.835871704,
            1.29234215400004
          ],
          [
            103.835868935,
            1.29234262100004
          ],
          [
            103.835867014,
            1.29234266100002
          ],
          [
            103.835864835,
            1.29234270700004
          ],
          [
            103.83586436,
            1.29234263800003
          ],
          [
            103.835862381,
            1.29234234800003
          ],
          [
            103.835859849,
            1.29234187500002
          ],
          [
            103.835856189,
            1.29234069600006
          ],
          [
            103.83585223,
            1.29233864700007
          ],
          [
            103.83584866,
            1.29233596900001
          ],
          [
            103.835845577,
            1.29233273700005
          ],
          [
            103.835755287,
            1.29230373700004
          ],
          [
            103.835731552,
            1.29229219900003
          ],
          [
            103.835730484,
            1.29229164900004
          ],
          [
            103.835702797,
            1.29227662600004
          ],
          [
            103.835702129,
            1.29227625100003
          ],
          [
            103.835697228,
            1.29227340800003
          ],
          [
            103.83569604,
            1.29227267700002
          ],
          [
            103.835644049,
            1.29223877600003
          ],
          [
            103.835641959,
            1.29223726600003
          ],
          [
            103.835600803,
            1.29220442300004
          ],
          [
            103.835552401,
            1.29217920600007
          ],
          [
            103.835550803,
            1.29218279300004
          ],
          [
            103.835550472,
            1.29218403700001
          ],
          [
            103.835548941,
            1.29218675800007
          ],
          [
            103.835548475,
            1.29218758700005
          ],
          [
            103.835542271,
            1.29219860900003
          ],
          [
            103.835522883,
            1.29223306400006
          ],
          [
            103.835521318,
            1.29223584600003
          ],
          [
            103.835514373,
            1.29224571200006
          ],
          [
            103.835484166,
            1.29228862600006
          ],
          [
            103.835456194,
            1.29232012000005
          ],
          [
            103.835431332,
            1.29233888700001
          ],
          [
            103.83540522,
            1.29235227500004
          ],
          [
            103.835371078,
            1.29236273600002
          ],
          [
            103.835339495,
            1.29236789100002
          ],
          [
            103.835296216,
            1.29237430200003
          ],
          [
            103.835248786,
            1.29237258500007
          ],
          [
            103.835222818,
            1.29237164400007
          ],
          [
            103.835218747,
            1.29237149700003
          ],
          [
            103.835200285,
            1.29236960700006
          ],
          [
            103.835192343,
            1.29236879400003
          ],
          [
            103.835119638,
            1.29236007800005
          ],
          [
            103.835028932,
            1.29234906400005
          ],
          [
            103.835025704,
            1.29234886800003
          ],
          [
            103.835024971,
            1.29234887800003
          ],
          [
            103.834953184,
            1.29235084200009
          ],
          [
            103.834939309,
            1.29235122100006
          ],
          [
            103.834810636,
            1.29235474000006
          ],
          [
            103.83475744,
            1.29235609200004
          ],
          [
            103.834721516,
            1.29235700600003
          ],
          [
            103.834705229,
            1.29235507100003
          ],
          [
            103.834339762,
            1.29231166700002
          ],
          [
            103.834147282,
            1.29228819200006
          ],
          [
            103.834052745,
            1.29227824900005
          ],
          [
            103.833841572,
            1.29225604200001
          ],
          [
            103.833726806,
            1.29224397300003
          ],
          [
            103.833643982,
            1.29223526300007
          ],
          [
            103.833590232,
            1.29222098700007
          ]
        ]
      },
      "properties": {
        "OBJECTID": 310,
        "pcn_loop": "RIR",
        "pcn": "Sing River RIR",
        "descriptionHTML": null,
        "address": null,
        "Shape__Length": 2903.1177599421235
      }
    },
    {
      "type": "Feature",
      "id": 311,
      "geometry": {
        "type": "LineString",
        "coordinates": [
          [
            103.833590232,
            1.29222098700007
          ],
          [
            103.833470188,
            1.29218910300004
          ],
          [
            103.833378627,
            1.29215243600003
          ],
          [
            103.833373994,
            1.29215165000005
          ],
          [
            103.833219115,
            1.29213919800003
          ],
          [
            103.833063062,
            1.29212770500003
          ],
          [
            103.833033774,
            1.29212556100001
          ],
          [
            103.832980371,
            1.29212165200006
          ],
          [
            103.832854681,
            1.29211245200003
          ],
          [
            103.83263228,
            1.29208210000007
          ],
          [
            103.832415734,
            1.29203241800006
          ],
          [
            103.832414424,
            1.29203215200003
          ],
          [
            103.832413761,
            1.29203204300006
          ],
          [
            103.832213059,
            1.29200159600003
          ],
          [
            103.832209732,
            1.29200130200007
          ],
          [
            103.832063266,
            1.29199752200003
          ],
          [
            103.83188254,
            1.29196720600004
          ],
          [
            103.831877899,
            1.29196683800005
          ],
          [
            103.831767238,
            1.29196856500004
          ],
          [
            103.831762975,
            1.29196897400004
          ],
          [
            103.831761331,
            1.29196932
          ],
          [
            103.831720722,
            1.29197918500005
          ],
          [
            103.831618469,
            1.29196099900002
          ],
          [
            103.831617199,
            1.29196080400004
          ],
          [
            103.831457829,
            1.29194031100006
          ],
          [
            103.831358475,
            1.29192726400004
          ],
          [
            103.831259909,
            1.29191620900003
          ],
          [
            103.831258018,
            1.29191606400001
          ],
          [
            103.831192698,
            1.29191339300006
          ],
          [
            103.831191604,
            1.29191337100003
          ],
          [
            103.831190725,
            1.29191338600002
          ],
          [
            103.831112996,
            1.29191593900003
          ],
          [
            103.831111833,
            1.29191600300003
          ],
          [
            103.831023807,
            1.29192273800004
          ],
          [
            103.831021629,
            1.29192299400005
          ],
          [
            103.830947897,
            1.29193476300001
          ],
          [
            103.830946251,
            1.29193509200008
          ],
          [
            103.830870273,
            1.29195284900003
          ],
          [
            103.830824533,
            1.29196353900004
          ],
          [
            103.830800169,
            1.29196923300004
          ],
          [
            103.830722526,
            1.29198825000004
          ],
          [
            103.830655183,
            1.29200500800003
          ],
          [
            103.830652339,
            1.29200588600002
          ],
          [
            103.830572725,
            1.29203573100005
          ],
          [
            103.830491976,
            1.29206634400004
          ],
          [
            103.830335813,
            1.29212539100007
          ],
          [
            103.830233122,
            1.29216423700007
          ],
          [
            103.830207033,
            1.29217055600003
          ],
          [
            103.830127835,
            1.29218972800004
          ],
          [
            103.82996719,
            1.29222794800006
          ],
          [
            103.829889288,
            1.29224611100004
          ],
          [
            103.829731683,
            1.29228311000003
          ],
          [
            103.829480762,
            1.29234115700007
          ],
          [
            103.829335958,
            1.29237494200004
          ],
          [
            103.829177981,
            1.29241246400006
          ],
          [
            103.828934929,
            1.29247274000005
          ],
          [
            103.828934118,
            1.29247295400006
          ],
          [
            103.828851615,
            1.29249617800002
          ],
          [
            103.828768993,
            1.29251906600005
          ],
          [
            103.828726395,
            1.29253086700003
          ],
          [
            103.828612507,
            1.29256241700006
          ],
          [
            103.828575823,
            1.29256764900003
          ],
          [
            103.82854876,
            1.29256486000003
          ],
          [
            103.828486784,
            1.29255767300003
          ],
          [
            103.828248614,
            1.29252930200004
          ],
          [
            103.828006935,
            1.29249975200002
          ],
          [
            103.827952319,
            1.29249307100001
          ],
          [
            103.827857022,
            1.29248141300007
          ],
          [
            103.827704707,
            1.29246278000004
          ],
          [
            103.82743326,
            1.29242936000003
          ],
          [
            103.827143039,
            1.29239402500002
          ],
          [
            103.826876693,
            1.29236079500003
          ],
          [
            103.826677059,
            1.29233613200006
          ],
          [
            103.826606772,
            1.29232750000005
          ],
          [
            103.826551179,
            1.29232067200007
          ],
          [
            103.826394605,
            1.29230144100006
          ],
          [
            103.826233094,
            1.29228167600007
          ],
          [
            103.826182809,
            1.29227475000004
          ],
          [
            103.826181905,
            1.29226861700005
          ],
          [
            103.826180918,
            1.29226433900004
          ],
          [
            103.826179258,
            1.29226027800007
          ],
          [
            103.826176969,
            1.29225654000004
          ],
          [
            103.82617411,
            1.29225322200004
          ],
          [
            103.826170758,
            1.29225041100004
          ],
          [
            103.826166998,
            1.29224818200003
          ],
          [
            103.826162931,
            1.29224659300005
          ],
          [
            103.826158662,
            1.29224568500005
          ],
          [
            103.826029032,
            1.29222898800004
          ],
          [
            103.826024385,
            1.29222879700006
          ],
          [
            103.826019775,
            1.29222941200005
          ],
          [
            103.826015338,
            1.29223081600003
          ],
          [
            103.826011207,
            1.29223296600003
          ],
          [
            103.826007505,
            1.29223579900002
          ],
          [
            103.826004342,
            1.29223923000006
          ],
          [
            103.826001812,
            1.29224315800006
          ],
          [
            103.82599999,
            1.29224746400007
          ],
          [
            103.825998931,
            1.29225202200007
          ],
          [
            103.825998666,
            1.29225669500005
          ],
          [
            103.825999351,
            1.29228020900007
          ],
          [
            103.825999466,
            1.29228204200005
          ],
          [
            103.826023908,
            1.29253473300001
          ],
          [
            103.82602419,
            1.29253681600004
          ],
          [
            103.826024573,
            1.29253863300004
          ],
          [
            103.82604929,
            1.29263898000003
          ],
          [
            103.825917001,
            1.29269062500002
          ],
          [
            103.825889574,
            1.29267117600005
          ],
          [
            103.825862366,
            1.29247549900003
          ],
          [
            103.825856361,
            1.29242243800007
          ],
          [
            103.825850913,
            1.292237858
          ],
          [
            103.825850429,
            1.29223348200003
          ],
          [
            103.825849247,
            1.29222924300007
          ],
          [
            103.8258474,
            1.29222525100003
          ],
          [
            103.825844936,
            1.29222161300003
          ],
          [
            103.82584192,
            1.29221842400005
          ],
          [
            103.825838431,
            1.29221576800005
          ],
          [
            103.825834561,
            1.29221371500006
          ],
          [
            103.825830412,
            1.29221231900004
          ],
          [
            103.825742097,
            1.29219043800004
          ],
          [
            103.825536131,
            1.29214065900004
          ],
          [
            103.825385966,
            1.29210431600006
          ],
          [
            103.825200537,
            1.29205975700005
          ],
          [
            103.82510519,
            1.29203634100003
          ],
          [
            103.825008524,
            1.29201099600005
          ],
          [
            103.824976966,
            1.29199816300006
          ],
          [
            103.824935839,
            1.29197991400002
          ],
          [
            103.824898118,
            1.29196317600004
          ],
          [
            103.824810709,
            1.29192376700007
          ],
          [
            103.824727223,
            1.29188645300007
          ],
          [
            103.824714004,
            1.29187699100004
          ],
          [
            103.82471186,
            1.29187560500003
          ],
          [
            103.824708572,
            1.29187398300006
          ],
          [
            103.824695459,
            1.29186859400005
          ],
          [
            103.824513876,
            1.29179397100005
          ],
          [
            103.824512906,
            1.29179359400007
          ],
          [
            103.824511151,
            1.29179301900007
          ],
          [
            103.824483361,
            1.29178495700006
          ],
          [
            103.824434111,
            1.29176809800003
          ],
          [
            103.824377405,
            1.29174918600006
          ],
          [
            103.82437581,
            1.29174870900004
          ],
          [
            103.824301417,
            1.29172893400006
          ],
          [
            103.824299475,
            1.29172849400004
          ],
          [
            103.824226615,
            1.29171482000003
          ],
          [
            103.824224651,
            1.29171453500004
          ],
          [
            103.824192058,
            1.29171105100005
          ],
          [
            103.82419107,
            1.29171096400007
          ],
          [
            103.824112627,
            1.29170550500003
          ],
          [
            103.824111123,
            1.29170544200003
          ],
          [
            103.824042254,
            1.29170452900006
          ],
          [
            103.82404112,
            1.29170454500007
          ],
          [
            103.823978134,
            1.29170679500004
          ],
          [
            103.823976747,
            1.29170688100003
          ],
          [
            103.82386927,
            1.29171631600002
          ],
          [
            103.823773579,
            1.29172507800006
          ],
          [
            103.823594568,
            1.29174228400006
          ],
          [
            103.823507129,
            1.29174972900006
          ],
          [
            103.823394204,
            1.29175442200005
          ],
          [
            103.823329032,
            1.29175106900002
          ],
          [
            103.823327656,
            1.29175103400006
          ],
          [
            103.823324755,
            1.29175119200003
          ],
          [
            103.82319654,
            1.29176516400004
          ],
          [
            103.823194761,
            1.29176541800006
          ],
          [
            103.823190998,
            1.29176637100004
          ],
          [
            103.823190619,
            1.29176649700002
          ],
          [
            103.823159188,
            1.29177693100007
          ],
          [
            103.823137378,
            1.29178047900007
          ],
          [
            103.823105221,
            1.29178571100005
          ],
          [
            103.823035538,
            1.29179745800007
          ],
          [
            103.822998122,
            1.29180283000004
          ],
          [
            103.82292365,
            1.29181050600004
          ],
          [
            103.822898581,
            1.29181314300006
          ],
          [
            103.822726274,
            1.29183127200002
          ],
          [
            103.822560067,
            1.29184849400001
          ],
          [
            103.822492207,
            1.29185563500006
          ],
          [
            103.822492207,
            1.29185563500006
          ],
          [
            103.822377101,
            1.29186774900007
          ],
          [
            103.82227892,
            1.29187800400006
          ],
          [
            103.822185599,
            1.29188775200003
          ],
          [
            103.822033698,
            1.29190401800002
          ],
          [
            103.821929788,
            1.29191482300008
          ],
          [
            103.821743177,
            1.29193447600006
          ],
          [
            103.821563843,
            1.29195301800008
          ],
          [
            103.821475585,
            1.29196255900006
          ],
          [
            103.821289517,
            1.29198174500003
          ],
          [
            103.821103829,
            1.29200025800002
          ],
          [
            103.820825341,
            1.29203070200003
          ],
          [
            103.820664575,
            1.29204791800004
          ],
          [
            103.820359698,
            1.29207865400002
          ],
          [
            103.820271209,
            1.29208812100005
          ],
          [
            103.820051119,
            1.29211166900006
          ],
          [
            103.819824242,
            1.29213503700003
          ],
          [
            103.819608678,
            1.29215773400005
          ],
          [
            103.819380313,
            1.29218159200001
          ],
          [
            103.819158265,
            1.29220503900006
          ],
          [
            103.819050855,
            1.29221604400004
          ],
          [
            103.818959105,
            1.29222504900002
          ],
          [
            103.818867452,
            1.29221677800007
          ],
          [
            103.818865045,
            1.29221667000007
          ],
          [
            103.818863651,
            1.29221670600002
          ],
          [
            103.818845367,
            1.29221765900006
          ],
          [
            103.81884208,
            1.29221803500007
          ],
          [
            103.818840381,
            1.29221839400003
          ],
          [
            103.818724099,
            1.29224690200004
          ],
          [
            103.818672792,
            1.29225367400004
          ],
          [
            103.818587414,
            1.29226221800006
          ],
          [
            103.818375964,
            1.29228026400005
          ],
          [
            103.818172004,
            1.29229769700003
          ],
          [
            103.81786182,
            1.29232442100005
          ],
          [
            103.817625331,
            1.29234453600002
          ],
          [
            103.817445146,
            1.29236006100006
          ],
          [
            103.817345122,
            1.29236865900002
          ],
          [
            103.817206002,
            1.29238061800004
          ],
          [
            103.81697261,
            1.29240088500005
          ],
          [
            103.816949353,
            1.29240118900002
          ],
          [
            103.816938894,
            1.29240132500007
          ],
          [
            103.81693559,
            1.29240157300005
          ],
          [
            103.81676943,
            1.29242444700004
          ],
          [
            103.81670728,
            1.29243168000005
          ],
          [
            103.816568519,
            1.29244783000006
          ],
          [
            103.816475246,
            1.29245936100005
          ],
          [
            103.816314018,
            1.29247929300004
          ],
          [
            103.816242383,
            1.29248836600004
          ],
          [
            103.816214165,
            1.29247875000003
          ],
          [
            103.81619609,
            1.29247136600004
          ],
          [
            103.816160294,
            1.29245590300007
          ],
          [
            103.816157078,
            1.29245475100004
          ],
          [
            103.816153742,
            1.29245401700007
          ],
          [
            103.816150342,
            1.29245371300005
          ],
          [
            103.816119779,
            1.29245293700006
          ],
          [
            103.8161191,
            1.29245292900003
          ],
          [
            103.816115763,
            1.29245313700004
          ],
          [
            103.816036701,
            1.29246306300007
          ],
          [
            103.815930615,
            1.29247545900004
          ],
          [
            103.815880896,
            1.29247187900006
          ],
          [
            103.81583888,
            1.29246885300006
          ],
          [
            103.815836956,
            1.29246878400005
          ],
          [
            103.815834107,
            1.29246893600003
          ],
          [
            103.815772916,
            1.29247548300003
          ],
          [
            103.815771085,
            1.29247574300007
          ],
          [
            103.815768043,
            1.29247646800008
          ],
          [
            103.815702376,
            1.29249623100003
          ],
          [
            103.815698383,
            1.29249779000002
          ],
          [
            103.815694686,
            1.29249996700002
          ],
          [
            103.815691377,
            1.29250270500006
          ],
          [
            103.815688542,
            1.29250593600005
          ],
          [
            103.81568625,
            1.29250957800002
          ],
          [
            103.815684561,
            1.29251354000007
          ],
          [
            103.815683517,
            1.29251772100003
          ],
          [
            103.815683143,
            1.29252201500004
          ],
          [
            103.815683451,
            1.29252631500002
          ],
          [
            103.815684431,
            1.29253051200003
          ],
          [
            103.815703673,
            1.29259088700007
          ],
          [
            103.815702818,
            1.29259288100006
          ],
          [
            103.815701451,
            1.29259691600005
          ],
          [
            103.815700728,
            1.29260111600006
          ],
          [
            103.815700668,
            1.29260537800007
          ],
          [
            103.815701272,
            1.29260959700002
          ],
          [
            103.815770542,
            1.29291886100001
          ],
          [
            103.815638501,
            1.29293431300005
          ],
          [
            103.804902133,
            1.29686165200007
          ],
          [
            103.804850798,
            1.29682465200005
          ],
          [
            103.804775754,
            1.29677056100007
          ],
          [
            103.804711342,
            1.29672413500004
          ],
          [
            103.804680863,
            1.29669388300005
          ],
          [
            103.804648874,
            1.29666213200006
          ],
          [
            103.804616886,
            1.29663038100007
          ],
          [
            103.804596692,
            1.29661033700006
          ],
          [
            103.804600498,
            1.29659836900004
          ],
          [
            103.804626468,
            1.29656869800006
          ],
          [
            103.804656167,
            1.29653476900005
          ],
          [
            103.804685865,
            1.29650083900002
          ],
          [
            103.804715565,
            1.29646691000004
          ],
          [
            103.804745263,
            1.29643298000001
          ],
          [
            103.804745685,
            1.29643248500002
          ],
          [
            103.804747382,
            1.29643021900006
          ],
          [
            103.804772446,
            1.29639282800003
          ],
          [
            103.80477302,
            1.29639193500003
          ],
          [
            103.804796667,
            1.29635348700003
          ],
          [
            103.804820315,
            1.29631504100006
          ],
          [
            103.804843963,
            1.29627659300006
          ],
          [
            103.804853924,
            1.29626039900007
          ],
          [
            103.804867611,
            1.29623814500007
          ],
          [
            103.804869689,
            1.29623401700008
          ],
          [
            103.80487104,
            1.29622959300003
          ],
          [
            103.804871623,
            1.29622500200003
          ],
          [
            103.804871424,
            1.29622037800005
          ],
          [
            103.804870446,
            1.29621585600005
          ],
          [
            103.804860976,
            1.29618500900005
          ],
          [
            103.804859607,
            1.29618145600004
          ],
          [
            103.804857756,
            1.29617813100003
          ],
          [
            103.804855461,
            1.29617509900004
          ],
          [
            103.804852766,
            1.29617242100005
          ],
          [
            103.804849725,
            1.29617015000001
          ],
          [
            103.804811856,
            1.29614582000004
          ],
          [
            103.804773986,
            1.29612149000007
          ],
          [
            103.804736115,
            1.29609716100003
          ],
          [
            103.804698245,
            1.29607283100006
          ],
          [
            103.804660375,
            1.29604850200007
          ],
          [
            103.804622506,
            1.29602417300004
          ],
          [
            103.804584636,
            1.29599984300005
          ],
          [
            103.804546766,
            1.29597551300002
          ],
          [
            103.804508896,
            1.29595118400005
          ],
          [
            103.804471027,
            1.29592685500006
          ],
          [
            103.804433157,
            1.29590252500004
          ],
          [
            103.804395287,
            1.29587819600005
          ],
          [
            103.804357417,
            1.29585386600006
          ],
          [
            103.804319547,
            1.29582953700003
          ],
          [
            103.804281677,
            1.29580520800004
          ],
          [
            103.804243808,
            1.29578087800007
          ],
          [
            103.80420682,
            1.29575711500007
          ],
          [
            103.804171961,
            1.29573067900002
          ],
          [
            103.804136661,
            1.29570304400005
          ],
          [
            103.804101197,
            1.29567528300004
          ],
          [
            103.804065735,
            1.29564752100003
          ],
          [
            103.804030271,
            1.29561975900003
          ],
          [
            103.803994808,
            1.29559199800001
          ],
          [
            103.803959346,
            1.29556423600007
          ],
          [
            103.803939356,
            1.29554858700004
          ],
          [
            103.803923882,
            1.29553647400006
          ],
          [
            103.803920811,
            1.29553439400009
          ],
          [
            103.803918006,
            1.29553297600006
          ],
          [
            103.80388378,
            1.29551812300001
          ],
          [
            103.803878869,
            1.29551599200004
          ],
          [
            103.803875422,
            1.29551476800005
          ],
          [
            103.803871843,
            1.29551402400005
          ],
          [
            103.803868196,
            1.29551377500006
          ],
          [
            103.803823269,
            1.29551377400002
          ],
          [
            103.803778342,
            1.29551377300003
          ],
          [
            103.803733415,
            1.29551377300003
          ],
          [
            103.803688487,
            1.29551377200006
          ],
          [
            103.803681107,
            1.29551377200006
          ],
          [
            103.80364356,
            1.29551377200006
          ],
          [
            103.803598633,
            1.29551377100006
          ],
          [
            103.803553706,
            1.29551377100006
          ],
          [
            103.803549409,
            1.29551411800001
          ],
          [
            103.803505556,
            1.29552124500003
          ],
          [
            103.803500743,
            1.29552253200004
          ],
          [
            103.803458544,
            1.29553830400004
          ],
          [
            103.803416427,
            1.29555404500008
          ],
          [
            103.80337431,
            1.29556978700004
          ],
          [
            103.803332192,
            1.29558552800006
          ],
          [
            103.803290076,
            1.29560127000002
          ],
          [
            103.803247959,
            1.29561701100004
          ],
          [
            103.803205842,
            1.29563275300006
          ],
          [
            103.803201749,
            1.29563469000004
          ],
          [
            103.803200908,
            1.29563519900004
          ],
          [
            103.803166325,
            1.29565702000001
          ],
          [
            103.80316316,
            1.29565935700003
          ],
          [
            103.803160366,
            1.29566213100003
          ],
          [
            103.803158001,
            1.29566528400004
          ],
          [
            103.803156117,
            1.29566875000005
          ],
          [
            103.803154753,
            1.29567245400007
          ],
          [
            103.803153937,
            1.29567631800007
          ],
          [
            103.803147881,
            1.29572072700005
          ],
          [
            103.803144993,
            1.29573814200004
          ],
          [
            103.803143774,
            1.29574549500006
          ],
          [
            103.803120994,
            1.29574996800003
          ],
          [
            103.80309198,
            1.29574907200003
          ],
          [
            103.803065005,
            1.29572590900005
          ],
          [
            103.803030826,
            1.29569656100006
          ],
          [
            103.802996648,
            1.29566721200006
          ],
          [
            103.802962469,
            1.29563786400007
          ],
          [
            103.802928291,
            1.29560851600006
          ],
          [
            103.802894112,
            1.29557916800009
          ],
          [
            103.802859934,
            1.29554981900003
          ],
          [
            103.802825755,
            1.29552047100003
          ],
          [
            103.802791577,
            1.29549112200004
          ],
          [
            103.802783062,
            1.29548381100006
          ],
          [
            103.802518148,
            1.29525633500002
          ],
          [
            103.802483969,
            1.29522698700002
          ],
          [
            103.802449791,
            1.29519763800004
          ],
          [
            103.802415612,
            1.29516829000005
          ],
          [
            103.802381434,
            1.29513894100006
          ],
          [
            103.802347256,
            1.29510959200007
          ],
          [
            103.802313077,
            1.29508024400008
          ],
          [
            103.802278899,
            1.29505089500004
          ],
          [
            103.802246295,
            1.29502289900007
          ],
          [
            103.802220032,
            1.29499222200007
          ],
          [
            103.80219741,
            1.29495561000004
          ],
          [
            103.802173685,
            1.29491721100004
          ],
          [
            103.802149958,
            1.29487881300003
          ],
          [
            103.802126233,
            1.29484041500007
          ],
          [
            103.802102507,
            1.29480201600006
          ],
          [
            103.802078782,
            1.29476361700004
          ],
          [
            103.802055055,
            1.29472521900005
          ],
          [
            103.80203133,
            1.29468682000004
          ],
          [
            103.802007604,
            1.29464842200002
          ],
          [
            103.801983846,
            1.29460997000006
          ],
          [
            103.801959779,
            1.29457141600004
          ],
          [
            103.801935036,
            1.29453336900002
          ],
          [
            103.801910428,
            1.29449553700003
          ],
          [
            103.801885821,
            1.29445770400001
          ],
          [
            103.801861214,
            1.29441987100004
          ],
          [
            103.801836606,
            1.29438204000006
          ],
          [
            103.801811999,
            1.29434420700005
          ],
          [
            103.801787391,
            1.29430637500007
          ],
          [
            103.801762784,
            1.29426854200006
          ],
          [
            103.801738177,
            1.29423070900002
          ],
          [
            103.801713569,
            1.29419287800005
          ],
          [
            103.801688962,
            1.29415504500003
          ],
          [
            103.801664354,
            1.29411721300006
          ],
          [
            103.801639747,
            1.29407938000002
          ],
          [
            103.80161514,
            1.29404154700007
          ],
          [
            103.801590532,
            1.29400371500003
          ],
          [
            103.801565925,
            1.29396588300006
          ],
          [
            103.801541317,
            1.29392805000004
          ],
          [
            103.80152349,
            1.29390064100004
          ],
          [
            103.801492103,
            1.29385238500002
          ],
          [
            103.801467495,
            1.29381455300007
          ],
          [
            103.801442888,
            1.29377672000004
          ],
          [
            103.80141828,
            1.29373888800007
          ],
          [
            103.801393673,
            1.29370105600004
          ],
          [
            103.801369066,
            1.29366322300006
          ],
          [
            103.801344458,
            1.29362539100003
          ],
          [
            103.801319851,
            1.29358755800006
          ],
          [
            103.801295243,
            1.29354972600004
          ],
          [
            103.801270637,
            1.29351189400005
          ],
          [
            103.801246029,
            1.29347406100003
          ],
          [
            103.801221422,
            1.29343622900006
          ],
          [
            103.801197756,
            1.29339984300003
          ],
          [
            103.801179759,
            1.29336256600003
          ],
          [
            103.80116582,
            1.29332135700002
          ],
          [
            103.801151341,
            1.29327855200005
          ],
          [
            103.801136862,
            1.29323574500006
          ],
          [
            103.801122383,
            1.29319294000005
          ],
          [
            103.801107904,
            1.29315013400002
          ],
          [
            103.801093425,
            1.29310732900005
          ],
          [
            103.801078946,
            1.29306452300006
          ],
          [
            103.801042145,
            1.29295572400002
          ],
          [
            103.801035509,
            1.29293610600007
          ],
          [
            103.80102103,
            1.29289330100003
          ],
          [
            103.801006551,
            1.29285049500004
          ],
          [
            103.800992072,
            1.29280768900003
          ],
          [
            103.800977593,
            1.29276488400006
          ],
          [
            103.800963111,
            1.29272207000002
          ],
          [
            103.800948599,
            1.29267925200003
          ],
          [
            103.800934042,
            1.29263645600002
          ],
          [
            103.800919489,
            1.29259367600001
          ],
          [
            103.800904937,
            1.29255089600002
          ],
          [
            103.800890385,
            1.29250811600003
          ],
          [
            103.800875833,
            1.29246533500002
          ],
          [
            103.80086128,
            1.29242255400004
          ],
          [
            103.800846728,
            1.29237977400004
          ],
          [
            103.800832176,
            1.29233699400004
          ],
          [
            103.800817624,
            1.29229421400004
          ],
          [
            103.800803071,
            1.29225143200006
          ],
          [
            103.800788519,
            1.29220865200005
          ],
          [
            103.800773967,
            1.29216587200005
          ],
          [
            103.800759329,
            1.29212284600004
          ],
          [
            103.800759042,
            1.29212206500006
          ],
          [
            103.800742923,
            1.29208025300004
          ],
          [
            103.800741396,
            1.29207696300005
          ],
          [
            103.800739446,
            1.29207390800003
          ],
          [
            103.800737107,
            1.29207114200005
          ],
          [
            103.800705768,
            1.29203874200004
          ],
          [
            103.800674428,
            1.29200634300001
          ],
          [
            103.800643089,
            1.29197394300007
          ],
          [
            103.80061175,
            1.29194154300006
          ],
          [
            103.80058041,
            1.29190914200006
          ],
          [
            103.800566841,
            1.29189511500002
          ],
          [
            103.800517731,
            1.29184434300002
          ],
          [
            103.800486391,
            1.29181194200004
          ],
          [
            103.800455051,
            1.29177954300008
          ],
          [
            103.800423713,
            1.29174714300005
          ],
          [
            103.800410734,
            1.29173372500003
          ],
          [
            103.800422911,
            1.29172121200002
          ],
          [
            103.800454813,
            1.29168978200004
          ],
          [
            103.800475951,
            1.29166895800004
          ],
          [
            103.80048692,
            1.29165815200003
          ],
          [
            103.800519027,
            1.29162652200005
          ],
          [
            103.800551134,
            1.29159489200003
          ],
          [
            103.80058324,
            1.29156326200007
          ],
          [
            103.800615346,
            1.29153163200002
          ],
          [
            103.800647453,
            1.29150000200002
          ],
          [
            103.800679559,
            1.29146837200004
          ],
          [
            103.800711666,
            1.29143674300003
          ],
          [
            103.800743773,
            1.29140511300005
          ],
          [
            103.80077588,
            1.29137348200004
          ],
          [
            103.800807986,
            1.29134185300005
          ],
          [
            103.800810858,
            1.29133852200005
          ],
          [
            103.800813156,
            1.29133476600002
          ],
          [
            103.800814819,
            1.29133068600004
          ],
          [
            103.800815803,
            1.29132638800006
          ],
          [
            103.80082049,
            1.29129411800005
          ],
          [
            103.800820773,
            1.29129008600006
          ],
          [
            103.800820458,
            1.29128605500005
          ],
          [
            103.800819552,
            1.29128211700004
          ],
          [
            103.800818074,
            1.29127835800005
          ],
          [
            103.800816057,
            1.29127486200002
          ],
          [
            103.800813547,
            1.29127170700001
          ],
          [
            103.800782934,
            1.29123861100004
          ],
          [
            103.80075232,
            1.29120551500006
          ],
          [
            103.800735494,
            1.29118732500006
          ],
          [
            103.800742679,
            1.29117520700004
          ],
          [
            103.800771916,
            1.29114529900003
          ],
          [
            103.80077335,
            1.29114371100007
          ],
          [
            103.800774763,
            1.29114185900004
          ],
          [
            103.800797081,
            1.29110986000004
          ],
          [
            103.800799266,
            1.29110612400007
          ],
          [
            103.800800833,
            1.29110208500003
          ],
          [
            103.800801739,
            1.29109784600007
          ],
          [
            103.800801964,
            1.29109351600003
          ],
          [
            103.8008015,
            1.29108920600002
          ],
          [
            103.80080036,
            1.29108502400003
          ],
          [
            103.800798572,
            1.29108107900003
          ],
          [
            103.800796184,
            1.29107747100004
          ],
          [
            103.800793254,
            1.29107429200007
          ],
          [
            103.800760168,
            1.29104370200002
          ],
          [
            103.800727083,
            1.29101311100003
          ],
          [
            103.800704133,
            1.29099189200002
          ],
          [
            103.800705151,
            1.29098312600007
          ],
          [
            103.800730065,
            1.29095726800005
          ],
          [
            103.800761342,
            1.29092480600002
          ],
          [
            103.800792618,
            1.29089234400003
          ],
          [
            103.800823895,
            1.29085988200006
          ],
          [
            103.800855171,
            1.29082742000003
          ],
          [
            103.800886448,
            1.29079496000003
          ],
          [
            103.800917724,
            1.29076249800005
          ],
          [
            103.800949001,
            1.29073003600008
          ],
          [
            103.800980277,
            1.29069757400003
          ],
          [
            103.801011554,
            1.29066511300005
          ],
          [
            103.801042829,
            1.29063265200005
          ],
          [
            103.801074106,
            1.29060019000002
          ],
          [
            103.801105382,
            1.29056772800004
          ],
          [
            103.80113664,
            1.29053528600002
          ],
          [
            103.80116738,
            1.29050350800004
          ],
          [
            103.80120003,
            1.29047367800005
          ],
          [
            103.801233295,
            1.29044328600002
          ],
          [
            103.80126656,
            1.29041289300005
          ],
          [
            103.801299826,
            1.29038250100008
          ],
          [
            103.801333092,
            1.29035210800004
          ],
          [
            103.801366357,
            1.29032171500006
          ],
          [
            103.801399623,
            1.29029132300002
          ],
          [
            103.801432888,
            1.29026093000003
          ],
          [
            103.801466153,
            1.29023053700007
          ],
          [
            103.801499418,
            1.29020014400003
          ],
          [
            103.801532684,
            1.29016975200006
          ],
          [
            103.80156595,
            1.29013935900002
          ],
          [
            103.801599215,
            1.29010896600003
          ],
          [
            103.80163248,
            1.29007857400006
          ],
          [
            103.801665746,
            1.29004818100002
          ],
          [
            103.801699011,
            1.29001778900005
          ],
          [
            103.801732276,
            1.28998739600007
          ],
          [
            103.801765541,
            1.28995700400002
          ],
          [
            103.801798807,
            1.28992661100006
          ],
          [
            103.801865355,
            1.28986581100003
          ],
          [
            103.801898585,
            1.28983534900003
          ],
          [
            103.80189964,
            1.28983432800005
          ],
          [
            103.801931164,
            1.28980211200007
          ],
          [
            103.80196269,
            1.28976989500006
          ],
          [
            103.801994215,
            1.28973767800005
          ],
          [
            103.802025741,
            1.28970546000006
          ],
          [
            103.802057266,
            1.28967324400002
          ],
          [
            103.802088791,
            1.28964102700007
          ],
          [
            103.802120316,
            1.28960881000005
          ],
          [
            103.802151841,
            1.28957659400003
          ],
          [
            103.802246417,
            1.28947994300006
          ],
          [
            103.802277942,
            1.28944772600004
          ],
          [
            103.802308814,
            1.28941617700002
          ],
          [
            103.802341761,
            1.28938685900003
          ],
          [
            103.802375445,
            1.28935696100006
          ],
          [
            103.802409139,
            1.28932705200004
          ],
          [
            103.802442835,
            1.28929714300004
          ],
          [
            103.80247653,
            1.28926723300003
          ],
          [
            103.802510225,
            1.28923732500004
          ],
          [
            103.80254392,
            1.28920741500002
          ],
          [
            103.802577615,
            1.28917750600004
          ],
          [
            103.802611311,
            1.28914759700006
          ],
          [
            103.802612434,
            1.28914654000005
          ],
          [
            103.802644397,
            1.28911473000005
          ],
          [
            103.802676301,
            1.28908285800002
          ],
          [
            103.802708189,
            1.28905100500003
          ],
          [
            103.802740076,
            1.28901915100005
          ],
          [
            103.802771964,
            1.28898729700005
          ],
          [
            103.802803851,
            1.28895544300003
          ],
          [
            103.802835737,
            1.28892359000002
          ],
          [
            103.802867625,
            1.28889173600005
          ],
          [
            103.802899512,
            1.28885988200006
          ],
          [
            103.8029314,
            1.28882802900006
          ],
          [
            103.802963287,
            1.28879617500008
          ],
          [
            103.802995175,
            1.28876432100003
          ],
          [
            103.803027062,
            1.28873246700004
          ],
          [
            103.803058949,
            1.28870061300005
          ],
          [
            103.803090836,
            1.28866875900007
          ],
          [
            103.803122724,
            1.28863690500003
          ],
          [
            103.803154627,
            1.28860503600001
          ],
          [
            103.803186528,
            1.28857306200006
          ],
          [
            103.803218245,
            1.28854093600005
          ],
          [
            103.803249912,
            1.28850886000001
          ],
          [
            103.803281578,
            1.28847678500004
          ],
          [
            103.803313246,
            1.28844470900003
          ],
          [
            103.803344913,
            1.28841263300005
          ],
          [
            103.803376579,
            1.28838055800001
          ],
          [
            103.803408247,
            1.28834848200005
          ],
          [
            103.803439914,
            1.28831640500004
          ],
          [
            103.803471581,
            1.28828433000006
          ],
          [
            103.803502858,
            1.28825264800001
          ],
          [
            103.803519193,
            1.28823740500007
          ],
          [
            103.803568414,
            1.28819191200007
          ],
          [
            103.803601577,
            1.28816140600003
          ],
          [
            103.80363474,
            1.28813090000006
          ],
          [
            103.803667903,
            1.28810039400002
          ],
          [
            103.803701066,
            1.28806988800005
          ],
          [
            103.803702057,
            1.28806892700004
          ],
          [
            103.80373366,
            1.28803672700007
          ],
          [
            103.803765154,
            1.28800441200001
          ],
          [
            103.803796613,
            1.28797213100006
          ],
          [
            103.803828075,
            1.28793985000005
          ],
          [
            103.803859535,
            1.28790756800003
          ],
          [
            103.803890995,
            1.28787528700001
          ],
          [
            103.803922455,
            1.28784300600007
          ],
          [
            103.803953915,
            1.28781072400006
          ],
          [
            103.803985375,
            1.28777844300002
          ],
          [
            103.804016835,
            1.28774616200005
          ],
          [
            103.804048295,
            1.28771388100006
          ],
          [
            103.804079755,
            1.28768160000004
          ],
          [
            103.80411122,
            1.28764931300003
          ],
          [
            103.804142691,
            1.28761698600005
          ],
          [
            103.804174079,
            1.28758459100003
          ],
          [
            103.804205447,
            1.287552219
          ],
          [
            103.804236814,
            1.28751984700005
          ],
          [
            103.804268182,
            1.28748747400004
          ],
          [
            103.804299549,
            1.28745510100002
          ],
          [
            103.804330917,
            1.28742272900007
          ],
          [
            103.804362284,
            1.28739035500007
          ],
          [
            103.804363635,
            1.28738885300005
          ],
          [
            103.804365777,
            1.28738590000006
          ],
          [
            103.804388133,
            1.28735026900006
          ],
          [
            103.804390151,
            1.28734638900005
          ],
          [
            103.804391524,
            1.28734223300005
          ],
          [
            103.804392214,
            1.28733790900003
          ],
          [
            103.804392203,
            1.28733352900002
          ],
          [
            103.804388472,
            1.28728846800003
          ],
          [
            103.804384742,
            1.28724340500002
          ],
          [
            103.804381012,
            1.28719834400004
          ],
          [
            103.804380495,
            1.28719485900006
          ],
          [
            103.804379535,
            1.28719147100003
          ],
          [
            103.804378146,
            1.28718823800005
          ],
          [
            103.804362076,
            1.28715662800005
          ],
          [
            103.804359871,
            1.28715301700004
          ],
          [
            103.804357134,
            1.28714979600005
          ],
          [
            103.804353932,
            1.28714704400005
          ],
          [
            103.804350343,
            1.28714482700002
          ],
          [
            103.804346455,
            1.28714319900006
          ],
          [
            103.804342363,
            1.28714220100004
          ],
          [
            103.804338166,
            1.28714185600006
          ],
          [
            103.804294024,
            1.28714171200005
          ],
          [
            103.804250447,
            1.28713901400004
          ],
          [
            103.804207166,
            1.28713486800006
          ],
          [
            103.804164409,
            1.28712757600004
          ],
          [
            103.804121599,
            1.28711835800003
          ],
          [
            103.804079583,
            1.28710755300005
          ],
          [
            103.804038443,
            1.28709353000004
          ],
          [
            103.803997542,
            1.28707803200006
          ],
          [
            103.803957854,
            1.28706044200003
          ],
          [
            103.80391908,
            1.28704032900002
          ],
          [
            103.803881106,
            1.28701897400002
          ],
          [
            103.803844334,
            1.28699470800007
          ],
          [
            103.803806762,
            1.28696991400005
          ],
          [
            103.803769191,
            1.28694512100003
          ],
          [
            103.803731619,
            1.28692032800005
          ],
          [
            103.803694048,
            1.28689553400005
          ],
          [
            103.803656476,
            1.28687074000004
          ],
          [
            103.803618904,
            1.28684594800005
          ],
          [
            103.803582228,
            1.28682174500006
          ],
          [
            103.803548041,
            1.28679505500003
          ],
          [
            103.80351403,
            1.28676631800003
          ],
          [
            103.80347962,
            1.28673724400005
          ],
          [
            103.80344521,
            1.28670817100004
          ],
          [
            103.803410801,
            1.28667909800003
          ],
          [
            103.803376391,
            1.28665002400004
          ],
          [
            103.803341981,
            1.28662095100002
          ],
          [
            103.803307571,
            1.28659187800001
          ],
          [
            103.803273161,
            1.28656280500006
          ],
          [
            103.803238752,
            1.28653373200007
          ],
          [
            103.803204342,
            1.28650465800008
          ],
          [
            103.803169932,
            1.28647558500006
          ],
          [
            103.803136328,
            1.28644719300006
          ],
          [
            103.803106921,
            1.28641812500007
          ],
          [
            103.803082176,
            1.28638325800005
          ],
          [
            103.803056065,
            1.28634646200002
          ],
          [
            103.803029951,
            1.28630966500002
          ],
          [
            103.803003839,
            1.28627287000006
          ],
          [
            103.802978257,
            1.28623682300002
          ],
          [
            103.80295544,
            1.28619957000007
          ],
          [
            103.802933472,
            1.28616067900002
          ],
          [
            103.802911269,
            1.28612136900006
          ],
          [
            103.802866861,
            1.28604274900004
          ],
          [
            103.802844658,
            1.28600344000004
          ],
          [
            103.802822455,
            1.28596412900003
          ],
          [
            103.80280025,
            1.28592481900004
          ],
          [
            103.802778047,
            1.28588550900001
          ],
          [
            103.802755843,
            1.28584619900004
          ],
          [
            103.80273364,
            1.28580689000006
          ],
          [
            103.802711436,
            1.28576757900003
          ],
          [
            103.802689232,
            1.28572827000005
          ],
          [
            103.802667029,
            1.28568896000006
          ],
          [
            103.802644824,
            1.28564964900005
          ],
          [
            103.802622621,
            1.28561034000007
          ],
          [
            103.802600418,
            1.28557103000002
          ],
          [
            103.802578247,
            1.28553177900005
          ],
          [
            103.802556496,
            1.28549281200003
          ],
          [
            103.802536006,
            1.28545307600007
          ],
          [
            103.802515309,
            1.28541294200005
          ],
          [
            103.802494613,
            1.28537280700004
          ],
          [
            103.802473917,
            1.28533267300001
          ],
          [
            103.802453221,
            1.28529253800002
          ],
          [
            103.802432524,
            1.28525240300007
          ],
          [
            103.802411828,
            1.28521226900006
          ],
          [
            103.802391131,
            1.28517213400004
          ],
          [
            103.802370436,
            1.28513200000003
          ],
          [
            103.802349739,
            1.28509186500001
          ],
          [
            103.802329042,
            1.28505173100007
          ],
          [
            103.802308346,
            1.28501159700005
          ],
          [
            103.802287651,
            1.28497146200004
          ],
          [
            103.802266954,
            1.28493132700004
          ],
          [
            103.802246258,
            1.28489119200002
          ],
          [
            103.802245744,
            1.28489024300006
          ],
          [
            103.802223424,
            1.28485088000002
          ],
          [
            103.80220083,
            1.28481169600002
          ],
          [
            103.80217828,
            1.28477258700002
          ],
          [
            103.802155729,
            1.28473347800003
          ],
          [
            103.802133179,
            1.28469436800002
          ],
          [
            103.802110628,
            1.28465525900003
          ],
          [
            103.802088077,
            1.28461614900005
          ],
          [
            103.802065526,
            1.28457704000005
          ],
          [
            103.802042976,
            1.28453793000006
          ],
          [
            103.802020425,
            1.28449882200004
          ],
          [
            103.801997875,
            1.28445971200005
          ],
          [
            103.801983024,
            1.28443395500005
          ],
          [
            103.801975584,
            1.28442105200002
          ],
          [
            103.801954895,
            1.28438178300007
          ],
          [
            103.801934649,
            1.28434168200004
          ],
          [
            103.801914297,
            1.28430136900005
          ],
          [
            103.801893944,
            1.28426105700003
          ],
          [
            103.801873592,
            1.28422074500002
          ],
          [
            103.80185324,
            1.28418043200002
          ],
          [
            103.801832887,
            1.28414012000007
          ],
          [
            103.801812535,
            1.28409980800005
          ],
          [
            103.801792183,
            1.28405949500006
          ],
          [
            103.801771829,
            1.28401918300006
          ],
          [
            103.801751477,
            1.28397887100004
          ],
          [
            103.801731125,
            1.28393855900004
          ],
          [
            103.801710773,
            1.28389824600004
          ],
          [
            103.80169042,
            1.28385793400001
          ],
          [
            103.801670068,
            1.28381762200006
          ],
          [
            103.801649716,
            1.28377730900007
          ],
          [
            103.801629363,
            1.28373699700006
          ],
          [
            103.801609011,
            1.28369668400006
          ],
          [
            103.801588658,
            1.28365637200005
          ],
          [
            103.801568305,
            1.28361606100002
          ],
          [
            103.801547953,
            1.28357574900002
          ],
          [
            103.801527684,
            1.28353560000006
          ],
          [
            103.801508738,
            1.28349678100004
          ],
          [
            103.80149494,
            1.28345597500004
          ],
          [
            103.80148194,
            1.28341382700006
          ],
          [
            103.801471139,
            1.28337129800003
          ],
          [
            103.801462275,
            1.28332807900004
          ],
          [
            103.80145479,
            1.28328483400003
          ],
          [
            103.801450154,
            1.28324104700004
          ],
          [
            103.801446374,
            1.28319721800006
          ],
          [
            103.80144564,
            1.28315332800002
          ],
          [
            103.801446115,
            1.28310919900002
          ],
          [
            103.801448772,
            1.28306538300006
          ],
          [
            103.801453508,
            1.28302151200006
          ],
          [
            103.801459541,
            1.28297803800005
          ],
          [
            103.801468474,
            1.28293493800003
          ],
          [
            103.80147824,
            1.28289204900005
          ],
          [
            103.801490893,
            1.28285004000002
          ],
          [
            103.801504797,
            1.28280818700006
          ],
          [
            103.801520666,
            1.28276726600006
          ],
          [
            103.80153848,
            1.28272688400007
          ],
          [
            103.801557704,
            1.28268644200005
          ],
          [
            103.801577095,
            1.28264565300004
          ],
          [
            103.801596485,
            1.28260486200002
          ],
          [
            103.801615876,
            1.28256407300006
          ],
          [
            103.801635267,
            1.28252328300004
          ],
          [
            103.801654657,
            1.28248249400001
          ],
          [
            103.801674048,
            1.28244170400007
          ],
          [
            103.801693438,
            1.28240091400004
          ],
          [
            103.801712829,
            1.28236012500001
          ],
          [
            103.80173222,
            1.28231933400001
          ],
          [
            103.801782678,
            1.28221453100001
          ],
          [
            103.801790968,
            1.28219759100005
          ],
          [
            103.80181082,
            1.28215702600004
          ],
          [
            103.801830671,
            1.28211646200004
          ],
          [
            103.801850523,
            1.28207589700001
          ],
          [
            103.801870374,
            1.28203533300007
          ],
          [
            103.801890226,
            1.28199476900005
          ],
          [
            103.801910077,
            1.28195420400005
          ],
          [
            103.801929929,
            1.28191364000003
          ],
          [
            103.80194978,
            1.28187307400003
          ],
          [
            103.801969631,
            1.28183251000006
          ],
          [
            103.801989483,
            1.28179194500006
          ],
          [
            103.802009334,
            1.28175138100004
          ],
          [
            103.802029185,
            1.28171081600003
          ],
          [
            103.802049037,
            1.28167025200003
          ],
          [
            103.802068888,
            1.28162968800006
          ],
          [
            103.802088739,
            1.28158912500004
          ],
          [
            103.80210852,
            1.28154871800005
          ],
          [
            103.802128806,
            1.28150856300003
          ],
          [
            103.802149168,
            1.28146825600003
          ],
          [
            103.802169532,
            1.28142794900003
          ],
          [
            103.802189894,
            1.28138764200004
          ],
          [
            103.802210257,
            1.28134733500002
          ],
          [
            103.802219953,
            1.28132814200006
          ],
          [
            103.802221277,
            1.28132552100004
          ],
          [
            103.802250982,
            1.28126672100006
          ],
          [
            103.802269423,
            1.28123095100005
          ],
          [
            103.802425686,
            1.28102866600005
          ],
          [
            103.802445934,
            1.28099167700003
          ],
          [
            103.802489552,
            1.28091030100006
          ],
          [
            103.802491158,
            1.28090669900006
          ],
          [
            103.802491386,
            1.28090604100004
          ],
          [
            103.802572411,
            1.28066272900002
          ],
          [
            103.802775036,
            1.28023627300006
          ],
          [
            103.802779185,
            1.28022721600007
          ],
          [
            103.802784002,
            1.28021705900006
          ],
          [
            103.802807655,
            1.28016719000003
          ],
          [
            103.802842831,
            1.28009302500005
          ],
          [
            103.802859318,
            1.28005826600003
          ],
          [
            103.802865228,
            1.28004580400005
          ],
          [
            103.802895843,
            1.27998125700004
          ],
          [
            103.802898414,
            1.27997583700005
          ],
          [
            103.803084663,
            1.27958315400003
          ],
          [
            103.803128382,
            1.27949097900006
          ],
          [
            103.803128986,
            1.27948960900005
          ],
          [
            103.803160686,
            1.27941201700003
          ],
          [
            103.803160992,
            1.27941123500006
          ],
          [
            103.803188188,
            1.27933832600007
          ],
          [
            103.803188837,
            1.27933632300004
          ],
          [
            103.803213971,
            1.27924716500009
          ],
          [
            103.803214376,
            1.27924553600008
          ],
          [
            103.803232015,
            1.27916405900003
          ],
          [
            103.803232205,
            1.27916309600003
          ],
          [
            103.803247353,
            1.27907852300006
          ],
          [
            103.803254911,
            1.27900888600004
          ],
          [
            103.803258039,
            1.27897746500003
          ],
          [
            103.803258138,
            1.27897613200002
          ],
          [
            103.80326241,
            1.27889121300006
          ],
          [
            103.803262443,
            1.27888966100004
          ],
          [
            103.803261214,
            1.27879642900007
          ],
          [
            103.803261108,
            1.27879436200003
          ],
          [
            103.803251269,
            1.27868412100003
          ],
          [
            103.803251047,
            1.27868231300005
          ],
          [
            103.803234082,
            1.27857429000006
          ],
          [
            103.803233672,
            1.27857228600003
          ],
          [
            103.803207173,
            1.27846379100003
          ],
          [
            103.803206677,
            1.27846202300003
          ],
          [
            103.803171003,
            1.27834945800003
          ],
          [
            103.803170641,
            1.27834839300004
          ],
          [
            103.80293524,
            1.27770227400003
          ],
          [
            103.802928995,
            1.27767671400004
          ],
          [
            103.802928656,
            1.27766066300005
          ],
          [
            103.802933923,
            1.27764832700006
          ],
          [
            103.802935204,
            1.27764459900004
          ],
          [
            103.802935935,
            1.27764072400003
          ],
          [
            103.8029361,
            1.27763678300005
          ],
          [
            103.802935695,
            1.27763285900005
          ],
          [
            103.802934729,
            1.27762903700005
          ],
          [
            103.802902067,
            1.27753041600005
          ],
          [
            103.802900409,
            1.27752647600004
          ],
          [
            103.802898156,
            1.27752284700005
          ],
          [
            103.802895364,
            1.27751962000002
          ],
          [
            103.802892102,
            1.27751687500005
          ],
          [
            103.802888452,
            1.27751468000002
          ],
          [
            103.802884505,
            1.27751309000008
          ],
          [
            103.802880358,
            1.27751214500004
          ],
          [
            103.80287349,
            1.27751114400006
          ],
          [
            103.802867028,
            1.27750748600004
          ],
          [
            103.802861669,
            1.27749982000005
          ],
          [
            103.802760221,
            1.27722273300003
          ],
          [
            103.802736857,
            1.27715891900003
          ],
          [
            103.802685044,
            1.27689577700005
          ],
          [
            103.802683958,
            1.27689184300003
          ],
          [
            103.802640815,
            1.27677150000006
          ],
          [
            103.802639072,
            1.27676763400005
          ],
          [
            103.802511496,
            1.27653499000007
          ],
          [
            103.802478222,
            1.27646148800005
          ],
          [
            103.802365278,
            1.27615432700003
          ],
          [
            103.802305416,
            1.27597256600005
          ],
          [
            103.80227928,
            1.27589743200002
          ],
          [
            103.802263337,
            1.27584976800005
          ],
          [
            103.802244401,
            1.27579212200005
          ],
          [
            103.802217045,
            1.27568538900004
          ],
          [
            103.802189278,
            1.27556447300002
          ],
          [
            103.802166096,
            1.27543786700004
          ],
          [
            103.802152934,
            1.27534987800004
          ],
          [
            103.802143786,
            1.27528803400003
          ],
          [
            103.802135277,
            1.27519904500002
          ],
          [
            103.802129867,
            1.27511330400006
          ],
          [
            103.80212553,
            1.27500028100008
          ],
          [
            103.802124426,
            1.27490443500006
          ],
          [
            103.802181992,
            1.27464768800006
          ],
          [
            103.802182244,
            1.27464642700005
          ],
          [
            103.802182541,
            1.27464418900006
          ],
          [
            103.802194273,
            1.27451519400007
          ],
          [
            103.802194385,
            1.27451272100006
          ],
          [
            103.802194372,
            1.27451186100005
          ],
          [
            103.802185989,
            1.27424578300002
          ],
          [
            103.802187635,
            1.27423809100002
          ],
          [
            103.80218783,
            1.27423708900004
          ],
          [
            103.802188062,
            1.27423549000002
          ],
          [
            103.802202856,
            1.27410655800002
          ],
          [
            103.802211749,
            1.27403240200004
          ],
          [
            103.802221114,
            1.27395188400003
          ],
          [
            103.802227126,
            1.27390019000006
          ],
          [
            103.802242831,
            1.27376515300005
          ],
          [
            103.80226801,
            1.27356943900003
          ],
          [
            103.802276657,
            1.27352257100006
          ],
          [
            103.802294615,
            1.27345247300003
          ],
          [
            103.802301716,
            1.27342383400003
          ],
          [
            103.802323482,
            1.27333635300003
          ],
          [
            103.80236691,
            1.27316056200003
          ],
          [
            103.802401101,
            1.27302112500006
          ],
          [
            103.802405559,
            1.27300696100002
          ],
          [
            103.802432153,
            1.27295074900008
          ]
        ]
      },
      "properties": {
        "OBJECTID": 311,
        "pcn_loop": "RIR",
        "pcn": "Alexandra Park Connector",
        "descriptionHTML": "A continuation of Alexandra Canal Linear Park, the Alexandra Park Connector stretches from Tanglin Road to Zion Road. This urban Park Connector passes by various condominiums, giving users stunning views of the surrounding high-rise buildings and fantastic architectural details.",
        "address": null,
        "Shape__Length": 6836.48064196062
      }
    },
    {
      "type": "Feature",
      "id": 312,
      "geometry": {
        "type": "LineString",
        "coordinates": [
          [
            103.815638501,
            1.29293431300005
          ],
          [
            103.815588928,
            1.29277196000004
          ],
          [
            103.815588032,
            1.29276954900006
          ],
          [
            103.815587372,
            1.29276776100006
          ],
          [
            103.815574596,
            1.29275481200005
          ],
          [
            103.815572824,
            1.29275413400006
          ],
          [
            103.815570745,
            1.29275333800007
          ],
          [
            103.815568576,
            1.29275284400007
          ],
          [
            103.815566728,
            1.29275242300001
          ],
          [
            103.815566395,
            1.29275240400006
          ],
          [
            103.815566069,
            1.29275233800008
          ],
          [
            103.815564175,
            1.29275227600004
          ],
          [
            103.815562283,
            1.29275216700005
          ],
          [
            103.815561619,
            1.29275218800007
          ],
          [
            103.815548051,
            1.29275253200006
          ],
          [
            103.815521102,
            1.29275037500002
          ],
          [
            103.815520063,
            1.29275031200007
          ],
          [
            103.815481385,
            1.29274872400004
          ],
          [
            103.81547766,
            1.29274883000004
          ],
          [
            103.815473986,
            1.29274945300004
          ],
          [
            103.815470432,
            1.29275057900001
          ],
          [
            103.815454417,
            1.29275691000004
          ],
          [
            103.815450793,
            1.29275866700004
          ],
          [
            103.815449436,
            1.29275951000005
          ],
          [
            103.815418584,
            1.29277997700007
          ],
          [
            103.815417704,
            1.29278058600005
          ],
          [
            103.81540527,
            1.29278956600007
          ],
          [
            103.815403556,
            1.29279091200003
          ],
          [
            103.815289029,
            1.29288958600005
          ],
          [
            103.815255822,
            1.29291107000006
          ],
          [
            103.815219024,
            1.29293046200007
          ],
          [
            103.815182495,
            1.29295046200001
          ],
          [
            103.815181898,
            1.29295079800004
          ],
          [
            103.8151807,
            1.29295153700002
          ],
          [
            103.815151164,
            1.29297083200004
          ],
          [
            103.815148625,
            1.29297271200004
          ],
          [
            103.815121473,
            1.29299539300007
          ],
          [
            103.815120362,
            1.29299638000003
          ],
          [
            103.815046782,
            1.29306543200005
          ],
          [
            103.815045286,
            1.29306683600004
          ],
          [
            103.815028974,
            1.29308034500002
          ],
          [
            103.815010639,
            1.29309131500002
          ],
          [
            103.81495511,
            1.29312110600006
          ],
          [
            103.814954312,
            1.29312155200006
          ],
          [
            103.814951746,
            1.29312324600006
          ],
          [
            103.814937331,
            1.29313399200004
          ],
          [
            103.814936048,
            1.29313501000007
          ],
          [
            103.814934283,
            1.29313664100005
          ],
          [
            103.81492162,
            1.29314942800005
          ],
          [
            103.814920063,
            1.29315114100006
          ],
          [
            103.81491886,
            1.29315269600003
          ],
          [
            103.814902118,
            1.29317602700007
          ],
          [
            103.814901741,
            1.29317656600005
          ],
          [
            103.814862584,
            1.29323402400007
          ],
          [
            103.814830308,
            1.29327711300003
          ],
          [
            103.814805324,
            1.29330394700002
          ],
          [
            103.814756373,
            1.29335652200006
          ],
          [
            103.814669381,
            1.29344761000005
          ],
          [
            103.814516162,
            1.29358430200005
          ],
          [
            103.814356046,
            1.29372657600004
          ],
          [
            103.814295923,
            1.29377995400005
          ],
          [
            103.814198107,
            1.29386699400003
          ],
          [
            103.814118757,
            1.29393332100006
          ],
          [
            103.8140676,
            1.29396717500003
          ],
          [
            103.8140438,
            1.29398171700006
          ],
          [
            103.814040871,
            1.29398378500001
          ],
          [
            103.814022399,
            1.29399877500004
          ],
          [
            103.814020188,
            1.29400082100004
          ],
          [
            103.814002684,
            1.29401895100005
          ],
          [
            103.814001367,
            1.29402041900004
          ],
          [
            103.813999874,
            1.29402238500006
          ],
          [
            103.813985842,
            1.29404272700002
          ],
          [
            103.81398464,
            1.29404463400003
          ],
          [
            103.813984002,
            1.29404581200004
          ],
          [
            103.813974516,
            1.29406441600002
          ],
          [
            103.813973168,
            1.29406752400007
          ],
          [
            103.813972457,
            1.29406979600003
          ],
          [
            103.813971224,
            1.29407443800005
          ],
          [
            103.813970196,
            1.29407667200007
          ],
          [
            103.813968804,
            1.29407869500005
          ],
          [
            103.813967087,
            1.29408044700006
          ],
          [
            103.813965096,
            1.29408187700004
          ],
          [
            103.813962892,
            1.29408294200005
          ],
          [
            103.813960538,
            1.29408361100007
          ],
          [
            103.813958106,
            1.29408386400005
          ],
          [
            103.813953605,
            1.29408354800006
          ],
          [
            103.813925801,
            1.29408105100003
          ],
          [
            103.813923405,
            1.29408094300003
          ],
          [
            103.813922073,
            1.29408097600003
          ],
          [
            103.813893933,
            1.29408237700006
          ],
          [
            103.813890407,
            1.29408278800002
          ],
          [
            103.813862552,
            1.29408811500002
          ],
          [
            103.813858946,
            1.29408906900005
          ],
          [
            103.813832256,
            1.29409815600007
          ],
          [
            103.813829471,
            1.29409928200005
          ],
          [
            103.813826827,
            1.29410071300003
          ],
          [
            103.813778839,
            1.29413026200007
          ],
          [
            103.813649185,
            1.29420824700001
          ],
          [
            103.813566325,
            1.29425562300003
          ],
          [
            103.813506195,
            1.29428460400003
          ],
          [
            103.813471229,
            1.29429833300004
          ],
          [
            103.813392947,
            1.29431793400004
          ],
          [
            103.813321136,
            1.29433129300002
          ],
          [
            103.813277774,
            1.29433746800003
          ],
          [
            103.813170186,
            1.29434512400007
          ],
          [
            103.813108198,
            1.29435033200002
          ],
          [
            103.81310647,
            1.29435053300006
          ],
          [
            103.812976571,
            1.29437000100005
          ],
          [
            103.812975676,
            1.29437015100005
          ],
          [
            103.812938373,
            1.29437731000007
          ],
          [
            103.812936415,
            1.29437776300004
          ],
          [
            103.812889689,
            1.29439042500008
          ],
          [
            103.812887478,
            1.29439112800003
          ],
          [
            103.812886816,
            1.29439138000003
          ],
          [
            103.812848638,
            1.29440651900006
          ],
          [
            103.812844993,
            1.29440829300006
          ],
          [
            103.812654766,
            1.29451987700002
          ],
          [
            103.812631312,
            1.29453217700006
          ],
          [
            103.812588898,
            1.29454748200005
          ],
          [
            103.81253911,
            1.29456057000004
          ],
          [
            103.812474013,
            1.29457238700005
          ],
          [
            103.812338444,
            1.29459266200006
          ],
          [
            103.812250699,
            1.29460578400005
          ],
          [
            103.812169399,
            1.29461794300004
          ],
          [
            103.812145676,
            1.29461993600006
          ],
          [
            103.812140908,
            1.29461994200006
          ],
          [
            103.81202878,
            1.29459697000005
          ],
          [
            103.812028085,
            1.29459683700001
          ],
          [
            103.812024173,
            1.29459643600006
          ],
          [
            103.811996789,
            1.29459564900003
          ],
          [
            103.81199602,
            1.29459563800003
          ],
          [
            103.811991228,
            1.29459607000007
          ],
          [
            103.811871287,
            1.29461839800007
          ],
          [
            103.811852978,
            1.29462003200006
          ],
          [
            103.811829221,
            1.29461981300006
          ],
          [
            103.811826764,
            1.29461991500005
          ],
          [
            103.811350649,
            1.29466156100004
          ],
          [
            103.811348302,
            1.29466187100007
          ],
          [
            103.811346171,
            1.29466234000006
          ],
          [
            103.811268922,
            1.29468264700005
          ],
          [
            103.811220928,
            1.29468970700004
          ],
          [
            103.811220146,
            1.29468983400004
          ],
          [
            103.811218308,
            1.29469022700005
          ],
          [
            103.811167687,
            1.29470292500002
          ],
          [
            103.811164986,
            1.29470375600003
          ],
          [
            103.81116297,
            1.29470458900005
          ],
          [
            103.811147366,
            1.29471179000005
          ],
          [
            103.811133032,
            1.29471556800007
          ],
          [
            103.811118265,
            1.29471679300002
          ],
          [
            103.811103509,
            1.29471542900005
          ],
          [
            103.811089211,
            1.29471151700004
          ],
          [
            103.811073675,
            1.29470416900004
          ],
          [
            103.811069485,
            1.29470260000005
          ],
          [
            103.811065095,
            1.29470174900006
          ],
          [
            103.811056105,
            1.29470077500003
          ],
          [
            103.81105322,
            1.29470061900002
          ],
          [
            103.81105221,
            1.29470063800005
          ],
          [
            103.811043173,
            1.29470097900002
          ],
          [
            103.811039401,
            1.29470139000006
          ],
          [
            103.811030406,
            1.29470305700005
          ],
          [
            103.811026634,
            1.29470404500006
          ],
          [
            103.81101807,
            1.29470696700002
          ],
          [
            103.811017505,
            1.29470716700007
          ],
          [
            103.811014479,
            1.29470849100005
          ],
          [
            103.811007413,
            1.29471211800006
          ],
          [
            103.810898659,
            1.29475699600005
          ],
          [
            103.810868492,
            1.29476164700003
          ],
          [
            103.810832446,
            1.29476788900007
          ],
          [
            103.810829868,
            1.29476847300003
          ],
          [
            103.810813732,
            1.29477297700004
          ],
          [
            103.810811717,
            1.29477362700004
          ],
          [
            103.810811011,
            1.29477389600003
          ],
          [
            103.810786462,
            1.29478368100007
          ],
          [
            103.810783366,
            1.29478515100004
          ],
          [
            103.810763449,
            1.29479621300003
          ],
          [
            103.810760219,
            1.29479836800004
          ],
          [
            103.81073811,
            1.29481555800003
          ],
          [
            103.810737262,
            1.29481624500004
          ],
          [
            103.810735244,
            1.29481813500007
          ],
          [
            103.810689136,
            1.29486595500002
          ],
          [
            103.810688117,
            1.29486707200005
          ],
          [
            103.810675452,
            1.29488176800004
          ],
          [
            103.810550454,
            1.29491081000004
          ],
          [
            103.810533202,
            1.29491487400004
          ],
          [
            103.810514554,
            1.29491435600004
          ],
          [
            103.810488595,
            1.29490322700001
          ],
          [
            103.810487251,
            1.29490269300003
          ],
          [
            103.81048496,
            1.29490196800003
          ],
          [
            103.810452749,
            1.29489334400005
          ],
          [
            103.8104505,
            1.29489284400007
          ],
          [
            103.810448974,
            1.29489261900005
          ],
          [
            103.81041587,
            1.29488869200004
          ],
          [
            103.810414031,
            1.29488853800006
          ],
          [
            103.810334773,
            1.29488464200006
          ],
          [
            103.810333947,
            1.29488461400007
          ],
          [
            103.81029798,
            1.29488395700003
          ],
          [
            103.81029739,
            1.29488395300006
          ],
          [
            103.810271877,
            1.29488414600008
          ],
          [
            103.810268194,
            1.29488442800005
          ],
          [
            103.810242266,
            1.29488822900004
          ],
          [
            103.810241267,
            1.29488839500003
          ],
          [
            103.81022768,
            1.29489102200006
          ],
          [
            103.810225978,
            1.29489115400002
          ],
          [
            103.810224978,
            1.29489106600003
          ],
          [
            103.810224006,
            1.29489081400005
          ],
          [
            103.810223087,
            1.29489040500003
          ],
          [
            103.810222246,
            1.29488985000006
          ],
          [
            103.810221508,
            1.29488916500003
          ],
          [
            103.810220891,
            1.29488836700006
          ],
          [
            103.810220413,
            1.29488747900008
          ],
          [
            103.810219285,
            1.29488419400007
          ],
          [
            103.810217517,
            1.29488021800004
          ],
          [
            103.810215139,
            1.29487657900005
          ],
          [
            103.810212214,
            1.29487336900007
          ],
          [
            103.810208815,
            1.29487067200005
          ],
          [
            103.810205032,
            1.29486855700002
          ],
          [
            103.810200961,
            1.29486707900003
          ],
          [
            103.810196707,
            1.29486627500005
          ],
          [
            103.810192381,
            1.29486616700006
          ],
          [
            103.810188093,
            1.29486675800007
          ],
          [
            103.810183954,
            1.29486803100002
          ],
          [
            103.810060288,
            1.29491731800005
          ],
          [
            103.809697505,
            1.29498215700006
          ],
          [
            103.809609484,
            1.29498571800002
          ],
          [
            103.809501669,
            1.29495998900007
          ],
          [
            103.809500131,
            1.29495966900002
          ],
          [
            103.809498595,
            1.29495944200004
          ],
          [
            103.809458316,
            1.29495467900006
          ],
          [
            103.809394842,
            1.29493456700004
          ],
          [
            103.809390627,
            1.29493359700007
          ],
          [
            103.809386312,
            1.29493331900005
          ],
          [
            103.809382008,
            1.29493373800005
          ],
          [
            103.809352326,
            1.29493914000005
          ],
          [
            103.809347904,
            1.29494034300005
          ],
          [
            103.809346641,
            1.29494084200007
          ],
          [
            103.809273353,
            1.29497197300003
          ],
          [
            103.809255729,
            1.29497875800006
          ],
          [
            103.809238868,
            1.29498239000002
          ],
          [
            103.809221652,
            1.29498336800004
          ],
          [
            103.809204494,
            1.29498166800005
          ],
          [
            103.809166278,
            1.29496842200005
          ],
          [
            103.80916404,
            1.29496781900001
          ],
          [
            103.809145269,
            1.29496451100003
          ],
          [
            103.80914124,
            1.29496411200005
          ],
          [
            103.809122205,
            1.29496367100007
          ],
          [
            103.809121585,
            1.29496366400003
          ],
          [
            103.809118161,
            1.29496388400004
          ],
          [
            103.809099275,
            1.29496631800004
          ],
          [
            103.809098019,
            1.29496651000004
          ],
          [
            103.809095307,
            1.29496713800006
          ],
          [
            103.809076997,
            1.29497239300002
          ],
          [
            103.80907517,
            1.29497298900002
          ],
          [
            103.809073198,
            1.29497380200007
          ],
          [
            103.809055876,
            1.29498175900006
          ],
          [
            103.80905359,
            1.29498294400002
          ],
          [
            103.80905233,
            1.29498372400007
          ],
          [
            103.80904143,
            1.29499088800002
          ],
          [
            103.808638464,
            1.29504757900002
          ],
          [
            103.808637362,
            1.29504775800006
          ],
          [
            103.8084158,
            1.29508973800004
          ],
          [
            103.808309538,
            1.29510462600007
          ],
          [
            103.808308574,
            1.29510477900004
          ],
          [
            103.808307351,
            1.29510502600005
          ],
          [
            103.808081452,
            1.295156059
          ],
          [
            103.807947203,
            1.29517591500008
          ],
          [
            103.807824773,
            1.29518702800004
          ],
          [
            103.807822514,
            1.29518733000004
          ],
          [
            103.807818272,
            1.29518844700004
          ],
          [
            103.807777933,
            1.29520269000006
          ],
          [
            103.807773526,
            1.29520474200006
          ],
          [
            103.807772959,
            1.29520508000006
          ],
          [
            103.807723184,
            1.29523566100005
          ],
          [
            103.807721543,
            1.29523675400001
          ],
          [
            103.807679018,
            1.29526737800006
          ],
          [
            103.807659543,
            1.29527922000005
          ],
          [
            103.80759979,
            1.29530730100004
          ],
          [
            103.807553543,
            1.29532455900005
          ],
          [
            103.807552682,
            1.29532489700005
          ],
          [
            103.807468749,
            1.29535955900008
          ],
          [
            103.807465357,
            1.29536125000004
          ],
          [
            103.807098926,
            1.29558044900006
          ],
          [
            103.80684879,
            1.29570323400001
          ],
          [
            103.806847107,
            1.29570413600003
          ],
          [
            103.806607045,
            1.29584421900006
          ],
          [
            103.806474964,
            1.29589907500002
          ],
          [
            103.806419026,
            1.29592252000003
          ],
          [
            103.806362153,
            1.29594635700005
          ],
          [
            103.806169523,
            1.29602709500006
          ],
          [
            103.806166408,
            1.29602864500004
          ],
          [
            103.806162344,
            1.29603154300003
          ],
          [
            103.805996289,
            1.29617788300004
          ],
          [
            103.805957809,
            1.29620683600005
          ],
          [
            103.8058158,
            1.29626556400006
          ],
          [
            103.805812567,
            1.29626716300004
          ],
          [
            103.805811123,
            1.29626806500005
          ],
          [
            103.805664964,
            1.29636585000003
          ],
          [
            103.805629725,
            1.29637149000007
          ],
          [
            103.805625182,
            1.29637267300005
          ],
          [
            103.805620911,
            1.29637463200004
          ],
          [
            103.805617043,
            1.29637730600008
          ],
          [
            103.805613694,
            1.29638061500002
          ],
          [
            103.805610966,
            1.29638445900003
          ],
          [
            103.805608942,
            1.29638872000003
          ],
          [
            103.805607683,
            1.29639327000006
          ],
          [
            103.805606285,
            1.29640080800004
          ],
          [
            103.805604438,
            1.29640584300006
          ],
          [
            103.805601774,
            1.29641049300005
          ],
          [
            103.805598371,
            1.29641462500006
          ],
          [
            103.805594326,
            1.29641812100005
          ],
          [
            103.805589752,
            1.29642088100007
          ],
          [
            103.805584781,
            1.29642282800005
          ],
          [
            103.805579558,
            1.29642390300006
          ],
          [
            103.805574229,
            1.29642407700004
          ],
          [
            103.805568944,
            1.29642334500005
          ],
          [
            103.805563859,
            1.29642172900003
          ],
          [
            103.805559118,
            1.29641927500007
          ],
          [
            103.805554854,
            1.29641605000006
          ],
          [
            103.805551191,
            1.29641214900005
          ],
          [
            103.805546965,
            1.29640576900004
          ],
          [
            103.805544141,
            1.29640219800006
          ],
          [
            103.805540762,
            1.29639915400002
          ],
          [
            103.805536924,
            1.29639672300003
          ],
          [
            103.805532736,
            1.29639497400006
          ],
          [
            103.805528316,
            1.29639395600003
          ],
          [
            103.805523788,
            1.29639369800003
          ],
          [
            103.805519282,
            1.29639420800003
          ],
          [
            103.805514925,
            1.29639547100004
          ],
          [
            103.805510839,
            1.29639745100007
          ],
          [
            103.805507141,
            1.29640009300004
          ],
          [
            103.805492932,
            1.29641225300001
          ],
          [
            103.805460498,
            1.29643997100004
          ],
          [
            103.805457295,
            1.29644321300003
          ],
          [
            103.805456667,
            1.29644399600005
          ],
          [
            103.805425966,
            1.29648372400004
          ],
          [
            103.805341031,
            1.29654221100003
          ],
          [
            103.805293776,
            1.29656383000001
          ],
          [
            103.805231867,
            1.29659007300006
          ],
          [
            103.805146086,
            1.29663803900007
          ],
          [
            103.805144099,
            1.29663928800005
          ],
          [
            103.805068022,
            1.29669192800003
          ],
          [
            103.805065967,
            1.29669350200003
          ],
          [
            103.805064037,
            1.29669530000006
          ],
          [
            103.805009903,
            1.29675092300005
          ],
          [
            103.804958145,
            1.29680410100002
          ],
          [
            103.804902133,
            1.29686165200007
          ]
        ]
      },
      "properties": {
        "OBJECTID": 312,
        "pcn_loop": "RIR",
        "pcn": "Alexandra Canal Linear Park",
        "descriptionHTML": "Built on top of a covered canal, Alexandra Canal Linear Park is a unique park connector linking Commonwealth Ave to Tanglin Road. It starts from Queenstown MRT Station and runs along Strathmore Estate before ending at Tanglin Road, where it leads to Alexandra Park Connector. Besides offering seamless connectivity, Alexandra Canal Linear Park features a vast array of fitness and play equipment for all ages, providing endless fun for the young and old. Avid skaters can also look forward to challenging themselves at the skate corner, which includes ramps and railings.",
        "address": null,
        "Shape__Length": 1353.8865037630962
      }
    },
    {
      "type": "Feature",
      "id": 313,
      "geometry": {
        "type": "LineString",
        "coordinates": [
          [
            103.872525924,
            1.40048971400005
          ],
          [
            103.872081097,
            1.40050018400007
          ],
          [
            103.872134578,
            1.40037155300007
          ],
          [
            103.872135462,
            1.40036277100006
          ],
          [
            103.872136043,
            1.40035396300004
          ],
          [
            103.872134163,
            1.40015936000003
          ],
          [
            103.87208275,
            1.40007722700006
          ],
          [
            103.872070321,
            1.40000510900006
          ],
          [
            103.872142958,
            1.39997355100007
          ],
          [
            103.872193227,
            1.39980076400002
          ],
          [
            103.872257327,
            1.39961813600008
          ],
          [
            103.872359886,
            1.39940181600003
          ],
          [
            103.872448864,
            1.39925196100006
          ],
          [
            103.872646538,
            1.39891509100003
          ],
          [
            103.872834283,
            1.39852459400004
          ],
          [
            103.872861641,
            1.39846599900004
          ],
          [
            103.872864411,
            1.39844462400004
          ],
          [
            103.872860837,
            1.39841945100004
          ],
          [
            103.872850584,
            1.39839984500002
          ],
          [
            103.87282795,
            1.39838238700002
          ],
          [
            103.872858804,
            1.39832663700001
          ],
          [
            103.87294521,
            1.39829369500006
          ],
          [
            103.872990376,
            1.39818337100008
          ],
          [
            103.873003094,
            1.39814804400003
          ],
          [
            103.873022127,
            1.39808904600005
          ],
          [
            103.873039116,
            1.39802942100003
          ],
          [
            103.873054042,
            1.39796923800002
          ],
          [
            103.873066885,
            1.39790857100007
          ],
          [
            103.87307763,
            1.39784749200003
          ],
          [
            103.873086265,
            1.39778607500006
          ],
          [
            103.87309278,
            1.39772439400003
          ],
          [
            103.873098379,
            1.39763955300003
          ],
          [
            103.873098392,
            1.39763036000005
          ],
          [
            103.87309855,
            1.39751804700006
          ],
          [
            103.873091784,
            1.39741091900003
          ],
          [
            103.873082781,
            1.39731677400004
          ],
          [
            103.873036114,
            1.39712878300003
          ],
          [
            103.873007354,
            1.39682800400005
          ],
          [
            103.873012512,
            1.39660699200005
          ],
          [
            103.872927491,
            1.39571783300004
          ],
          [
            103.872909593,
            1.39553064800003
          ],
          [
            103.872836398,
            1.39540626400002
          ],
          [
            103.872818122,
            1.39537943500005
          ],
          [
            103.872796117,
            1.39535585900007
          ],
          [
            103.872770536,
            1.39533569700006
          ],
          [
            103.87274353,
            1.39532048200004
          ],
          [
            103.873172999,
            1.39526702300004
          ],
          [
            103.87317751,
            1.39526080500002
          ],
          [
            103.873182231,
            1.39525474700002
          ],
          [
            103.873187158,
            1.39524885700007
          ],
          [
            103.873192284,
            1.39524314200002
          ],
          [
            103.873197603,
            1.39523760900006
          ],
          [
            103.873203109,
            1.39523226400007
          ],
          [
            103.873208795,
            1.39522711400002
          ],
          [
            103.873214655,
            1.39522216400006
          ],
          [
            103.873220681,
            1.39521742200002
          ],
          [
            103.873226867,
            1.39521289200006
          ],
          [
            103.873233204,
            1.39520858000002
          ],
          [
            103.873239686,
            1.39520449100007
          ],
          [
            103.873246304,
            1.39520063000004
          ],
          [
            103.873253051,
            1.39519700100004
          ],
          [
            103.873259919,
            1.39519360900004
          ],
          [
            103.873266899,
            1.39519045900003
          ],
          [
            103.873273983,
            1.39518755300003
          ],
          [
            103.873281162,
            1.39518489500006
          ],
          [
            103.873288429,
            1.39518248900002
          ],
          [
            103.873295774,
            1.39518033600007
          ],
          [
            103.873303188,
            1.39517844100003
          ],
          [
            103.873310663,
            1.39517680400008
          ],
          [
            103.873635672,
            1.39514930100006
          ],
          [
            103.87366785,
            1.39517643600004
          ],
          [
            103.873752663,
            1.39516931200007
          ],
          [
            103.873779439,
            1.39513713400002
          ],
          [
            103.874031323,
            1.39511583500008
          ],
          [
            103.874144889,
            1.39510626000003
          ],
          [
            103.874307258,
            1.39511873400004
          ],
          [
            103.87447537,
            1.39510437400002
          ],
          [
            103.874601109,
            1.39506776800007
          ],
          [
            103.874885586,
            1.39504380500005
          ],
          [
            103.87494243,
            1.39504012500004
          ],
          [
            103.875132187,
            1.39506475500002
          ],
          [
            103.875216171,
            1.39506957400005
          ],
          [
            103.875294866,
            1.39507711300007
          ],
          [
            103.875385265,
            1.39508961400001
          ],
          [
            103.875394025,
            1.39509078200007
          ],
          [
            103.875419362,
            1.39509856800003
          ],
          [
            103.875443452,
            1.39510849900006
          ],
          [
            103.87546759,
            1.39512120300003
          ],
          [
            103.875488633,
            1.39513436500005
          ],
          [
            103.875509059,
            1.39515152000007
          ],
          [
            103.875526102,
            1.39517187900003
          ],
          [
            103.875535469,
            1.39518660300006
          ],
          [
            103.875966367,
            1.39525607100005
          ],
          [
            103.875974154,
            1.39525209400005
          ],
          [
            103.87598207,
            1.39524838600005
          ],
          [
            103.875990107,
            1.39524495200003
          ],
          [
            103.875998255,
            1.39524179500005
          ],
          [
            103.876006506,
            1.39523891900006
          ],
          [
            103.876014849,
            1.39523632800006
          ],
          [
            103.876023275,
            1.39523402300004
          ],
          [
            103.876031775,
            1.39523200900003
          ],
          [
            103.876040337,
            1.39523028700006
          ],
          [
            103.876048952,
            1.39522886000003
          ],
          [
            103.876057611,
            1.39522772800006
          ],
          [
            103.876066303,
            1.39522689400006
          ],
          [
            103.876075019,
            1.39522635900005
          ],
          [
            103.876103835,
            1.39522911700003
          ],
          [
            103.876118438,
            1.39523149300003
          ],
          [
            103.876786856,
            1.39539163000007
          ],
          [
            103.877658879,
            1.39560046600007
          ],
          [
            103.878219294,
            1.39573473000007
          ],
          [
            103.878385635,
            1.39580212100002
          ],
          [
            103.878676912,
            1.39587217300005
          ],
          [
            103.878711856,
            1.39588028500002
          ],
          [
            103.878738985,
            1.39589216500002
          ],
          [
            103.878746356,
            1.39589697500003
          ],
          [
            103.878753564,
            1.39590202900006
          ],
          [
            103.8787606,
            1.39590732300007
          ],
          [
            103.878767457,
            1.39591285000005
          ],
          [
            103.878774127,
            1.395918605
          ],
          [
            103.878780602,
            1.39592458000003
          ],
          [
            103.878786876,
            1.39593076900007
          ],
          [
            103.878792941,
            1.39593716500002
          ],
          [
            103.87879879,
            1.39594376100008
          ],
          [
            103.878804418,
            1.39595055100006
          ],
          [
            103.878809818,
            1.39595752500002
          ],
          [
            103.878814983,
            1.39596467700006
          ],
          [
            103.879182843,
            1.39604948100005
          ],
          [
            103.879188041,
            1.39604455100004
          ],
          [
            103.879193403,
            1.39603980500003
          ],
          [
            103.879198925,
            1.39603524600006
          ],
          [
            103.879204598,
            1.39603088000006
          ],
          [
            103.879210418,
            1.39602671400006
          ],
          [
            103.879216375,
            1.39602275100002
          ],
          [
            103.879222465,
            1.39601899600007
          ],
          [
            103.879228679,
            1.39601545400007
          ],
          [
            103.879235011,
            1.39601212900004
          ],
          [
            103.879241452,
            1.39600902400003
          ],
          [
            103.879247995,
            1.39600614400007
          ],
          [
            103.879254633,
            1.39600349200002
          ],
          [
            103.879261357,
            1.39600107100005
          ],
          [
            103.87926816,
            1.39599888400005
          ],
          [
            103.879275034,
            1.39599693300005
          ],
          [
            103.87928197,
            1.39599522100002
          ],
          [
            103.87928896,
            1.39599374900007
          ],
          [
            103.879295997,
            1.39599252000005
          ],
          [
            103.87932745,
            1.39599010600005
          ],
          [
            103.879445448,
            1.39599314400003
          ],
          [
            103.879534846,
            1.39599431300008
          ],
          [
            103.879624135,
            1.39599029100003
          ],
          [
            103.87971319,
            1.39598167800005
          ],
          [
            103.879801822,
            1.39596858700002
          ],
          [
            103.880013,
            1.39593136300003
          ],
          [
            103.880155984,
            1.39590612200003
          ],
          [
            103.880602911,
            1.39582707800003
          ],
          [
            103.880685477,
            1.39581248400002
          ],
          [
            103.880928374,
            1.39576954800003
          ],
          [
            103.882406296,
            1.39550870100004
          ],
          [
            103.882492746,
            1.39549344300003
          ],
          [
            103.882726954,
            1.39545210600003
          ]
        ]
      },
      "properties": {
        "OBJECTID": 313,
        "pcn_loop": "RIR",
        "pcn": "Interim RIR - Jalan Kayu/Sengkang West Way to Sengkang Riverside Park",
        "descriptionHTML": null,
        "address": null,
        "Shape__Length": 1818.27211677933
      }
    },
    {
      "type": "Feature",
      "id": 314,
      "geometry": {
        "type": "LineString",
        "coordinates": [
          [
            103.885170944,
            1.40012281500003
          ],
          [
            103.885173206,
            1.40012209900005
          ],
          [
            103.885175385,
            1.40012119000005
          ],
          [
            103.885554547,
            1.40019927100001
          ],
          [
            103.885725726,
            1.40017055400004
          ],
          [
            103.885825579,
            1.400070054
          ],
          [
            103.886025286,
            1.39994083800002
          ],
          [
            103.886396173,
            1.39979726200005
          ],
          [
            103.886781327,
            1.39975418300002
          ],
          [
            103.887180748,
            1.39976853000006
          ],
          [
            103.887719619,
            1.39987939500001
          ],
          [
            103.887719953,
            1.39988364900006
          ]
        ]
      },
      "properties": {
        "OBJECTID": 314,
        "pcn_loop": "RIR",
        "pcn": "Sengkang Riverside Park Bridge",
        "descriptionHTML": "Sengkang Riverside Park is one of four parks located on the North Eastern Riverine Loop of the Park Connector Network. Sengkang Riverside Park was awarded the ABC Waters Certification, as an excellent example of how the protection of our water resources can be creatively integrated with urban planning in a sustainable manner.",
        "address": null,
        "Shape__Length": 298.82592559101164
      }
    },
    {
      "type": "Feature",
      "id": 315,
      "geometry": {
        "type": "LineString",
        "coordinates": [
          [
            103.882726954,
            1.39545210600003
          ],
          [
            103.882951675,
            1.39555461300006
          ],
          [
            103.882801669,
            1.39555656100003
          ],
          [
            103.882798286,
            1.39555682000001
          ],
          [
            103.882794962,
            1.39555750400006
          ],
          [
            103.882791749,
            1.39555860400003
          ],
          [
            103.882704704,
            1.39559469200003
          ],
          [
            103.882701492,
            1.39559628200003
          ],
          [
            103.882698303,
            1.39559845600007
          ],
          [
            103.882605919,
            1.39567160800005
          ],
          [
            103.882603218,
            1.39567406100001
          ],
          [
            103.88260087,
            1.39567685700006
          ],
          [
            103.882598917,
            1.39567994700008
          ],
          [
            103.882543178,
            1.39578287200003
          ],
          [
            103.882541516,
            1.39578657800008
          ],
          [
            103.882540511,
            1.39579007000002
          ],
          [
            103.882520136,
            1.39588401000003
          ],
          [
            103.882519926,
            1.39588508500002
          ],
          [
            103.882519581,
            1.39588790900006
          ],
          [
            103.882514347,
            1.39596347100007
          ],
          [
            103.882514282,
            1.39596535900006
          ],
          [
            103.882514381,
            1.39596768400002
          ],
          [
            103.8825303,
            1.39615391600006
          ],
          [
            103.88253061,
            1.39615630300005
          ],
          [
            103.882531451,
            1.39615976000003
          ],
          [
            103.882572747,
            1.39629139100004
          ],
          [
            103.882573122,
            1.39629250200006
          ],
          [
            103.882574482,
            1.39629563300002
          ],
          [
            103.882619213,
            1.39638314300004
          ],
          [
            103.882662644,
            1.39648890800004
          ],
          [
            103.882674535,
            1.39665159500003
          ],
          [
            103.882655317,
            1.39676287600002
          ],
          [
            103.88265502,
            1.39676517300007
          ],
          [
            103.882648355,
            1.39684239100006
          ],
          [
            103.882644269,
            1.39695860100004
          ],
          [
            103.882656422,
            1.39707560700003
          ],
          [
            103.882656686,
            1.39707749800004
          ],
          [
            103.882657099,
            1.39707943800003
          ],
          [
            103.882695285,
            1.39723142400003
          ],
          [
            103.882696088,
            1.39723405200004
          ],
          [
            103.882697122,
            1.39723652200007
          ],
          [
            103.882760563,
            1.39736940900001
          ],
          [
            103.882761516,
            1.39737122500002
          ],
          [
            103.882763455,
            1.39737414900004
          ],
          [
            103.882870823,
            1.39751533100003
          ],
          [
            103.882873941,
            1.39751877300006
          ],
          [
            103.882877597,
            1.39752162700007
          ],
          [
            103.882966469,
            1.39757943300004
          ],
          [
            103.882970573,
            1.39758162300006
          ],
          [
            103.882974989,
            1.39758307100004
          ],
          [
            103.883292764,
            1.39765753100004
          ],
          [
            103.883296738,
            1.39765815200001
          ],
          [
            103.88330076,
            1.39765817200002
          ],
          [
            103.883396186,
            1.39765144600005
          ],
          [
            103.883398939,
            1.39765110700006
          ],
          [
            103.883493174,
            1.39763454700005
          ],
          [
            103.883495601,
            1.39763400100003
          ],
          [
            103.883660589,
            1.39758875900003
          ],
          [
            103.88366273,
            1.39758807400006
          ],
          [
            103.883812243,
            1.39753319500005
          ],
          [
            103.883816486,
            1.39753120200005
          ],
          [
            103.883819927,
            1.39752882700003
          ],
          [
            103.883936213,
            1.39743446200003
          ],
          [
            103.883939402,
            1.39743134600006
          ],
          [
            103.883975994,
            1.39738913000002
          ],
          [
            103.883978858,
            1.39738505700006
          ],
          [
            103.883980624,
            1.39738135700003
          ],
          [
            103.884013132,
            1.39729753500005
          ],
          [
            103.884145677,
            1.39736019600001
          ],
          [
            103.884217673,
            1.39740618700005
          ],
          [
            103.884218641,
            1.39740677700007
          ],
          [
            103.884221702,
            1.39740830400007
          ],
          [
            103.884348946,
            1.39746195900005
          ],
          [
            103.884352359,
            1.39746313500006
          ],
          [
            103.884355898,
            1.39746384200003
          ],
          [
            103.8843595,
            1.39746406600006
          ],
          [
            103.884485778,
            1.39746278100004
          ],
          [
            103.884489742,
            1.397462446
          ],
          [
            103.884618751,
            1.39744178700004
          ],
          [
            103.884721707,
            1.39743971300003
          ],
          [
            103.884807708,
            1.39745389000004
          ],
          [
            103.88491715,
            1.39749440900004
          ],
          [
            103.884918142,
            1.39759344400007
          ],
          [
            103.884918598,
            1.39759814800003
          ],
          [
            103.884919859,
            1.39760270100004
          ],
          [
            103.884921886,
            1.39760696500004
          ],
          [
            103.884990524,
            1.39772140400003
          ],
          [
            103.885003998,
            1.39782314000007
          ],
          [
            103.885004867,
            1.39782724500003
          ],
          [
            103.885006354,
            1.39783116600006
          ],
          [
            103.885055665,
            1.39793598700004
          ],
          [
            103.885044111,
            1.39797445200003
          ],
          [
            103.885043296,
            1.39797801600002
          ],
          [
            103.885042965,
            1.39798165800006
          ],
          [
            103.885043124,
            1.39798531200006
          ],
          [
            103.885057457,
            1.39811461700004
          ],
          [
            103.885065024,
            1.39827009600004
          ],
          [
            103.885074244,
            1.39831946700003
          ],
          [
            103.885128555,
            1.39831631700003
          ],
          [
            103.885188542,
            1.39848185800003
          ],
          [
            103.885207393,
            1.39853095100006
          ],
          [
            103.885247536,
            1.39863461900006
          ],
          [
            103.885323703,
            1.39882947700005
          ],
          [
            103.885354025,
            1.39890705000004
          ],
          [
            103.88540764,
            1.39904369900007
          ],
          [
            103.885469813,
            1.39920224000003
          ],
          [
            103.885488907,
            1.39925093000005
          ],
          [
            103.885489949,
            1.39925417000007
          ],
          [
            103.88549058,
            1.39925751500005
          ],
          [
            103.885510374,
            1.39941641000007
          ],
          [
            103.885510573,
            1.39941903400006
          ],
          [
            103.88551608,
            1.39961939900007
          ],
          [
            103.885516091,
            1.39962014800005
          ],
          [
            103.885515953,
            1.39962289100005
          ],
          [
            103.885503943,
            1.39974188400003
          ],
          [
            103.885503672,
            1.39974385300008
          ],
          [
            103.885502822,
            1.39974733600006
          ],
          [
            103.88549183,
            1.39978225400006
          ],
          [
            103.885467515,
            1.39985949800006
          ],
          [
            103.885466269,
            1.39986272400005
          ],
          [
            103.885464625,
            1.39986576500008
          ],
          [
            103.885412572,
            1.39994892400005
          ],
          [
            103.885410414,
            1.39995190200005
          ],
          [
            103.885408339,
            1.39995412500002
          ],
          [
            103.885293215,
            1.40006429300008
          ],
          [
            103.885289826,
            1.40006704800003
          ],
          [
            103.88528604,
            1.40006921700008
          ],
          [
            103.885175385,
            1.40012119000005
          ],
          [
            103.885173206,
            1.40012209900005
          ],
          [
            103.885170944,
            1.40012281500003
          ]
        ]
      },
      "properties": {
        "OBJECTID": 315,
        "pcn_loop": "RIR",
        "pcn": "Sengkang Riverside Park (West)",
        "descriptionHTML": null,
        "address": null,
        "Shape__Length": 865.7425181232182
      }
    },
    {
      "type": "Feature",
      "id": 316,
      "geometry": {
        "type": "LineString",
        "coordinates": [
          [
            103.887719953,
            1.39988364900006
          ],
          [
            103.887738109,
            1.39998874300003
          ],
          [
            103.887809372,
            1.40012043600006
          ],
          [
            103.8878097,
            1.40012102600001
          ],
          [
            103.887810833,
            1.40012283100004
          ],
          [
            103.887868218,
            1.40020682800002
          ],
          [
            103.887890417,
            1.40031765600002
          ],
          [
            103.887851991,
            1.40050783600003
          ],
          [
            103.887788244,
            1.40060878200007
          ],
          [
            103.887694526,
            1.40064245700006
          ],
          [
            103.887597549,
            1.40062000300002
          ],
          [
            103.887581518,
            1.40057035900001
          ]
        ]
      },
      "properties": {
        "OBJECTID": 316,
        "pcn_loop": "RIR",
        "pcn": "Sengkang Riverside Park (East)",
        "descriptionHTML": null,
        "address": null,
        "Shape__Length": 115.64749939221183
      }
    },
    {
      "type": "Feature",
      "id": 317,
      "geometry": {
        "type": "LineString",
        "coordinates": [
          [
            103.913988532,
            1.41618211100005
          ],
          [
            103.913993839,
            1.41614302700004
          ],
          [
            103.914022431,
            1.41599387100007
          ],
          [
            103.914023301,
            1.41599050700007
          ],
          [
            103.914057585,
            1.41588596800005
          ],
          [
            103.914119862,
            1.41555431700004
          ],
          [
            103.914141587,
            1.41543862700006
          ],
          [
            103.914453506,
            1.41377753600006
          ],
          [
            103.914616204,
            1.41291335400007
          ],
          [
            103.914630016,
            1.41283975100004
          ],
          [
            103.914630312,
            1.41283837300006
          ],
          [
            103.914649678,
            1.41275824400002
          ],
          [
            103.91465054,
            1.41275537800004
          ],
          [
            103.914650842,
            1.41275458000007
          ],
          [
            103.914703135,
            1.41262301900001
          ],
          [
            103.914714846,
            1.41259263900003
          ],
          [
            103.914716464,
            1.41258918500005
          ],
          [
            103.914825298,
            1.41239380200005
          ],
          [
            103.914923538,
            1.41221743900008
          ],
          [
            103.915609224,
            1.41098647400003
          ],
          [
            103.915907316,
            1.41045119700005
          ],
          [
            103.916534632,
            1.40932660100003
          ],
          [
            103.916637774,
            1.40914169600007
          ],
          [
            103.916985716,
            1.40851793600007
          ],
          [
            103.917060877,
            1.40839360000006
          ],
          [
            103.917089501,
            1.40835893100006
          ],
          [
            103.917091974,
            1.40835632400007
          ],
          [
            103.91715654,
            1.40829500500006
          ],
          [
            103.917220175,
            1.40823457100004
          ],
          [
            103.917250023,
            1.40820604500005
          ],
          [
            103.917250589,
            1.40820552000001
          ],
          [
            103.917316229,
            1.40814628200006
          ],
          [
            103.917348222,
            1.40811740900004
          ],
          [
            103.919531705,
            1.40614688500006
          ],
          [
            103.919632972,
            1.40605549500003
          ],
          [
            103.921190691,
            1.40464969900004
          ],
          [
            103.92119136,
            1.40464911500005
          ],
          [
            103.921193407,
            1.40464754700002
          ],
          [
            103.921471545,
            1.40447160200006
          ],
          [
            103.924175323,
            1.40299569300003
          ],
          [
            103.924271239,
            1.40293350200006
          ],
          [
            103.924352108,
            1.40286176400003
          ],
          [
            103.924449581,
            1.40273635900008
          ],
          [
            103.924477463,
            1.40268668700004
          ],
          [
            103.924502818,
            1.40263133000001
          ],
          [
            103.924523567,
            1.40257406300002
          ],
          [
            103.924539569,
            1.40251527200007
          ],
          [
            103.924550717,
            1.40245535800006
          ],
          [
            103.924556633,
            1.40239765300003
          ],
          [
            103.924552687,
            1.40226638900002
          ],
          [
            103.924544765,
            1.40212920000004
          ],
          [
            103.924532976,
            1.40199134200002
          ],
          [
            103.924505238,
            1.40170518100006
          ],
          [
            103.924463908,
            1.40122631600002
          ],
          [
            103.924463865,
            1.40122218100002
          ],
          [
            103.924464447,
            1.40121808800007
          ],
          [
            103.924465641,
            1.40121413100007
          ],
          [
            103.924467418,
            1.40121040300005
          ],
          [
            103.924469737,
            1.40120699000003
          ],
          [
            103.924472545,
            1.40120397100003
          ],
          [
            103.924572705,
            1.401111537
          ],
          [
            103.924573635,
            1.40111071800004
          ],
          [
            103.924646443,
            1.40104969900006
          ],
          [
            103.924647452,
            1.40104889400004
          ],
          [
            103.924722938,
            1.40099154600005
          ],
          [
            103.924723923,
            1.40099083200005
          ],
          [
            103.924809277,
            1.40093186700004
          ],
          [
            103.924810519,
            1.40093105800002
          ],
          [
            103.924900204,
            1.40087612900003
          ],
          [
            103.924900739,
            1.40087581000006
          ],
          [
            103.924902046,
            1.40087509800003
          ],
          [
            103.9250838,
            1.40078252500007
          ],
          [
            103.925085647,
            1.40078167100005
          ],
          [
            103.925181219,
            1.40074178700007
          ],
          [
            103.925182422,
            1.40074131900009
          ],
          [
            103.925274354,
            1.40070845800004
          ],
          [
            103.925323501,
            1.40068823200004
          ],
          [
            103.925368824,
            1.40066488600006
          ],
          [
            103.925412019,
            1.40063775600004
          ],
          [
            103.925452771,
            1.40060703900001
          ],
          [
            103.925490803,
            1.40057294400003
          ],
          [
            103.92553269,
            1.40052846000004
          ],
          [
            103.925569766,
            1.40048066100007
          ],
          [
            103.925602132,
            1.40042951400006
          ],
          [
            103.925629517,
            1.40037544300003
          ],
          [
            103.925651339,
            1.40031989600003
          ],
          [
            103.925667542,
            1.40026267600006
          ],
          [
            103.925678214,
            1.40020322400006
          ],
          [
            103.925682916,
            1.40015391300006
          ],
          [
            103.925683722,
            1.40010416900003
          ],
          [
            103.925680603,
            1.40005451900004
          ],
          [
            103.925673602,
            1.40000540500005
          ],
          [
            103.925660735,
            1.39994861800003
          ],
          [
            103.925642713,
            1.39989540600004
          ],
          [
            103.925602684,
            1.39981097100003
          ],
          [
            103.925542782,
            1.39972165700005
          ],
          [
            103.925476921,
            1.39965176000003
          ],
          [
            103.925415639,
            1.39960370100004
          ],
          [
            103.925256426,
            1.39950584800003
          ],
          [
            103.925093777,
            1.39941854100004
          ],
          [
            103.924610234,
            1.39915616700006
          ],
          [
            103.924146387,
            1.39890350100006
          ],
          [
            103.923952456,
            1.39879686700003
          ],
          [
            103.923925862,
            1.39879023100001
          ],
          [
            103.923857882,
            1.39878149000004
          ],
          [
            103.923854311,
            1.39878078200008
          ],
          [
            103.923850868,
            1.39877959600005
          ],
          [
            103.923847615,
            1.39877795300003
          ],
          [
            103.923638805,
            1.39865161300003
          ],
          [
            103.923381162,
            1.39849040600007
          ],
          [
            103.923380487,
            1.39848997000007
          ],
          [
            103.923275081,
            1.39841955300006
          ],
          [
            103.922942906,
            1.39819001200004
          ],
          [
            103.922863139,
            1.39813286900005
          ],
          [
            103.922716629,
            1.39802791200002
          ],
          [
            103.922577346,
            1.39792377200007
          ],
          [
            103.922496127,
            1.39786301500003
          ],
          [
            103.922349156,
            1.39774307200002
          ],
          [
            103.92233413,
            1.39772982900007
          ],
          [
            103.922315642,
            1.39771378900001
          ],
          [
            103.922302159,
            1.39770516400006
          ],
          [
            103.922287651,
            1.39769883600008
          ],
          [
            103.922272337,
            1.39769487300003
          ],
          [
            103.922256595,
            1.39769337200004
          ],
          [
            103.922240589,
            1.39769438400004
          ],
          [
            103.922192166,
            1.39770443400005
          ],
          [
            103.922165186,
            1.39771147900006
          ],
          [
            103.922162944,
            1.39771196300006
          ],
          [
            103.922134615,
            1.39771665300003
          ],
          [
            103.922133264,
            1.39771684200001
          ],
          [
            103.922124903,
            1.39771779200003
          ],
          [
            103.922104779,
            1.39772168100005
          ],
          [
            103.922086142,
            1.39772804400007
          ],
          [
            103.922068545,
            1.39773691500006
          ],
          [
            103.922051783,
            1.39774849700007
          ],
          [
            103.922050795,
            1.39774931900006
          ],
          [
            103.922039093,
            1.39776123400003
          ],
          [
            103.922037249,
            1.39776294500007
          ],
          [
            103.922035827,
            1.39776406600004
          ],
          [
            103.922021294,
            1.39777475600004
          ],
          [
            103.922018867,
            1.39777634800003
          ],
          [
            103.922017623,
            1.39777702700006
          ],
          [
            103.922001584,
            1.39778525000002
          ],
          [
            103.921998569,
            1.39778657000005
          ],
          [
            103.921997601,
            1.39778690400005
          ],
          [
            103.921980464,
            1.39779245000005
          ],
          [
            103.921976894,
            1.39779334000001
          ],
          [
            103.921976268,
            1.39779344300008
          ],
          [
            103.921958472,
            1.39779617000005
          ],
          [
            103.921957837,
            1.39779625900006
          ],
          [
            103.921947426,
            1.39779759900004
          ],
          [
            103.921936031,
            1.39779894400004
          ],
          [
            103.921927282,
            1.39780148700003
          ],
          [
            103.921919066,
            1.39780543700005
          ],
          [
            103.921911603,
            1.39781069000002
          ],
          [
            103.921905096,
            1.39781710100005
          ],
          [
            103.92189972,
            1.39782450000006
          ],
          [
            103.92189462,
            1.39783468100006
          ],
          [
            103.921893895,
            1.39783603300003
          ],
          [
            103.921893125,
            1.39783729500005
          ],
          [
            103.921890552,
            1.39784126200004
          ],
          [
            103.921890344,
            1.39784158400006
          ],
          [
            103.921886812,
            1.39784751600007
          ],
          [
            103.921884366,
            1.39785097800007
          ],
          [
            103.921879613,
            1.39785669700007
          ],
          [
            103.921876678,
            1.39785971100002
          ],
          [
            103.921870913,
            1.39786477400003
          ],
          [
            103.921870256,
            1.39786532400007
          ],
          [
            103.92183177,
            1.39789641000004
          ],
          [
            103.921699803,
            1.39800300200004
          ],
          [
            103.921698039,
            1.39800431200007
          ],
          [
            103.921689378,
            1.39801021100003
          ],
          [
            103.921687785,
            1.39801121600006
          ],
          [
            103.921681102,
            1.39801511400003
          ],
          [
            103.92167889,
            1.39801626800005
          ],
          [
            103.921671895,
            1.39801951300007
          ],
          [
            103.921670265,
            1.39802020500002
          ],
          [
            103.921669222,
            1.39802060800002
          ],
          [
            103.921665087,
            1.39802232100003
          ],
          [
            103.921662971,
            1.39802365800006
          ],
          [
            103.92166111,
            1.39802533700004
          ],
          [
            103.921659591,
            1.39802726600004
          ],
          [
            103.921659172,
            1.39802804500006
          ],
          [
            103.921658809,
            1.39802869900007
          ],
          [
            103.921657488,
            1.39803077800001
          ],
          [
            103.921655386,
            1.39803377500004
          ],
          [
            103.921654012,
            1.39803557000003
          ],
          [
            103.921653015,
            1.39803670000003
          ],
          [
            103.921651662,
            1.39803815100003
          ],
          [
            103.921650521,
            1.39803937400007
          ],
          [
            103.921647984,
            1.39804176300005
          ],
          [
            103.921644933,
            1.39804423900006
          ],
          [
            103.921642208,
            1.39804618000004
          ],
          [
            103.921639266,
            1.39804776700004
          ],
          [
            103.921636152,
            1.39804897600004
          ],
          [
            103.921625074,
            1.39805250000006
          ],
          [
            103.921621632,
            1.39805334900008
          ],
          [
            103.921620599,
            1.39805351100005
          ],
          [
            103.921609089,
            1.39805509400002
          ],
          [
            103.92160544,
            1.39805534400005
          ],
          [
            103.921584948,
            1.39805253000002
          ]
        ]
      },
      "properties": {
        "OBJECTID": 317,
        "pcn_loop": "RIR",
        "pcn": "Punggol Promenande Nature Walk",
        "descriptionHTML": "Visit this 2.4 km Nature Walk, the middle section of Punggol Promenade that lies between Punggol Point Walk and Riverside Walk. This area also features a number of fishing platforms and rest shelters along its meandering track - spots that are perfect for a quiet respite and for one to take in the scenic views.",
        "address": null,
        "Shape__Length": 2919.6200087743864
      }
    },
    {
      "type": "Feature",
      "id": 318,
      "geometry": {
        "type": "LineString",
        "coordinates": [
          [
            103.909185255,
            1.42118911400007
          ],
          [
            103.909430367,
            1.42122724400001
          ],
          [
            103.909470585,
            1.42123350100006
          ],
          [
            103.909778402,
            1.42128138600003
          ],
          [
            103.910665215,
            1.42141934200002
          ],
          [
            103.910732404,
            1.42140611300004
          ],
          [
            103.911569771,
            1.42122592600003
          ],
          [
            103.912511013,
            1.42101964000005
          ],
          [
            103.912536148,
            1.42101152900005
          ],
          [
            103.912559596,
            1.42100271400005
          ],
          [
            103.912571218,
            1.42098941300002
          ],
          [
            103.912645721,
            1.42084443500004
          ],
          [
            103.912776545,
            1.42056287500003
          ],
          [
            103.912786562,
            1.42052712300005
          ],
          [
            103.912821249,
            1.42038540000005
          ],
          [
            103.91286575,
            1.42014871100001
          ],
          [
            103.912866887,
            1.42014453000006
          ],
          [
            103.912945174,
            1.41992662500006
          ],
          [
            103.912946524,
            1.41992350600003
          ],
          [
            103.912986392,
            1.41984519200001
          ],
          [
            103.912987076,
            1.41984393300005
          ],
          [
            103.913070161,
            1.41970094900005
          ],
          [
            103.913103354,
            1.41963489500004
          ],
          [
            103.913144239,
            1.41955353300005
          ],
          [
            103.913175599,
            1.41949112500003
          ],
          [
            103.913258046,
            1.41926959400007
          ],
          [
            103.913259948,
            1.41926553800004
          ],
          [
            103.913326875,
            1.41914903200005
          ],
          [
            103.913328688,
            1.41914627900007
          ],
          [
            103.913431595,
            1.41900889800007
          ],
          [
            103.91343247,
            1.41900779200004
          ],
          [
            103.913433946,
            1.41900616100004
          ],
          [
            103.913559686,
            1.41887808800004
          ],
          [
            103.9136721,
            1.41873757000006
          ],
          [
            103.913759857,
            1.41856941000002
          ],
          [
            103.913817524,
            1.41839709600004
          ],
          [
            103.913850679,
            1.41822372100005
          ],
          [
            103.913855378,
            1.41804102500004
          ],
          [
            103.913817327,
            1.41765526000004
          ],
          [
            103.913817195,
            1.41765258100002
          ],
          [
            103.913817598,
            1.41764790800005
          ],
          [
            103.913850316,
            1.41745954400004
          ],
          [
            103.913866918,
            1.41736103000005
          ],
          [
            103.913901501,
            1.41682304700003
          ],
          [
            103.913988532,
            1.41618211100005
          ]
        ]
      },
      "properties": {
        "OBJECTID": 318,
        "pcn_loop": "RIR",
        "pcn": "Punggol Promenande Punggol Pt Walk",
        "descriptionHTML": "Begin your seaside stroll at Punggol Point Park. Once a popular seafood haunt, the site adjacent to Punggol Jetty has now been transformed into an idyllic waterfront destination. While much of the Punggol coastline used to be inaccessible to the public, today’s Punggol Promenade Punggol Point Walk allows you to enjoy the greenery and biodiversity flourishing along the sea.With lookout decks, a sand-filled playground and an event plaza, the park allows you to soak in the laidback coastal atmosphere and take in views of Pulau Ubin and the Johor Straits on a ship-inspired, elevated viewing deck.You can also dine at the various food and beverage outlets near Punggol Point Park.",
        "address": null,
        "Shape__Length": 957.2255660329633
      }
    },
    {
      "type": "Feature",
      "id": 319,
      "geometry": {
        "type": "LineString",
        "coordinates": [
          [
            103.921584948,
            1.39805253000002
          ],
          [
            103.921561905,
            1.39804936500002
          ],
          [
            103.92156036,
            1.39804885100006
          ],
          [
            103.921558063,
            1.39804788700008
          ],
          [
            103.921551485,
            1.39804475900008
          ],
          [
            103.921549524,
            1.39804372500003
          ],
          [
            103.921547905,
            1.39804270600007
          ],
          [
            103.921541878,
            1.39803860600006
          ],
          [
            103.92152569,
            1.39802182600005
          ],
          [
            103.921523731,
            1.39801891800004
          ],
          [
            103.921520092,
            1.39801249000004
          ],
          [
            103.921518198,
            1.39800838300004
          ],
          [
            103.92151701,
            1.39800401700005
          ],
          [
            103.921516559,
            1.39799951200006
          ],
          [
            103.921516521,
            1.39799718800003
          ],
          [
            103.921516517,
            1.39799672700001
          ],
          [
            103.921516592,
            1.39799470200007
          ],
          [
            103.921517355,
            1.39798439500003
          ],
          [
            103.92151769,
            1.39798170200004
          ],
          [
            103.92151795,
            1.39798040400006
          ],
          [
            103.921520224,
            1.39797032700006
          ],
          [
            103.921521253,
            1.39796685800008
          ],
          [
            103.921527386,
            1.39795068300003
          ],
          [
            103.921528847,
            1.39794747500002
          ],
          [
            103.92153071,
            1.39794448400005
          ],
          [
            103.921532943,
            1.39794176300007
          ],
          [
            103.921541262,
            1.39793286800004
          ],
          [
            103.921543402,
            1.39793081800001
          ],
          [
            103.921552719,
            1.39792282400003
          ],
          [
            103.921554491,
            1.39792143900008
          ],
          [
            103.921568713,
            1.39791182400004
          ],
          [
            103.92156898,
            1.39791168200003
          ],
          [
            103.921577254,
            1.39790768700004
          ],
          [
            103.921615258,
            1.39788814200005
          ],
          [
            103.921649509,
            1.39787014100005
          ],
          [
            103.921665495,
            1.39786174800003
          ],
          [
            103.921712374,
            1.39783738900007
          ],
          [
            103.921736878,
            1.39782481900006
          ],
          [
            103.921751908,
            1.39781683700004
          ],
          [
            103.921766867,
            1.39780779200004
          ],
          [
            103.92177914,
            1.39779738600002
          ],
          [
            103.921789618,
            1.39778515400006
          ],
          [
            103.921798141,
            1.39777123500005
          ],
          [
            103.921803273,
            1.39775927600005
          ],
          [
            103.921806916,
            1.39774640100005
          ],
          [
            103.92180859,
            1.39773591300002
          ],
          [
            103.92180915,
            1.39772529700002
          ],
          [
            103.921808299,
            1.39771206000007
          ],
          [
            103.921805803,
            1.39769925100006
          ],
          [
            103.921801335,
            1.39768599200004
          ],
          [
            103.92179516,
            1.39767358100005
          ],
          [
            103.921786692,
            1.39766128900005
          ],
          [
            103.921776538,
            1.39765038500001
          ],
          [
            103.921765618,
            1.39764159000004
          ],
          [
            103.921753678,
            1.39763445600003
          ],
          [
            103.921738412,
            1.39762822700003
          ],
          [
            103.921722499,
            1.39762459000003
          ],
          [
            103.921705311,
            1.39762352400004
          ],
          [
            103.921703819,
            1.39762357500007
          ],
          [
            103.921693579,
            1.39762457100004
          ],
          [
            103.92168424,
            1.39762641500004
          ],
          [
            103.921670301,
            1.39763096100006
          ],
          [
            103.921657417,
            1.39763731600004
          ],
          [
            103.921645558,
            1.39764544500001
          ],
          [
            103.921634963,
            1.39765518400002
          ],
          [
            103.921624612,
            1.39766784700005
          ],
          [
            103.921618922,
            1.39767478400005
          ],
          [
            103.921592923,
            1.39770768200002
          ],
          [
            103.921568717,
            1.39773808500007
          ],
          [
            103.9215574,
            1.39775253600005
          ],
          [
            103.921539848,
            1.39777413700004
          ],
          [
            103.921530713,
            1.39778537700004
          ],
          [
            103.921504766,
            1.39781848100006
          ],
          [
            103.921492938,
            1.39783308900007
          ],
          [
            103.921492189,
            1.39783396300003
          ],
          [
            103.92148603,
            1.39784084000006
          ],
          [
            103.921483334,
            1.39784346000005
          ],
          [
            103.921482819,
            1.39784388400006
          ],
          [
            103.921475629,
            1.39784965900002
          ],
          [
            103.921472128,
            1.39785204300004
          ],
          [
            103.921463931,
            1.39785665300007
          ],
          [
            103.92145996,
            1.39785847800003
          ],
          [
            103.921451261,
            1.39786163100006
          ],
          [
            103.921446998,
            1.39786278900004
          ],
          [
            103.921437855,
            1.39786447900001
          ],
          [
            103.92143356,
            1.39786490400007
          ],
          [
            103.921424122,
            1.39786507100006
          ],
          [
            103.921419954,
            1.39786478400003
          ],
          [
            103.921410853,
            1.39786343500004
          ],
          [
            103.921410101,
            1.39786331200002
          ],
          [
            103.921407241,
            1.39786264100007
          ],
          [
            103.921386618,
            1.39785659500005
          ],
          [
            103.921382621,
            1.39785506800006
          ],
          [
            103.921378915,
            1.39785292400006
          ],
          [
            103.921375592,
            1.39785021800003
          ],
          [
            103.921372736,
            1.39784701700006
          ],
          [
            103.921370465,
            1.39784347500006
          ],
          [
            103.921370419,
            1.39784340300001
          ],
          [
            103.921358199,
            1.39782053700003
          ],
          [
            103.921356896,
            1.39781768500007
          ],
          [
            103.921356179,
            1.39781603000005
          ],
          [
            103.92135538,
            1.39781298400003
          ],
          [
            103.921355044,
            1.39781167500007
          ],
          [
            103.921355043,
            1.39781164500004
          ],
          [
            103.921361099,
            1.39778955500002
          ],
          [
            103.921363392,
            1.39778706000004
          ],
          [
            103.921386167,
            1.39772693300006
          ],
          [
            103.921389048,
            1.39772411300004
          ],
          [
            103.921393213,
            1.39772061500002
          ],
          [
            103.921407423,
            1.39770799800004
          ],
          [
            103.921432074,
            1.39768611200003
          ],
          [
            103.921520768,
            1.39760843100004
          ],
          [
            103.921561955,
            1.39757118200002
          ],
          [
            103.921583826,
            1.39754763000002
          ],
          [
            103.921599108,
            1.39753117200006
          ],
          [
            103.921632661,
            1.39748805800002
          ],
          [
            103.921662885,
            1.39744135300003
          ],
          [
            103.921666611,
            1.39743539800002
          ],
          [
            103.921671495,
            1.39742697200007
          ],
          [
            103.921693482,
            1.39738154200006
          ],
          [
            103.921712529,
            1.39733464700003
          ],
          [
            103.921728441,
            1.39728677500006
          ],
          [
            103.921737458,
            1.39725034400003
          ],
          [
            103.921737994,
            1.39724655800007
          ],
          [
            103.921738163,
            1.39724294500006
          ],
          [
            103.921737727,
            1.39723674800007
          ],
          [
            103.921736494,
            1.39723098600007
          ],
          [
            103.921734467,
            1.39722545600005
          ],
          [
            103.921731686,
            1.39722026900006
          ],
          [
            103.921727074,
            1.39721398300004
          ],
          [
            103.921726478,
            1.39721313800004
          ],
          [
            103.9217256,
            1.39721184000007
          ],
          [
            103.921719562,
            1.39720423200003
          ],
          [
            103.921713244,
            1.39719848700002
          ],
          [
            103.921706089,
            1.39719384300002
          ],
          [
            103.92169672,
            1.39718973500004
          ],
          [
            103.921672143,
            1.39718000100004
          ],
          [
            103.921669283,
            1.39717866900002
          ],
          [
            103.921620634,
            1.39715243400001
          ],
          [
            103.921619888,
            1.39715201600006
          ],
          [
            103.921617091,
            1.39715014800004
          ],
          [
            103.921593987,
            1.39713253900004
          ],
          [
            103.921564368,
            1.39710996600006
          ],
          [
            103.921498746,
            1.39705948000005
          ]
        ]
      },
      "properties": {
        "OBJECTID": 319,
        "pcn_loop": "RIR",
        "pcn": "Punggol Waterway (Bridge)",
        "descriptionHTML": "Punggol Waterway Park is one of four parks linked by the North Eastern Riverine Loop of the Park Connector Network. The Waterway runs through the Punggol Waterway Park, and serves to increase park and water frontage for the housing estate while providing a green respite for residents.The word ‘Punggol’ in Malay means 'hurling sticks at the branches of fruit trees to bring them down to the ground', a reference to the area’s history as a fruit-growing district or as a rendezvous for wholesale fruit agents.",
        "address": null,
        "Shape__Length": 242.4482367405317
      }
    },
    {
      "type": "Feature",
      "id": 320,
      "geometry": {
        "type": "LineString",
        "coordinates": [
          [
            103.921498746,
            1.39705948000005
          ],
          [
            103.921531054,
            1.39701693400002
          ],
          [
            103.921587319,
            1.39694434800003
          ],
          [
            103.921683508,
            1.39682473100004
          ],
          [
            103.921698039,
            1.39680666000004
          ],
          [
            103.922087344,
            1.39632252800003
          ],
          [
            103.922100626,
            1.39630601100004
          ],
          [
            103.922111904,
            1.39629198800003
          ],
          [
            103.922112054,
            1.39629180100008
          ],
          [
            103.922119663,
            1.39628234000003
          ],
          [
            103.922133564,
            1.39626505200005
          ],
          [
            103.922428642,
            1.39589810100006
          ],
          [
            103.922448193,
            1.39587378700002
          ],
          [
            103.922507323,
            1.39580080100006
          ],
          [
            103.922517937,
            1.39578003200005
          ]
        ]
      },
      "properties": {
        "OBJECTID": 320,
        "pcn_loop": "RIR",
        "pcn": "Red Bridge",
        "descriptionHTML": null,
        "address": null,
        "Shape__Length": 182.18230790478523
      }
    },
    {
      "type": "Feature",
      "id": 321,
      "geometry": {
        "type": "LineString",
        "coordinates": [
          [
            103.956280395,
            1.37562003600004
          ],
          [
            103.956831701,
            1.37567587400003
          ],
          [
            103.956952535,
            1.37568125900003
          ],
          [
            103.957070071,
            1.37568611400008
          ],
          [
            103.957177444,
            1.37568986500002
          ],
          [
            103.957265594,
            1.37569268900005
          ],
          [
            103.957318616,
            1.37569393100005
          ],
          [
            103.957420119,
            1.37569583500006
          ],
          [
            103.957520282,
            1.37569741100003
          ],
          [
            103.957554224,
            1.37569760800005
          ],
          [
            103.957748032,
            1.37569838500001
          ],
          [
            103.957815921,
            1.37569759800004
          ],
          [
            103.957857706,
            1.37569713600003
          ],
          [
            103.957945957,
            1.37569627000006
          ],
          [
            103.958058782,
            1.37569462600004
          ],
          [
            103.958176317,
            1.37569303900005
          ],
          [
            103.958250977,
            1.37569172300004
          ],
          [
            103.958293575,
            1.37569103700002
          ],
          [
            103.958469216,
            1.37571986900001
          ],
          [
            103.958591339,
            1.37573853200007
          ],
          [
            103.958591947,
            1.37573861700002
          ],
          [
            103.958638313,
            1.37574461900005
          ],
          [
            103.958641753,
            1.37574484100002
          ],
          [
            103.958643325,
            1.37574479400008
          ],
          [
            103.958761905,
            1.37573781500003
          ],
          [
            103.958765517,
            1.37573735500006
          ],
          [
            103.958769034,
            1.37573640900006
          ],
          [
            103.958772393,
            1.37573499400002
          ],
          [
            103.958811166,
            1.37571547100004
          ],
          [
            103.958899591,
            1.37567887100004
          ],
          [
            103.959024025,
            1.37565742800005
          ],
          [
            103.959081221,
            1.37565190800006
          ],
          [
            103.959127771,
            1.37564738000002
          ],
          [
            103.959180909,
            1.37564219800004
          ],
          [
            103.959253763,
            1.37563359700004
          ],
          [
            103.959314391,
            1.37562627900006
          ],
          [
            103.959412201,
            1.37561310700005
          ],
          [
            103.959445776,
            1.37560836400007
          ],
          [
            103.959503268,
            1.37560027800002
          ],
          [
            103.959680964,
            1.37557136600004
          ],
          [
            103.959774973,
            1.37555470400002
          ],
          [
            103.959961826,
            1.37552188700005
          ],
          [
            103.960166516,
            1.37548597600005
          ],
          [
            103.96054399,
            1.37542014900004
          ],
          [
            103.960731217,
            1.37538707300007
          ],
          [
            103.960940348,
            1.37535017400006
          ],
          [
            103.961126405,
            1.37531742700004
          ],
          [
            103.961187186,
            1.37530659000004
          ],
          [
            103.961217641,
            1.37530116000004
          ],
          [
            103.961230845,
            1.37531409500002
          ],
          [
            103.961234122,
            1.37531683200007
          ],
          [
            103.961237787,
            1.37531901600004
          ],
          [
            103.961241747,
            1.37532059200004
          ],
          [
            103.961245905,
            1.37532152100006
          ],
          [
            103.961250156,
            1.37532177900004
          ],
          [
            103.961254394,
            1.37532136000004
          ],
          [
            103.961362163,
            1.37530168300002
          ],
          [
            103.961513921,
            1.37527397400003
          ],
          [
            103.961518122,
            1.37527284900005
          ],
          [
            103.961522088,
            1.37527105900006
          ],
          [
            103.961525717,
            1.37526865000007
          ],
          [
            103.961528914,
            1.37526568600003
          ],
          [
            103.961531595,
            1.37526224300006
          ],
          [
            103.961545409,
            1.37524121800004
          ],
          [
            103.96157244,
            1.37523645600003
          ],
          [
            103.961658055,
            1.37522128800003
          ],
          [
            103.961762411,
            1.37520284300005
          ],
          [
            103.961835213,
            1.37520290500003
          ],
          [
            103.961892211,
            1.37520296900004
          ],
          [
            103.962028336,
            1.37520302700006
          ],
          [
            103.962032952,
            1.37520262700001
          ],
          [
            103.962157204,
            1.37518091600002
          ],
          [
            103.962161901,
            1.37517963900006
          ],
          [
            103.962220541,
            1.37515750500005
          ],
          [
            103.962290973,
            1.37513091000005
          ],
          [
            103.96239368,
            1.37509207600004
          ],
          [
            103.962471435,
            1.37507185500003
          ],
          [
            103.962531065,
            1.37505633400003
          ],
          [
            103.962582764,
            1.37504293500008
          ],
          [
            103.962584663,
            1.37504236700005
          ],
          [
            103.962645966,
            1.37502154100003
          ],
          [
            103.96264664,
            1.37502130200005
          ],
          [
            103.962709942,
            1.37499768500005
          ],
          [
            103.962710617,
            1.37499742300001
          ],
          [
            103.962754562,
            1.37497966000005
          ],
          [
            103.962792148,
            1.37496361400002
          ],
          [
            103.962835383,
            1.37494405700004
          ],
          [
            103.962835926,
            1.37494380400006
          ],
          [
            103.962878768,
            1.37492325600003
          ],
          [
            103.962921291,
            1.37490176000006
          ],
          [
            103.962922111,
            1.37490132800003
          ],
          [
            103.962961181,
            1.37487985300004
          ],
          [
            103.962961794,
            1.37487950500002
          ],
          [
            103.963015817,
            1.37484776800005
          ],
          [
            103.963026826,
            1.37484115600006
          ],
          [
            103.963086324,
            1.37480389300003
          ],
          [
            103.963120081,
            1.37478137000005
          ],
          [
            103.963164645,
            1.37475030800004
          ],
          [
            103.963165185,
            1.37474992200003
          ],
          [
            103.963203491,
            1.37472178800004
          ],
          [
            103.963244706,
            1.37469013500003
          ],
          [
            103.963245323,
            1.37468964700003
          ],
          [
            103.963284456,
            1.37465773400002
          ],
          [
            103.963284923,
            1.37465734400006
          ],
          [
            103.963325873,
            1.37462200600002
          ],
          [
            103.9633264,
            1.37462153900003
          ],
          [
            103.963361253,
            1.37458984000006
          ],
          [
            103.963361716,
            1.37458941000006
          ],
          [
            103.963385929,
            1.37456633100003
          ],
          [
            103.963386405,
            1.37456586600007
          ],
          [
            103.963435885,
            1.37451632400006
          ],
          [
            103.963436398,
            1.37451579700008
          ],
          [
            103.963459362,
            1.37449151900005
          ],
          [
            103.963459787,
            1.37449106000002
          ],
          [
            103.963496073,
            1.37445087800005
          ],
          [
            103.963496466,
            1.37445043300006
          ],
          [
            103.963515952,
            1.37442787800006
          ],
          [
            103.963516723,
            1.37442692700005
          ],
          [
            103.963557438,
            1.37437431100004
          ],
          [
            103.963595325,
            1.37432543100004
          ],
          [
            103.963645779,
            1.37426039900004
          ],
          [
            103.963646843,
            1.37425892800007
          ],
          [
            103.963683452,
            1.37420459000002
          ],
          [
            103.963683941,
            1.37420383700003
          ],
          [
            103.963715196,
            1.37415395400006
          ],
          [
            103.963732604,
            1.37412486500006
          ],
          [
            103.96373288,
            1.37412439200004
          ],
          [
            103.963754031,
            1.37408721700005
          ],
          [
            103.963754355,
            1.37408663100005
          ],
          [
            103.963779936,
            1.37403898000002
          ],
          [
            103.963780277,
            1.37403832400002
          ],
          [
            103.963806574,
            1.37398596900005
          ],
          [
            103.963806908,
            1.37398528000007
          ],
          [
            103.963824754,
            1.37394710600006
          ],
          [
            103.9638253,
            1.37394585900007
          ],
          [
            103.963858678,
            1.37386402800007
          ],
          [
            103.963896073,
            1.37377080600004
          ],
          [
            103.963896409,
            1.37376992700006
          ],
          [
            103.963896884,
            1.37376848900005
          ],
          [
            103.9639057,
            1.37373909400004
          ],
          [
            103.963928692,
            1.37366210300006
          ],
          [
            103.963951431,
            1.37358610600006
          ],
          [
            103.96395186,
            1.37358449600004
          ],
          [
            103.963967561,
            1.37351731800004
          ],
          [
            103.963967729,
            1.37351655300007
          ],
          [
            103.963977955,
            1.37346633400007
          ],
          [
            103.963984372,
            1.37344221200004
          ],
          [
            103.963995171,
            1.37341616200006
          ],
          [
            103.964034215,
            1.37333469600002
          ],
          [
            103.964047437,
            1.37330711000004
          ],
          [
            103.964048715,
            1.37330394800006
          ],
          [
            103.964049589,
            1.37330064900004
          ],
          [
            103.964050045,
            1.37329726600007
          ],
          [
            103.964053769,
            1.37324505700003
          ],
          [
            103.964058601,
            1.37318102900002
          ],
          [
            103.964058678,
            1.37317897300003
          ],
          [
            103.964058545,
            1.37317628100005
          ],
          [
            103.964046934,
            1.37305913600005
          ],
          [
            103.964046842,
            1.37305832800007
          ],
          [
            103.964043717,
            1.37303416800006
          ],
          [
            103.964048673,
            1.37297721400005
          ],
          [
            103.964053352,
            1.37292976000002
          ],
          [
            103.964057079,
            1.37289178200006
          ],
          [
            103.96406577,
            1.37280674300006
          ],
          [
            103.964075514,
            1.37276616000003
          ],
          [
            103.964075896,
            1.37276427600005
          ],
          [
            103.964080016,
            1.37273824700004
          ],
          [
            103.964080352,
            1.37273397900002
          ],
          [
            103.964080315,
            1.37273256500002
          ],
          [
            103.964074953,
            1.37262924300004
          ],
          [
            103.964069062,
            1.37250612300005
          ],
          [
            103.96405985,
            1.37233017300002
          ],
          [
            103.964050761,
            1.37215528300003
          ],
          [
            103.964046904,
            1.37208028000003
          ],
          [
            103.964040692,
            1.37196146100006
          ],
          [
            103.964038307,
            1.37191582500003
          ],
          [
            103.96403435,
            1.37184015100007
          ],
          [
            103.964027227,
            1.37171172700005
          ],
          [
            103.964022739,
            1.37161117400006
          ],
          [
            103.964013707,
            1.37144298300006
          ],
          [
            103.964013336,
            1.37143973400005
          ],
          [
            103.964012969,
            1.37143797900006
          ],
          [
            103.963989349,
            1.37134113200006
          ],
          [
            103.9639885,
            1.37133831800001
          ],
          [
            103.96398681,
            1.37133456100004
          ],
          [
            103.963917025,
            1.37120639800002
          ],
          [
            103.963914589,
            1.37118093200008
          ],
          [
            103.963912566,
            1.37115320800007
          ],
          [
            103.963907543,
            1.37108405900006
          ],
          [
            103.963904683,
            1.37103440800006
          ],
          [
            103.963901038,
            1.37097130100005
          ],
          [
            103.96390052,
            1.37086277400004
          ],
          [
            103.963900501,
            1.37086187900007
          ],
          [
            103.963898606,
            1.37081145300003
          ],
          [
            103.963898565,
            1.37081067500002
          ],
          [
            103.96389411,
            1.37074337700005
          ],
          [
            103.963893792,
            1.37074065700006
          ],
          [
            103.963888813,
            1.37071102200001
          ],
          [
            103.963888241,
            1.37068207500004
          ],
          [
            103.963896102,
            1.37063657600004
          ],
          [
            103.963896498,
            1.37063222200003
          ],
          [
            103.963896195,
            1.37062786000007
          ],
          [
            103.9638952,
            1.37062360300006
          ],
          [
            103.963885805,
            1.37059427700005
          ],
          [
            103.963887602,
            1.37055063300005
          ],
          [
            103.963889265,
            1.37051338000005
          ],
          [
            103.963893826,
            1.37047601900001
          ],
          [
            103.963899668,
            1.37042838500003
          ],
          [
            103.963909133,
            1.37035151600003
          ],
          [
            103.963922977,
            1.37028489600006
          ],
          [
            103.963944926,
            1.37017929400002
          ],
          [
            103.963986166,
            1.37004241700004
          ],
          [
            103.964001241,
            1.37000103200006
          ],
          [
            103.964052525,
            1.36991888800003
          ],
          [
            103.964066343,
            1.36989664600003
          ],
          [
            103.964104288,
            1.36983555100006
          ],
          [
            103.964139658,
            1.36977847900004
          ],
          [
            103.964140132,
            1.36977768500003
          ],
          [
            103.964140482,
            1.36977705600004
          ],
          [
            103.964201912,
            1.36966306300007
          ],
          [
            103.964203245,
            1.36966020200004
          ],
          [
            103.964221545,
            1.36961414600006
          ],
          [
            103.964239261,
            1.36956959300005
          ],
          [
            103.964262698,
            1.36951061200005
          ],
          [
            103.964302653,
            1.36940991300001
          ],
          [
            103.96434511,
            1.36933842800005
          ],
          [
            103.96437374,
            1.36929013600007
          ],
          [
            103.964398041,
            1.36924910000005
          ],
          [
            103.964434586,
            1.36918724900006
          ],
          [
            103.96447078,
            1.36912616100004
          ],
          [
            103.964488475,
            1.36909629600006
          ],
          [
            103.964537466,
            1.36901395000006
          ],
          [
            103.964579499,
            1.36894325000003
          ],
          [
            103.964617186,
            1.36887957100003
          ],
          [
            103.964641598,
            1.36883837200003
          ],
          [
            103.964665771,
            1.36879751500005
          ],
          [
            103.964689079,
            1.36875946500003
          ],
          [
            103.964689473,
            1.36875880000002
          ],
          [
            103.964709765,
            1.36872345500006
          ],
          [
            103.964801181,
            1.36856970500001
          ],
          [
            103.964915536,
            1.36837385600006
          ],
          [
            103.964955629,
            1.36830771500008
          ],
          [
            103.965014458,
            1.36820854700004
          ],
          [
            103.965080228,
            1.36809906800004
          ],
          [
            103.965176124,
            1.36793568200004
          ],
          [
            103.965196222,
            1.36790020200004
          ],
          [
            103.965287973,
            1.36774755300007
          ],
          [
            103.965360376,
            1.36762594200007
          ],
          [
            103.965391176,
            1.36757536700001
          ],
          [
            103.965418555,
            1.36754200200004
          ],
          [
            103.965474044,
            1.36747464000006
          ],
          [
            103.965490846,
            1.36745476100002
          ],
          [
            103.965537064,
            1.36739887800007
          ],
          [
            103.965563949,
            1.36736637800003
          ],
          [
            103.965566302,
            1.36736305200003
          ],
          [
            103.965635667,
            1.36724753400005
          ],
          [
            103.965637687,
            1.36724329600002
          ],
          [
            103.965649571,
            1.36721153
          ],
          [
            103.965660494,
            1.36718262900006
          ],
          [
            103.965695824,
            1.36709303800006
          ],
          [
            103.965722384,
            1.36702568600003
          ],
          [
            103.965732378,
            1.36700028700005
          ],
          [
            103.965760654,
            1.36695291700003
          ],
          [
            103.965818242,
            1.36686515200004
          ],
          [
            103.965862639,
            1.36679751900004
          ],
          [
            103.965901048,
            1.36674702300007
          ],
          [
            103.965944744,
            1.36668947200008
          ],
          [
            103.965977364,
            1.36664662000004
          ],
          [
            103.966024502,
            1.36659795700005
          ],
          [
            103.966147399,
            1.36647131000006
          ],
          [
            103.966281739,
            1.36633361800006
          ],
          [
            103.966423302,
            1.36618932700003
          ],
          [
            103.966451682,
            1.36616065500006
          ],
          [
            103.966479188,
            1.36613485000003
          ],
          [
            103.966503646,
            1.36611644600003
          ],
          [
            103.966530372,
            1.36609824600003
          ],
          [
            103.966554864,
            1.36608914800006
          ],
          [
            103.96658292,
            1.36607989200007
          ],
          [
            103.966621135,
            1.36607546200001
          ]
        ]
      },
      "properties": {
        "OBJECTID": 321,
        "pcn_loop": "RIR",
        "pcn": "Pasir Ris Drive 3 Park Connector",
        "descriptionHTML": null,
        "address": null,
        "Shape__Length": 1884.0578379785968
      }
    },
    {
      "type": "Feature",
      "id": 322,
      "geometry": {
        "type": "LineString",
        "coordinates": [
          [
            103.988455777,
            1.39114192300002
          ],
          [
            103.98845676,
            1.39114410500003
          ],
          [
            103.98845775,
            1.39114619800004
          ],
          [
            103.988459085,
            1.39114816500005
          ],
          [
            103.988460428,
            1.39115006500004
          ],
          [
            103.98846058,
            1.39115027900003
          ],
          [
            103.988483326,
            1.39117676800004
          ],
          [
            103.988496918,
            1.39119259700003
          ],
          [
            103.988499987,
            1.39119564000002
          ],
          [
            103.988500767,
            1.39119627400004
          ],
          [
            103.988583626,
            1.39126111100005
          ],
          [
            103.988586696,
            1.39126318900003
          ],
          [
            103.988588922,
            1.39126434700006
          ],
          [
            103.988861166,
            1.39139018000002
          ],
          [
            103.988886071,
            1.39140835000007
          ],
          [
            103.98890866,
            1.39143042200004
          ],
          [
            103.988929067,
            1.39145706000004
          ],
          [
            103.98893188,
            1.39146019400004
          ],
          [
            103.988935142,
            1.39146285000004
          ],
          [
            103.988938774,
            1.39146496500006
          ],
          [
            103.988942688,
            1.39146648700004
          ],
          [
            103.98894679,
            1.39146737900005
          ],
          [
            103.988950979,
            1.39146761900004
          ],
          [
            103.988955155,
            1.39146720300006
          ],
          [
            103.988959216,
            1.39146613900005
          ],
          [
            103.988963063,
            1.39146445400006
          ],
          [
            103.988997357,
            1.39144611700004
          ],
          [
            103.98917337,
            1.39141827800006
          ],
          [
            103.989277003,
            1.39162089300005
          ],
          [
            103.989351552,
            1.39176664500008
          ],
          [
            103.989353901,
            1.39177043300003
          ],
          [
            103.989356835,
            1.39177378300007
          ],
          [
            103.989360275,
            1.39177660200004
          ],
          [
            103.989364128,
            1.39177881600004
          ],
          [
            103.98936829,
            1.39178036400005
          ],
          [
            103.989372648,
            1.39178120300004
          ],
          [
            103.989377083,
            1.39178131200003
          ],
          [
            103.989381476,
            1.39178068700005
          ],
          [
            103.989489119,
            1.39175614500005
          ],
          [
            103.989492837,
            1.39177704000002
          ],
          [
            103.98949372,
            1.39178060000006
          ],
          [
            103.98950393,
            1.39181240300006
          ],
          [
            103.989504251,
            1.39181334200003
          ],
          [
            103.989506374,
            1.39181786200004
          ],
          [
            103.989523793,
            1.39184687100005
          ],
          [
            103.989526214,
            1.39185027800004
          ],
          [
            103.989527132,
            1.39185132300003
          ],
          [
            103.989549435,
            1.39187543600003
          ],
          [
            103.98955184,
            1.39187773500002
          ],
          [
            103.989552899,
            1.39187858400004
          ],
          [
            103.989584503,
            1.39190265500003
          ],
          [
            103.989587479,
            1.39190462400006
          ],
          [
            103.989662427,
            1.39194659200005
          ],
          [
            103.989665991,
            1.39194825800006
          ],
          [
            103.989708433,
            1.39196442100006
          ],
          [
            103.98971337,
            1.39196574500004
          ],
          [
            103.989740517,
            1.39197006300001
          ],
          [
            103.989744871,
            1.39197039500004
          ],
          [
            103.989749222,
            1.39197001500002
          ],
          [
            103.989753454,
            1.39196893300004
          ],
          [
            103.989769726,
            1.39196332700004
          ],
          [
            103.989798358,
            1.39195371600005
          ],
          [
            103.989802133,
            1.39195211800007
          ],
          [
            103.989805625,
            1.39194996300006
          ],
          [
            103.989834853,
            1.39192869000005
          ],
          [
            103.989837746,
            1.39192625700002
          ],
          [
            103.989840273,
            1.39192344200007
          ],
          [
            103.989842385,
            1.39192030000004
          ],
          [
            103.98985887,
            1.39189164700001
          ],
          [
            103.989860865,
            1.39188734500004
          ],
          [
            103.989861567,
            1.39188510700007
          ],
          [
            103.989868381,
            1.39185958100007
          ],
          [
            103.989906461,
            1.39184208700004
          ],
          [
            103.989940658,
            1.39183146100004
          ],
          [
            103.989942067,
            1.39183097900007
          ],
          [
            103.990050754,
            1.39178977900002
          ],
          [
            103.990075638,
            1.39178067400008
          ],
          [
            103.990101961,
            1.39177107000006
          ],
          [
            103.990283035,
            1.39170256300002
          ],
          [
            103.990324339,
            1.39168638300002
          ],
          [
            103.99034761,
            1.39167782700002
          ],
          [
            103.990393415,
            1.39166588400002
          ],
          [
            103.99042658,
            1.39165801200004
          ],
          [
            103.990429134,
            1.39165727000006
          ],
          [
            103.990463024,
            1.39164557600004
          ],
          [
            103.990465383,
            1.39164461000007
          ],
          [
            103.990485175,
            1.39163537300004
          ],
          [
            103.990487314,
            1.39163425500003
          ],
          [
            103.990488971,
            1.39163321000006
          ],
          [
            103.99051587,
            1.39161483900006
          ],
          [
            103.990517612,
            1.39161354300006
          ],
          [
            103.990535519,
            1.39159907100001
          ],
          [
            103.990535969,
            1.39159869900003
          ],
          [
            103.990537593,
            1.39159721000004
          ],
          [
            103.990565262,
            1.39156967800005
          ],
          [
            103.990565808,
            1.39156911800007
          ],
          [
            103.9905875,
            1.39154624800005
          ],
          [
            103.990611559,
            1.39152957900005
          ],
          [
            103.990614994,
            1.39152857500004
          ],
          [
            103.990615612,
            1.39152834000004
          ],
          [
            103.990632834,
            1.39152154500004
          ],
          [
            103.990696919,
            1.39150777200007
          ],
          [
            103.99074722,
            1.39149721600006
          ],
          [
            103.990816637,
            1.39148576500002
          ],
          [
            103.9908695,
            1.39148236600004
          ],
          [
            103.990871069,
            1.39148221900007
          ],
          [
            103.990925275,
            1.39147551600006
          ],
          [
            103.99092691,
            1.39147526200003
          ],
          [
            103.990987563,
            1.39146335400005
          ],
          [
            103.991103079,
            1.39143957800007
          ],
          [
            103.991104426,
            1.39143930400007
          ],
          [
            103.991140607,
            1.39143211000003
          ],
          [
            103.991141384,
            1.39143194300005
          ],
          [
            103.991199629,
            1.39141855500002
          ],
          [
            103.991200448,
            1.39141835300004
          ],
          [
            103.991346166,
            1.39137999500002
          ],
          [
            103.991350718,
            1.39137872200008
          ],
          [
            103.991402192,
            1.39136326600003
          ],
          [
            103.991402961,
            1.39136302300005
          ],
          [
            103.991443359,
            1.39134955400004
          ],
          [
            103.99152705,
            1.39132136300004
          ],
          [
            103.991639113,
            1.39128362900003
          ],
          [
            103.991680824,
            1.39127027600005
          ],
          [
            103.991776024,
            1.39124127200007
          ],
          [
            103.991819868,
            1.39122777600005
          ],
          [
            103.991860115,
            1.39121473800001
          ],
          [
            103.991861239,
            1.39121434600002
          ],
          [
            103.991950998,
            1.39118013700004
          ],
          [
            103.99195241,
            1.39117955300002
          ],
          [
            103.992009297,
            1.39115407700007
          ],
          [
            103.992015554,
            1.39115117100004
          ],
          [
            103.992016369,
            1.39115077600007
          ],
          [
            103.992080635,
            1.39111824300005
          ],
          [
            103.992082172,
            1.39111740100003
          ],
          [
            103.992095259,
            1.39110953800003
          ],
          [
            103.992096216,
            1.39110893500005
          ],
          [
            103.992129386,
            1.39108705600005
          ],
          [
            103.992183406,
            1.39105224800004
          ],
          [
            103.99221923,
            1.39103011400005
          ],
          [
            103.992223079,
            1.39102786600006
          ],
          [
            103.992273561,
            1.39099889800001
          ],
          [
            103.992342231,
            1.39096484300006
          ],
          [
            103.992348802,
            1.39096185000006
          ],
          [
            103.992369071,
            1.39095320200005
          ],
          [
            103.992432227,
            1.39093176400007
          ],
          [
            103.992460021,
            1.39092469900002
          ],
          [
            103.992462208,
            1.39092431000004
          ],
          [
            103.992511562,
            1.39091593000005
          ],
          [
            103.99254567,
            1.39091005200003
          ],
          [
            103.992593037,
            1.39090098100007
          ],
          [
            103.992619562,
            1.39089580500006
          ],
          [
            103.992620815,
            1.39089552900004
          ],
          [
            103.992694756,
            1.39087738600006
          ],
          [
            103.992750037,
            1.39086303700002
          ],
          [
            103.992758829,
            1.39086068100003
          ],
          [
            103.992897718,
            1.39082726100003
          ],
          [
            103.992931682,
            1.39081993300004
          ],
          [
            103.99293541,
            1.39081884100005
          ],
          [
            103.992960037,
            1.39080946900003
          ],
          [
            103.992961734,
            1.39080875600007
          ],
          [
            103.992986473,
            1.39079734400001
          ],
          [
            103.992988977,
            1.39079618900007
          ],
          [
            103.992990158,
            1.39079561000005
          ],
          [
            103.993022863,
            1.39077854900005
          ],
          [
            103.993023765,
            1.39077805600004
          ],
          [
            103.993081445,
            1.39074510300003
          ],
          [
            103.993156277,
            1.39070121000003
          ],
          [
            103.993165852,
            1.39069558200002
          ],
          [
            103.993212079,
            1.39067089800004
          ],
          [
            103.993251841,
            1.39065106700001
          ],
          [
            103.993288632,
            1.39063549400003
          ],
          [
            103.993357235,
            1.39061196500006
          ],
          [
            103.993409491,
            1.39059668000004
          ],
          [
            103.993446107,
            1.39058713300005
          ],
          [
            103.993467273,
            1.39058247700006
          ],
          [
            103.993499099,
            1.39057559300004
          ],
          [
            103.993500024,
            1.39057537500003
          ],
          [
            103.993549441,
            1.39056283600007
          ],
          [
            103.993551947,
            1.39056206700007
          ],
          [
            103.993574464,
            1.39055394300004
          ],
          [
            103.993577848,
            1.39055244100007
          ],
          [
            103.993604391,
            1.39053839800004
          ],
          [
            103.993605492,
            1.39053778200002
          ],
          [
            103.993651006,
            1.39051046400004
          ],
          [
            103.993652077,
            1.39050978600005
          ],
          [
            103.993714335,
            1.39046831000006
          ],
          [
            103.993744213,
            1.39045016900007
          ],
          [
            103.993749732,
            1.39044680500007
          ],
          [
            103.993784959,
            1.39043169000007
          ],
          [
            103.993807481,
            1.39042726200006
          ],
          [
            103.993829219,
            1.39042518600006
          ],
          [
            103.993857209,
            1.39042750200001
          ],
          [
            103.993881484,
            1.39043057400006
          ],
          [
            103.993914577,
            1.39043602800006
          ],
          [
            103.993957925,
            1.39044368900005
          ],
          [
            103.994003413,
            1.39045233800004
          ],
          [
            103.994050545,
            1.39046162800003
          ],
          [
            103.994051279,
            1.39046176100003
          ],
          [
            103.994095755,
            1.39046884900005
          ],
          [
            103.994096462,
            1.39046895200005
          ],
          [
            103.994108901,
            1.39047059600005
          ],
          [
            103.994110129,
            1.39047072900008
          ],
          [
            103.994176519,
            1.39047640100005
          ],
          [
            103.994178376,
            1.39047649500003
          ],
          [
            103.994226194,
            1.39047725000005
          ],
          [
            103.994228079,
            1.39047719900004
          ],
          [
            103.994269791,
            1.39047458700004
          ],
          [
            103.994271462,
            1.39047443000005
          ],
          [
            103.994321523,
            1.39046812800006
          ],
          [
            103.99432284,
            1.39046792900005
          ],
          [
            103.994369711,
            1.39045964600007
          ],
          [
            103.994372095,
            1.39045911100003
          ],
          [
            103.994390885,
            1.39045398200005
          ],
          [
            103.99441474,
            1.39044903400002
          ],
          [
            103.994418667,
            1.39044790100006
          ],
          [
            103.99444674,
            1.39043724100002
          ],
          [
            103.994450365,
            1.39043554600004
          ],
          [
            103.994472568,
            1.39042306800006
          ],
          [
            103.99447635,
            1.39042045500001
          ],
          [
            103.994494434,
            1.39040553000006
          ],
          [
            103.994495493,
            1.39040459900002
          ],
          [
            103.994507607,
            1.39039336300004
          ],
          [
            103.994509044,
            1.39039192500007
          ],
          [
            103.994535993,
            1.39036286600001
          ],
          [
            103.994536959,
            1.39036176700007
          ],
          [
            103.994561782,
            1.39033184300007
          ],
          [
            103.994583722,
            1.39030599200003
          ],
          [
            103.994605101,
            1.39029052700004
          ],
          [
            103.994639267,
            1.39026937200004
          ],
          [
            103.994677398,
            1.39024704000002
          ],
          [
            103.994679097,
            1.39024595700005
          ],
          [
            103.994750951,
            1.39019630600006
          ],
          [
            103.994751517,
            1.39019590500004
          ],
          [
            103.994780208,
            1.39017496800007
          ],
          [
            103.994796434,
            1.39016796700003
          ],
          [
            103.994841392,
            1.39014989100001
          ],
          [
            103.994860288,
            1.39014256300004
          ],
          [
            103.994863551,
            1.39014103900006
          ],
          [
            103.994914572,
            1.39011289800004
          ],
          [
            103.994915097,
            1.39011260100006
          ],
          [
            103.99491575,
            1.39011220800006
          ],
          [
            103.994952033,
            1.39008972400005
          ],
          [
            103.994975291,
            1.39007596000003
          ],
          [
            103.995000023,
            1.39006534400005
          ],
          [
            103.995039354,
            1.39005793300002
          ],
          [
            103.995100198,
            1.39005030600003
          ],
          [
            103.995149872,
            1.39004523600004
          ],
          [
            103.995209093,
            1.39004394400007
          ],
          [
            103.995262955,
            1.39004276900005
          ],
          [
            103.995324248,
            1.39004212200006
          ],
          [
            103.995348416,
            1.39004625800005
          ],
          [
            103.995411418,
            1.39006101600006
          ],
          [
            103.995457797,
            1.39007360000004
          ],
          [
            103.995458373,
            1.39007374900007
          ],
          [
            103.995494872,
            1.39008278700003
          ],
          [
            103.995496681,
            1.39008317000001
          ],
          [
            103.995534116,
            1.39008967100005
          ],
          [
            103.995536323,
            1.39008996000006
          ],
          [
            103.995600309,
            1.39009565900006
          ],
          [
            103.995602687,
            1.39009576500006
          ],
          [
            103.995605562,
            1.39009561000005
          ],
          [
            103.995663014,
            1.39008940300005
          ],
          [
            103.995702761,
            1.39008437200005
          ],
          [
            103.995764394,
            1.39007619400008
          ],
          [
            103.995765553,
            1.39007601400005
          ],
          [
            103.995768265,
            1.39007538600004
          ],
          [
            103.995822482,
            1.39005981900004
          ],
          [
            103.995823184,
            1.39005960700006
          ],
          [
            103.995881949,
            1.39004098100001
          ],
          [
            103.995913857,
            1.39003091000006
          ],
          [
            103.995928607,
            1.39002636600002
          ],
          [
            103.995979002,
            1.39001063800002
          ],
          [
            103.996032878,
            1.38999382700007
          ],
          [
            103.996079286,
            1.38997934400002
          ],
          [
            103.996120579,
            1.38996645600003
          ],
          [
            103.996121544,
            1.38996613400007
          ],
          [
            103.996159366,
            1.38995273500006
          ],
          [
            103.996163084,
            1.38995106800008
          ],
          [
            103.996176781,
            1.38994362800002
          ],
          [
            103.996179871,
            1.38994166600001
          ],
          [
            103.996182669,
            1.38993930200007
          ],
          [
            103.996202641,
            1.38991996100002
          ],
          [
            103.996204685,
            1.38991774800008
          ],
          [
            103.996225804,
            1.38989191100006
          ],
          [
            103.996250928,
            1.38986052500007
          ],
          [
            103.996264778,
            1.38985760200007
          ],
          [
            103.996308995,
            1.38985246600003
          ],
          [
            103.996370663,
            1.38984530300008
          ],
          [
            103.996423752,
            1.38983913500003
          ],
          [
            103.996531621,
            1.38982660400006
          ],
          [
            103.996647514,
            1.38981448800008
          ],
          [
            103.996781967,
            1.38980200600002
          ],
          [
            103.996782878,
            1.38980190600004
          ],
          [
            103.996884207,
            1.38978899000006
          ],
          [
            103.997001259,
            1.38977266700006
          ],
          [
            103.997125762,
            1.38975529900004
          ],
          [
            103.997126512,
            1.38975518300003
          ],
          [
            103.997219776,
            1.38973946800007
          ],
          [
            103.997220254,
            1.38973938100002
          ],
          [
            103.997302768,
            1.38972355900006
          ],
          [
            103.997303438,
            1.38972342200003
          ],
          [
            103.997378935,
            1.38970694000005
          ],
          [
            103.99737987,
            1.38970671800006
          ],
          [
            103.997423569,
            1.38969552100001
          ],
          [
            103.997492363,
            1.38967672700006
          ],
          [
            103.997493406,
            1.38967641900006
          ],
          [
            103.997557592,
            1.38965605300005
          ],
          [
            103.997558293,
            1.38965582000002
          ],
          [
            103.997618792,
            1.38963477100002
          ],
          [
            103.997619649,
            1.38963445000006
          ],
          [
            103.997659598,
            1.38961862700008
          ],
          [
            103.997660144,
            1.38961840300005
          ],
          [
            103.997724725,
            1.38959116500005
          ],
          [
            103.997770596,
            1.38957073400007
          ],
          [
            103.997826563,
            1.38954455800007
          ],
          [
            103.997873595,
            1.38952245700006
          ],
          [
            103.997922468,
            1.38949949300005
          ],
          [
            103.997959253,
            1.38948220500003
          ],
          [
            103.998024702,
            1.38945145200006
          ],
          [
            103.998071443,
            1.38942917200004
          ],
          [
            103.998073134,
            1.38942829100006
          ],
          [
            103.998111428,
            1.38940658300003
          ],
          [
            103.998113256,
            1.38940543400002
          ],
          [
            103.998197274,
            1.38934779500004
          ],
          [
            103.998247137,
            1.38931304900005
          ],
          [
            103.998285352,
            1.38928642600008
          ],
          [
            103.998286091,
            1.38928589200003
          ],
          [
            103.998329112,
            1.38925370500005
          ],
          [
            103.998330468,
            1.38925262000004
          ],
          [
            103.998347855,
            1.38923761400001
          ],
          [
            103.99834908,
            1.38923648900005
          ],
          [
            103.998394497,
            1.38919212800005
          ],
          [
            103.998396444,
            1.38919001200002
          ],
          [
            103.998432295,
            1.38914629400005
          ],
          [
            103.998432826,
            1.38914562600007
          ],
          [
            103.998461048,
            1.38910890900006
          ],
          [
            103.998486773,
            1.38908396200004
          ],
          [
            103.998506995,
            1.38906435300002
          ],
          [
            103.99852748,
            1.38904448700003
          ],
          [
            103.998528891,
            1.38904301100006
          ],
          [
            103.998572927,
            1.38899333400002
          ],
          [
            103.998573489,
            1.38899267900008
          ],
          [
            103.998591711,
            1.38897068600005
          ],
          [
            103.9986241,
            1.38893031000003
          ],
          [
            103.998655079,
            1.38889093600006
          ],
          [
            103.998673331,
            1.38886714100003
          ],
          [
            103.998673838,
            1.38886645900003
          ],
          [
            103.998691504,
            1.38884186500008
          ],
          [
            103.998715619,
            1.38880729800007
          ],
          [
            103.998743681,
            1.38876681000005
          ],
          [
            103.998773907,
            1.38872196500006
          ],
          [
            103.99879565,
            1.38868883000005
          ],
          [
            103.998817503,
            1.38865554300002
          ],
          [
            103.998833966,
            1.38863046600004
          ],
          [
            103.998889856,
            1.38854530800006
          ],
          [
            103.998980232,
            1.38840664500004
          ],
          [
            103.999010934,
            1.38835942500003
          ],
          [
            103.999308825,
            1.38789986900002
          ],
          [
            103.999371039,
            1.38780359400005
          ],
          [
            103.999432323,
            1.38770875500006
          ],
          [
            103.999496616,
            1.38760926800007
          ],
          [
            103.999570551,
            1.38749496300004
          ],
          [
            103.999664006,
            1.38735082600003
          ],
          [
            103.999695305,
            1.38730255300004
          ],
          [
            103.999763926,
            1.38719671900003
          ],
          [
            103.999917873,
            1.38695939500007
          ],
          [
            103.999952422,
            1.38690573500003
          ],
          [
            104.0000673,
            1.38672668900006
          ],
          [
            104.000222138,
            1.38648608200002
          ],
          [
            104.000302835,
            1.38637946400006
          ],
          [
            104.000342505,
            1.38635374200003
          ],
          [
            104.000403011,
            1.38631398200004
          ],
          [
            104.000404635,
            1.38631282700003
          ],
          [
            104.00041533,
            1.38630460600006
          ],
          [
            104.000418029,
            1.38630223000007
          ],
          [
            104.000420391,
            1.38629951300004
          ],
          [
            104.000433681,
            1.38628200200002
          ],
          [
            104.000435313,
            1.38627959500008
          ],
          [
            104.000447622,
            1.38625915300003
          ],
          [
            104.000468535,
            1.38622407800005
          ],
          [
            104.000468812,
            1.38622360200004
          ],
          [
            104.000487275,
            1.38619090300005
          ],
          [
            104.000487732,
            1.38619006100004
          ],
          [
            104.000515234,
            1.38613707300004
          ],
          [
            104.000515846,
            1.38613581600003
          ],
          [
            104.000539018,
            1.38608493200006
          ],
          [
            104.000576433,
            1.38599907200006
          ],
          [
            104.000607425,
            1.38592791000001
          ],
          [
            104.000625993,
            1.38588527200005
          ],
          [
            104.000667869,
            1.38578911400004
          ],
          [
            104.000699941,
            1.38571547000004
          ],
          [
            104.000726225,
            1.38565511900003
          ],
          [
            104.000768296,
            1.38555822000007
          ],
          [
            104.000786343,
            1.38551531900003
          ],
          [
            104.000786851,
            1.38551401900004
          ],
          [
            104.000787145,
            1.38551316300004
          ],
          [
            104.000792065,
            1.38549799400004
          ],
          [
            104.000829156,
            1.38537767000002
          ],
          [
            104.000861883,
            1.38527350400006
          ],
          [
            104.000887571,
            1.38519773000006
          ],
          [
            104.000906057,
            1.38514317700004
          ],
          [
            104.00091516,
            1.38511633000007
          ],
          [
            104.000950464,
            1.38501287400004
          ],
          [
            104.000974156,
            1.38494465700007
          ],
          [
            104.000975256,
            1.38494041400002
          ],
          [
            104.00097561,
            1.38493744300007
          ],
          [
            104.000977571,
            1.38490669500004
          ],
          [
            104.000983379,
            1.38481269300005
          ],
          [
            104.000984885,
            1.38478826000003
          ],
          [
            104.000989327,
            1.38477496800004
          ],
          [
            104.000999862,
            1.38476264900004
          ],
          [
            104.001042853,
            1.38472610800005
          ],
          [
            104.001084038,
            1.38469678300004
          ],
          [
            104.001085969,
            1.38469527000007
          ],
          [
            104.001131793,
            1.38465524000004
          ],
          [
            104.001133492,
            1.38465362100004
          ],
          [
            104.001160657,
            1.38462537400006
          ],
          [
            104.001163472,
            1.38462191800003
          ],
          [
            104.001165685,
            1.38461804300005
          ],
          [
            104.001176164,
            1.38459559900001
          ],
          [
            104.001176827,
            1.38459405600001
          ],
          [
            104.001189135,
            1.38456280200004
          ],
          [
            104.001189406,
            1.38456208300005
          ],
          [
            104.001190416,
            1.38455856700005
          ],
          [
            104.001198953,
            1.38451902700008
          ],
          [
            104.001199158,
            1.38451797600002
          ],
          [
            104.001199287,
            1.38451716700006
          ],
          [
            104.001209166,
            1.38444872800006
          ],
          [
            104.001223719,
            1.38434898900002
          ],
          [
            104.001242249,
            1.38422153400006
          ],
          [
            104.001248647,
            1.38418824700004
          ],
          [
            104.001250327,
            1.38417950700005
          ],
          [
            104.001260356,
            1.38415974600001
          ],
          [
            104.001277108,
            1.38412674100004
          ],
          [
            104.001292501,
            1.38410001300003
          ],
          [
            104.001314021,
            1.38407083300007
          ],
          [
            104.001342139,
            1.38403843100001
          ],
          [
            104.001384526,
            1.38399420600007
          ],
          [
            104.001411868,
            1.38396828900005
          ],
          [
            104.00143669,
            1.38394997000007
          ],
          [
            104.001491837,
            1.38391735800008
          ],
          [
            104.001493037,
            1.38391660500003
          ],
          [
            104.001515473,
            1.38390168800003
          ],
          [
            104.001679642,
            1.38367881200003
          ],
          [
            104.001684747,
            1.38366702700005
          ],
          [
            104.001690625,
            1.38365705400003
          ],
          [
            104.001704662,
            1.38363853800007
          ],
          [
            104.001719396,
            1.38362564700002
          ],
          [
            104.001769151,
            1.38359343500002
          ],
          [
            104.001771896,
            1.38359140000005
          ],
          [
            104.001772457,
            1.38359091300004
          ],
          [
            104.001803534,
            1.38356316500003
          ],
          [
            104.001805279,
            1.38356145900002
          ],
          [
            104.001834201,
            1.38353051500007
          ],
          [
            104.001835374,
            1.38352917200006
          ],
          [
            104.00186265,
            1.38349521200006
          ],
          [
            104.001863331,
            1.38349432700004
          ],
          [
            104.001910058,
            1.38343096400007
          ],
          [
            104.001923461,
            1.38341276800002
          ],
          [
            104.001966616,
            1.38335353000003
          ],
          [
            104.001967125,
            1.38335280800003
          ],
          [
            104.00199948,
            1.38330521500007
          ],
          [
            104.002000198,
            1.38330410100003
          ],
          [
            104.002031818,
            1.38325232300001
          ],
          [
            104.002032199,
            1.38325168100006
          ],
          [
            104.0020326,
            1.38325095600002
          ],
          [
            104.002060181,
            1.38319928400005
          ],
          [
            104.002060872,
            1.38319789700005
          ],
          [
            104.002111827,
            1.38308148000004
          ],
          [
            104.00211219,
            1.38308044400005
          ],
          [
            104.002124345,
            1.38304318700006
          ],
          [
            104.002124535,
            1.38304258000004
          ],
          [
            104.002130705,
            1.38302205600007
          ],
          [
            104.00213102,
            1.38302091900004
          ],
          [
            104.002137509,
            1.38299537200004
          ],
          [
            104.00213797,
            1.38299317800005
          ],
          [
            104.002142305,
            1.38296626800006
          ],
          [
            104.002142598,
            1.38296365400004
          ],
          [
            104.002147587,
            1.38288489800002
          ],
          [
            104.002150476,
            1.38285938600005
          ],
          [
            104.002155703,
            1.38283469300006
          ],
          [
            104.002163972,
            1.38280966700005
          ],
          [
            104.002164177,
            1.38280902100007
          ],
          [
            104.002175157,
            1.38277279600004
          ],
          [
            104.002190791,
            1.38273994100006
          ],
          [
            104.002229074,
            1.38267847900004
          ],
          [
            104.00222958,
            1.38267763200001
          ],
          [
            104.002229993,
            1.38267688500001
          ],
          [
            104.002246489,
            1.38264591000006
          ],
          [
            104.002246939,
            1.38264502700003
          ],
          [
            104.002256151,
            1.38262610000003
          ],
          [
            104.002256749,
            1.38262478300004
          ],
          [
            104.002276684,
            1.38257760200001
          ],
          [
            104.002277123,
            1.38257649700006
          ],
          [
            104.002323912,
            1.38245071200005
          ],
          [
            104.002345057,
            1.38240452300004
          ],
          [
            104.002394439,
            1.38230835300004
          ],
          [
            104.002394779,
            1.38230766700002
          ],
          [
            104.002414842,
            1.38226572900003
          ],
          [
            104.002415683,
            1.38226377900001
          ],
          [
            104.002438816,
            1.38220380400003
          ],
          [
            104.002439609,
            1.38220133300006
          ],
          [
            104.002452362,
            1.38215383500006
          ],
          [
            104.002452761,
            1.38215213700005
          ],
          [
            104.002470868,
            1.38206204400006
          ],
          [
            104.00248331,
            1.38201337900005
          ],
          [
            104.002505661,
            1.38195154300008
          ],
          [
            104.002542754,
            1.38186367100007
          ],
          [
            104.002566117,
            1.38181745000003
          ],
          [
            104.002626451,
            1.38171612500002
          ],
          [
            104.002627403,
            1.38171435000002
          ],
          [
            104.002648423,
            1.38167136600003
          ],
          [
            104.002649573,
            1.38166865000005
          ],
          [
            104.002659627,
            1.38164075400004
          ],
          [
            104.002660459,
            1.38163799600005
          ],
          [
            104.002667362,
            1.38160981300007
          ],
          [
            104.002667776,
            1.38160778800006
          ],
          [
            104.002672696,
            1.38157641300006
          ],
          [
            104.002672997,
            1.38157343100005
          ],
          [
            104.00267344,
            1.38156372200006
          ],
          [
            104.002673468,
            1.38156247500006
          ],
          [
            104.002673412,
            1.38156072500002
          ],
          [
            104.002672297,
            1.38154338600003
          ],
          [
            104.002672016,
            1.38154086000003
          ],
          [
            104.002665192,
            1.38149784000006
          ],
          [
            104.00266389,
            1.38148017900006
          ],
          [
            104.002663951,
            1.38147767800007
          ],
          [
            104.002666385,
            1.38145855800002
          ],
          [
            104.002671967,
            1.38143760900004
          ],
          [
            104.002706419,
            1.38135238500007
          ],
          [
            104.002706781,
            1.38135143800001
          ],
          [
            104.002707257,
            1.38134999600004
          ],
          [
            104.002718053,
            1.38131397700004
          ],
          [
            104.002718792,
            1.381310851
          ],
          [
            104.002718931,
            1.38130997400003
          ],
          [
            104.002726926,
            1.38125358400004
          ],
          [
            104.002727165,
            1.38125104800002
          ],
          [
            104.002730992,
            1.38117052000005
          ],
          [
            104.002735598,
            1.38109144100002
          ],
          [
            104.002749165,
            1.38094410300003
          ],
          [
            104.002758074,
            1.38087740000004
          ],
          [
            104.002764478,
            1.38084448800003
          ],
          [
            104.002772046,
            1.38081441000001
          ],
          [
            104.002780857,
            1.38078673500006
          ],
          [
            104.002790859,
            1.38076145300005
          ],
          [
            104.002801159,
            1.38074145600006
          ],
          [
            104.002832264,
            1.38069017600002
          ],
          [
            104.002832602,
            1.38068960300007
          ],
          [
            104.002833929,
            1.38068696900006
          ],
          [
            104.002846253,
            1.38065878800006
          ],
          [
            104.002846912,
            1.38065713600003
          ],
          [
            104.002847738,
            1.38065441300004
          ],
          [
            104.002852305,
            1.38063595000005
          ],
          [
            104.002852694,
            1.38063410500008
          ],
          [
            104.002852873,
            1.38063293600005
          ],
          [
            104.002855649,
            1.38061170900003
          ],
          [
            104.002855868,
            1.38060897000002
          ],
          [
            104.002857962,
            1.38053764200003
          ],
          [
            104.00286007,
            1.38051285700004
          ],
          [
            104.002868076,
            1.38045462200005
          ],
          [
            104.002875807,
            1.38041943000008
          ],
          [
            104.002879296,
            1.38040867400003
          ],
          [
            104.002891628,
            1.38037199700006
          ],
          [
            104.002911719,
            1.38032615100001
          ],
          [
            104.00292925,
            1.38029382800004
          ],
          [
            104.002976689,
            1.38022042600004
          ],
          [
            104.002977438,
            1.38021919600003
          ],
          [
            104.002978131,
            1.38021791000006
          ],
          [
            104.002995889,
            1.38018269100007
          ],
          [
            104.002997006,
            1.38018016300003
          ],
          [
            104.003013109,
            1.38013806900005
          ],
          [
            104.00301385,
            1.38013577300007
          ],
          [
            104.003022641,
            1.38010371300003
          ],
          [
            104.003023203,
            1.38010120500008
          ],
          [
            104.003023489,
            1.38009908400005
          ],
          [
            104.003025618,
            1.38007672400004
          ],
          [
            104.003025741,
            1.38007413400003
          ],
          [
            104.00302558,
            1.38007118000006
          ],
          [
            104.003021842,
            1.38003686300003
          ],
          [
            104.003021593,
            1.38003510600004
          ],
          [
            104.003021095,
            1.38003283900002
          ],
          [
            104.002998183,
            1.37994623300004
          ],
          [
            104.00299496,
            1.37992804500004
          ],
          [
            104.002993994,
            1.37991342700002
          ],
          [
            104.002995406,
            1.37989799500001
          ],
          [
            104.003002368,
            1.37987489100006
          ],
          [
            104.003015639,
            1.37984833900003
          ],
          [
            104.003100256,
            1.37972178300003
          ],
          [
            104.003116299,
            1.37968838400006
          ],
          [
            104.003116906,
            1.37968702700003
          ],
          [
            104.003132781,
            1.37964875400008
          ],
          [
            104.003133253,
            1.37964753200004
          ],
          [
            104.003178958,
            1.37951963700004
          ],
          [
            104.003196297,
            1.37947495000001
          ],
          [
            104.003215127,
            1.37943360100007
          ],
          [
            104.003234629,
            1.37939840400002
          ],
          [
            104.003253181,
            1.37937144200004
          ],
          [
            104.003304,
            1.37930611800004
          ],
          [
            104.003305602,
            1.37930382400002
          ],
          [
            104.003327623,
            1.37926854200002
          ],
          [
            104.003328143,
            1.37926767400005
          ],
          [
            104.003329342,
            1.37926532700005
          ],
          [
            104.003353464,
            1.37921186000007
          ],
          [
            104.003354251,
            1.37920992000005
          ],
          [
            104.003354462,
            1.37920931600006
          ],
          [
            104.003374263,
            1.37915025100004
          ],
          [
            104.003375027,
            1.37914750200003
          ],
          [
            104.003382764,
            1.37911270800004
          ],
          [
            104.003383047,
            1.37911124200003
          ],
          [
            104.003398033,
            1.37901521000003
          ],
          [
            104.00340879,
            1.37897393800007
          ],
          [
            104.003423044,
            1.37893118400005
          ],
          [
            104.003440891,
            1.37888683700005
          ],
          [
            104.003462657,
            1.37884014200005
          ],
          [
            104.003509186,
            1.37875369000006
          ],
          [
            104.003633676,
            1.37854197200004
          ],
          [
            104.003634253,
            1.37854092700007
          ],
          [
            104.00366547,
            1.37848129300004
          ],
          [
            104.003666092,
            1.37848002700003
          ],
          [
            104.003691273,
            1.37842517800004
          ],
          [
            104.003691834,
            1.37842386700002
          ],
          [
            104.003721536,
            1.37834907000005
          ],
          [
            104.003721787,
            1.37834841500004
          ],
          [
            104.003786315,
            1.37817288000003
          ],
          [
            104.003820886,
            1.37808957700001
          ],
          [
            104.003847638,
            1.37802172400006
          ],
          [
            104.003855467,
            1.37800743400004
          ],
          [
            104.003863458,
            1.37799693500006
          ],
          [
            104.003889653,
            1.37797330000006
          ],
          [
            104.00389231,
            1.37797053700006
          ],
          [
            104.003894913,
            1.37796682100003
          ],
          [
            104.003906929,
            1.37794619400006
          ],
          [
            104.003908986,
            1.37794175900007
          ],
          [
            104.003924266,
            1.37789876500006
          ],
          [
            104.003936008,
            1.37786541000003
          ],
          [
            104.003936575,
            1.37786360100007
          ],
          [
            104.00394686,
            1.37782627800005
          ],
          [
            104.003947223,
            1.37782480000005
          ],
          [
            104.003956935,
            1.37777991400002
          ],
          [
            104.003957087,
            1.37777915800007
          ],
          [
            104.00398294,
            1.37764088900002
          ],
          [
            104.003993744,
            1.37759914300004
          ],
          [
            104.004006058,
            1.37756310300006
          ],
          [
            104.004024376,
            1.37752128200002
          ],
          [
            104.004067666,
            1.37743511700006
          ],
          [
            104.004068041,
            1.37743434100002
          ],
          [
            104.004085406,
            1.37739686300005
          ],
          [
            104.004085998,
            1.37739548500002
          ],
          [
            104.004107293,
            1.37734198100003
          ],
          [
            104.004107627,
            1.37734109700005
          ],
          [
            104.004149461,
            1.37722331400005
          ],
          [
            104.004168839,
            1.37717293600002
          ],
          [
            104.004212376,
            1.37707376300004
          ],
          [
            104.004297457,
            1.37689465900005
          ],
          [
            104.004365401,
            1.37675713400007
          ],
          [
            104.004514909,
            1.37647444500005
          ],
          [
            104.004577123,
            1.37635170100003
          ],
          [
            104.004577569,
            1.37635077900006
          ],
          [
            104.004638016,
            1.37621947700008
          ],
          [
            104.004638451,
            1.37621848000002
          ],
          [
            104.004663707,
            1.37615729800006
          ],
          [
            104.004664009,
            1.37615653200004
          ],
          [
            104.004686404,
            1.37609725900006
          ],
          [
            104.004686573,
            1.37609679700006
          ],
          [
            104.004720164,
            1.37600167300006
          ],
          [
            104.004720483,
            1.37600071400004
          ],
          [
            104.004741365,
            1.37593376700004
          ],
          [
            104.004741876,
            1.37593189700004
          ],
          [
            104.004777816,
            1.37577925200003
          ],
          [
            104.004807828,
            1.37566873500003
          ],
          [
            104.004827997,
            1.37560472300004
          ],
          [
            104.004850375,
            1.37554828900005
          ],
          [
            104.004874923,
            1.37550074100004
          ],
          [
            104.004886123,
            1.37548387600003
          ],
          [
            104.004900841,
            1.37546552500004
          ],
          [
            104.004958625,
            1.37540430400002
          ],
          [
            104.004959385,
            1.37540346400004
          ],
          [
            104.004979448,
            1.37538033800007
          ],
          [
            104.00498078,
            1.37537864100007
          ],
          [
            104.004997585,
            1.37535535700004
          ],
          [
            104.004999244,
            1.37535275600005
          ],
          [
            104.005011825,
            1.37532985300003
          ],
          [
            104.005013242,
            1.37532685200006
          ],
          [
            104.005030742,
            1.37528305800004
          ],
          [
            104.005031064,
            1.37528221200005
          ],
          [
            104.005032046,
            1.37527882400001
          ],
          [
            104.005038755,
            1.37524846000003
          ],
          [
            104.005038989,
            1.37524728000006
          ],
          [
            104.00503928,
            1.37524510700006
          ],
          [
            104.005044992,
            1.37518387900008
          ],
          [
            104.005048914,
            1.37516002000005
          ],
          [
            104.005055895,
            1.37513007300002
          ],
          [
            104.005061489,
            1.37511290400004
          ],
          [
            104.00507132,
            1.37509199200001
          ],
          [
            104.005075601,
            1.37508585000005
          ],
          [
            104.00508186,
            1.37507937100001
          ],
          [
            104.005126586,
            1.37504577000005
          ],
          [
            104.005127789,
            1.37504481100007
          ],
          [
            104.00512996,
            1.37504276100004
          ],
          [
            104.005146738,
            1.37502507100003
          ],
          [
            104.005148997,
            1.37502235400005
          ],
          [
            104.005150885,
            1.37501936400002
          ],
          [
            104.005161039,
            1.37500069200007
          ],
          [
            104.005162724,
            1.37499694300004
          ],
          [
            104.005163011,
            1.37499610800006
          ],
          [
            104.005170471,
            1.37497317600001
          ],
          [
            104.005171308,
            1.37496994100006
          ],
          [
            104.005176019,
            1.37494568000005
          ],
          [
            104.005176214,
            1.37494448800003
          ],
          [
            104.00518494,
            1.37488181600001
          ],
          [
            104.005193022,
            1.37485185300005
          ],
          [
            104.005214798,
            1.37480335600003
          ],
          [
            104.005253697,
            1.37473202200006
          ],
          [
            104.00528676,
            1.37467788200008
          ],
          [
            104.005327792,
            1.37461988000007
          ],
          [
            104.005369762,
            1.37456603000004
          ],
          [
            104.005472191,
            1.37444022800002
          ],
          [
            104.005472777,
            1.37443948300006
          ],
          [
            104.005520631,
            1.37437632300003
          ],
          [
            104.005521152,
            1.37437561200004
          ],
          [
            104.005710648,
            1.37410785300006
          ],
          [
            104.005782057,
            1.37400266200007
          ],
          [
            104.005845459,
            1.37390560500006
          ],
          [
            104.005847584,
            1.37390168400002
          ],
          [
            104.00584904,
            1.37389746500003
          ],
          [
            104.005849789,
            1.37389306400007
          ],
          [
            104.00584981,
            1.37388859800008
          ],
          [
            104.005849103,
            1.37388418900001
          ],
          [
            104.005847687,
            1.37387995700004
          ],
          [
            104.005845601,
            1.37387601500007
          ],
          [
            104.0058429,
            1.37387247200006
          ],
          [
            104.005839658,
            1.37386942300003
          ],
          [
            104.005835963,
            1.37386695000003
          ],
          [
            104.005831915,
            1.37386512100005
          ],
          [
            104.00581925,
            1.37386074800001
          ],
          [
            104.005818356,
            1.37386010700004
          ],
          [
            104.005816479,
            1.37385819400002
          ],
          [
            104.005814959,
            1.37385598500002
          ],
          [
            104.005813839,
            1.37385354300004
          ],
          [
            104.005813152,
            1.37385094300003
          ],
          [
            104.005812916,
            1.37384820500006
          ],
          [
            104.005813119,
            1.37384572000002
          ],
          [
            104.005813738,
            1.37384324300006
          ],
          [
            104.00581475,
            1.37384090200004
          ],
          [
            104.00581613,
            1.37383875800002
          ],
          [
            104.005817838,
            1.37383687200001
          ],
          [
            104.005819831,
            1.37383529000004
          ],
          [
            104.005822055,
            1.37383405800006
          ],
          [
            104.005824447,
            1.37383320900004
          ],
          [
            104.005826945,
            1.37383276500003
          ],
          [
            104.005829483,
            1.37383273800003
          ],
          [
            104.00583199,
            1.37383312900005
          ],
          [
            104.005836507,
            1.37383462500005
          ],
          [
            104.005840828,
            1.37383566800002
          ],
          [
            104.005845261,
            1.37383598200005
          ],
          [
            104.005849685,
            1.37383555900003
          ],
          [
            104.00585398,
            1.37383441100008
          ],
          [
            104.005858029,
            1.37383256800006
          ],
          [
            104.005861722,
            1.37383008000005
          ],
          [
            104.005864959,
            1.37382701600006
          ],
          [
            104.005867652,
            1.37382345800006
          ],
          [
            104.005869727,
            1.37381950300006
          ],
          [
            104.005871129,
            1.37381525800003
          ],
          [
            104.005871818,
            1.37381084000002
          ],
          [
            104.005873025,
            1.37379430200002
          ],
          [
            104.005876497,
            1.37374670100007
          ],
          [
            104.005876568,
            1.37374492200007
          ],
          [
            104.005876986,
            1.37368983100003
          ],
          [
            104.005876955,
            1.37368841400007
          ],
          [
            104.005876022,
            1.37366904100002
          ],
          [
            104.005870771,
            1.37356007900006
          ],
          [
            104.005870682,
            1.37355883000004
          ],
          [
            104.005864189,
            1.37348999200003
          ],
          [
            104.005860255,
            1.37344827600004
          ],
          [
            104.00586012,
            1.37344711200006
          ],
          [
            104.005844852,
            1.37333632000002
          ],
          [
            104.005844691,
            1.37333529600004
          ],
          [
            104.005840412,
            1.37331128100004
          ],
          [
            104.005791881,
            1.37303918800005
          ],
          [
            104.005790656,
            1.37303463700004
          ],
          [
            104.005788666,
            1.37303036800007
          ],
          [
            104.005785971,
            1.37302651000004
          ],
          [
            104.005782654,
            1.37302318000007
          ],
          [
            104.005778813,
            1.37302047800005
          ],
          [
            104.005774566,
            1.37301848700001
          ],
          [
            104.00577004,
            1.37301726500005
          ],
          [
            104.005765373,
            1.37301685100003
          ],
          [
            104.005191755,
            1.37301631800005
          ],
          [
            104.005055033,
            1.37301619100003
          ],
          [
            104.004801817,
            1.37301595600007
          ],
          [
            104.004802587,
            1.37301256500006
          ],
          [
            104.004831614,
            1.37292925400005
          ],
          [
            104.004861323,
            1.37284558400006
          ],
          [
            104.004862487,
            1.37284116300003
          ],
          [
            104.004862885,
            1.37283721100003
          ],
          [
            104.0048654,
            1.37274650400002
          ],
          [
            104.004866117,
            1.37265568800005
          ],
          [
            104.004866111,
            1.37265495400003
          ],
          [
            104.004864037,
            1.37256469900007
          ],
          [
            104.004863977,
            1.37256339900005
          ],
          [
            104.004857618,
            1.37247353700007
          ],
          [
            104.004853854,
            1.37238358500003
          ],
          [
            104.004853793,
            1.37238257900003
          ],
          [
            104.004846688,
            1.37229250500008
          ],
          [
            104.0048466,
            1.37229158600007
          ],
          [
            104.004836522,
            1.37220242300003
          ],
          [
            104.004831258,
            1.37211290200002
          ],
          [
            104.004831135,
            1.37211146200004
          ],
          [
            104.004821059,
            1.37202161700002
          ],
          [
            104.00481091,
            1.37193364600006
          ],
          [
            104.004811786,
            1.37184477900006
          ],
          [
            104.00481178,
            1.37175420700003
          ],
          [
            104.004810069,
            1.37167587800007
          ],
          [
            104.00480979,
            1.37166317500002
          ],
          [
            104.004809736,
            1.37166195200006
          ],
          [
            104.004803709,
            1.37157178800004
          ],
          [
            104.00480336,
            1.37156889600003
          ],
          [
            104.00480206,
            1.37156410400007
          ],
          [
            104.004770038,
            1.37148021300003
          ],
          [
            104.004742549,
            1.37139617000003
          ],
          [
            104.004722299,
            1.37131135100003
          ],
          [
            104.004713777,
            1.37122433800005
          ],
          [
            104.004712379,
            1.37113674200004
          ],
          [
            104.004721836,
            1.37105128400002
          ]
        ]
      },
      "properties": {
        "OBJECTID": 322,
        "pcn_loop": "RIR",
        "pcn": "Changi Beach Park",
        "descriptionHTML": "One of the oldest coastal parks in Singapore, Changi Beach Park still retains a kampong ambience. With stretches of pristine white beaches dotted with coconut palms, BBQ pits, park benches and shelters, the park is a great place for families to gather for swimming, picnics and barbeques. Fitness enthusiasts can jog and cycle along the winding tracks. Alternatively, experience seafront dining at a bistro in the park or at the nearby Changi Village and enjoy the gentle sea breeze and the sound of rolling waves as you dine. Approximately 3.3km long, Changi Beach Park stretches from Changi Point to Changi Ferry Terminal and overlooks Pulau Ubin.",
        "address": null,
        "Shape__Length": 3603.486579297388
      }
    },
    {
      "type": "Feature",
      "id": 323,
      "geometry": {
        "type": "LineString",
        "coordinates": [
          [
            103.873796816,
            1.28220578700006
          ],
          [
            103.873795934,
            1.28220143800007
          ],
          [
            103.87379436,
            1.28219729300002
          ],
          [
            103.873792135,
            1.28219346100001
          ],
          [
            103.873789319,
            1.28219004500004
          ],
          [
            103.873785988,
            1.28218713800004
          ],
          [
            103.87376636,
            1.28217265800003
          ],
          [
            103.87365025,
            1.28208700400006
          ],
          [
            103.873291209,
            1.28182214400003
          ],
          [
            103.873289786,
            1.28182109400007
          ],
          [
            103.872532656,
            1.28126256500002
          ],
          [
            103.872530198,
            1.28126095200002
          ],
          [
            103.872528643,
            1.28126022200007
          ],
          [
            103.872461948,
            1.28121102200004
          ],
          [
            103.872394368,
            1.28116116800004
          ],
          [
            103.871773358,
            1.28070305500006
          ],
          [
            103.871770682,
            1.28070108200006
          ],
          [
            103.871531831,
            1.28052488300004
          ],
          [
            103.871497771,
            1.28049975700003
          ],
          [
            103.871448029,
            1.28046652900001
          ],
          [
            103.871424956,
            1.28047354400007
          ],
          [
            103.871423136,
            1.28047535200004
          ],
          [
            103.871421866,
            1.28047701600002
          ],
          [
            103.871420408,
            1.28047908100007
          ],
          [
            103.871420098,
            1.28047952100008
          ],
          [
            103.87123553,
            1.28079620700004
          ],
          [
            103.871126351,
            1.28095005400007
          ],
          [
            103.871019399,
            1.28110186600002
          ],
          [
            103.870915227,
            1.28124258800004
          ],
          [
            103.870848182,
            1.28133315500002
          ],
          [
            103.870811249,
            1.28138304600004
          ],
          [
            103.870710339,
            1.28150657400006
          ],
          [
            103.870601197,
            1.28163110300005
          ],
          [
            103.870379972,
            1.28148797200003
          ],
          [
            103.870376105,
            1.28148589700003
          ],
          [
            103.870371956,
            1.28148447900003
          ],
          [
            103.870367633,
            1.28148375700005
          ],
          [
            103.870363251,
            1.28148375000004
          ],
          [
            103.870358925,
            1.28148445700002
          ],
          [
            103.870354771,
            1.28148586000002
          ],
          [
            103.870350897,
            1.28148792200005
          ],
          [
            103.870347407,
            1.28149058800004
          ],
          [
            103.870269926,
            1.28156046400004
          ],
          [
            103.870265259,
            1.28156467300004
          ],
          [
            103.870125061,
            1.28169110900007
          ],
          [
            103.869881645,
            1.28190307700004
          ],
          [
            103.869879334,
            1.28190508800002
          ],
          [
            103.869860713,
            1.28192128300002
          ],
          [
            103.869856919,
            1.28192201000007
          ],
          [
            103.869853275,
            1.28192329900002
          ]
        ]
      },
      "properties": {
        "OBJECTID": 323,
        "pcn_loop": "RIR",
        "pcn": "Marina Barrage",
        "descriptionHTML": null,
        "address": null,
        "Shape__Length": 593.2875631955587
      }
    },
    {
      "type": "Feature",
      "id": 324,
      "geometry": {
        "type": "LineString",
        "coordinates": [
          [
            103.860521509,
            1.28639733500005
          ],
          [
            103.860550031,
            1.28578717000004
          ],
          [
            103.860628485,
            1.28579434700004
          ],
          [
            103.860626694,
            1.28636086400008
          ]
        ]
      },
      "properties": {
        "OBJECTID": 324,
        "pcn_loop": "RIR",
        "pcn": "Marina Bay Sands",
        "descriptionHTML": "Marina Bay Sands is the widely anticipated hotel-casino integrated resort, the other being Resorts World Sentosa, which opened in Singapore recently. Facing the busy Central Business District from across the Marina Bay, Marina Bay Sands extends Singapore’s downtown hub along the Bay front.",
        "address": null,
        "Shape__Length": 139.86505616217718
      }
    },
    {
      "type": "Feature",
      "id": 325,
      "geometry": {
        "type": "LineString",
        "coordinates": [
          [
            103.860688677,
            1.28863365500006
          ],
          [
            103.860218855,
            1.28871557600009
          ],
          [
            103.860056003,
            1.28864923600002
          ],
          [
            103.859893834,
            1.28865849200001
          ]
        ]
      },
      "properties": {
        "OBJECTID": 325,
        "pcn_loop": "RIR",
        "pcn": "Youth Olympic Park",
        "descriptionHTML": "Youth Olympic Park is Singapore's first art park and was developed to foster a greater sense of community ownership and connection with Marina Bay. Opened on 24 April 2010, it currently features art installations using different media by local youths, depicting life's aspirations. The park was built and named in commemoration of the inaugural Youth Olympic Games hosted by Singapore in August 2010.",
        "address": null,
        "Shape__Length": 90.7475902009547
      }
    },
    {
      "type": "Feature",
      "id": 326,
      "geometry": {
        "type": "LineString",
        "coordinates": [
          [
            103.859893834,
            1.28865849200001
          ],
          [
            103.859026752,
            1.28870798000004
          ],
          [
            103.858511847,
            1.28873736800005
          ],
          [
            103.857987963,
            1.28876726900005
          ],
          [
            103.857984491,
            1.28876785800002
          ],
          [
            103.857981948,
            1.28876870400006
          ],
          [
            103.857979558,
            1.28876992200002
          ],
          [
            103.857977377,
            1.28877148500003
          ],
          [
            103.85797487,
            1.28877392700002
          ],
          [
            103.857962994,
            1.28878829200005
          ],
          [
            103.857958031,
            1.28879429500006
          ],
          [
            103.857955491,
            1.28879745100006
          ],
          [
            103.857952503,
            1.28880018000007
          ],
          [
            103.857949137,
            1.28880242000001
          ],
          [
            103.857945471,
            1.28880411800003
          ],
          [
            103.857941592,
            1.28880523500004
          ],
          [
            103.857937589,
            1.28880574500004
          ],
          [
            103.857929639,
            1.28880617800008
          ],
          [
            103.857678885,
            1.28881951300003
          ],
          [
            103.857673254,
            1.288819803
          ],
          [
            103.857671844,
            1.28881983900004
          ],
          [
            103.857661483,
            1.28881981600005
          ],
          [
            103.857660546,
            1.28881992600003
          ],
          [
            103.857653287,
            1.28882077800006
          ],
          [
            103.857602075,
            1.28882679000002
          ],
          [
            103.857598136,
            1.28882696000005
          ],
          [
            103.857594214,
            1.28882655000006
          ]
        ]
      },
      "properties": {
        "OBJECTID": 326,
        "pcn_loop": "RIR",
        "pcn": "The Float at Marina Bay",
        "descriptionHTML": null,
        "address": null,
        "Shape__Length": 258.13998293354757
      }
    },
    {
      "type": "Feature",
      "id": 327,
      "geometry": {
        "type": "LineString",
        "coordinates": [
          [
            103.854887806,
            1.28891193800007
          ],
          [
            103.85479889,
            1.28890424100007
          ],
          [
            103.854790639,
            1.28890352700007
          ],
          [
            103.854761953,
            1.28890100800005
          ],
          [
            103.854612845,
            1.28888791300006
          ],
          [
            103.854522696,
            1.28890408900002
          ],
          [
            103.854487602,
            1.28891038600005
          ],
          [
            103.854486273,
            1.28891062400003
          ],
          [
            103.854484067,
            1.28891102100005
          ],
          [
            103.854483046,
            1.28891118300004
          ],
          [
            103.854084778,
            1.28896655000004
          ],
          [
            103.854084778,
            1.28896655000004
          ],
          [
            103.85408109,
            1.28896680600008
          ],
          [
            103.854076441,
            1.28896639900005
          ],
          [
            103.8539389,
            1.28894216600003
          ],
          [
            103.853719726,
            1.28890355100004
          ],
          [
            103.853639387,
            1.28888939600004
          ],
          [
            103.853626457,
            1.28888711800005
          ],
          [
            103.853624631,
            1.28888831900003
          ],
          [
            103.853620093,
            1.28889130500005
          ],
          [
            103.853616331,
            1.28889336900005
          ],
          [
            103.853612293,
            1.28889480800006
          ],
          [
            103.853608078,
            1.28889558500004
          ],
          [
            103.853603795,
            1.28889568000005
          ],
          [
            103.853599551,
            1.28889509000004
          ],
          [
            103.853595453,
            1.28889383200004
          ],
          [
            103.853591605,
            1.28889193500003
          ],
          [
            103.853588104,
            1.28888945000005
          ],
          [
            103.853585039,
            1.28888643700003
          ],
          [
            103.853582487,
            1.28888297300005
          ],
          [
            103.853560652,
            1.28884781300007
          ],
          [
            103.853543438,
            1.28882009200004
          ],
          [
            103.853530215,
            1.28879826500003
          ],
          [
            103.853451805,
            1.28866883400002
          ],
          [
            103.85344268,
            1.28865377000005
          ],
          [
            103.853368294,
            1.28852968600005
          ],
          [
            103.853315945,
            1.28844236500004
          ],
          [
            103.853278863,
            1.28838050900003
          ],
          [
            103.853262983,
            1.28835401800006
          ],
          [
            103.8531995,
            1.28824937300004
          ],
          [
            103.853174829,
            1.28820870700003
          ],
          [
            103.853162727,
            1.28818875800005
          ],
          [
            103.85310742,
            1.28809768100005
          ],
          [
            103.853074376,
            1.28804326500006
          ],
          [
            103.85303911,
            1.28798518900003
          ],
          [
            103.853031253,
            1.28797225100004
          ],
          [
            103.853025268,
            1.28796239500002
          ],
          [
            103.852995509,
            1.28791338800005
          ],
          [
            103.852993155,
            1.28790951200005
          ],
          [
            103.852981603,
            1.28789048700002
          ],
          [
            103.852981005,
            1.28788947600003
          ],
          [
            103.852975104,
            1.28787947900001
          ],
          [
            103.852974137,
            1.28787784000001
          ],
          [
            103.852952879,
            1.28784182600002
          ],
          [
            103.852948921,
            1.28783512100004
          ],
          [
            103.852947351,
            1.28783246200003
          ],
          [
            103.85294501,
            1.28782849500004
          ],
          [
            103.852939229,
            1.28781870100003
          ],
          [
            103.85293493,
            1.28781141800005
          ],
          [
            103.852925429,
            1.28779591100004
          ],
          [
            103.852915141,
            1.28777911900004
          ],
          [
            103.852913408,
            1.28777579800004
          ],
          [
            103.852912148,
            1.28777226800002
          ],
          [
            103.852911383,
            1.28776859600002
          ],
          [
            103.852911129,
            1.28776485400005
          ],
          [
            103.852911267,
            1.28768882400006
          ],
          [
            103.85289056,
            1.28762867400006
          ],
          [
            103.852871822,
            1.28760065600006
          ],
          [
            103.852870839,
            1.28759907100004
          ],
          [
            103.852869984,
            1.28759745700006
          ],
          [
            103.852851545,
            1.28755963600001
          ]
        ]
      },
      "properties": {
        "OBJECTID": 327,
        "pcn_loop": "RIR",
        "pcn": "Esplanade Park",
        "descriptionHTML": "Built in 1943, Esplanade Park is one of the oldest among Singapore’s heritage parks. Redeveloped in 1991 to enhance the Civic District's identity and to create an important frontage for the Padang, Supreme Court and City Hall, Esplanade Park is a showcase for many of Singapore’s historical landmarks.Take a stroll through this iconic park and reflect on the sacrifices made by brave soldiers at the Lim Bo Seng Memorial and the Cenotaph, and marvel at the intricacies of the Victorian splendour of the distinctive blue and white Tan Kim Seng Fountain, built in 1882 to commemorate the contributions to Singapore of the famous Chinese philanthropist.",
        "address": null,
        "Shape__Length": 317.2723271896354
      }
    }
  ]
}