{
  "type": "FeatureCollection",
  "features": [
    {
      "type": "Feature",
      "id": 57,
      "geometry": {
        "type": "LineString",
        "coordinates": [
          [
            103.75960032,
            1.30660213800008
          ],
          [
            103.75968019,
            1.30648156500007
          ],
          [
            103.759727011,
            1.30639841100003
          ],
          [
            103.759729767,
            1.30634574500003
          ],
          [
            103.759772456,
            1.30627090700004
          ],
          [
            103.760052,
            1.30589255600006
          ],
          [
            103.760101573,
            1.30586622500004
          ],
          [
            103.760133246,
            1.30582187600003
          ],
          [
            103.760208797,
            1.30577614300006
          ],
          [
            103.760254427,
            1.30568051600005
          ],
          [
            103.760317773,
            1.30557102900002
          ],
          [
            103.760364594,
            1.30548233100006
          ],
          [
            103.760397643,
            1.30543659700003
          ],
          [
            103.76045548,
            1.30537838900006
          ],
          [
            103.760518823,
            1.30532849800005
          ],
          [
            103.760602822,
            1.30528415100003
          ],
          [
            103.760682691,
            1.30523703100003
          ],
          [
            103.760737773,
            1.30516357900006
          ],
          [
            103.760761183,
            1.30511230000008
          ],
          [
            103.76080525,
            1.30503746100004
          ],
          [
            103.760817645,
            1.30497093800004
          ],
          [
            103.760879613,
            1.30486976600002
          ],
          [
            103.760941582,
            1.30476027900004
          ],
          [
            103.760973256,
            1.30468682700007
          ],
          [
            103.761084798,
            1.30452190400007
          ],
          [
            103.76120185,
            1.30434866700005
          ],
          [
            103.761254179,
            1.30423225000004
          ],
          [
            103.761306508,
            1.30413800900004
          ],
          [
            103.761358838,
            1.30401050500006
          ],
          [
            103.761397397,
            1.30392319300005
          ],
          [
            103.76143871,
            1.30384419700004
          ],
          [
            103.76148553,
            1.30376381300003
          ],
          [
            103.761548876,
            1.30365571300006
          ],
          [
            103.761586057,
            1.30359611900008
          ],
          [
            103.761623238,
            1.30352821000002
          ],
          [
            103.761661797,
            1.30344367000004
          ],
          [
            103.761701733,
            1.30333695400003
          ],
          [
            103.76171275,
            1.30328983300007
          ],
          [
            103.761729276,
            1.30322885300006
          ],
          [
            103.761767834,
            1.30316232900003
          ],
          [
            103.761813279,
            1.30304037000006
          ],
          [
            103.76186974,
            1.30291286600004
          ],
          [
            103.761919315,
            1.30282971100007
          ],
          [
            103.761975774,
            1.30275487300002
          ],
          [
            103.761975775,
            1.30270913700002
          ],
          [
            103.7619744,
            1.30265231400006
          ],
          [
            103.7619744,
            1.30262257800007
          ],
          [
            103.761985635,
            1.30258201100003
          ],
          [
            103.761996434,
            1.30256638800007
          ],
          [
            103.762019059,
            1.30251590000006
          ],
          [
            103.762040815,
            1.30246321900006
          ],
          [
            103.76206942,
            1.30240977900007
          ],
          [
            103.762103847,
            1.30235572900005
          ],
          [
            103.762167192,
            1.30229059200002
          ],
          [
            103.762231913,
            1.30223238600007
          ],
          [
            103.762253947,
            1.30216586100004
          ],
          [
            103.762284243,
            1.30208270700006
          ],
          [
            103.762318672,
            1.30198707800001
          ],
          [
            103.762354475,
            1.30192609900006
          ],
          [
            103.762383394,
            1.30185957600002
          ],
          [
            103.762421154,
            1.30176966900005
          ],
          [
            103.762429659,
            1.30171250600005
          ],
          [
            103.762459135,
            1.30166416200006
          ],
          [
            103.762455815,
            1.30158449100002
          ],
          [
            103.762421653,
            1.30151619400004
          ],
          [
            103.762419157,
            1.30148795900006
          ],
          [
            103.762509504,
            1.30129737500004
          ],
          [
            103.762599655,
            1.30132487700006
          ],
          [
            103.762712883,
            1.30135327900007
          ],
          [
            103.762836191,
            1.30138519600007
          ],
          [
            103.763900162,
            1.30166890000003
          ],
          [
            103.764516702,
            1.30181784500007
          ],
          [
            103.764995841,
            1.30194196600008
          ],
          [
            103.765129719,
            1.30198097500004
          ],
          [
            103.765344339,
            1.30208166600004
          ],
          [
            103.76548378,
            1.30215424600004
          ]
        ]
      },
      "properties": {
        "OBJECTID": 57,
        "pcn_loop": "Southern Ridges Loop",
        "pcn": "West Coast Park Connector",
        "descriptionHTML": "Running through residential areas and schools, the West Coast Park Connector links Pandan Reservoir and Pandan Reservoir Fitness Corner with West Coast Park, and leads to Clementi Woods Park. Level and smooth, it is an ideal cycling route for amateur cyclists looking to travel from Pandan Gardens estate to the West Coast estate. Eagles have also been spotted soaring in the skies above this stretch. With its relatively flat terrain, the West Coast Park Connector is also suitable for leisure joggers seeking a comfortable run or amateur skaters looking to hone their skating skills.",
        "address": "Ulu Pandan Park Connector starts West Coast Park and runs along West Coast Road before ending at Pandan Gardens Park Connector",
        "Shape__Length": 1038.0877266930759
      }
    },
    {
      "type": "Feature",
      "id": 58,
      "geometry": {
        "type": "LineString",
        "coordinates": [
          [
            103.758196244,
            1.30834236200008
          ],
          [
            103.758429817,
            1.30803931000002
          ],
          [
            103.758472506,
            1.30797694400007
          ],
          [
            103.758494539,
            1.30795892700006
          ],
          [
            103.758523457,
            1.30794645500002
          ],
          [
            103.758526211,
            1.30792705200001
          ],
          [
            103.758546867,
            1.30789101800001
          ],
          [
            103.758546868,
            1.30786052900004
          ],
          [
            103.75857441,
            1.30781618000003
          ],
          [
            103.758673558,
            1.30769144900005
          ],
          [
            103.758782347,
            1.30753068400003
          ],
          [
            103.758886227,
            1.30739774200004
          ],
          [
            103.759033477,
            1.30710697200004
          ],
          [
            103.759222769,
            1.30684735800002
          ],
          [
            103.759311172,
            1.30673258600006
          ],
          [
            103.759395407,
            1.30661534200003
          ],
          [
            103.759441056,
            1.30656150400006
          ]
        ]
      },
      "properties": {
        "OBJECTID": 58,
        "pcn_loop": "Southern Ridges Loop",
        "pcn": "West Coast Park Connector",
        "descriptionHTML": "Running through residential areas and schools, the West Coast Park Connector links Pandan Reservoir and Pandan Reservoir Fitness Corner with West Coast Park, and leads to Clementi Woods Park. Level and smooth, it is an ideal cycling route for amateur cyclists looking to travel from Pandan Gardens estate to the West Coast estate. Eagles have also been spotted soaring in the skies above this stretch. With its relatively flat terrain, the West Coast Park Connector is also suitable for leisure joggers seeking a comfortable run or amateur skaters looking to hone their skating skills.",
        "address": "Ulu Pandan Park Connector starts West Coast Park and runs along West Coast Road before ending at Pandan Gardens Park Connector",
        "Shape__Length": 243.96447067393808
      }
    },
    {
      "type": "Feature",
      "id": 59,
      "geometry": {
        "type": "LineString",
        "coordinates": [
          [
            103.756954041,
            1.31048191000001
          ],
          [
            103.756926049,
            1.31034683300003
          ],
          [
            103.756926053,
            1.31024011600005
          ],
          [
            103.756935694,
            1.31013894300003
          ],
          [
            103.756972877,
            1.31002114100003
          ],
          [
            103.757067896,
            1.30986453500003
          ],
          [
            103.757479642,
            1.30926028300008
          ],
          [
            103.757956618,
            1.30861165900006
          ]
        ]
      },
      "properties": {
        "OBJECTID": 59,
        "pcn_loop": "Southern Ridges Loop",
        "pcn": "West Coast Park Connector",
        "descriptionHTML": "Running through residential areas and schools, the West Coast Park Connector links Pandan Reservoir and Pandan Reservoir Fitness Corner with West Coast Park, and leads to Clementi Woods Park. Level and smooth, it is an ideal cycling route for amateur cyclists looking to travel from Pandan Gardens estate to the West Coast estate. Eagles have also been spotted soaring in the skies above this stretch. With its relatively flat terrain, the West Coast Park Connector is also suitable for leisure joggers seeking a comfortable run or amateur skaters looking to hone their skating skills.",
        "address": "Ulu Pandan Park Connector starts West Coast Park and runs along West Coast Road before ending at Pandan Gardens Park Connector",
        "Shape__Length": 243.76137762219872
      }
    },
    {
      "type": "Feature",
      "id": 60,
      "geometry": {
        "type": "LineString",
        "coordinates": [
          [
            103.753469612,
            1.31451697800003
          ],
          [
            103.753446204,
            1.31447817100008
          ],
          [
            103.753433658,
            1.31443969300004
          ],
          [
            103.753433659,
            1.31439572600005
          ],
          [
            103.753442077,
            1.31434096500004
          ],
          [
            103.753493028,
            1.31428552900008
          ],
          [
            103.753897885,
            1.31384758900003
          ],
          [
            103.754601564,
            1.31307565000003
          ],
          [
            103.754663532,
            1.31299388200006
          ],
          [
            103.754736517,
            1.31289964200006
          ],
          [
            103.754887994,
            1.31274026500005
          ],
          [
            103.754941699,
            1.31269453100004
          ],
          [
            103.755044978,
            1.31259197600001
          ],
          [
            103.755120717,
            1.31247556100004
          ],
          [
            103.755222622,
            1.31232172500005
          ],
          [
            103.755572398,
            1.31185190800004
          ],
          [
            103.756051619,
            1.31121855400003
          ],
          [
            103.756120075,
            1.31110299600005
          ],
          [
            103.756148015,
            1.31106056100004
          ],
          [
            103.756218245,
            1.31097602100004
          ],
          [
            103.756252335,
            1.31092990300004
          ],
          [
            103.756292989,
            1.31089831900004
          ],
          [
            103.756370019,
            1.31084950700005
          ],
          [
            103.756417353,
            1.31082068900002
          ],
          [
            103.756459791,
            1.31080346300006
          ],
          [
            103.756499732,
            1.31078480100008
          ],
          [
            103.756543594,
            1.31078408400003
          ],
          [
            103.756580682,
            1.31078264900004
          ],
          [
            103.756616796,
            1.31078562800008
          ],
          [
            103.756652458,
            1.31079065400007
          ],
          [
            103.756740897,
            1.31081003800004
          ],
          [
            103.756863542,
            1.31086230200003
          ],
          [
            103.756960539,
            1.31092260400005
          ],
          [
            103.757004192,
            1.31095015000005
          ]
        ]
      },
      "properties": {
        "OBJECTID": 60,
        "pcn_loop": "Southern Ridges Loop",
        "pcn": "West Coast Park Connector",
        "descriptionHTML": "Running through residential areas and schools, the West Coast Park Connector links Pandan Reservoir and Pandan Reservoir Fitness Corner with West Coast Park, and leads to Clementi Woods Park. Level and smooth, it is an ideal cycling route for amateur cyclists looking to travel from Pandan Gardens estate to the West Coast estate. Eagles have also been spotted soaring in the skies above this stretch. With its relatively flat terrain, the West Coast Park Connector is also suitable for leisure joggers seeking a comfortable run or amateur skaters looking to hone their skating skills.",
        "address": "Ulu Pandan Park Connector starts West Coast Park and runs along West Coast Road before ending at Pandan Gardens Park Connector",
        "Shape__Length": 606.3085220310528
      }
    },
    {
      "type": "Feature",
      "id": 61,
      "geometry": {
        "type": "LineString",
        "coordinates": [
          [
            103.753137157,
            1.31464818100005
          ],
          [
            103.753173705,
            1.31465307800005
          ],
          [
            103.753234566,
            1.31465308000003
          ],
          [
            103.753305889,
            1.31465451900005
          ],
          [
            103.753337271,
            1.31465691300002
          ],
          [
            103.753352011,
            1.31465308400006
          ],
          [
            103.753405314,
            1.31459139400003
          ]
        ]
      },
      "properties": {
        "OBJECTID": 61,
        "pcn_loop": "Southern Ridges Loop",
        "pcn": "West Coast Park Connector",
        "descriptionHTML": "Running through residential areas and schools, the West Coast Park Connector links Pandan Reservoir and Pandan Reservoir Fitness Corner with West Coast Park, and leads to Clementi Woods Park. Level and smooth, it is an ideal cycling route for amateur cyclists looking to travel from Pandan Gardens estate to the West Coast estate. Eagles have also been spotted soaring in the skies above this stretch. With its relatively flat terrain, the West Coast Park Connector is also suitable for leisure joggers seeking a comfortable run or amateur skaters looking to hone their skating skills.",
        "address": "Ulu Pandan Park Connector starts West Coast Park and runs along West Coast Road before ending at Pandan Gardens Park Connector",
        "Shape__Length": 33.097132716181676
      }
    },
    {
      "type": "Feature",
      "id": 62,
      "geometry": {
        "type": "LineString",
        "coordinates": [
          [
            103.752530328,
            1.31538575500003
          ],
          [
            103.752512429,
            1.31532477300004
          ],
          [
            103.752513937,
            1.31529029400001
          ],
          [
            103.752567642,
            1.31524594700004
          ],
          [
            103.752567643,
            1.31520991300003
          ],
          [
            103.752763186,
            1.31502420400004
          ],
          [
            103.752797612,
            1.31501311800001
          ],
          [
            103.752829284,
            1.31498124300002
          ],
          [
            103.752830662,
            1.31495491000003
          ],
          [
            103.752865089,
            1.31491194800003
          ],
          [
            103.752902269,
            1.31489116100003
          ],
          [
            103.752938072,
            1.31488146000004
          ],
          [
            103.75296699,
            1.31486760100007
          ],
          [
            103.752993134,
            1.31483836700003
          ]
        ]
      },
      "properties": {
        "OBJECTID": 62,
        "pcn_loop": "Southern Ridges Loop",
        "pcn": "West Coast Park Connector",
        "descriptionHTML": "Running through residential areas and schools, the West Coast Park Connector links Pandan Reservoir and Pandan Reservoir Fitness Corner with West Coast Park, and leads to Clementi Woods Park. Level and smooth, it is an ideal cycling route for amateur cyclists looking to travel from Pandan Gardens estate to the West Coast estate. Eagles have also been spotted soaring in the skies above this stretch. With its relatively flat terrain, the West Coast Park Connector is also suitable for leisure joggers seeking a comfortable run or amateur skaters looking to hone their skating skills.",
        "address": "Ulu Pandan Park Connector starts West Coast Park and runs along West Coast Road before ending at Pandan Gardens Park Connector",
        "Shape__Length": 87.61227439352443
      }
    },
    {
      "type": "Feature",
      "id": 63,
      "geometry": {
        "type": "LineString",
        "coordinates": [
          [
            103.751320801,
            1.31661281000002
          ],
          [
            103.751478667,
            1.31643957700003
          ],
          [
            103.751520511,
            1.31640033700006
          ],
          [
            103.751561404,
            1.31636109600004
          ],
          [
            103.751779961,
            1.31610796700005
          ],
          [
            103.751881863,
            1.31602758700006
          ],
          [
            103.751973187,
            1.31594452800003
          ],
          [
            103.752042609,
            1.31587657400007
          ],
          [
            103.752108228,
            1.31580000700006
          ],
          [
            103.752160534,
            1.31572726800005
          ],
          [
            103.752195721,
            1.31567941300005
          ],
          [
            103.752326008,
            1.31554159200005
          ],
          [
            103.752375461,
            1.31549182300005
          ],
          [
            103.75243481,
            1.31547515900007
          ],
          [
            103.752472929,
            1.31544664700005
          ]
        ]
      },
      "properties": {
        "OBJECTID": 63,
        "pcn_loop": "Southern Ridges Loop",
        "pcn": "West Coast Park Connector",
        "descriptionHTML": "Running through residential areas and schools, the West Coast Park Connector links Pandan Reservoir and Pandan Reservoir Fitness Corner with West Coast Park, and leads to Clementi Woods Park. Level and smooth, it is an ideal cycling route for amateur cyclists looking to travel from Pandan Gardens estate to the West Coast estate. Eagles have also been spotted soaring in the skies above this stretch. With its relatively flat terrain, the West Coast Park Connector is also suitable for leisure joggers seeking a comfortable run or amateur skaters looking to hone their skating skills.",
        "address": "Ulu Pandan Park Connector starts West Coast Park and runs along West Coast Road before ending at Pandan Gardens Park Connector",
        "Shape__Length": 183.937110602557
      }
    },
    {
      "type": "Feature",
      "id": 64,
      "geometry": {
        "type": "LineString",
        "coordinates": [
          [
            103.750765718,
            1.31720383000005
          ],
          [
            103.750844349,
            1.31713155400007
          ],
          [
            103.750916854,
            1.31705261300004
          ],
          [
            103.751036094,
            1.31692278800005
          ]
        ]
      },
      "properties": {
        "OBJECTID": 64,
        "pcn_loop": "Southern Ridges Loop",
        "pcn": "West Coast Park Connector",
        "descriptionHTML": "Running through residential areas and schools, the West Coast Park Connector links Pandan Reservoir and Pandan Reservoir Fitness Corner with West Coast Park, and leads to Clementi Woods Park. Level and smooth, it is an ideal cycling route for amateur cyclists looking to travel from Pandan Gardens estate to the West Coast estate. Eagles have also been spotted soaring in the skies above this stretch. With its relatively flat terrain, the West Coast Park Connector is also suitable for leisure joggers seeking a comfortable run or amateur skaters looking to hone their skating skills.",
        "address": "Ulu Pandan Park Connector starts West Coast Park and runs along West Coast Road before ending at Pandan Gardens Park Connector",
        "Shape__Length": 43.44968658379436
      }
    },
    {
      "type": "Feature",
      "id": 65,
      "geometry": {
        "type": "LineString",
        "coordinates": [
          [
            103.748231556,
            1.31813630500004
          ],
          [
            103.74871798,
            1.31803726000003
          ],
          [
            103.749036322,
            1.31795670000001
          ],
          [
            103.749213203,
            1.31789832200007
          ],
          [
            103.749324944,
            1.31786339100004
          ],
          [
            103.749397362,
            1.31782963100005
          ],
          [
            103.74941301,
            1.31782082600006
          ],
          [
            103.750152629,
            1.31757778300004
          ],
          [
            103.750285463,
            1.31754837200004
          ],
          [
            103.750593422,
            1.31732927300004
          ],
          [
            103.7507017,
            1.31726267500004
          ]
        ]
      },
      "properties": {
        "OBJECTID": 65,
        "pcn_loop": "Southern Ridges Loop",
        "pcn": "West Coast Park Connector",
        "descriptionHTML": "Running through residential areas and schools, the West Coast Park Connector links Pandan Reservoir and Pandan Reservoir Fitness Corner with West Coast Park, and leads to Clementi Woods Park. Level and smooth, it is an ideal cycling route for amateur cyclists looking to travel from Pandan Gardens estate to the West Coast estate. Eagles have also been spotted soaring in the skies above this stretch. With its relatively flat terrain, the West Coast Park Connector is also suitable for leisure joggers seeking a comfortable run or amateur skaters looking to hone their skating skills.",
        "address": "Ulu Pandan Park Connector starts West Coast Park and runs along West Coast Road before ending at Pandan Gardens Park Connector",
        "Shape__Length": 294.5190652064548
      }
    },
    {
      "type": "Feature",
      "id": 136,
      "geometry": {
        "type": "LineString",
        "coordinates": [
          [
            103.749426882,
            1.31781382300005
          ],
          [
            103.749426919,
            1.31781388700005
          ],
          [
            103.749477474,
            1.31789983700003
          ],
          [
            103.749528317,
            1.31798713800003
          ],
          [
            103.749555046,
            1.31803236600008
          ],
          [
            103.750964445,
            1.32047177700002
          ],
          [
            103.751083364,
            1.32052703200004
          ],
          [
            103.751187373,
            1.32061377400004
          ],
          [
            103.751217086,
            1.32073640600004
          ],
          [
            103.751199253,
            1.32081716200002
          ],
          [
            103.751166562,
            1.32087698100003
          ],
          [
            103.751146386,
            1.32094331100005
          ],
          [
            103.75111922,
            1.32098027400003
          ],
          [
            103.751118495,
            1.32098126100002
          ],
          [
            103.751106967,
            1.32099694500003
          ],
          [
            103.751101369,
            1.32102663500006
          ],
          [
            103.751099492,
            1.32105679700003
          ],
          [
            103.751102224,
            1.32109317300005
          ],
          [
            103.751110359,
            1.32112872200004
          ],
          [
            103.751123713,
            1.32116263500005
          ],
          [
            103.751141981,
            1.32119414300007
          ],
          [
            103.75116475,
            1.32122252700001
          ],
          [
            103.751191499,
            1.32124714300006
          ],
          [
            103.751221622,
            1.32126743100001
          ],
          [
            103.751267816,
            1.32129329200006
          ],
          [
            103.751362784,
            1.32134645700006
          ],
          [
            103.751392557,
            1.32136119300002
          ],
          [
            103.751419399,
            1.32138082200005
          ],
          [
            103.751442522,
            1.32140477100005
          ],
          [
            103.751461249,
            1.32143233700003
          ],
          [
            103.75147503,
            1.32146271400007
          ],
          [
            103.751483464,
            1.32149501100001
          ],
          [
            103.751486302,
            1.32152828200003
          ],
          [
            103.751485365,
            1.32154742700003
          ],
          [
            103.751482567,
            1.32156638700006
          ],
          [
            103.751479463,
            1.32157262300006
          ]
        ]
      },
      "properties": {
        "OBJECTID": 136,
        "pcn_loop": "Southern Ridges Loop",
        "pcn": "Pandan Gardens Park Connector",
        "descriptionHTML": "Extending from West Coast Road to Ulu Pandan Park Connector Bridge, Pandan Gardens Park Connector runs through residential areas and links to the Pandan Reservoir and Pandan Reservoir Fitness Corner. It is a great place for joggers who want to enjoy a short and comfortable run or even amateur skaters looking for relatively flat terrains. Pandan Garden Park Connector also joins the Ulu Pandan Park Connector via Singapore’s first elevated Park Connector bridge (Ulu Pandan Park Connector Bridge).",
        "address": "Pandan Gardens Park Connector starts at West Coast Road and ends at Ulu Pandan Park Connector Bridge.",
        "Shape__Length": 501.6724478316272
      }
    },
    {
      "type": "Feature",
      "id": 137,
      "geometry": {
        "type": "LineString",
        "coordinates": [
          [
            103.751479463,
            1.32157262300006
          ],
          [
            103.751479311,
            1.32157292800002
          ],
          [
            103.751476604,
            1.32158315100003
          ],
          [
            103.751476455,
            1.32158365700006
          ],
          [
            103.751465709,
            1.32161168000004
          ],
          [
            103.751450779,
            1.32163769000005
          ],
          [
            103.751432026,
            1.32166105700003
          ],
          [
            103.751409902,
            1.32168121800003
          ],
          [
            103.751384943,
            1.32169768700004
          ],
          [
            103.75135775,
            1.32171006500004
          ],
          [
            103.75132898,
            1.32171805300003
          ],
          [
            103.751317766,
            1.32171989600004
          ],
          [
            103.751285131,
            1.32172144400003
          ],
          [
            103.751252708,
            1.32171740200004
          ],
          [
            103.751221435,
            1.32170788800005
          ],
          [
            103.751192216,
            1.32169317800003
          ],
          [
            103.751165897,
            1.32167369600005
          ],
          [
            103.751143239,
            1.32165000600001
          ],
          [
            103.751124899,
            1.32162279400007
          ],
          [
            103.751111406,
            1.32159284800003
          ],
          [
            103.751103152,
            1.32156103300001
          ],
          [
            103.751100374,
            1.32152826900006
          ],
          [
            103.751103243,
            1.32149499300005
          ],
          [
            103.751111759,
            1.32146271200003
          ],
          [
            103.75112567,
            1.32143238700008
          ],
          [
            103.751144559,
            1.32140492500003
          ],
          [
            103.751167864,
            1.32138114500002
          ],
          [
            103.751194888,
            1.32136175800003
          ],
          [
            103.751224823,
            1.32134734300006
          ],
          [
            103.751256779,
            1.32133832900005
          ],
          [
            103.751289798,
            1.32133498600006
          ],
          [
            103.751322896,
            1.32133741400002
          ],
          [
            103.751355086,
            1.32134553900005
          ],
          [
            103.751385404,
            1.32135912000005
          ],
          [
            103.751409815,
            1.32137526500004
          ],
          [
            103.75143151,
            1.32139494800004
          ],
          [
            103.75144999,
            1.32141771400006
          ],
          [
            103.751464826,
            1.32144303900003
          ],
          [
            103.751475674,
            1.32147033400003
          ],
          [
            103.751482285,
            1.32149896900005
          ],
          [
            103.751484505,
            1.32152828200003
          ],
          [
            103.75148328,
            1.32155008100007
          ],
          [
            103.751479619,
            1.32157160100008
          ],
          [
            103.751479463,
            1.32157262300006
          ]
        ]
      },
      "properties": {
        "OBJECTID": 137,
        "pcn_loop": "Southern Ridges Loop",
        "pcn": "Pandan Gardens Park Connector",
        "descriptionHTML": "Extending from West Coast Road to Ulu Pandan Park Connector Bridge, Pandan Gardens Park Connector runs through residential areas and links to the Pandan Reservoir and Pandan Reservoir Fitness Corner. It is a great place for joggers who want to enjoy a short and comfortable run or even amateur skaters looking for relatively flat terrains. Pandan Garden Park Connector also joins the Ulu Pandan Park Connector via Singapore’s first elevated Park Connector bridge (Ulu Pandan Park Connector Bridge).",
        "address": "Pandan Gardens Park Connector starts at West Coast Road and ends at Ulu Pandan Park Connector Bridge.",
        "Shape__Length": 134.64455456463392
      }
    },
    {
      "type": "Feature",
      "id": 138,
      "geometry": {
        "type": "LineString",
        "coordinates": [
          [
            103.751432791,
            1.32245634300006
          ],
          [
            103.751473811,
            1.32242561400007
          ],
          [
            103.751554898,
            1.32236487000005
          ],
          [
            103.751641391,
            1.32232680100003
          ],
          [
            103.751732516,
            1.32228101400006
          ],
          [
            103.751774097,
            1.32226406400003
          ],
          [
            103.751826426,
            1.32224273300004
          ],
          [
            103.751960682,
            1.32220617700005
          ],
          [
            103.752061793,
            1.32217215300006
          ],
          [
            103.752171638,
            1.32215511300005
          ]
        ]
      },
      "properties": {
        "OBJECTID": 138,
        "pcn_loop": "Southern Ridges Loop",
        "pcn": "Pandan Gardens Park Connector",
        "descriptionHTML": "Extending from West Coast Road to Ulu Pandan Park Connector Bridge, Pandan Gardens Park Connector runs through residential areas and links to the Pandan Reservoir and Pandan Reservoir Fitness Corner. It is a great place for joggers who want to enjoy a short and comfortable run or even amateur skaters looking for relatively flat terrains. Pandan Garden Park Connector also joins the Ulu Pandan Park Connector via Singapore’s first elevated Park Connector bridge (Ulu Pandan Park Connector Bridge).",
        "address": "Pandan Gardens Park Connector starts at West Coast Road and ends at Ulu Pandan Park Connector Bridge.",
        "Shape__Length": 89.88855751859755
      }
    },
    {
      "type": "Feature",
      "id": 139,
      "geometry": {
        "type": "LineString",
        "coordinates": [
          [
            103.751432791,
            1.32245634300006
          ],
          [
            103.75137766,
            1.32243814200007
          ],
          [
            103.751320905,
            1.32242601000008
          ],
          [
            103.751263184,
            1.32242008500003
          ],
          [
            103.751205164,
            1.32242043900004
          ],
          [
            103.751147518,
            1.32242706600004
          ],
          [
            103.751090913,
            1.32243988900007
          ],
          [
            103.750970519,
            1.32246992100004
          ],
          [
            103.750789582,
            1.32252134800007
          ],
          [
            103.750659428,
            1.32205748000007
          ],
          [
            103.751091467,
            1.32193468400005
          ],
          [
            103.751096131,
            1.32193335800002
          ],
          [
            103.75112798,
            1.32192430600003
          ],
          [
            103.75117176,
            1.32190981800005
          ],
          [
            103.751214162,
            1.32189164700003
          ],
          [
            103.751232528,
            1.32187984400002
          ],
          [
            103.751270876,
            1.32185743900004
          ],
          [
            103.751307272,
            1.32183194900006
          ],
          [
            103.751341472,
            1.32180354300003
          ],
          [
            103.751354651,
            1.32179107900004
          ],
          [
            103.75136104,
            1.32178467900007
          ],
          [
            103.751367306,
            1.32177815900007
          ],
          [
            103.751373447,
            1.32177152200006
          ],
          [
            103.751379463,
            1.32176476400002
          ],
          [
            103.751385347,
            1.32175789900002
          ],
          [
            103.751391102,
            1.32175091800002
          ],
          [
            103.751396721,
            1.32174383100004
          ],
          [
            103.751402206,
            1.32173663700007
          ],
          [
            103.751407553,
            1.32172934100004
          ],
          [
            103.751412761,
            1.32172194400005
          ],
          [
            103.751417827,
            1.32171445000004
          ],
          [
            103.751422751,
            1.32170685900007
          ],
          [
            103.751427529,
            1.32169917600003
          ],
          [
            103.75143216,
            1.32169140700008
          ],
          [
            103.751436644,
            1.32168354700002
          ],
          [
            103.751440978,
            1.32167560500005
          ],
          [
            103.751445162,
            1.32166758000004
          ],
          [
            103.751449191,
            1.32165948100003
          ],
          [
            103.751453066,
            1.32165130400006
          ],
          [
            103.751456786,
            1.32164305400006
          ],
          [
            103.751460349,
            1.32163473600001
          ],
          [
            103.751463752,
            1.32162635600002
          ],
          [
            103.751466998,
            1.32161790700006
          ],
          [
            103.751470082,
            1.32160940000006
          ],
          [
            103.751473004,
            1.32160083700005
          ],
          [
            103.751475764,
            1.32159222000007
          ],
          [
            103.751477162,
            1.32158762500006
          ],
          [
            103.751479463,
            1.32157262300006
          ]
        ]
      },
      "properties": {
        "OBJECTID": 139,
        "pcn_loop": "Southern Ridges Loop",
        "pcn": "Pandan Gardens Park Connector",
        "descriptionHTML": "Extending from West Coast Road to Ulu Pandan Park Connector Bridge, Pandan Gardens Park Connector runs through residential areas and links to the Pandan Reservoir and Pandan Reservoir Fitness Corner. It is a great place for joggers who want to enjoy a short and comfortable run or even amateur skaters looking for relatively flat terrains. Pandan Garden Park Connector also joins the Ulu Pandan Park Connector via Singapore’s first elevated Park Connector bridge (Ulu Pandan Park Connector Bridge).",
        "address": "Pandan Gardens Park Connector starts at West Coast Road and ends at Ulu Pandan Park Connector Bridge.",
        "Shape__Length": 239.3601539064368
      }
    },
    {
      "type": "Feature",
      "id": 140,
      "geometry": {
        "type": "LineString",
        "coordinates": [
          [
            103.751501151,
            1.32248881400004
          ],
          [
            103.751467537,
            1.32247137100006
          ],
          [
            103.751432791,
            1.32245634300006
          ]
        ]
      },
      "properties": {
        "OBJECTID": 140,
        "pcn_loop": "Southern Ridges Loop",
        "pcn": "Pandan Gardens Park Connector",
        "descriptionHTML": "Extending from West Coast Road to Ulu Pandan Park Connector Bridge, Pandan Gardens Park Connector runs through residential areas and links to the Pandan Reservoir and Pandan Reservoir Fitness Corner. It is a great place for joggers who want to enjoy a short and comfortable run or even amateur skaters looking for relatively flat terrains. Pandan Garden Park Connector also joins the Ulu Pandan Park Connector via Singapore’s first elevated Park Connector bridge (Ulu Pandan Park Connector Bridge).",
        "address": "Pandan Gardens Park Connector starts at West Coast Road and ends at Ulu Pandan Park Connector Bridge.",
        "Shape__Length": 8.430299281051763
      }
    },
    {
      "type": "Feature",
      "id": 141,
      "geometry": {
        "type": "LineString",
        "coordinates": [
          [
            103.751501151,
            1.32248881400004
          ],
          [
            103.751503781,
            1.32249042200003
          ],
          [
            103.751533189,
            1.32250840200003
          ],
          [
            103.751563798,
            1.32253018300003
          ],
          [
            103.751577789,
            1.32254142800002
          ],
          [
            103.751584612,
            1.32254719600007
          ],
          [
            103.751591337,
            1.32255307600002
          ],
          [
            103.751597958,
            1.32255905900008
          ],
          [
            103.751604436,
            1.32256526600001
          ],
          [
            103.751610599,
            1.32257165700003
          ],
          [
            103.751616566,
            1.32257835900003
          ],
          [
            103.751622203,
            1.32258521800001
          ],
          [
            103.751627621,
            1.32259237100003
          ],
          [
            103.751632696,
            1.32259965500003
          ],
          [
            103.751637531,
            1.32260721300001
          ],
          [
            103.751642014,
            1.32261487000005
          ],
          [
            103.751646237,
            1.32262279100007
          ],
          [
            103.751650099,
            1.32263077800007
          ],
          [
            103.751653683,
            1.32263900300005
          ],
          [
            103.751656903,
            1.32264727100004
          ],
          [
            103.751659796,
            1.32265565400008
          ],
          [
            103.751668365,
            1.32269073300005
          ],
          [
            103.751671245,
            1.32272673900007
          ],
          [
            103.751667853,
            1.32276577800006
          ],
          [
            103.751657781,
            1.32280363300003
          ],
          [
            103.751641334,
            1.32283915300007
          ],
          [
            103.751638842,
            1.32284273700002
          ],
          [
            103.751619013,
            1.32287126100004
          ],
          [
            103.751591495,
            1.32289898500004
          ],
          [
            103.751559614,
            1.32292148100005
          ],
          [
            103.751524337,
            1.32293806700005
          ],
          [
            103.751486736,
            1.32294824100005
          ],
          [
            103.751447951,
            1.32295169300005
          ],
          [
            103.751432773,
            1.32295286400007
          ],
          [
            103.751431841,
            1.32295293600003
          ],
          [
            103.75143138,
            1.32295286400007
          ],
          [
            103.75139477,
            1.32294714700003
          ],
          [
            103.751359167,
            1.32293524800002
          ],
          [
            103.751326019,
            1.32291756800002
          ],
          [
            103.751296245,
            1.32289459800005
          ],
          [
            103.751270672,
            1.32286697300002
          ],
          [
            103.751250006,
            1.32283546100006
          ],
          [
            103.751234822,
            1.32280093400004
          ],
          [
            103.751225541,
            1.32276435100004
          ],
          [
            103.751222419,
            1.32272672500006
          ],
          [
            103.751224707,
            1.32269449200004
          ],
          [
            103.751231525,
            1.32266291600006
          ],
          [
            103.751242733,
            1.32263263300006
          ],
          [
            103.751258103,
            1.32260426300006
          ],
          [
            103.751271374,
            1.32258852100007
          ],
          [
            103.751274029,
            1.32258515700004
          ],
          [
            103.751291958,
            1.32256507600005
          ],
          [
            103.751311838,
            1.32254695200004
          ],
          [
            103.751330613,
            1.32253288700002
          ],
          [
            103.751337876,
            1.32252744600003
          ]
        ]
      },
      "properties": {
        "OBJECTID": 141,
        "pcn_loop": "Southern Ridges Loop",
        "pcn": "Pandan Gardens Park Connector",
        "descriptionHTML": "Extending from West Coast Road to Ulu Pandan Park Connector Bridge, Pandan Gardens Park Connector runs through residential areas and links to the Pandan Reservoir and Pandan Reservoir Fitness Corner. It is a great place for joggers who want to enjoy a short and comfortable run or even amateur skaters looking for relatively flat terrains. Pandan Garden Park Connector also joins the Ulu Pandan Park Connector via Singapore’s first elevated Park Connector bridge (Ulu Pandan Park Connector Bridge).",
        "address": "Pandan Gardens Park Connector starts at West Coast Road and ends at Ulu Pandan Park Connector Bridge.",
        "Shape__Length": 139.72160688400027
      }
    },
    {
      "type": "Feature",
      "id": 142,
      "geometry": {
        "type": "LineString",
        "coordinates": [
          [
            103.751501151,
            1.32248881400004
          ],
          [
            103.751500621,
            1.32248876400006
          ],
          [
            103.751500571,
            1.32248876000007
          ],
          [
            103.751495999,
            1.32248838500005
          ],
          [
            103.751454664,
            1.32248862400008
          ],
          [
            103.751413873,
            1.32249534900006
          ],
          [
            103.751374622,
            1.32250839700004
          ],
          [
            103.751337876,
            1.32252744600003
          ]
        ]
      },
      "properties": {
        "OBJECTID": 142,
        "pcn_loop": "Southern Ridges Loop",
        "pcn": "Pandan Gardens Park Connector",
        "descriptionHTML": "Extending from West Coast Road to Ulu Pandan Park Connector Bridge, Pandan Gardens Park Connector runs through residential areas and links to the Pandan Reservoir and Pandan Reservoir Fitness Corner. It is a great place for joggers who want to enjoy a short and comfortable run or even amateur skaters looking for relatively flat terrains. Pandan Garden Park Connector also joins the Ulu Pandan Park Connector via Singapore’s first elevated Park Connector bridge (Ulu Pandan Park Connector Bridge).",
        "address": "Pandan Gardens Park Connector starts at West Coast Road and ends at Ulu Pandan Park Connector Bridge.",
        "Shape__Length": 18.991535339905386
      }
    },
    {
      "type": "Feature",
      "id": 143,
      "geometry": {
        "type": "LineString",
        "coordinates": [
          [
            103.751337876,
            1.32252744600003
          ],
          [
            103.751432791,
            1.32245634300006
          ]
        ]
      },
      "properties": {
        "OBJECTID": 143,
        "pcn_loop": "Southern Ridges Loop",
        "pcn": "Pandan Gardens Park Connector",
        "descriptionHTML": "Extending from West Coast Road to Ulu Pandan Park Connector Bridge, Pandan Gardens Park Connector runs through residential areas and links to the Pandan Reservoir and Pandan Reservoir Fitness Corner. It is a great place for joggers who want to enjoy a short and comfortable run or even amateur skaters looking for relatively flat terrains. Pandan Garden Park Connector also joins the Ulu Pandan Park Connector via Singapore’s first elevated Park Connector bridge (Ulu Pandan Park Connector Bridge).",
        "address": "Pandan Gardens Park Connector starts at West Coast Road and ends at Ulu Pandan Park Connector Bridge.",
        "Shape__Length": 13.203068039921664
      }
    },
    {
      "type": "Feature",
      "id": 144,
      "geometry": {
        "type": "LineString",
        "coordinates": [
          [
            103.75159319,
            1.32320643000003
          ],
          [
            103.75161055,
            1.32318024800003
          ],
          [
            103.751623312,
            1.32315151100005
          ],
          [
            103.751631117,
            1.32312103100002
          ],
          [
            103.751633743,
            1.32308966500005
          ],
          [
            103.751633161,
            1.32307484200003
          ],
          [
            103.751632464,
            1.32305712300005
          ],
          [
            103.751634052,
            1.32303041400007
          ],
          [
            103.751641557,
            1.32299327500004
          ],
          [
            103.751654923,
            1.32295784500007
          ],
          [
            103.7516738,
            1.32292505100002
          ],
          [
            103.751680525,
            1.32291557200006
          ],
          [
            103.751700811,
            1.32288637400006
          ],
          [
            103.751716989,
            1.32285468500004
          ],
          [
            103.751728762,
            1.32282108500004
          ],
          [
            103.751735914,
            1.32278619100002
          ],
          [
            103.751738313,
            1.32275064500003
          ],
          [
            103.751735383,
            1.32271136400004
          ],
          [
            103.751726655,
            1.32267296400004
          ],
          [
            103.751712325,
            1.32263630800001
          ],
          [
            103.751692715,
            1.32260221700005
          ],
          [
            103.751668265,
            1.32257145800002
          ],
          [
            103.751640915,
            1.32254583900003
          ],
          [
            103.751610214,
            1.32252441000002
          ],
          [
            103.75157679,
            1.32250760500004
          ],
          [
            103.751541326,
            1.32249577200002
          ],
          [
            103.751504547,
            1.32248915200006
          ],
          [
            103.751504517,
            1.32248914900003
          ],
          [
            103.751501736,
            1.32248886800005
          ],
          [
            103.751501692,
            1.32248886400003
          ],
          [
            103.751501151,
            1.32248881400004
          ]
        ]
      },
      "properties": {
        "OBJECTID": 144,
        "pcn_loop": "Southern Ridges Loop",
        "pcn": "Pandan Gardens Park Connector",
        "descriptionHTML": "Extending from West Coast Road to Ulu Pandan Park Connector Bridge, Pandan Gardens Park Connector runs through residential areas and links to the Pandan Reservoir and Pandan Reservoir Fitness Corner. It is a great place for joggers who want to enjoy a short and comfortable run or even amateur skaters looking for relatively flat terrains. Pandan Garden Park Connector also joins the Ulu Pandan Park Connector via Singapore’s first elevated Park Connector bridge (Ulu Pandan Park Connector Bridge).",
        "address": "Pandan Gardens Park Connector starts at West Coast Road and ends at Ulu Pandan Park Connector Bridge.",
        "Shape__Length": 97.48612617866698
      }
    },
    {
      "type": "Feature",
      "id": 145,
      "geometry": {
        "type": "LineString",
        "coordinates": [
          [
            103.833453367,
            1.29215681200003
          ],
          [
            103.833298578,
            1.29214436700004
          ],
          [
            103.83314262,
            1.29213288100005
          ],
          [
            103.832933409,
            1.29211756800004
          ],
          [
            103.832708983,
            1.29208693900006
          ],
          [
            103.832640756,
            1.29207128600006
          ],
          [
            103.832491263,
            1.29203698800006
          ],
          [
            103.832290561,
            1.29200654100004
          ],
          [
            103.832142211,
            1.29200271200006
          ],
          [
            103.831959628,
            1.29197208500006
          ],
          [
            103.831849175,
            1.29197381000005
          ],
          [
            103.831803094,
            1.29198500500007
          ],
          [
            103.831695303,
            1.29196583400004
          ],
          [
            103.831535896,
            1.29194533600003
          ],
          [
            103.831436758,
            1.29193231500005
          ],
          [
            103.831338443,
            1.29192129000006
          ],
          [
            103.831273124,
            1.29191861900006
          ],
          [
            103.831195395,
            1.29192117300003
          ],
          [
            103.831107369,
            1.29192790800005
          ],
          [
            103.831033868,
            1.29193963700003
          ],
          [
            103.830887924,
            1.29197374400008
          ],
          [
            103.830810468,
            1.29199271700003
          ],
          [
            103.830743172,
            1.29200946300005
          ],
          [
            103.8306637,
            1.292039255
          ],
          [
            103.830582986,
            1.29206985500003
          ],
          [
            103.830426814,
            1.29212890500003
          ],
          [
            103.830322567,
            1.29216834000004
          ],
          [
            103.830294858,
            1.29217505200007
          ],
          [
            103.830215606,
            1.29219423600005
          ],
          [
            103.830054852,
            1.29223248200003
          ],
          [
            103.82997691,
            1.29225065400003
          ],
          [
            103.829819284,
            1.29228765900007
          ],
          [
            103.829568344,
            1.29234571000005
          ],
          [
            103.829423617,
            1.29237947700006
          ],
          [
            103.829265821,
            1.29241695500001
          ],
          [
            103.829022898,
            1.29247720000007
          ],
          [
            103.828940341,
            1.29250043800005
          ],
          [
            103.828699517,
            1.29256715300006
          ],
          [
            103.828657869,
            1.29257309300005
          ],
          [
            103.828627364,
            1.29256994900003
          ],
          [
            103.828565177,
            1.29256273800007
          ],
          [
            103.828326924,
            1.29253435700003
          ],
          [
            103.828085203,
            1.29250480200005
          ],
          [
            103.827782964,
            1.29246782800004
          ],
          [
            103.827511525,
            1.29243441000005
          ],
          [
            103.827221282,
            1.29239907200001
          ],
          [
            103.826954912,
            1.29236583900007
          ],
          [
            103.826755304,
            1.29234118000005
          ],
          [
            103.826472865,
            1.29230649000004
          ],
          [
            103.826311159,
            1.29228670100002
          ],
          [
            103.82624063,
            1.29227698700003
          ],
          [
            103.82623676,
            1.29225071400004
          ],
          [
            103.82610713,
            1.29223401700005
          ],
          [
            103.826107815,
            1.29225753000003
          ],
          [
            103.826132257,
            1.29251022200003
          ],
          [
            103.826162685,
            1.29263375400005
          ],
          [
            103.825994802,
            1.29269929400005
          ],
          [
            103.825946017,
            1.29266469900005
          ],
          [
            103.825917141,
            1.29245703300005
          ],
          [
            103.825910969,
            1.29240249700005
          ],
          [
            103.825905488,
            1.29221678100004
          ],
          [
            103.825817247,
            1.29219491900005
          ],
          [
            103.825611352,
            1.29214515600007
          ],
          [
            103.825461204,
            1.29210881700003
          ],
          [
            103.825275732,
            1.29206424800003
          ],
          [
            103.825180117,
            1.29204076600007
          ],
          [
            103.825081561,
            1.29201492600002
          ],
          [
            103.825047996,
            1.29200127700005
          ],
          [
            103.82496869,
            1.29196608600006
          ],
          [
            103.824881249,
            1.29192666300002
          ],
          [
            103.824795327,
            1.29188826000006
          ],
          [
            103.824779901,
            1.29187721800001
          ],
          [
            103.824585205,
            1.29179720600008
          ],
          [
            103.824556803,
            1.29178896700006
          ],
          [
            103.824507051,
            1.29177193600004
          ],
          [
            103.824450446,
            1.29175305800004
          ],
          [
            103.824376053,
            1.29173328300003
          ],
          [
            103.824303323,
            1.29171963200002
          ],
          [
            103.82427073,
            1.29171614700005
          ],
          [
            103.824192287,
            1.29171068800002
          ],
          [
            103.824123596,
            1.29170977600006
          ],
          [
            103.824060609,
            1.29171202600004
          ],
          [
            103.823953182,
            1.29172145700006
          ],
          [
            103.823857601,
            1.29173021000003
          ],
          [
            103.823678505,
            1.29174742300007
          ],
          [
            103.823590342,
            1.29175493000003
          ],
          [
            103.823475591,
            1.29175969800003
          ],
          [
            103.823409176,
            1.29175628200006
          ],
          [
            103.823280961,
            1.29177025400002
          ],
          [
            103.82324712,
            1.29178148800003
          ],
          [
            103.823191117,
            1.29179060000006
          ],
          [
            103.823121188,
            1.29180238800005
          ],
          [
            103.823082919,
            1.29180788200004
          ],
          [
            103.823007944,
            1.29181561000007
          ],
          [
            103.822810575,
            1.29183637600004
          ],
          [
            103.822644369,
            1.29185359700004
          ],
          [
            103.822461414,
            1.29187285100006
          ],
          [
            103.822269935,
            1.29189285200004
          ],
          [
            103.822118028,
            1.29190911800004
          ],
          [
            103.822014095,
            1.29191992600004
          ],
          [
            103.821827477,
            1.29193958000008
          ],
          [
            103.821648179,
            1.29195811800002
          ],
          [
            103.821559918,
            1.29196766000007
          ],
          [
            103.821373739,
            1.29198685700004
          ],
          [
            103.821188132,
            1.29200536100007
          ],
          [
            103.820909742,
            1.29203579500006
          ],
          [
            103.820748863,
            1.29205302300005
          ],
          [
            103.820443985,
            1.29208375900004
          ],
          [
            103.820135435,
            1.29211677100005
          ],
          [
            103.819908536,
            1.29214014100007
          ],
          [
            103.819692991,
            1.29216283700003
          ],
          [
            103.81946463,
            1.29218669400005
          ],
          [
            103.819242555,
            1.29221014300002
          ],
          [
            103.819135047,
            1.29222115900006
          ],
          [
            103.81904073,
            1.29223041500006
          ],
          [
            103.818946565,
            1.29222191800005
          ],
          [
            103.81892828,
            1.29222287200002
          ],
          [
            103.818810576,
            1.29225172800005
          ],
          [
            103.818757398,
            1.29225874800004
          ],
          [
            103.818671406,
            1.29226735300006
          ],
          [
            103.818459763,
            1.29228541600002
          ],
          [
            103.818255813,
            1.29230284800003
          ],
          [
            103.817945624,
            1.29232957200003
          ],
          [
            103.817709135,
            1.29234968700008
          ],
          [
            103.817528962,
            1.29236521100007
          ],
          [
            103.817289827,
            1.29238576700004
          ],
          [
            103.817055465,
            1.29240611900001
          ],
          [
            103.817020763,
            1.29240657200006
          ],
          [
            103.816854325,
            1.29242948400003
          ],
          [
            103.81665323,
            1.29245288700003
          ],
          [
            103.816398863,
            1.29248433400004
          ],
          [
            103.816321124,
            1.29249418000005
          ],
          [
            103.816286285,
            1.29248230800004
          ],
          [
            103.816267224,
            1.29247452200002
          ],
          [
            103.816231182,
            1.29245895300005
          ],
          [
            103.816200619,
            1.29245817700006
          ],
          [
            103.816121443,
            1.29246811800004
          ],
          [
            103.816012732,
            1.29248082000004
          ],
          [
            103.815918476,
            1.29247403300007
          ],
          [
            103.815857285,
            1.29248058000007
          ],
          [
            103.815791618,
            1.29250034200004
          ],
          [
            103.815813949,
            1.29257040900006
          ],
          [
            103.815809088,
            1.29258174800002
          ],
          [
            103.81588495,
            1.29292044400005
          ],
          [
            103.815700845,
            1.29294198800005
          ],
          [
            103.815644489,
            1.29275740700006
          ]
        ]
      },
      "properties": {
        "OBJECTID": 145,
        "pcn_loop": "Southern Ridges Loop",
        "pcn": "Alexandra Park Connector",
        "descriptionHTML": "A continuation of Alexandra Canal Linear Park, the Alexandra Park Connector stretches from Tanglin Road to Zion Road. This urban Park Connector passes by various condominiums, giving users stunning views of the surrounding high-rise buildings and fantastic architectural details.",
        "address": "Alexandra Park Connector starts at Tanglin Road and runs along Alexandra Canal before ending at Zion Road.",
        "Shape__Length": 2187.9557725429245
      }
    },
    {
      "type": "Feature",
      "id": 146,
      "geometry": {
        "type": "LineString",
        "coordinates": [
          [
            103.805250098,
            1.29664201100008
          ],
          [
            103.805354705,
            1.29659415600001
          ],
          [
            103.805445047,
            1.29653194400003
          ],
          [
            103.805478331,
            1.29648887300004
          ],
          [
            103.805510773,
            1.29646114900004
          ],
          [
            103.805524922,
            1.29644903900003
          ],
          [
            103.805530416,
            1.296457334
          ],
          [
            103.80553722,
            1.29646457900003
          ],
          [
            103.805545139,
            1.29647056800008
          ],
          [
            103.805553947,
            1.29647512900003
          ],
          [
            103.805563393,
            1.29647813100008
          ],
          [
            103.805573206,
            1.29647948900003
          ],
          [
            103.805583105,
            1.29647916500006
          ],
          [
            103.805592809,
            1.29647716800001
          ],
          [
            103.805602041,
            1.29647355300006
          ],
          [
            103.805610536,
            1.29646842600003
          ],
          [
            103.805618051,
            1.29646193200005
          ],
          [
            103.805624373,
            1.29645425700006
          ],
          [
            103.805629319,
            1.29644562000004
          ],
          [
            103.805632751,
            1.29643626800004
          ],
          [
            103.805634568,
            1.29642646800006
          ],
          [
            103.805675382,
            1.29641993700003
          ],
          [
            103.805826431,
            1.29631888000006
          ],
          [
            103.8059716,
            1.29625884600006
          ],
          [
            103.806013649,
            1.29622720600002
          ],
          [
            103.806180272,
            1.29608036200005
          ],
          [
            103.806485672,
            1.29595235800001
          ],
          [
            103.806619386,
            1.29589682400007
          ],
          [
            103.806860992,
            1.29575584000002
          ],
          [
            103.807112129,
            1.29563256400007
          ],
          [
            103.807479368,
            1.29541288000006
          ],
          [
            103.8075633,
            1.29537821800004
          ],
          [
            103.807610581,
            1.29536057500007
          ],
          [
            103.807672637,
            1.29533141100005
          ],
          [
            103.807694239,
            1.29531827600003
          ],
          [
            103.807737615,
            1.29528703900007
          ],
          [
            103.80778739,
            1.29525645900002
          ],
          [
            103.80782758,
            1.29524227000007
          ],
          [
            103.807950762,
            1.29523108800003
          ],
          [
            103.808086757,
            1.29521097500003
          ],
          [
            103.808313641,
            1.29515971900001
          ],
          [
            103.808420541,
            1.29514474200004
          ],
          [
            103.808642582,
            1.29510266900006
          ],
          [
            103.809051512,
            1.29504513900003
          ],
          [
            103.809067454,
            1.29503466100005
          ],
          [
            103.809084776,
            1.29502670500004
          ],
          [
            103.809103085,
            1.29502145000003
          ],
          [
            103.809121971,
            1.29501901500002
          ],
          [
            103.809141007,
            1.29501945600002
          ],
          [
            103.809159761,
            1.29502276100003
          ],
          [
            103.809179426,
            1.29503129600004
          ],
          [
            103.809200162,
            1.29503668300003
          ],
          [
            103.809221474,
            1.29503879500004
          ],
          [
            103.809242855,
            1.29503758100003
          ],
          [
            103.809263797,
            1.29503307000004
          ],
          [
            103.809283799,
            1.29502536900002
          ],
          [
            103.809357509,
            1.29499405800005
          ],
          [
            103.809387133,
            1.29498866700004
          ],
          [
            103.809453032,
            1.29500954700006
          ],
          [
            103.809495836,
            1.29501460800004
          ],
          [
            103.809607253,
            1.29504119800003
          ],
          [
            103.809700802,
            1.29503741300004
          ],
          [
            103.810068067,
            1.29497177300003
          ],
          [
            103.810194265,
            1.29492147700006
          ],
          [
            103.810196041,
            1.29492666100003
          ],
          [
            103.810198637,
            1.29493148100005
          ],
          [
            103.810201982,
            1.29493581000002
          ],
          [
            103.810205986,
            1.29493952700004
          ],
          [
            103.810210541,
            1.29494253600006
          ],
          [
            103.810215524,
            1.29494475300003
          ],
          [
            103.8102208,
            1.29494612000002
          ],
          [
            103.810226227,
            1.29494659700004
          ],
          [
            103.810231659,
            1.29494617500006
          ],
          [
            103.810246537,
            1.29494329700003
          ],
          [
            103.810272466,
            1.29493949600004
          ],
          [
            103.810297877,
            1.29493930400002
          ],
          [
            103.810333844,
            1.29493996100008
          ],
          [
            103.810413102,
            1.29494385800007
          ],
          [
            103.810446205,
            1.29494778400004
          ],
          [
            103.810478417,
            1.29495640800007
          ],
          [
            103.810509082,
            1.29496955500002
          ],
          [
            103.810536333,
            1.29497031200004
          ],
          [
            103.810556943,
            1.29496545700005
          ],
          [
            103.810690452,
            1.29493443800004
          ],
          [
            103.810708867,
            1.29491307000006
          ],
          [
            103.810754975,
            1.29486525000005
          ],
          [
            103.810777085,
            1.29484806000005
          ],
          [
            103.810796774,
            1.29483712700004
          ],
          [
            103.810821323,
            1.29482734200007
          ],
          [
            103.810837459,
            1.29482283800007
          ],
          [
            103.810873204,
            1.29481664600005
          ],
          [
            103.810906299,
            1.29481154600006
          ],
          [
            103.811019054,
            1.29476501700003
          ],
          [
            103.81102711,
            1.29476088200004
          ],
          [
            103.811035674,
            1.29475796000003
          ],
          [
            103.811044568,
            1.29475631200006
          ],
          [
            103.811053606,
            1.29475597100002
          ],
          [
            103.811062597,
            1.29475694500007
          ],
          [
            103.811080259,
            1.29476529900006
          ],
          [
            103.811099091,
            1.29477045100002
          ],
          [
            103.811118524,
            1.29477224700002
          ],
          [
            103.811137973,
            1.29477063400002
          ],
          [
            103.811156853,
            1.29476565800007
          ],
          [
            103.811174592,
            1.29475747100001
          ],
          [
            103.811225213,
            1.29474477400003
          ],
          [
            103.81127468,
            1.29473749700001
          ],
          [
            103.811353369,
            1.29471681100005
          ],
          [
            103.811829484,
            1.29467516400006
          ],
          [
            103.811854434,
            1.29467539400002
          ],
          [
            103.811875323,
            1.29467353100005
          ],
          [
            103.811996406,
            1.29465098900005
          ],
          [
            103.81202379,
            1.29465177600003
          ],
          [
            103.812138595,
            1.29467529700001
          ],
          [
            103.812147203,
            1.29467528600003
          ],
          [
            103.812172891,
            1.29467312800006
          ],
          [
            103.812478773,
            1.29462738200005
          ],
          [
            103.812545303,
            1.29461530500004
          ],
          [
            103.812597255,
            1.29460164900007
          ],
          [
            103.812642525,
            1.29458531300002
          ],
          [
            103.812668174,
            1.29457186200005
          ],
          [
            103.812858905,
            1.29445998200003
          ],
          [
            103.812897084,
            1.29444484300006
          ],
          [
            103.812943809,
            1.29443218200003
          ],
          [
            103.812980928,
            1.29442505700007
          ],
          [
            103.813110827,
            1.29440558900006
          ],
          [
            103.813172644,
            1.29440039500002
          ],
          [
            103.813281003,
            1.29439268500005
          ],
          [
            103.813325862,
            1.29438629700007
          ],
          [
            103.813399043,
            1.29437268300005
          ],
          [
            103.813479801,
            1.29435246200006
          ],
          [
            103.813517315,
            1.29433773300003
          ],
          [
            103.813579205,
            1.29430790400004
          ],
          [
            103.813663144,
            1.29425991000004
          ],
          [
            103.813793174,
            1.29418169900003
          ],
          [
            103.813841281,
            1.29415207700003
          ],
          [
            103.813867971,
            1.29414298900003
          ],
          [
            103.81389565,
            1.29413769500007
          ],
          [
            103.813923791,
            1.29413629500005
          ],
          [
            103.813951855,
            1.29413881600004
          ],
          [
            103.813958942,
            1.29413931300007
          ],
          [
            103.813966008,
            1.29413857900004
          ],
          [
            103.813972845,
            1.29413663600008
          ],
          [
            103.813979249,
            1.29413354100006
          ],
          [
            103.813985031,
            1.29412938700005
          ],
          [
            103.813990019,
            1.29412429600007
          ],
          [
            103.813994065,
            1.29411842000008
          ],
          [
            103.81399705,
            1.29411193200002
          ],
          [
            103.813998885,
            1.29410502400003
          ],
          [
            103.814008371,
            1.29408642100002
          ],
          [
            103.814022403,
            1.29406607900005
          ],
          [
            103.814039907,
            1.29404794900006
          ],
          [
            103.814058174,
            1.29403313000006
          ],
          [
            103.81408239,
            1.29401833400003
          ],
          [
            103.814135209,
            1.29398338000005
          ],
          [
            103.814216036,
            1.29391581800007
          ],
          [
            103.814314152,
            1.29382851100008
          ],
          [
            103.814374254,
            1.29377515200002
          ],
          [
            103.814467943,
            1.29369214000008
          ],
          [
            103.814688455,
            1.29349541400005
          ],
          [
            103.814776312,
            1.29340342000005
          ],
          [
            103.81485135,
            1.29332282600007
          ],
          [
            103.814884859,
            1.29327809200004
          ],
          [
            103.814924357,
            1.29322013300003
          ],
          [
            103.814941099,
            1.29319680100001
          ],
          [
            103.814953761,
            1.29318401500006
          ],
          [
            103.814968176,
            1.29317326900002
          ],
          [
            103.81502426,
            1.29314318000006
          ],
          [
            103.815044901,
            1.29313083000005
          ],
          [
            103.815063444,
            1.29311547300005
          ],
          [
            103.815139131,
            1.29304444400002
          ],
          [
            103.815166227,
            1.29302181000002
          ],
          [
            103.815195763,
            1.29300251500007
          ],
          [
            103.815232103,
            1.29298261700007
          ],
          [
            103.815269774,
            1.29296276700005
          ],
          [
            103.815305543,
            1.29293962500004
          ],
          [
            103.815421371,
            1.29283983000004
          ],
          [
            103.815433805,
            1.29283085100008
          ],
          [
            103.815464657,
            1.29281038400006
          ],
          [
            103.815480672,
            1.29280405300005
          ],
          [
            103.815519351,
            1.29280564100003
          ],
          [
            103.815547711,
            1.29280791200005
          ],
          [
            103.815563356,
            1.29280751000005
          ]
        ]
      },
      "properties": {
        "OBJECTID": 146,
        "pcn_loop": "Southern Ridges Loop",
        "pcn": "Alexandra Canal Linear Park",
        "descriptionHTML": "Built on top of a covered canal, Alexandra Canal Linear Park is a unique park connector linking Commonwealth Ave to Tanglin Road. It starts from Queenstown MRT Station and runs along Strathmore Estate before ending at Tanglin Road, where it leads to Alexandra Park Connector. Besides offering seamless connectivity, Alexandra Canal Linear Park features a vast array of fitness and play equipment for all ages, providing endless fun for the young and old. Avid skaters can also look forward to challenging themselves at the skate corner, which includes ramps and railings.",
        "address": "Alexandra Canal Linear Park starts at Commonwealth Ave and runs along Strathmore Estate before ending at Tanglin Road.",
        "Shape__Length": 1281.4467098833227
      }
    },
    {
      "type": "Feature",
      "id": 147,
      "geometry": {
        "type": "LineString",
        "coordinates": [
          [
            103.823165987,
            1.29183159200005
          ],
          [
            103.823160352,
            1.29172647900004
          ],
          [
            103.823154646,
            1.29165373700004
          ],
          [
            103.823141333,
            1.29157142500003
          ],
          [
            103.823135627,
            1.29146422800004
          ],
          [
            103.82313753,
            1.29138765800007
          ],
          [
            103.823133726,
            1.29128046000006
          ],
          [
            103.823120414,
            1.29118666200002
          ],
          [
            103.823114708,
            1.29110817800007
          ],
          [
            103.823094175,
            1.29099363300003
          ],
          [
            103.823053216,
            1.29071375900002
          ],
          [
            103.82329481,
            1.29072037200007
          ],
          [
            103.823338668,
            1.29071667100003
          ],
          [
            103.823341002,
            1.29064438000005
          ],
          [
            103.823283945,
            1.29049124000004
          ],
          [
            103.82322941,
            1.29038823300004
          ],
          [
            103.823208897,
            1.29029722400003
          ],
          [
            103.823188707,
            1.29025222500007
          ],
          [
            103.823176136,
            1.29020647100002
          ],
          [
            103.823161964,
            1.29016256800002
          ],
          [
            103.823137639,
            1.29007435400006
          ],
          [
            103.82312338,
            1.29002579200004
          ],
          [
            103.823109311,
            1.29000058300006
          ],
          [
            103.823088324,
            1.28992514400005
          ],
          [
            103.822997197,
            1.28959166900005
          ],
          [
            103.822992913,
            1.28954435000002
          ],
          [
            103.822971978,
            1.28947036800001
          ],
          [
            103.822952079,
            1.28942491500004
          ],
          [
            103.822920584,
            1.28930780500001
          ],
          [
            103.822878366,
            1.28915084300007
          ],
          [
            103.822846655,
            1.28902951700007
          ],
          [
            103.822805837,
            1.28884852200002
          ],
          [
            103.822772437,
            1.28868696800003
          ],
          [
            103.822757386,
            1.28857047800004
          ],
          [
            103.822748991,
            1.28854574600006
          ],
          [
            103.822742637,
            1.28853238500004
          ],
          [
            103.822732531,
            1.28852443400006
          ],
          [
            103.822704688,
            1.28852466100006
          ],
          [
            103.822698767,
            1.28852407100003
          ],
          [
            103.822693021,
            1.28852251400003
          ],
          [
            103.822687607,
            1.28852003200005
          ],
          [
            103.822682668,
            1.28851669300002
          ],
          [
            103.822678338,
            1.28851258400003
          ],
          [
            103.822674735,
            1.28850781900007
          ],
          [
            103.822671954,
            1.28850252500008
          ],
          [
            103.822670072,
            1.28849684400006
          ],
          [
            103.822650646,
            1.28839357500005
          ],
          [
            103.822649006,
            1.28837680000005
          ],
          [
            103.822651193,
            1.28835090000007
          ],
          [
            103.822657399,
            1.28832566800002
          ],
          [
            103.822667468,
            1.28830173200004
          ],
          [
            103.822681151,
            1.28827968700006
          ],
          [
            103.822698107,
            1.28826008100004
          ],
          [
            103.822796939,
            1.28817494300005
          ],
          [
            103.822792332,
            1.28816887700002
          ],
          [
            103.822717091,
            1.28807491100002
          ],
          [
            103.822715172,
            1.28805416300003
          ],
          [
            103.822721557,
            1.28802668500005
          ],
          [
            103.822744083,
            1.28796168800004
          ],
          [
            103.822724296,
            1.28791069600003
          ],
          [
            103.822698908,
            1.28787496400003
          ],
          [
            103.822700137,
            1.28786859200005
          ],
          [
            103.822694142,
            1.28785487100004
          ],
          [
            103.822690092,
            1.28782742800009
          ],
          [
            103.822653002,
            1.28762378900006
          ],
          [
            103.82261543,
            1.28738146000006
          ],
          [
            103.82260063,
            1.28730756200003
          ],
          [
            103.822600923,
            1.28728352200005
          ],
          [
            103.822576691,
            1.28720176400002
          ],
          [
            103.822557725,
            1.28717373900002
          ],
          [
            103.822496788,
            1.28702775500005
          ],
          [
            103.822423069,
            1.28685053700001
          ],
          [
            103.822398249,
            1.28679096200006
          ],
          [
            103.822315643,
            1.28661729400006
          ],
          [
            103.822300199,
            1.28658407100006
          ],
          [
            103.822243578,
            1.28647518100006
          ],
          [
            103.822223962,
            1.28644231100003
          ],
          [
            103.822167074,
            1.28634359300003
          ],
          [
            103.822130576,
            1.28628803300006
          ],
          [
            103.8221055,
            1.28625912700004
          ],
          [
            103.822067884,
            1.28620203800005
          ],
          [
            103.822048942,
            1.28617464400002
          ],
          [
            103.8219353,
            1.28602415800003
          ],
          [
            103.82192876,
            1.28601086200007
          ],
          [
            103.821915149,
            1.28599228800004
          ],
          [
            103.821903719,
            1.28597247900007
          ],
          [
            103.821896541,
            1.28596184700005
          ],
          [
            103.821876027,
            1.28593815900007
          ],
          [
            103.821851089,
            1.28591545100005
          ],
          [
            103.821789782,
            1.28584361300006
          ],
          [
            103.821714304,
            1.28576000600003
          ],
          [
            103.821688709,
            1.28573224200005
          ],
          [
            103.821650163,
            1.28569158000005
          ],
          [
            103.821588006,
            1.28562923500004
          ],
          [
            103.821548412,
            1.28559391400004
          ],
          [
            103.821502129,
            1.28554874300004
          ],
          [
            103.821497545,
            1.28554189900006
          ],
          [
            103.821437028,
            1.28548017900005
          ],
          [
            103.821395088,
            1.28544300100004
          ],
          [
            103.821371397,
            1.28541834200007
          ],
          [
            103.821363274,
            1.28540531200002
          ],
          [
            103.821297958,
            1.28534278400001
          ],
          [
            103.821288705,
            1.28533975900006
          ],
          [
            103.821269474,
            1.28531860200007
          ],
          [
            103.821246193,
            1.28528807400003
          ],
          [
            103.821138775,
            1.28515308700002
          ],
          [
            103.821141454,
            1.28514629500005
          ],
          [
            103.821053506,
            1.28502792700003
          ],
          [
            103.821001899,
            1.28495396400007
          ],
          [
            103.820937264,
            1.28486822200005
          ],
          [
            103.820917786,
            1.28484004300003
          ],
          [
            103.820878187,
            1.28478470500005
          ],
          [
            103.820850093,
            1.28473488300006
          ],
          [
            103.820825727,
            1.28467420600003
          ],
          [
            103.820811587,
            1.28463630300007
          ],
          [
            103.820779304,
            1.28454965800004
          ],
          [
            103.820781744,
            1.28453825500003
          ],
          [
            103.820785989,
            1.28452740300003
          ],
          [
            103.820791931,
            1.28451738900001
          ],
          [
            103.820799408,
            1.28450847800001
          ],
          [
            103.820808224,
            1.28450090800003
          ],
          [
            103.820818144,
            1.28449487900003
          ],
          [
            103.820882967,
            1.28446804700008
          ],
          [
            103.820902989,
            1.28446800500007
          ],
          [
            103.820959125,
            1.28444792600005
          ],
          [
            103.820988986,
            1.28442798600002
          ],
          [
            103.821044278,
            1.28440924000005
          ],
          [
            103.821187245,
            1.28436293400005
          ],
          [
            103.821182666,
            1.28434965600007
          ],
          [
            103.821158356,
            1.28426630000006
          ],
          [
            103.820853069,
            1.28437539800006
          ],
          [
            103.820821507,
            1.28438716300002
          ],
          [
            103.820808144,
            1.28439041800004
          ],
          [
            103.82079443,
            1.28439139500006
          ],
          [
            103.820780745,
            1.28439006600007
          ],
          [
            103.820767469,
            1.28438647000007
          ],
          [
            103.820754971,
            1.28438070600003
          ],
          [
            103.820743596,
            1.28437293400004
          ],
          [
            103.820733662,
            1.28436336800007
          ],
          [
            103.820725442,
            1.28435227600005
          ],
          [
            103.820694982,
            1.28430357900005
          ],
          [
            103.820689643,
            1.28429514200008
          ],
          [
            103.820683622,
            1.28427984300005
          ],
          [
            103.82068265,
            1.28426626900006
          ],
          [
            103.820621566,
            1.28409783700004
          ],
          [
            103.820582259,
            1.28398856100007
          ],
          [
            103.820577765,
            1.28396846600002
          ],
          [
            103.820559264,
            1.28391505400001
          ],
          [
            103.82055605,
            1.28390956700002
          ],
          [
            103.820503676,
            1.28374336900003
          ],
          [
            103.8204959,
            1.28369993600006
          ],
          [
            103.820496716,
            1.28365163200004
          ],
          [
            103.820507394,
            1.28359482700005
          ],
          [
            103.820530221,
            1.28354184100005
          ],
          [
            103.820538215,
            1.28351911100003
          ],
          [
            103.82053966,
            1.28351365900005
          ],
          [
            103.820540147,
            1.28350803800003
          ],
          [
            103.820539776,
            1.28350312500003
          ],
          [
            103.820538671,
            1.28349832500004
          ],
          [
            103.820536858,
            1.28349374800007
          ],
          [
            103.820534379,
            1.28348950000003
          ],
          [
            103.820531291,
            1.28348567700004
          ],
          [
            103.820527663,
            1.28348236800001
          ],
          [
            103.820523581,
            1.28347965000006
          ],
          [
            103.820480244,
            1.28345580400002
          ],
          [
            103.820474377,
            1.28345439100002
          ],
          [
            103.820441443,
            1.28345907500006
          ],
          [
            103.820359761,
            1.28346483000006
          ],
          [
            103.820284382,
            1.28325784300005
          ],
          [
            103.820254089,
            1.28320711300005
          ],
          [
            103.820258606,
            1.28309290200002
          ],
          [
            103.820272879,
            1.28304187800007
          ],
          [
            103.820303824,
            1.28298138300004
          ],
          [
            103.820294173,
            1.28297524600003
          ],
          [
            103.820162956,
            1.28288857200005
          ],
          [
            103.819997562,
            1.28272986700005
          ],
          [
            103.819980556,
            1.28272187500005
          ],
          [
            103.819941433,
            1.28272333300003
          ],
          [
            103.819935901,
            1.28272903400005
          ],
          [
            103.819930863,
            1.28273404600002
          ],
          [
            103.819924022,
            1.28272675800002
          ],
          [
            103.819869286,
            1.28266715400001
          ],
          [
            103.819819294,
            1.28260500900007
          ],
          [
            103.819815362,
            1.28258760100004
          ],
          [
            103.819814042,
            1.28256980000002
          ],
          [
            103.819815227,
            1.28255293300004
          ],
          [
            103.819818757,
            1.28253640200005
          ],
          [
            103.819824563,
            1.28252053500006
          ],
          [
            103.819832529,
            1.28250564800004
          ],
          [
            103.819751193,
            1.28243720100005
          ],
          [
            103.819740173,
            1.28244215400002
          ],
          [
            103.819728536,
            1.28244537500006
          ],
          [
            103.81971655,
            1.28244679000005
          ],
          [
            103.819704488,
            1.28244636600005
          ],
          [
            103.819692628,
            1.28244411400004
          ],
          [
            103.819681242,
            1.28244008400003
          ],
          [
            103.819664512,
            1.28242811100005
          ],
          [
            103.819636117,
            1.28239983600001
          ],
          [
            103.819294778,
            1.28202243600003
          ],
          [
            103.819108562,
            1.28181739100005
          ],
          [
            103.819099363,
            1.28180694000002
          ],
          [
            103.819091949,
            1.28179513900004
          ],
          [
            103.819086512,
            1.28178229300005
          ],
          [
            103.819083192,
            1.28176873600004
          ],
          [
            103.819082076,
            1.28175481900007
          ],
          [
            103.819082187,
            1.28175042400006
          ],
          [
            103.819086193,
            1.28173141600006
          ],
          [
            103.819085098,
            1.28172574700004
          ],
          [
            103.819080336,
            1.28171806700005
          ],
          [
            103.818990292,
            1.28160464700004
          ],
          [
            103.818943023,
            1.28160300800005
          ],
          [
            103.818933804,
            1.28160842500006
          ],
          [
            103.818919075,
            1.28160607800005
          ],
          [
            103.81890899,
            1.28160174900006
          ],
          [
            103.818897178,
            1.28159349800004
          ],
          [
            103.818890502,
            1.28158662200002
          ],
          [
            103.818736018,
            1.28141881500004
          ],
          [
            103.818694997,
            1.28135757100005
          ],
          [
            103.818690042,
            1.28135439800007
          ],
          [
            103.818662094,
            1.28131231600002
          ],
          [
            103.818656726,
            1.28129211200007
          ],
          [
            103.818616825,
            1.28123984000007
          ],
          [
            103.818613522,
            1.28118645100004
          ],
          [
            103.818604475,
            1.28117144200006
          ],
          [
            103.818550106,
            1.28111050600005
          ],
          [
            103.818536042,
            1.28112240800003
          ],
          [
            103.81848659,
            1.28108847700002
          ],
          [
            103.818463791,
            1.28106685200004
          ],
          [
            103.818458177,
            1.28107124800003
          ],
          [
            103.818437771,
            1.28105236200003
          ],
          [
            103.818435546,
            1.28105395900006
          ],
          [
            103.818342504,
            1.28097607400001
          ],
          [
            103.818316325,
            1.28094908400004
          ],
          [
            103.818297866,
            1.28092675600004
          ],
          [
            103.818242457,
            1.28085312600006
          ],
          [
            103.818153106,
            1.28073809800003
          ],
          [
            103.818158574,
            1.28073363500004
          ],
          [
            103.818058801,
            1.28060226900004
          ],
          [
            103.818000859,
            1.28051374800003
          ],
          [
            103.817891034,
            1.28034608100005
          ],
          [
            103.817823779,
            1.28024536300006
          ],
          [
            103.817762142,
            1.28015282600006
          ],
          [
            103.817727258,
            1.28009420900004
          ],
          [
            103.817695331,
            1.28004288300003
          ],
          [
            103.817681708,
            1.28003561900004
          ],
          [
            103.817677386,
            1.28002805700004
          ],
          [
            103.817644911,
            1.27997123600005
          ],
          [
            103.817640909,
            1.27994352300003
          ],
          [
            103.817651812,
            1.27993783900006
          ],
          [
            103.817646429,
            1.27992740200005
          ],
          [
            103.81762925,
            1.27989409000003
          ],
          [
            103.817579556,
            1.27979847100003
          ],
          [
            103.817568158,
            1.279790142
          ],
          [
            103.817502566,
            1.27966213400003
          ],
          [
            103.817461033,
            1.27956949000002
          ],
          [
            103.817460793,
            1.27953817100007
          ],
          [
            103.817434461,
            1.27948510200002
          ],
          [
            103.817405871,
            1.27941699900003
          ],
          [
            103.817332318,
            1.27924219500005
          ],
          [
            103.817256589,
            1.27910080500003
          ],
          [
            103.817245816,
            1.27906841000004
          ],
          [
            103.817194255,
            1.27891466800003
          ],
          [
            103.817180314,
            1.27888233700003
          ],
          [
            103.817158938,
            1.27885971400001
          ],
          [
            103.817131192,
            1.27883981200006
          ],
          [
            103.817118117,
            1.27883433700003
          ],
          [
            103.817100962,
            1.27882753500006
          ],
          [
            103.817000448,
            1.27859852200003
          ],
          [
            103.816986996,
            1.27852177400007
          ],
          [
            103.816914415,
            1.27835996100003
          ],
          [
            103.816894484,
            1.27830357800001
          ],
          [
            103.816882062,
            1.27826772400005
          ],
          [
            103.816882768,
            1.27826195700005
          ],
          [
            103.816875157,
            1.27823324600006
          ],
          [
            103.816899675,
            1.27818731900003
          ],
          [
            103.816912893,
            1.27816256000004
          ],
          [
            103.816914978,
            1.27815895100001
          ],
          [
            103.816916502,
            1.27815506800003
          ],
          [
            103.81691743,
            1.27815099900006
          ],
          [
            103.816917742,
            1.27814683600006
          ],
          [
            103.816917389,
            1.27814240700007
          ],
          [
            103.816916338,
            1.27813809300004
          ],
          [
            103.816914618,
            1.27813400000001
          ],
          [
            103.816912272,
            1.27813023700003
          ],
          [
            103.816909359,
            1.27812689900002
          ],
          [
            103.81686343,
            1.27809587700005
          ],
          [
            103.816811226,
            1.27804397600004
          ],
          [
            103.816771074,
            1.27798567300003
          ],
          [
            103.816679752,
            1.27778139100007
          ],
          [
            103.816614684,
            1.27764190200004
          ],
          [
            103.816589076,
            1.27758762600008
          ],
          [
            103.816528528,
            1.27745679900004
          ],
          [
            103.816528241,
            1.27745030500006
          ],
          [
            103.816520986,
            1.27743390600005
          ],
          [
            103.816515644,
            1.27742901700002
          ],
          [
            103.81648928,
            1.27736495600004
          ],
          [
            103.816482625,
            1.27733673800002
          ],
          [
            103.816448349,
            1.27728762100003
          ]
        ]
      },
      "properties": {
        "OBJECTID": 147,
        "pcn_loop": "Southern Ridges Loop",
        "pcn": "Henderson Park Connector",
        "descriptionHTML": "Stretching from Alexandra Road to Telok Blangah Way along Henderson Road, the 1.7 km Henderson Park Connector links Alexandra Park Connector to Tiong Bahru Park, Mount Faber Park and Telok Blangah Hill Park. It runs through schools such as Gan Eng Seng Secondary School and Henderson Secondary School before ending at SAFRA Clubhouse (Mt Faber).",
        "address": "Henderson Park Connector starts at Alexandra Road and runs along Henderson Road before ending at Telok Blangah Way.",
        "Shape__Length": 2041.696880844766
      }
    },
    {
      "type": "Feature",
      "id": 148,
      "geometry": {
        "type": "LineString",
        "coordinates": [
          [
            103.80222734,
            1.28128264500003
          ],
          [
            103.802206977,
            1.28132295200003
          ],
          [
            103.802186615,
            1.28136325900005
          ],
          [
            103.802166252,
            1.28140356600006
          ],
          [
            103.802145889,
            1.28144387300006
          ],
          [
            103.802125526,
            1.28148417900008
          ],
          [
            103.802105164,
            1.28152448700006
          ],
          [
            103.802084801,
            1.28156479400007
          ],
          [
            103.802064944,
            1.28160535500006
          ],
          [
            103.802045092,
            1.28164592100006
          ],
          [
            103.802025241,
            1.28168648500001
          ],
          [
            103.802005389,
            1.28172704900003
          ],
          [
            103.801985538,
            1.28176761400005
          ],
          [
            103.801965687,
            1.28180817800006
          ],
          [
            103.801945836,
            1.28184874300005
          ],
          [
            103.801925984,
            1.28188930700004
          ],
          [
            103.801906133,
            1.28192987200005
          ],
          [
            103.801886281,
            1.28197043600005
          ],
          [
            103.80186643,
            1.28201100100006
          ],
          [
            103.801846578,
            1.28205156500007
          ],
          [
            103.801826727,
            1.28209213000002
          ],
          [
            103.801806875,
            1.28213269500003
          ],
          [
            103.801787024,
            1.28217325900004
          ],
          [
            103.801767172,
            1.28221382400005
          ],
          [
            103.801747321,
            1.28225438800007
          ],
          [
            103.80172768,
            1.28229505600006
          ],
          [
            103.80170829,
            1.28233584500004
          ],
          [
            103.801688899,
            1.28237663600004
          ],
          [
            103.801669508,
            1.28241742500007
          ],
          [
            103.801650118,
            1.28245821500002
          ],
          [
            103.801630727,
            1.28249900400005
          ],
          [
            103.801611337,
            1.28253979400006
          ],
          [
            103.801591946,
            1.28258058400006
          ],
          [
            103.801572555,
            1.28262137300004
          ],
          [
            103.801553165,
            1.28266216400006
          ],
          [
            103.801533774,
            1.28270295300006
          ],
          [
            103.801514384,
            1.28274374300002
          ],
          [
            103.801496165,
            1.28278504400003
          ],
          [
            103.80147983,
            1.28282716800002
          ],
          [
            103.801465593,
            1.28287002200005
          ],
          [
            103.801452559,
            1.28291329500007
          ],
          [
            103.801442526,
            1.28295735800004
          ],
          [
            103.801433354,
            1.28300160600003
          ],
          [
            103.80142714,
            1.28304639000004
          ],
          [
            103.80142229,
            1.28309131100004
          ],
          [
            103.801419554,
            1.28313644600008
          ],
          [
            103.801419067,
            1.28318163000005
          ],
          [
            103.801419824,
            1.28322684200004
          ],
          [
            103.801423708,
            1.28327187800005
          ],
          [
            103.801428467,
            1.28331682400005
          ],
          [
            103.801436177,
            1.28336137200005
          ],
          [
            103.801445253,
            1.28340562400007
          ],
          [
            103.801456379,
            1.28344943400003
          ],
          [
            103.80146969,
            1.28349258900004
          ],
          [
            103.801484164,
            1.28353539700003
          ],
          [
            103.801503955,
            1.28357594800002
          ],
          [
            103.801524308,
            1.28361626000003
          ],
          [
            103.80154466,
            1.28365657200004
          ],
          [
            103.801565012,
            1.28369688400005
          ],
          [
            103.801585365,
            1.28373719600006
          ],
          [
            103.801605718,
            1.28377750800006
          ],
          [
            103.80162607,
            1.28381782100007
          ],
          [
            103.801646422,
            1.28385813300002
          ],
          [
            103.801666775,
            1.28389844500003
          ],
          [
            103.801687127,
            1.28393875800003
          ],
          [
            103.801707479,
            1.28397907000004
          ],
          [
            103.801727832,
            1.28401938200005
          ],
          [
            103.801748184,
            1.28405969400006
          ],
          [
            103.801768537,
            1.28410000700007
          ],
          [
            103.801788889,
            1.28414031900007
          ],
          [
            103.801809242,
            1.28418063100001
          ],
          [
            103.801829594,
            1.28422094400002
          ],
          [
            103.801849946,
            1.28426125600004
          ],
          [
            103.801870299,
            1.28430156800004
          ],
          [
            103.801890651,
            1.28434188100005
          ],
          [
            103.801911003,
            1.28438219300006
          ],
          [
            103.801931356,
            1.28442250500005
          ],
          [
            103.801952396,
            1.28446244100007
          ],
          [
            103.801974946,
            1.28450155100006
          ],
          [
            103.801997497,
            1.28454066000007
          ],
          [
            103.802020048,
            1.28457976900006
          ],
          [
            103.802042598,
            1.28461887900005
          ],
          [
            103.802065149,
            1.28465798800004
          ],
          [
            103.802087699,
            1.28469709800003
          ],
          [
            103.80211025,
            1.28473620700004
          ],
          [
            103.8021328,
            1.28477531700003
          ],
          [
            103.802155351,
            1.28481442500003
          ],
          [
            103.802177902,
            1.28485353500001
          ],
          [
            103.802200453,
            1.28489264400001
          ],
          [
            103.802222718,
            1.28493191100006
          ],
          [
            103.802243414,
            1.28497204600007
          ],
          [
            103.802264111,
            1.28501218100007
          ],
          [
            103.802284807,
            1.28505231600006
          ],
          [
            103.802305503,
            1.28509245000003
          ],
          [
            103.802326199,
            1.28513258400005
          ],
          [
            103.802346896,
            1.28517271900005
          ],
          [
            103.802367592,
            1.28521285300008
          ],
          [
            103.802388288,
            1.28525298800003
          ],
          [
            103.802408985,
            1.28529312200003
          ],
          [
            103.802429681,
            1.28533325700004
          ],
          [
            103.802450377,
            1.28537339200006
          ],
          [
            103.802471073,
            1.28541352600007
          ],
          [
            103.80249177,
            1.28545366100002
          ],
          [
            103.802512466,
            1.28549379500004
          ],
          [
            103.802533162,
            1.28553393000005
          ],
          [
            103.802555165,
            1.28557334900006
          ],
          [
            103.80257737,
            1.28561265900004
          ],
          [
            103.802599573,
            1.28565196900005
          ],
          [
            103.802621776,
            1.28569127900006
          ],
          [
            103.802643981,
            1.28573058900002
          ],
          [
            103.802666184,
            1.28576989900005
          ],
          [
            103.802688388,
            1.28580920900004
          ],
          [
            103.802710592,
            1.28584851900007
          ],
          [
            103.802732795,
            1.28588782800005
          ],
          [
            103.802754999,
            1.28592713900002
          ],
          [
            103.802777203,
            1.28596644900005
          ],
          [
            103.802799407,
            1.28600575800003
          ],
          [
            103.80282161,
            1.28604506900007
          ],
          [
            103.802843814,
            1.28608437900004
          ],
          [
            103.802866018,
            1.28612368800003
          ],
          [
            103.802888221,
            1.28616299900006
          ],
          [
            103.802910424,
            1.28620230800003
          ],
          [
            103.802932629,
            1.28624161800002
          ],
          [
            103.802956176,
            1.28628006400003
          ],
          [
            103.802982289,
            1.28631686000005
          ],
          [
            103.803008402,
            1.28635365600007
          ],
          [
            103.803034515,
            1.28639045200003
          ],
          [
            103.803060627,
            1.28642724800005
          ],
          [
            103.80308674,
            1.28646404300003
          ],
          [
            103.803118577,
            1.28649551300001
          ],
          [
            103.803152986,
            1.28652458600003
          ],
          [
            103.803187396,
            1.28655365900006
          ],
          [
            103.803221806,
            1.28658273200006
          ],
          [
            103.803256216,
            1.28661180600007
          ],
          [
            103.803290626,
            1.28664087900006
          ],
          [
            103.803325035,
            1.28666995200007
          ],
          [
            103.803359445,
            1.28669902500007
          ],
          [
            103.803393855,
            1.28672809900007
          ],
          [
            103.803428265,
            1.28675717200002
          ],
          [
            103.803462675,
            1.28678624500003
          ],
          [
            103.803497084,
            1.28681531800004
          ],
          [
            103.803531494,
            1.28684439200004
          ],
          [
            103.803566939,
            1.28687206400002
          ],
          [
            103.80360451,
            1.28689685800003
          ],
          [
            103.803642082,
            1.28692165000007
          ],
          [
            103.803679653,
            1.28694644400003
          ],
          [
            103.803717225,
            1.28697123700004
          ],
          [
            103.803754797,
            1.28699603100004
          ],
          [
            103.803792368,
            1.28702082400001
          ],
          [
            103.803829939,
            1.28704561700004
          ],
          [
            103.803867511,
            1.28707041100004
          ],
          [
            103.803906714,
            1.28709245700001
          ],
          [
            103.803946623,
            1.28711315900006
          ],
          [
            103.80398774,
            1.28713138200004
          ],
          [
            103.804029755,
            1.28714730200005
          ],
          [
            103.804072298,
            1.28716180300005
          ],
          [
            103.804115826,
            1.28717299800007
          ],
          [
            103.804159722,
            1.28718244900005
          ],
          [
            103.804204018,
            1.28719000300003
          ],
          [
            103.804248728,
            1.28719428700004
          ],
          [
            103.804293539,
            1.28719706100003
          ],
          [
            103.804338465,
            1.28719720700002
          ],
          [
            103.804354535,
            1.28722881700002
          ],
          [
            103.804358265,
            1.28727387900005
          ],
          [
            103.804361995,
            1.28731894100002
          ],
          [
            103.804365726,
            1.28736400300004
          ],
          [
            103.804343371,
            1.28739963400006
          ],
          [
            103.804312005,
            1.28743200700005
          ],
          [
            103.804280637,
            1.28746438000007
          ],
          [
            103.80424927,
            1.28749675200004
          ],
          [
            103.804217902,
            1.28752912500003
          ],
          [
            103.804186534,
            1.28756149700006
          ],
          [
            103.804155167,
            1.28759387
          ],
          [
            103.8041238,
            1.28762624200005
          ],
          [
            103.804092357,
            1.28765854100003
          ],
          [
            103.804060897,
            1.28769082200005
          ],
          [
            103.804029437,
            1.28772310400007
          ],
          [
            103.803997977,
            1.28775538500001
          ],
          [
            103.803966517,
            1.28778766600003
          ],
          [
            103.803935057,
            1.28781994700005
          ],
          [
            103.803903597,
            1.28785222800001
          ],
          [
            103.803872137,
            1.28788450900002
          ],
          [
            103.803840677,
            1.28791679000004
          ],
          [
            103.803809217,
            1.28794907200006
          ],
          [
            103.803777756,
            1.28798135300002
          ],
          [
            103.803746296,
            1.28801363400004
          ],
          [
            103.803714836,
            1.28804591500005
          ],
          [
            103.803683266,
            1.28807808200003
          ],
          [
            103.803650103,
            1.28810858800004
          ],
          [
            103.80361694,
            1.28813909400003
          ],
          [
            103.803583777,
            1.28816960000005
          ],
          [
            103.803550615,
            1.28820010600003
          ],
          [
            103.803517452,
            1.28823061200006
          ],
          [
            103.803484512,
            1.28826135200007
          ],
          [
            103.803452845,
            1.28829342700004
          ],
          [
            103.803421178,
            1.28832550300007
          ],
          [
            103.803389512,
            1.28835758000002
          ],
          [
            103.803357844,
            1.28838965500005
          ],
          [
            103.803326177,
            1.28842173100004
          ],
          [
            103.803294511,
            1.28845380600007
          ],
          [
            103.803262843,
            1.28848588200004
          ],
          [
            103.803231176,
            1.28851795800004
          ],
          [
            103.803199509,
            1.28855003300002
          ],
          [
            103.803167843,
            1.28858210900006
          ],
          [
            103.803136008,
            1.28861401600005
          ],
          [
            103.803104121,
            1.28864587000004
          ],
          [
            103.803072233,
            1.28867772400002
          ],
          [
            103.803040346,
            1.28870957800006
          ],
          [
            103.803008458,
            1.28874143200004
          ],
          [
            103.802976572,
            1.28877328500003
          ],
          [
            103.802944684,
            1.28880513900001
          ],
          [
            103.802912797,
            1.28883699300006
          ],
          [
            103.802880909,
            1.28886884600006
          ],
          [
            103.802849022,
            1.28890070000005
          ],
          [
            103.802817134,
            1.28893255400004
          ],
          [
            103.802785247,
            1.28896440700003
          ],
          [
            103.802753361,
            1.28899626100001
          ],
          [
            103.802721473,
            1.28902811600005
          ],
          [
            103.802689586,
            1.28905997000004
          ],
          [
            103.802657698,
            1.28909182300004
          ],
          [
            103.802625811,
            1.28912367700002
          ],
          [
            103.802593867,
            1.28915546900003
          ],
          [
            103.802560171,
            1.28918537900005
          ],
          [
            103.802526476,
            1.28921528800002
          ],
          [
            103.802492781,
            1.28924519700007
          ],
          [
            103.802459086,
            1.28927510600006
          ],
          [
            103.802425391,
            1.28930501600008
          ],
          [
            103.802391695,
            1.28933492400006
          ],
          [
            103.802358001,
            1.28936483300003
          ],
          [
            103.802324305,
            1.28939474300006
          ],
          [
            103.802290648,
            1.28942469200006
          ],
          [
            103.802259122,
            1.28945690900003
          ],
          [
            103.802227598,
            1.28948912600003
          ],
          [
            103.802196072,
            1.28952134200004
          ],
          [
            103.802164547,
            1.28955356000004
          ],
          [
            103.802133021,
            1.28958577700007
          ],
          [
            103.802101497,
            1.28961799300003
          ],
          [
            103.802069972,
            1.28965021000004
          ],
          [
            103.802038446,
            1.28968242700006
          ],
          [
            103.802006921,
            1.28971464400006
          ],
          [
            103.801975395,
            1.28974686100003
          ],
          [
            103.801943871,
            1.28977907800002
          ],
          [
            103.801912345,
            1.28981129500005
          ],
          [
            103.80188082,
            1.28984351100008
          ],
          [
            103.801847606,
            1.28987395800004
          ],
          [
            103.801814341,
            1.28990435100007
          ],
          [
            103.801781075,
            1.28993474300006
          ],
          [
            103.801747809,
            1.28996513600003
          ],
          [
            103.801714544,
            1.289995528
          ],
          [
            103.801681279,
            1.29002592100004
          ],
          [
            103.801648014,
            1.29005631300004
          ],
          [
            103.801614748,
            1.29008670600007
          ],
          [
            103.801581483,
            1.29011709900003
          ],
          [
            103.801548218,
            1.29014749100003
          ],
          [
            103.801514951,
            1.29017788400004
          ],
          [
            103.801481686,
            1.29020827600004
          ],
          [
            103.801448421,
            1.29023866900007
          ],
          [
            103.801415156,
            1.29026906200004
          ],
          [
            103.80138189,
            1.29029945500002
          ],
          [
            103.801348625,
            1.29032984700007
          ],
          [
            103.80131536,
            1.29036024000003
          ],
          [
            103.801282094,
            1.29039063300007
          ],
          [
            103.801248828,
            1.29042102500004
          ],
          [
            103.801215563,
            1.29045141800002
          ],
          [
            103.801182298,
            1.29048181000007
          ],
          [
            103.801149032,
            1.29051220300005
          ],
          [
            103.801117694,
            1.29054460000002
          ],
          [
            103.801086417,
            1.29057706100002
          ],
          [
            103.801055141,
            1.29060952300006
          ],
          [
            103.801023864,
            1.29064198500002
          ],
          [
            103.800992588,
            1.29067444600003
          ],
          [
            103.800961311,
            1.29070690700006
          ],
          [
            103.800930035,
            1.29073936900006
          ],
          [
            103.800898758,
            1.29077183100004
          ],
          [
            103.800867482,
            1.29080429300006
          ],
          [
            103.800836206,
            1.29083675400005
          ],
          [
            103.80080493,
            1.29086921500005
          ],
          [
            103.800773653,
            1.29090167700002
          ],
          [
            103.800742377,
            1.29093413900006
          ],
          [
            103.8007111,
            1.29096660100003
          ],
          [
            103.800679824,
            1.29099906200002
          ],
          [
            103.800676147,
            1.29103072200006
          ],
          [
            103.800709233,
            1.29106131200007
          ],
          [
            103.800742318,
            1.29109190300005
          ],
          [
            103.800775404,
            1.29112249300004
          ],
          [
            103.800753086,
            1.29115449200003
          ],
          [
            103.800721578,
            1.29118672400006
          ],
          [
            103.800702363,
            1.29121912800002
          ],
          [
            103.800732977,
            1.29125222300007
          ],
          [
            103.800763591,
            1.29128531900006
          ],
          [
            103.800794203,
            1.29131841400005
          ],
          [
            103.800789516,
            1.29135068500005
          ],
          [
            103.80075741,
            1.29138231400002
          ],
          [
            103.800725303,
            1.29141394500004
          ],
          [
            103.800693197,
            1.29144557500006
          ],
          [
            103.80066109,
            1.29147720400005
          ],
          [
            103.800628983,
            1.29150883400007
          ],
          [
            103.800596876,
            1.29154046400002
          ],
          [
            103.80056477,
            1.29157209500004
          ],
          [
            103.800532664,
            1.29160372400003
          ],
          [
            103.800500557,
            1.29163535400005
          ],
          [
            103.800468451,
            1.29166698400008
          ],
          [
            103.800436344,
            1.29169861300005
          ],
          [
            103.800404237,
            1.29173024400006
          ],
          [
            103.800373444,
            1.29176188900003
          ],
          [
            103.800404784,
            1.29179428900005
          ],
          [
            103.800436123,
            1.29182669000006
          ],
          [
            103.800467462,
            1.29185908900006
          ],
          [
            103.800498802,
            1.29189148900003
          ],
          [
            103.800530141,
            1.29192388900004
          ],
          [
            103.800561481,
            1.29195628900004
          ],
          [
            103.800592821,
            1.29198868900004
          ],
          [
            103.80062416,
            1.29202108900006
          ],
          [
            103.8006555,
            1.29205348900005
          ],
          [
            103.800686839,
            1.29208588800004
          ],
          [
            103.800718178,
            1.29211828800003
          ],
          [
            103.800734298,
            1.29216010000005
          ],
          [
            103.80074885,
            1.29220288000004
          ],
          [
            103.800763402,
            1.29224566100003
          ],
          [
            103.800777954,
            1.29228844100004
          ],
          [
            103.800792507,
            1.29233122200002
          ],
          [
            103.800807059,
            1.29237400200002
          ],
          [
            103.800821611,
            1.29241678300001
          ],
          [
            103.800836163,
            1.29245956300001
          ],
          [
            103.800850716,
            1.29250234300003
          ],
          [
            103.800865268,
            1.29254512400006
          ],
          [
            103.80087982,
            1.29258790500005
          ],
          [
            103.800894372,
            1.29263068500004
          ],
          [
            103.800908925,
            1.29267346500005
          ],
          [
            103.800923477,
            1.29271624600004
          ],
          [
            103.800937982,
            1.29275904300003
          ],
          [
            103.800952461,
            1.29280184800006
          ],
          [
            103.80096694,
            1.29284465400002
          ],
          [
            103.800981419,
            1.29288745900003
          ],
          [
            103.800995898,
            1.29293026500004
          ],
          [
            103.801010377,
            1.29297307100007
          ],
          [
            103.801024856,
            1.29301587600003
          ],
          [
            103.801039335,
            1.29305868200003
          ],
          [
            103.801053814,
            1.29310148700006
          ],
          [
            103.801068293,
            1.29314429300006
          ],
          [
            103.801082772,
            1.29318709900002
          ],
          [
            103.801097251,
            1.29322990400004
          ],
          [
            103.80111173,
            1.29327271000004
          ],
          [
            103.801126209,
            1.29331551600006
          ],
          [
            103.801140688,
            1.29335832200006
          ],
          [
            103.801155167,
            1.29340112700003
          ],
          [
            103.801174647,
            1.29344147700003
          ],
          [
            103.801199254,
            1.29347930900002
          ],
          [
            103.801223862,
            1.29351714200003
          ],
          [
            103.801248469,
            1.29355497400008
          ],
          [
            103.801273076,
            1.29359280700003
          ],
          [
            103.801297684,
            1.29363063900007
          ],
          [
            103.801322291,
            1.29366847100004
          ],
          [
            103.801346899,
            1.29370630400006
          ],
          [
            103.801371506,
            1.29374413700003
          ],
          [
            103.801396113,
            1.29378196900006
          ],
          [
            103.801420721,
            1.29381980100003
          ],
          [
            103.801445328,
            1.29385763300007
          ],
          [
            103.801469936,
            1.29389546600003
          ],
          [
            103.801494543,
            1.29393329900005
          ],
          [
            103.80151915,
            1.29397113100004
          ],
          [
            103.801543758,
            1.29400896400005
          ],
          [
            103.801568365,
            1.29404679600003
          ],
          [
            103.801592973,
            1.29408462800005
          ],
          [
            103.80161758,
            1.29412246100001
          ],
          [
            103.801642187,
            1.29416029300007
          ],
          [
            103.801666795,
            1.29419812600003
          ],
          [
            103.801691402,
            1.29423595900004
          ],
          [
            103.80171601,
            1.29427379000005
          ],
          [
            103.801740617,
            1.29431162300006
          ],
          [
            103.801765224,
            1.29434945500003
          ],
          [
            103.801789832,
            1.29438728800004
          ],
          [
            103.801814439,
            1.29442512100008
          ],
          [
            103.801839047,
            1.29446295200006
          ],
          [
            103.801863654,
            1.29450078500003
          ],
          [
            103.801888261,
            1.29453861800004
          ],
          [
            103.801912869,
            1.29457645
          ],
          [
            103.801937476,
            1.29461428300004
          ],
          [
            103.801961374,
            1.29465257100003
          ],
          [
            103.801985099,
            1.29469097000004
          ],
          [
            103.802008825,
            1.29472936900005
          ],
          [
            103.80203255,
            1.29476776700005
          ],
          [
            103.802056277,
            1.29480616600005
          ],
          [
            103.802080002,
            1.29484456500005
          ],
          [
            103.802103728,
            1.294882963
          ],
          [
            103.802127454,
            1.29492136100003
          ],
          [
            103.80215118,
            1.29495976000004
          ],
          [
            103.802174906,
            1.29499815900004
          ],
          [
            103.802198631,
            1.29503655700006
          ],
          [
            103.802227611,
            1.29507040800007
          ],
          [
            103.802261789,
            1.29509975600006
          ],
          [
            103.802295967,
            1.29512910500006
          ],
          [
            103.802330146,
            1.29515845300005
          ],
          [
            103.802364324,
            1.29518780200005
          ],
          [
            103.802398503,
            1.29521715100004
          ],
          [
            103.802432681,
            1.29524649900002
          ],
          [
            103.80246686,
            1.29527584700003
          ],
          [
            103.802501039,
            1.29530519500002
          ],
          [
            103.802535217,
            1.29533454400007
          ],
          [
            103.802569396,
            1.29536389200006
          ],
          [
            103.802603574,
            1.29539324100004
          ],
          [
            103.802637753,
            1.29542258900005
          ],
          [
            103.802671931,
            1.29545193800004
          ],
          [
            103.802706109,
            1.29548128600003
          ],
          [
            103.802740288,
            1.29551063500002
          ],
          [
            103.802774467,
            1.29553998300003
          ],
          [
            103.802808646,
            1.29556933100001
          ],
          [
            103.802842824,
            1.29559867900002
          ],
          [
            103.802877003,
            1.29562802800005
          ],
          [
            103.802911181,
            1.29565737600006
          ],
          [
            103.802945359,
            1.29568672500005
          ],
          [
            103.802979538,
            1.29571607300006
          ],
          [
            103.803013716,
            1.29574542200003
          ],
          [
            103.803047896,
            1.29577477000003
          ],
          [
            103.803082074,
            1.29580411900002
          ],
          [
            103.803123575,
            1.29580540100006
          ],
          [
            103.803167671,
            1.29579674100006
          ],
          [
            103.803174919,
            1.29575302600006
          ],
          [
            103.803181029,
            1.29570822800002
          ],
          [
            103.803215613,
            1.29568640700006
          ],
          [
            103.803257729,
            1.29567066600004
          ],
          [
            103.803299846,
            1.29565492500006
          ],
          [
            103.803341963,
            1.29563918300004
          ],
          [
            103.80338408,
            1.29562344100003
          ],
          [
            103.803426197,
            1.29560769900007
          ],
          [
            103.803468314,
            1.29559195800005
          ],
          [
            103.80351043,
            1.29557621700007
          ],
          [
            103.803554092,
            1.29556912200007
          ],
          [
            103.803599019,
            1.29556912300006
          ],
          [
            103.803643946,
            1.29556912400004
          ],
          [
            103.803688873,
            1.29556912400004
          ],
          [
            103.8037338,
            1.29556912500004
          ],
          [
            103.803778727,
            1.29556912500004
          ],
          [
            103.803823655,
            1.29556912600002
          ],
          [
            103.803868582,
            1.29556912600002
          ],
          [
            103.803907719,
            1.29558611100002
          ],
          [
            103.803943182,
            1.29561387200005
          ],
          [
            103.803978644,
            1.29564163400004
          ],
          [
            103.804014108,
            1.29566939600006
          ],
          [
            103.804049571,
            1.29569715700007
          ],
          [
            103.804085034,
            1.29572491900005
          ],
          [
            103.804120497,
            1.29575268100006
          ],
          [
            103.80415596,
            1.29578044200002
          ],
          [
            103.80419182,
            1.29580763800004
          ],
          [
            103.80422969,
            1.29583196800006
          ],
          [
            103.80426756,
            1.29585629700004
          ],
          [
            103.804305429,
            1.29588062700005
          ],
          [
            103.804343299,
            1.29590495600007
          ],
          [
            103.80438117,
            1.29592928500006
          ],
          [
            103.804419039,
            1.29595361500003
          ],
          [
            103.804456909,
            1.29597794500006
          ],
          [
            103.804494779,
            1.29600227300006
          ],
          [
            103.804532649,
            1.29602660300003
          ],
          [
            103.804570518,
            1.29605093300007
          ],
          [
            103.804608388,
            1.29607526200003
          ],
          [
            103.804646258,
            1.29609959200008
          ],
          [
            103.804684128,
            1.29612392100007
          ],
          [
            103.804721997,
            1.29614825000005
          ],
          [
            103.804759868,
            1.29617258000009
          ],
          [
            103.804797738,
            1.29619691000003
          ],
          [
            103.804835607,
            1.29622123900004
          ],
          [
            103.804845077,
            1.29625208600003
          ],
          [
            103.804821429,
            1.29629053400004
          ],
          [
            103.804797781,
            1.29632898000005
          ],
          [
            103.804774133,
            1.29636742700006
          ],
          [
            103.804750485,
            1.29640587500005
          ],
          [
            103.804725422,
            1.29644326600004
          ],
          [
            103.804695724,
            1.29647719600006
          ],
          [
            103.804666025,
            1.29651112500005
          ],
          [
            103.804636327,
            1.29654505500002
          ],
          [
            103.804606628,
            1.29657898500005
          ],
          [
            103.804576929,
            1.29661291400003
          ],
          [
            103.804566355,
            1.29664616800006
          ],
          [
            103.804598344,
            1.29667791900004
          ],
          [
            103.804630332,
            1.29670967000002
          ],
          [
            103.804662321,
            1.29674142100003
          ],
          [
            103.80469431,
            1.29677317200003
          ],
          [
            103.804760445,
            1.29682084000007
          ],
          [
            103.80483549,
            1.29687493100003
          ],
          [
            103.804905609,
            1.29692547000008
          ],
          [
            103.804977788,
            1.29685130700005
          ],
          [
            103.805029545,
            1.29679812900001
          ],
          [
            103.80508368,
            1.29674250600004
          ],
          [
            103.805159756,
            1.29668986600005
          ],
          [
            103.805245344,
            1.29664201100008
          ]
        ]
      },
      "properties": {
        "OBJECTID": 148,
        "pcn_loop": "Southern Ridges Loop",
        "pcn": "Alexandra Queensway Park Connector",
        "descriptionHTML": "Alexandra-Queensway Park Connector connects the established Alexandra Canal Linear Park to HortPark. The Park Connector runs through one of the oldest public housing areas at Meiling Street and brings park users from the Singapore river to the HortPark and Southern Ridges.",
        "address": "Alexandra Queensway Park Connector starts at Commonwealth Avenue and ends at Alexandra Road via Queensway\n ",
        "Shape__Length": 2458.661991319998
      }
    },
    {
      "type": "Feature",
      "id": 208,
      "geometry": {
        "type": "LineString",
        "coordinates": [
          [
            103.75159319,
            1.32320643000003
          ],
          [
            103.750110054,
            1.32628527400004
          ],
          [
            103.750040791,
            1.32644792000002
          ],
          [
            103.749984245,
            1.32665277000007
          ],
          [
            103.749915925,
            1.32687049000003
          ],
          [
            103.749859606,
            1.32739181400005
          ],
          [
            103.749660263,
            1.32879590300007
          ],
          [
            103.749657625,
            1.32881501600002
          ],
          [
            103.749565992,
            1.32890323800006
          ],
          [
            103.749396029,
            1.32906687500003
          ],
          [
            103.749509529,
            1.32921375800003
          ],
          [
            103.749253324,
            1.32945528300007
          ],
          [
            103.749376553,
            1.32958258300003
          ],
          [
            103.749571687,
            1.32943735900005
          ],
          [
            103.749553251,
            1.32957087000005
          ],
          [
            103.749491097,
            1.33002115800002
          ],
          [
            103.749301343,
            1.33170576700008
          ],
          [
            103.749245253,
            1.33203312200004
          ],
          [
            103.749222822,
            1.33242795600006
          ],
          [
            103.749077798,
            1.33370753400004
          ],
          [
            103.748787387,
            1.33638224900007
          ],
          [
            103.748766085,
            1.33659882900001
          ],
          [
            103.748575168,
            1.33853987800006
          ],
          [
            103.748508147,
            1.33920293800002
          ],
          [
            103.748485551,
            1.33944164600007
          ],
          [
            103.748485544,
            1.33964817800005
          ],
          [
            103.748507825,
            1.34000717400005
          ],
          [
            103.748496785,
            1.34052856500005
          ],
          [
            103.748435012,
            1.34076245100004
          ]
        ]
      },
      "properties": {
        "OBJECTID": 208,
        "pcn_loop": "Southern Ridges Loop",
        "pcn": "Ulu Pandan Park Connector",
        "descriptionHTML": "Starting from Commonwealth Ave West, Ulu Pandan Park Connector runs through the Ghim Moh estates, Dover MRT station and the Holland Grove estates. Crossing Clementi Road, it links back to cut across the Clementi and Sunset estates, before leading you towards Ayer-Rajah Expressway (AYE). Thereafter, continue to follow the Ulu Pandan Park Connector up north and it will eventually lead you to the Pan Island Expressway (PIE), completing the 7.1KM walk.",
        "address": "Ulu Pandan Park Connector starts at Commonwealth Ave West and runs along the Sungei Ulu Pandan Canal before ending at Pan Island Expressway.",
        "Shape__Length": 2083.5611805817766
      }
    },
    {
      "type": "Feature",
      "id": 209,
      "geometry": {
        "type": "LineString",
        "coordinates": [
          [
            103.771077673,
            1.31840939400007
          ],
          [
            103.770943998,
            1.31845075400001
          ],
          [
            103.770705331,
            1.31860315800003
          ],
          [
            103.770692133,
            1.31865323100005
          ],
          [
            103.770691059,
            1.31866784100003
          ],
          [
            103.770692444,
            1.31869076800006
          ],
          [
            103.770693652,
            1.31871077800002
          ],
          [
            103.770694022,
            1.31871690200005
          ],
          [
            103.770694243,
            1.31872054800004
          ],
          [
            103.770685287,
            1.31875949800002
          ],
          [
            103.770678133,
            1.31878189700006
          ],
          [
            103.770649375,
            1.31882572500007
          ],
          [
            103.770619517,
            1.31886238300006
          ],
          [
            103.770591825,
            1.31889638000008
          ],
          [
            103.770590228,
            1.31889820500002
          ],
          [
            103.77053636,
            1.31895400400002
          ],
          [
            103.770534642,
            1.31895563200003
          ],
          [
            103.770505922,
            1.31898058900003
          ],
          [
            103.770499289,
            1.31898635300006
          ],
          [
            103.770428022,
            1.31904807400002
          ],
          [
            103.770422609,
            1.31905153100009
          ],
          [
            103.769811641,
            1.31958339900006
          ],
          [
            103.769466998,
            1.31990695200006
          ],
          [
            103.769454492,
            1.31991869400002
          ],
          [
            103.768709254,
            1.32069559200005
          ],
          [
            103.768654695,
            1.32075451300005
          ],
          [
            103.768640441,
            1.32076990800004
          ],
          [
            103.768393821,
            1.32106328500004
          ],
          [
            103.768294964,
            1.32118823800005
          ],
          [
            103.768289757,
            1.32119427600003
          ],
          [
            103.767117778,
            1.32269062200003
          ],
          [
            103.767110298,
            1.32270017400003
          ],
          [
            103.767063629,
            1.32274863100002
          ],
          [
            103.767011014,
            1.32278029900005
          ],
          [
            103.766962648,
            1.32279570800005
          ],
          [
            103.766873262,
            1.32280653900006
          ],
          [
            103.766699613,
            1.32282021200008
          ],
          [
            103.766632351,
            1.32283044000007
          ],
          [
            103.766569819,
            1.32284789500005
          ],
          [
            103.766554498,
            1.32285217200006
          ],
          [
            103.766136462,
            1.32300649700005
          ],
          [
            103.765986464,
            1.32303793100005
          ],
          [
            103.765970968,
            1.32304117900002
          ],
          [
            103.765906769,
            1.32305781000001
          ],
          [
            103.765897712,
            1.32305966900003
          ],
          [
            103.765239872,
            1.32325258100002
          ],
          [
            103.765216482,
            1.32325996300004
          ],
          [
            103.765202154,
            1.32326448500005
          ],
          [
            103.764534624,
            1.32349599200005
          ],
          [
            103.76449025,
            1.32350804900004
          ],
          [
            103.764455271,
            1.32351250600004
          ],
          [
            103.76437123,
            1.32351270100003
          ],
          [
            103.764314355,
            1.32351830200001
          ],
          [
            103.764256817,
            1.32353124200005
          ],
          [
            103.764190745,
            1.32355100100005
          ],
          [
            103.764133565,
            1.32358032700006
          ],
          [
            103.764125091,
            1.32358482700003
          ],
          [
            103.763997704,
            1.32368312800003
          ],
          [
            103.763943835,
            1.32371333600002
          ],
          [
            103.763930013,
            1.32372108700003
          ],
          [
            103.763381104,
            1.32393206300003
          ],
          [
            103.763215379,
            1.32398424900003
          ],
          [
            103.763203381,
            1.32398802600005
          ],
          [
            103.762931501,
            1.32404693500006
          ],
          [
            103.762746459,
            1.32407671800007
          ],
          [
            103.762738203,
            1.32407804600007
          ],
          [
            103.762629097,
            1.32408421600008
          ],
          [
            103.762420621,
            1.32408066900005
          ],
          [
            103.762316774,
            1.32406982800006
          ],
          [
            103.762104836,
            1.32402939700005
          ],
          [
            103.761894452,
            1.32398597600007
          ],
          [
            103.761879492,
            1.32398288800004
          ],
          [
            103.761490665,
            1.32385162800006
          ],
          [
            103.761478498,
            1.32384692800002
          ],
          [
            103.761423411,
            1.32382107300003
          ],
          [
            103.761369184,
            1.32378701100003
          ],
          [
            103.761030533,
            1.32354660800007
          ],
          [
            103.761012594,
            1.32353387400001
          ],
          [
            103.760686998,
            1.32329604600006
          ],
          [
            103.760652655,
            1.32327452400005
          ],
          [
            103.760616127,
            1.32325758000007
          ],
          [
            103.76022186,
            1.32312805300006
          ],
          [
            103.760163848,
            1.32311181500004
          ],
          [
            103.760111888,
            1.32310224900004
          ],
          [
            103.760002439,
            1.32309385400002
          ],
          [
            103.759972856,
            1.32308943600004
          ],
          [
            103.75995952,
            1.32308472800002
          ],
          [
            103.759948358,
            1.32308028800003
          ],
          [
            103.75992281,
            1.32307123000003
          ],
          [
            103.759902845,
            1.32306479500005
          ],
          [
            103.759887367,
            1.32305980600004
          ],
          [
            103.759803618,
            1.32304133300005
          ],
          [
            103.759475845,
            1.32298143200006
          ],
          [
            103.75943118,
            1.32297704400003
          ],
          [
            103.759369119,
            1.32298264900004
          ],
          [
            103.759291658,
            1.32300290100004
          ],
          [
            103.759068857,
            1.32307720400006
          ],
          [
            103.759050155,
            1.32308429800001
          ],
          [
            103.758955635,
            1.32311627600007
          ],
          [
            103.758845766,
            1.32315522900007
          ],
          [
            103.75875476,
            1.32319296900005
          ],
          [
            103.758577982,
            1.32327442300003
          ],
          [
            103.758520564,
            1.32330549500005
          ],
          [
            103.758462162,
            1.32334106600006
          ],
          [
            103.758212156,
            1.32350443800004
          ],
          [
            103.758148981,
            1.32354768800007
          ],
          [
            103.7581384,
            1.32355493200004
          ],
          [
            103.757109151,
            1.32428344100002
          ],
          [
            103.757097382,
            1.32429177000006
          ],
          [
            103.756929123,
            1.32441067200005
          ],
          [
            103.756874664,
            1.32444939600003
          ],
          [
            103.756829198,
            1.32447654900004
          ],
          [
            103.756768514,
            1.32450620200006
          ],
          [
            103.756696983,
            1.32453202400006
          ],
          [
            103.756552317,
            1.32457578600001
          ],
          [
            103.756518349,
            1.32458316500004
          ],
          [
            103.756468505,
            1.32459033100002
          ],
          [
            103.756467943,
            1.32459041200003
          ],
          [
            103.756461299,
            1.32459136700004
          ],
          [
            103.756451719,
            1.32459274400003
          ],
          [
            103.756353303,
            1.32459747900004
          ],
          [
            103.756261368,
            1.32459715100002
          ],
          [
            103.75614637,
            1.32459082900004
          ],
          [
            103.756049987,
            1.32458068000005
          ],
          [
            103.755930555,
            1.32455753900006
          ],
          [
            103.755844254,
            1.32452920600002
          ],
          [
            103.755765826,
            1.32449542400002
          ],
          [
            103.755699354,
            1.32446219300003
          ],
          [
            103.755690328,
            1.32445666700006
          ],
          [
            103.754993287,
            1.32404890000003
          ],
          [
            103.754985641,
            1.32404419400006
          ],
          [
            103.753584386,
            1.32322288800004
          ],
          [
            103.753576962,
            1.32321874900003
          ],
          [
            103.75261356,
            1.32267317000003
          ],
          [
            103.752635619,
            1.32262786900002
          ],
          [
            103.752586103,
            1.32260202200005
          ],
          [
            103.752529069,
            1.32256652400002
          ],
          [
            103.75247586,
            1.32252544900007
          ],
          [
            103.752427011,
            1.32247920900005
          ],
          [
            103.752398289,
            1.32244608000001
          ],
          [
            103.75237323,
            1.32241006400004
          ],
          [
            103.752352119,
            1.32237157100008
          ],
          [
            103.752335194,
            1.32233103600004
          ],
          [
            103.752306497,
            1.32222744600006
          ],
          [
            103.752300807,
            1.32221184800005
          ],
          [
            103.752292721,
            1.32219736200005
          ],
          [
            103.752282447,
            1.32218435700004
          ],
          [
            103.752270246,
            1.32217316400003
          ],
          [
            103.75225643,
            1.32216406900005
          ],
          [
            103.752241351,
            1.32215730600007
          ],
          [
            103.752225395,
            1.32215304500004
          ],
          [
            103.752208968,
            1.32215139600004
          ],
          [
            103.752192489,
            1.32215240200002
          ],
          [
            103.752173065,
            1.32215654900006
          ]
        ]
      },
      "properties": {
        "OBJECTID": 209,
        "pcn_loop": "Southern Ridges Loop",
        "pcn": "Ulu Pandan Park Connector",
        "descriptionHTML": "Starting from Commonwealth Ave West, Ulu Pandan Park Connector runs through the Ghim Moh estates, Dover MRT station and the Holland Grove estates. Crossing Clementi Road, it links back to cut across the Clementi and Sunset estates, before leading you towards Ayer-Rajah Expressway (AYE). Thereafter, continue to follow the Ulu Pandan Park Connector up north and it will eventually lead you to the Pan Island Expressway (PIE), completing the 7.1KM walk.",
        "address": "Ulu Pandan Park Connector starts at Commonwealth Ave West and runs along the Sungei Ulu Pandan Canal before ending at Pan Island Expressway.",
        "Shape__Length": 2519.751318873743
      }
    },
    {
      "type": "Feature",
      "id": 210,
      "geometry": {
        "type": "LineString",
        "coordinates": [
          [
            103.748435012,
            1.34076245100004
          ],
          [
            103.748429785,
            1.34077751600005
          ],
          [
            103.74842312,
            1.34079672200004
          ],
          [
            103.748915835,
            1.34169066200008
          ],
          [
            103.749029089,
            1.34170266400002
          ],
          [
            103.749133405,
            1.34164267500006
          ],
          [
            103.749371841,
            1.34148670200006
          ],
          [
            103.749378692,
            1.34148221900006
          ],
          [
            103.749405273,
            1.34153220500003
          ],
          [
            103.749811306,
            1.34229578100007
          ],
          [
            103.749924957,
            1.34245727800002
          ],
          [
            103.750070612,
            1.34262387400002
          ],
          [
            103.750737244,
            1.34327935100003
          ],
          [
            103.750872415,
            1.34341578200003
          ],
          [
            103.751684482,
            1.34421565400004
          ],
          [
            103.752025649,
            1.34453923700005
          ],
          [
            103.752222552,
            1.34465956600008
          ],
          [
            103.752388901,
            1.34467413100004
          ],
          [
            103.7525341,
            1.34466021700007
          ],
          [
            103.752934221,
            1.34455460400004
          ],
          [
            103.754356147,
            1.34412271400002
          ],
          [
            103.754578598,
            1.34405320100005
          ],
          [
            103.754911738,
            1.34396176900004
          ],
          [
            103.755090748,
            1.34392745900004
          ],
          [
            103.75529577,
            1.34390597100003
          ],
          [
            103.755495277,
            1.34390170500006
          ],
          [
            103.755737163,
            1.34392733900006
          ],
          [
            103.755951487,
            1.34397911600006
          ],
          [
            103.756065835,
            1.34400895700001
          ],
          [
            103.756196565,
            1.34405989400005
          ],
          [
            103.756378556,
            1.34414509500003
          ],
          [
            103.756597744,
            1.34429649900004
          ],
          [
            103.756738261,
            1.34439078800004
          ],
          [
            103.756896272,
            1.34454123400007
          ],
          [
            103.757311422,
            1.34494237700006
          ],
          [
            103.757636326,
            1.34523951800002
          ],
          [
            103.757454515,
            1.34550348000005
          ],
          [
            103.757196984,
            1.34532379900003
          ],
          [
            103.757154204,
            1.34539741900005
          ],
          [
            103.756099851,
            1.34721183000005
          ],
          [
            103.756092933,
            1.34722373500005
          ],
          [
            103.756190577,
            1.34731217500009
          ],
          [
            103.756075728,
            1.34749380400007
          ],
          [
            103.75629447,
            1.34771947700006
          ],
          [
            103.756177607,
            1.34781658800004
          ],
          [
            103.756151111,
            1.34783860600003
          ],
          [
            103.756932082,
            1.34865666000008
          ],
          [
            103.757064018,
            1.34879816400006
          ],
          [
            103.757590983,
            1.34935486500007
          ],
          [
            103.757678075,
            1.34942061100001
          ],
          [
            103.757713939,
            1.34945670800005
          ],
          [
            103.757832823,
            1.34953494800004
          ],
          [
            103.758004043,
            1.34963018600008
          ],
          [
            103.758154482,
            1.34967607300006
          ],
          [
            103.758340937,
            1.34971629200004
          ],
          [
            103.759444612,
            1.34984752400003
          ],
          [
            103.759526569,
            1.34985186800001
          ],
          [
            103.760224895,
            1.34994243900007
          ],
          [
            103.760296659,
            1.34996651700004
          ],
          [
            103.760335769,
            1.35001244300002
          ],
          [
            103.760369185,
            1.35006962000005
          ],
          [
            103.760369183,
            1.35012850800007
          ],
          [
            103.760358371,
            1.35019015900002
          ],
          [
            103.759845134,
            1.35122752300003
          ],
          [
            103.759787562,
            1.35139687900005
          ],
          [
            103.759733972,
            1.35156316300003
          ],
          [
            103.759706907,
            1.35164714300003
          ]
        ]
      },
      "properties": {
        "OBJECTID": 210,
        "pcn_loop": "Southern Ridges Loop",
        "pcn": "Ulu Pandan Park Connector",
        "descriptionHTML": "Starting from Commonwealth Ave West, Ulu Pandan Park Connector runs through the Ghim Moh estates, Dover MRT station and the Holland Grove estates. Crossing Clementi Road, it links back to cut across the Clementi and Sunset estates, before leading you towards Ayer-Rajah Expressway (AYE). Thereafter, continue to follow the Ulu Pandan Park Connector up north and it will eventually lead you to the Pan Island Expressway (PIE), completing the 7.1KM walk.",
        "address": "Ulu Pandan Park Connector starts at Commonwealth Ave West and runs along the Sungei Ulu Pandan Canal before ending at Pan Island Expressway.",
        "Shape__Length": 2483.082436688778
      }
    },
    {
      "type": "Feature",
      "id": 211,
      "geometry": {
        "type": "LineString",
        "coordinates": [
          [
            103.802405674,
            1.27297673200006
          ],
          [
            103.802395317,
            1.27299280100006
          ],
          [
            103.802387325,
            1.27301010900003
          ],
          [
            103.802380665,
            1.27302567100003
          ],
          [
            103.802378146,
            1.27303362100001
          ],
          [
            103.802375521,
            1.27304201300006
          ],
          [
            103.802341131,
            1.27318225900007
          ],
          [
            103.802297714,
            1.27335800500004
          ],
          [
            103.802275951,
            1.27344547500007
          ],
          [
            103.802268873,
            1.27347402200007
          ],
          [
            103.80225071,
            1.27354492100004
          ],
          [
            103.802237925,
            1.27361421500006
          ],
          [
            103.802216453,
            1.27379014200005
          ],
          [
            103.802185367,
            1.27405742000003
          ],
          [
            103.802176472,
            1.27413159700006
          ],
          [
            103.80216167,
            1.27426059800006
          ],
          [
            103.802159328,
            1.27427154000003
          ],
          [
            103.802167815,
            1.27454094200006
          ],
          [
            103.802156083,
            1.27466993600007
          ],
          [
            103.802097822,
            1.27492978800006
          ],
          [
            103.802098966,
            1.27502918300007
          ],
          [
            103.80210333,
            1.27514290900007
          ],
          [
            103.802108789,
            1.27522942600007
          ],
          [
            103.802117407,
            1.27531955400002
          ],
          [
            103.802126661,
            1.27538211600005
          ],
          [
            103.802139892,
            1.27547056700006
          ],
          [
            103.802163264,
            1.27559821000005
          ],
          [
            103.802191245,
            1.275720055
          ],
          [
            103.802218911,
            1.27582799800007
          ],
          [
            103.802249007,
            1.27591962000003
          ],
          [
            103.802280288,
            1.27600953700004
          ],
          [
            103.802340223,
            1.27619152700004
          ],
          [
            103.80245367,
            1.27650005500005
          ],
          [
            103.802487782,
            1.27657540800004
          ],
          [
            103.802615857,
            1.27680896500003
          ],
          [
            103.802658989,
            1.27692927200006
          ],
          [
            103.802711215,
            1.27719451300003
          ],
          [
            103.802837981,
            1.27754075100005
          ],
          [
            103.802848881,
            1.27755634400006
          ],
          [
            103.802865042,
            1.27756549100006
          ],
          [
            103.802876881,
            1.27756721600003
          ],
          [
            103.802909542,
            1.27766583700004
          ],
          [
            103.802901968,
            1.27768357800005
          ],
          [
            103.802902495,
            1.27770850600007
          ],
          [
            103.802909806,
            1.27773842800001
          ],
          [
            103.803145708,
            1.27838592400002
          ],
          [
            103.803181382,
            1.27849848900008
          ],
          [
            103.803207882,
            1.27860698400001
          ],
          [
            103.803224807,
            1.27871476900003
          ],
          [
            103.803234646,
            1.27882501000004
          ],
          [
            103.803235875,
            1.27891806200006
          ],
          [
            103.803231603,
            1.27900298100008
          ],
          [
            103.803222432,
            1.27909511200005
          ],
          [
            103.803206062,
            1.27918650400004
          ],
          [
            103.803188424,
            1.27926798000004
          ],
          [
            103.803163291,
            1.27935713900007
          ],
          [
            103.803136142,
            1.27942992000005
          ],
          [
            103.803104441,
            1.27950751100001
          ],
          [
            103.802755166,
            1.28024391500003
          ],
          [
            103.802751022,
            1.28025296400007
          ],
          [
            103.802547764,
            1.28068074800006
          ],
          [
            103.802466214,
            1.28092564000002
          ],
          [
            103.802404791,
            1.28104023400005
          ],
          [
            103.802245878,
            1.28124594900003
          ],
          [
            103.802240782,
            1.28126030100003
          ],
          [
            103.802242617,
            1.28128202100002
          ],
          [
            103.802250883,
            1.28131366600008
          ],
          [
            103.802265935,
            1.28134049900006
          ],
          [
            103.802267627,
            1.28134244600006
          ]
        ]
      },
      "properties": {
        "OBJECTID": 211,
        "pcn_loop": "Southern Ridges Loop",
        "pcn": "Alexandra Garden Trail",
        "descriptionHTML": "Stretching from Depot Road to West Coast Highway, the 1 km Alexandra Garden Trail links Hort Park, the Southern Ridges and Labrador Park. Featuring a variety of flowering plants and foliage and more than 10 species of butterfly host and nectar plants, the Alexandra Garden Trail offers visitors scenic views and lush greenery.",
        "address": "Alexandra Garden Trail starts at Depot Road and runs along Alexandra Road before ending at West Coast Highway.",
        "Shape__Length": 984.6697499236031
      }
    },
    {
      "type": "Feature",
      "id": 228,
      "geometry": {
        "type": "LineString",
        "coordinates": [
          [
            103.822671384,
            1.28837997300007
          ],
          [
            103.822715701,
            1.28837617800002
          ],
          [
            103.822743497,
            1.28837502900008
          ],
          [
            103.822784815,
            1.28833908400002
          ],
          [
            103.8228425,
            1.28828501300006
          ],
          [
            103.822882452,
            1.28825764100002
          ],
          [
            103.822918399,
            1.28822825000003
          ],
          [
            103.822974639,
            1.28818226900006
          ],
          [
            103.823032507,
            1.28813547100002
          ],
          [
            103.823075768,
            1.28810048500004
          ],
          [
            103.823131592,
            1.28803616300007
          ],
          [
            103.823223729,
            1.28797132100003
          ],
          [
            103.823323007,
            1.28790104200004
          ],
          [
            103.823382966,
            1.28786070300002
          ],
          [
            103.823439321,
            1.28781399400003
          ],
          [
            103.82351858,
            1.28774354900002
          ],
          [
            103.823587199,
            1.28768255400007
          ],
          [
            103.82366413,
            1.28763034600006
          ],
          [
            103.823718656,
            1.28757691500004
          ],
          [
            103.823758085,
            1.28758334500003
          ],
          [
            103.823844481,
            1.28753302000005
          ],
          [
            103.82391138,
            1.28744275100007
          ],
          [
            103.823983652,
            1.28738149600002
          ],
          [
            103.824033103,
            1.28734321000007
          ],
          [
            103.824101572,
            1.28728578300007
          ],
          [
            103.824128198,
            1.28725132700003
          ],
          [
            103.824173436,
            1.28714873500007
          ],
          [
            103.82423851,
            1.28712115900005
          ],
          [
            103.824302288,
            1.28709079200006
          ],
          [
            103.824379252,
            1.28710201700006
          ],
          [
            103.824483941,
            1.28710477200002
          ],
          [
            103.824531268,
            1.28714846200006
          ],
          [
            103.82456153,
            1.28718775000003
          ],
          [
            103.82461648,
            1.28718294200007
          ],
          [
            103.824679754,
            1.28718241700005
          ],
          [
            103.8247254,
            1.28719007300004
          ],
          [
            103.824763438,
            1.28721304400005
          ],
          [
            103.82476693,
            1.28724882100005
          ],
          [
            103.824773406,
            1.28730749100005
          ],
          [
            103.824753305,
            1.28733958700003
          ],
          [
            103.824717791,
            1.28738915500002
          ],
          [
            103.824696981,
            1.28744199800002
          ],
          [
            103.824698889,
            1.28749833800003
          ],
          [
            103.824679753,
            1.28756143700003
          ],
          [
            103.824592264,
            1.28757675000001
          ],
          [
            103.824489561,
            1.28758823500003
          ],
          [
            103.82447815,
            1.28763800500007
          ],
          [
            103.824500972,
            1.28767246100006
          ],
          [
            103.824449217,
            1.28770976500004
          ],
          [
            103.824408755,
            1.28775882100006
          ],
          [
            103.824344017,
            1.28784446100002
          ],
          [
            103.82426272,
            1.28792133400003
          ],
          [
            103.824185254,
            1.28795959700005
          ],
          [
            103.824086536,
            1.28799815600007
          ],
          [
            103.823976043,
            1.28799405300003
          ],
          [
            103.823822077,
            1.28796885700005
          ],
          [
            103.823736796,
            1.28795936300002
          ],
          [
            103.823637222,
            1.28800103100002
          ],
          [
            103.823556489,
            1.28802045300006
          ],
          [
            103.82344731,
            1.28803616400006
          ],
          [
            103.823336998,
            1.28810507600002
          ],
          [
            103.823272333,
            1.28815867500004
          ],
          [
            103.823192452,
            1.28824290100004
          ],
          [
            103.823089749,
            1.28831564200005
          ],
          [
            103.822929988,
            1.28835775500005
          ],
          [
            103.822819677,
            1.28838455400006
          ],
          [
            103.822743497,
            1.28837502900008
          ]
        ]
      },
      "properties": {
        "OBJECTID": 228,
        "pcn_loop": "Southern Ridges Loop",
        "pcn": "Tiong Bahru Park",
        "descriptionHTML": "Developed in 1967, Tiong Bahru Park is a haven of tranquillity for the nearby residents of Henderson, Bukit Merah and Lower Delta Road. With the theme ‘Old Frame, New Images”, the park blends its existing structure with new facilities to provide a livelier ambience and to cater to different groups of park users.",
        "address": "",
        "Shape__Length": 589.9352132987478
      }
    },
    {
      "type": "Feature",
      "id": 229,
      "geometry": {
        "type": "LineString",
        "coordinates": [
          [
            103.765894184,
            1.30192307300007
          ],
          [
            103.765979799,
            1.30195976100003
          ],
          [
            103.765944333,
            1.30201113600003
          ],
          [
            103.765973823,
            1.302055906
          ],
          [
            103.766005324,
            1.30208105800005
          ],
          [
            103.766077603,
            1.30209014200005
          ],
          [
            103.766114709,
            1.30220418200002
          ],
          [
            103.766160408,
            1.30229168500007
          ],
          [
            103.766200378,
            1.30233046300002
          ],
          [
            103.766259073,
            1.30239356700001
          ],
          [
            103.766315185,
            1.30250507700004
          ],
          [
            103.76633746,
            1.30257149800003
          ],
          [
            103.766360305,
            1.30268765000006
          ],
          [
            103.766384306,
            1.30277117900004
          ],
          [
            103.766415453,
            1.30285795900005
          ],
          [
            103.766549387,
            1.30285721100005
          ],
          [
            103.766544675,
            1.30280032300005
          ],
          [
            103.766533902,
            1.30274749800002
          ],
          [
            103.766486749,
            1.30263728700004
          ],
          [
            103.766444798,
            1.30257062000003
          ],
          [
            103.766415016,
            1.30251062000001
          ],
          [
            103.766421711,
            1.30242769500005
          ],
          [
            103.766434233,
            1.30236638500004
          ],
          [
            103.76645278,
            1.30225657700003
          ],
          [
            103.766446039,
            1.30216259100007
          ],
          [
            103.766416171,
            1.30202715500007
          ],
          [
            103.766417955,
            1.30194110800005
          ],
          [
            103.76638959,
            1.30181507600001
          ],
          [
            103.766397343,
            1.30172887500003
          ],
          [
            103.766431873,
            1.30161469300003
          ],
          [
            103.766481566,
            1.30154083700007
          ],
          [
            103.766566104,
            1.30145015300008
          ],
          [
            103.766627063,
            1.30138739400007
          ],
          [
            103.766720471,
            1.30125997400006
          ],
          [
            103.766745832,
            1.30122065400007
          ],
          [
            103.766803388,
            1.30111405200004
          ],
          [
            103.76683113,
            1.30106540900004
          ],
          [
            103.766882027,
            1.30097426500003
          ],
          [
            103.766914037,
            1.30092490600003
          ],
          [
            103.766988139,
            1.30085415300004
          ],
          [
            103.767066042,
            1.30080110300002
          ],
          [
            103.767107028,
            1.30076981700006
          ],
          [
            103.767191435,
            1.30066820000008
          ],
          [
            103.767286988,
            1.30052513800008
          ],
          [
            103.767305628,
            1.30037498800005
          ],
          [
            103.767332727,
            1.30027465600005
          ],
          [
            103.767398633,
            1.30012937400005
          ],
          [
            103.767456365,
            1.30002203900006
          ],
          [
            103.767471426,
            1.29995692300001
          ],
          [
            103.767471988,
            1.29986374400003
          ],
          [
            103.767475822,
            1.29973625800005
          ],
          [
            103.767487185,
            1.29962003700006
          ],
          [
            103.767495362,
            1.29944975000007
          ],
          [
            103.767506051,
            1.29937068300007
          ],
          [
            103.767532544,
            1.29927616900007
          ],
          [
            103.767587185,
            1.29911966800005
          ],
          [
            103.767608628,
            1.29906433500001
          ],
          [
            103.767642118,
            1.29899198300007
          ],
          [
            103.767660964,
            1.29894262100003
          ],
          [
            103.767719132,
            1.29881517400003
          ],
          [
            103.767742028,
            1.29871176200004
          ],
          [
            103.767710071,
            1.29859111900004
          ],
          [
            103.76769436,
            1.29852483100006
          ],
          [
            103.767659988,
            1.29840852500006
          ],
          [
            103.767513428,
            1.29849007800004
          ],
          [
            103.767459173,
            1.29862624900005
          ],
          [
            103.76744741,
            1.29872002300005
          ],
          [
            103.767429312,
            1.29881712400004
          ],
          [
            103.767402776,
            1.29891542900004
          ],
          [
            103.767392935,
            1.29894844400006
          ],
          [
            103.767301235,
            1.298922197
          ],
          [
            103.767238311,
            1.29895709500004
          ],
          [
            103.767184779,
            1.29888886300005
          ]
        ]
      },
      "properties": {
        "OBJECTID": 229,
        "pcn_loop": "Southern Ridges Loop",
        "pcn": "Clementi Woods Park",
        "descriptionHTML": "With its tall mature native trees and natural vegetation, Clementi Woods Park is a welcoming retreat for those looking to get close to nature. Tree-lined footpaths allow nature lovers to walk among the woods while listening to the chirping of birds and the soothing hum of insects. The wooded ambience of the park makes it perfect for a quiet cool stroll in the morning or evening. Visitors can also enjoy a bird’s eye view of the surrounding area from a tower that is situated at one end of the park. Alternatively, dine at the restaurant located at the tower block, and bask in the tranquillity of Clementi Woods Park.",
        "address": "",
        "Shape__Length": 790.5445500441581
      }
    },
    {
      "type": "Feature",
      "id": 230,
      "geometry": {
        "type": "LineString",
        "coordinates": [
          [
            103.763063017,
            1.29710398700006
          ],
          [
            103.763006578,
            1.29719011000002
          ],
          [
            103.762976965,
            1.29723720900005
          ],
          [
            103.762973048,
            1.29728108300004
          ],
          [
            103.762941613,
            1.29732359100006
          ],
          [
            103.76293119,
            1.29739745000005
          ],
          [
            103.762890346,
            1.29744102200004
          ],
          [
            103.762888507,
            1.29746608600004
          ],
          [
            103.762926565,
            1.29749680700006
          ],
          [
            103.762965823,
            1.29767285300006
          ],
          [
            103.762985168,
            1.29775206200003
          ],
          [
            103.763016577,
            1.29790420900001
          ],
          [
            103.763018255,
            1.29808532600003
          ],
          [
            103.76301002,
            1.29821341000007
          ],
          [
            103.762880363,
            1.29849923000006
          ],
          [
            103.762818561,
            1.29861008200004
          ],
          [
            103.762773468,
            1.29869439400005
          ],
          [
            103.76270779,
            1.29881834900003
          ],
          [
            103.762641335,
            1.29893048700006
          ],
          [
            103.762518464,
            1.29914879000006
          ],
          [
            103.76246388,
            1.29924750300005
          ],
          [
            103.762416039,
            1.29935811000008
          ],
          [
            103.762406753,
            1.29945988900004
          ],
          [
            103.762435875,
            1.29962545200004
          ],
          [
            103.762411863,
            1.29972178500003
          ],
          [
            103.762379398,
            1.29977572900004
          ],
          [
            103.762287239,
            1.29985661500005
          ],
          [
            103.76220704,
            1.29988686100005
          ],
          [
            103.762096365,
            1.29989473200003
          ],
          [
            103.761972603,
            1.29983471600002
          ],
          [
            103.761932635,
            1.29980031700005
          ],
          [
            103.761857539,
            1.29965563000007
          ],
          [
            103.761854971,
            1.29964470700003
          ],
          [
            103.761831687,
            1.29957095500003
          ],
          [
            103.761780633,
            1.29954047200005
          ],
          [
            103.761715794,
            1.29953450100003
          ],
          [
            103.761607162,
            1.29952296300007
          ],
          [
            103.761539953,
            1.29947061800004
          ],
          [
            103.761474947,
            1.29941974900002
          ],
          [
            103.761388093,
            1.29935751200003
          ],
          [
            103.761308207,
            1.29935360800004
          ],
          [
            103.761296908,
            1.29935667300003
          ],
          [
            103.761171419,
            1.29938146500006
          ],
          [
            103.761033078,
            1.29940005800005
          ],
          [
            103.760953994,
            1.29937283200006
          ],
          [
            103.760849536,
            1.29931344900006
          ],
          [
            103.760718376,
            1.29923507200003
          ],
          [
            103.760650462,
            1.29918941500005
          ],
          [
            103.760551106,
            1.29911720200005
          ],
          [
            103.760438223,
            1.29902922500003
          ],
          [
            103.760327125,
            1.29893881500003
          ],
          [
            103.760313349,
            1.29879601200004
          ],
          [
            103.760283132,
            1.29868927300004
          ],
          [
            103.760277492,
            1.29847389100005
          ],
          [
            103.760312666,
            1.29831200300004
          ],
          [
            103.760366917,
            1.29816572900006
          ],
          [
            103.760419401,
            1.29806587300004
          ],
          [
            103.760506374,
            1.29794355100005
          ],
          [
            103.760617847,
            1.29777271400008
          ],
          [
            103.76074174,
            1.29760363700006
          ],
          [
            103.76083269,
            1.29749596700002
          ],
          [
            103.760958886,
            1.29735735600002
          ],
          [
            103.76107382,
            1.29725027700003
          ],
          [
            103.761161202,
            1.29717976100005
          ],
          [
            103.761302123,
            1.29708073800002
          ],
          [
            103.761384578,
            1.29703069000004
          ],
          [
            103.761503884,
            1.29696538200005
          ],
          [
            103.761624547,
            1.29690184600002
          ],
          [
            103.761765059,
            1.29682317500005
          ],
          [
            103.76196459,
            1.29674793100003
          ],
          [
            103.762123715,
            1.29669106700003
          ],
          [
            103.76216417,
            1.29667724500006
          ],
          [
            103.762270135,
            1.29664884900006
          ],
          [
            103.76234275,
            1.29664434700005
          ],
          [
            103.762433377,
            1.29667339300004
          ],
          [
            103.76252727,
            1.29672725600005
          ],
          [
            103.762570431,
            1.29678801900008
          ],
          [
            103.76262518,
            1.29693299900003
          ],
          [
            103.762654094,
            1.29697509600004
          ],
          [
            103.762869239,
            1.29707455000004
          ],
          [
            103.763063017,
            1.29710398700006
          ],
          [
            103.763167438,
            1.29707484400007
          ],
          [
            103.76330979,
            1.29699692600002
          ],
          [
            103.76343297,
            1.29693128600007
          ],
          [
            103.763711166,
            1.29677210400006
          ],
          [
            103.763839621,
            1.29656025000004
          ],
          [
            103.763877971,
            1.29644075500003
          ],
          [
            103.763896344,
            1.29631688100007
          ],
          [
            103.763920755,
            1.29619735200004
          ],
          [
            103.763964423,
            1.29610293100006
          ],
          [
            103.764008742,
            1.29599640300005
          ],
          [
            103.764055265,
            1.29590986800002
          ],
          [
            103.764117937,
            1.29583216600001
          ],
          [
            103.764201669,
            1.29563116400003
          ],
          [
            103.764226566,
            1.29550945400006
          ],
          [
            103.764189183,
            1.29540876200002
          ],
          [
            103.764152726,
            1.29535066000005
          ],
          [
            103.764100167,
            1.29526632800002
          ],
          [
            103.764053841,
            1.29519120600002
          ],
          [
            103.763989536,
            1.29508959800006
          ],
          [
            103.763909896,
            1.29487784100006
          ],
          [
            103.763902355,
            1.29483327300005
          ],
          [
            103.763882372,
            1.29465165000004
          ],
          [
            103.763879938,
            1.29452192700005
          ],
          [
            103.763902366,
            1.29437313000004
          ],
          [
            103.763934431,
            1.29416087200003
          ],
          [
            103.763965043,
            1.29396461100002
          ],
          [
            103.764033625,
            1.29376657200003
          ],
          [
            103.764128102,
            1.29358072400003
          ],
          [
            103.764251391,
            1.29342223000003
          ],
          [
            103.764389381,
            1.29326523400003
          ],
          [
            103.764592422,
            1.29305910000004
          ],
          [
            103.764761923,
            1.29291627900005
          ],
          [
            103.764873586,
            1.29282219200006
          ],
          [
            103.765026756,
            1.29269023800005
          ],
          [
            103.76517982,
            1.29256440500006
          ],
          [
            103.765315479,
            1.29244127800008
          ],
          [
            103.765442205,
            1.29232444900004
          ],
          [
            103.765584978,
            1.29219219200007
          ],
          [
            103.765697617,
            1.29208874600005
          ],
          [
            103.765786192,
            1.29200710600001
          ],
          [
            103.765842367,
            1.29195504200004
          ],
          [
            103.765898187,
            1.29190166100006
          ],
          [
            103.766016248,
            1.29178308400001
          ],
          [
            103.766093519,
            1.29171348000006
          ],
          [
            103.766166317,
            1.29172018400004
          ],
          [
            103.76624194,
            1.29172806200005
          ],
          [
            103.766376502,
            1.29174207900007
          ],
          [
            103.766472443,
            1.29172252600006
          ],
          [
            103.766519167,
            1.29170491300003
          ],
          [
            103.766439074,
            1.29182043200005
          ],
          [
            103.766400028,
            1.29187527000004
          ],
          [
            103.766352776,
            1.29193037300007
          ],
          [
            103.766314255,
            1.29195393800006
          ],
          [
            103.76628146,
            1.29193580400004
          ],
          [
            103.7662101,
            1.29195865800005
          ],
          [
            103.766124554,
            1.29195162600007
          ],
          [
            103.766066986,
            1.29195545400006
          ],
          [
            103.766035612,
            1.29196637200005
          ],
          [
            103.766036509,
            1.29204474800003
          ],
          [
            103.7660332,
            1.29213260100005
          ],
          [
            103.766038914,
            1.29220938400004
          ],
          [
            103.766045975,
            1.29229973600006
          ],
          [
            103.766001865,
            1.29231698700004
          ],
          [
            103.765888673,
            1.29235877600007
          ],
          [
            103.765745392,
            1.29241175300006
          ],
          [
            103.765585198,
            1.29250632100006
          ],
          [
            103.765558467,
            1.29250498200004
          ],
          [
            103.765505335,
            1.29259912900005
          ],
          [
            103.765448638,
            1.29268760600006
          ],
          [
            103.765398185,
            1.29282906000002
          ],
          [
            103.765380487,
            1.29290838100009
          ],
          [
            103.765371067,
            1.29301234200004
          ],
          [
            103.765321825,
            1.29310245800002
          ],
          [
            103.765256845,
            1.29314473100005
          ],
          [
            103.765193618,
            1.29316490500002
          ],
          [
            103.76512169,
            1.29329449400007
          ],
          [
            103.76514483,
            1.29339974300005
          ],
          [
            103.765134887,
            1.29346191600007
          ],
          [
            103.765070827,
            1.29355944800006
          ],
          [
            103.765011945,
            1.29359870500002
          ],
          [
            103.76490973,
            1.29369331100002
          ],
          [
            103.764832164,
            1.29382894200006
          ],
          [
            103.76478548,
            1.29391333300003
          ],
          [
            103.764758673,
            1.29406880000005
          ],
          [
            103.76471603,
            1.29416491700004
          ],
          [
            103.764698868,
            1.29428271500006
          ],
          [
            103.764646277,
            1.29439933700007
          ],
          [
            103.764612226,
            1.29449830500005
          ],
          [
            103.764590709,
            1.29463983900008
          ],
          [
            103.764615379,
            1.29477072300004
          ],
          [
            103.764637574,
            1.29491735300006
          ],
          [
            103.764618362,
            1.29504162100004
          ],
          [
            103.764574004,
            1.29513977800001
          ],
          [
            103.76451234,
            1.29523339400003
          ],
          [
            103.764428322,
            1.29529020000006
          ],
          [
            103.764334259,
            1.29534889900004
          ],
          [
            103.764297239,
            1.29543160300006
          ],
          [
            103.764293723,
            1.29548133600001
          ],
          [
            103.764266929,
            1.29559190300005
          ],
          [
            103.764238882,
            1.29568608900007
          ],
          [
            103.764204057,
            1.29576406300002
          ],
          [
            103.76416,
            1.29582428700008
          ],
          [
            103.764117937,
            1.29583216600001
          ]
        ]
      },
      "properties": {
        "OBJECTID": 230,
        "pcn_loop": "Southern Ridges Loop",
        "pcn": "West Coast Park",
        "descriptionHTML": "Themed as the \"Play Centre in the West\", West Coast Park is a large regional park located in the southwest of Singapore. A linear park comprising 50 hectares of park land, the park runs parallel to West Coast Highway. Standing at the centre core of Area 3 is the Adventure Play Area that caters to people of different age groups, from toddlers to young adults. This is the heart and most active zone of West Coast Park. If you like a quiet and peaceful environment, the eastern portion at Area 1 would be a good choice for park users to rest and relax. The western portion of the park has been transformed into a haven for park visitors who enjoy challenging and adventurous activities.",
        "address": "",
        "Shape__Length": 2485.0054282145898
      }
    },
    {
      "type": "Feature",
      "id": 231,
      "geometry": {
        "type": "LineString",
        "coordinates": [
          [
            103.766519167,
            1.29170491300003
          ],
          [
            103.766567506,
            1.29165627600002
          ],
          [
            103.766607028,
            1.29160881300002
          ],
          [
            103.766681679,
            1.29154368000008
          ],
          [
            103.766705718,
            1.29149128200003
          ],
          [
            103.766725053,
            1.29143799100008
          ],
          [
            103.76677118,
            1.29136320900005
          ],
          [
            103.766819724,
            1.29132380500004
          ],
          [
            103.766862087,
            1.29128942100004
          ],
          [
            103.767152262,
            1.29105437600004
          ],
          [
            103.767220016,
            1.29099929000005
          ],
          [
            103.767265058,
            1.29096266900006
          ],
          [
            103.767310248,
            1.29092592800003
          ],
          [
            103.767397789,
            1.29092874300006
          ],
          [
            103.767412128,
            1.29092920300008
          ],
          [
            103.767451937,
            1.29093048400005
          ],
          [
            103.767528581,
            1.29087894500003
          ],
          [
            103.767597414,
            1.29083314000007
          ],
          [
            103.767693321,
            1.29077170500006
          ],
          [
            103.767752119,
            1.29073645200002
          ],
          [
            103.767829875,
            1.29069290700005
          ],
          [
            103.767882392,
            1.29066525900004
          ],
          [
            103.767990399,
            1.29060829900004
          ],
          [
            103.768035636,
            1.29058688300005
          ],
          [
            103.768103153,
            1.29055491900005
          ],
          [
            103.768187043,
            1.29051695100004
          ],
          [
            103.768267498,
            1.29048053700005
          ],
          [
            103.768370392,
            1.29043530600007
          ],
          [
            103.768444416,
            1.29040362700005
          ],
          [
            103.768522475,
            1.29037272500004
          ],
          [
            103.768630838,
            1.29033479800006
          ],
          [
            103.768786888,
            1.29028273800002
          ],
          [
            103.768889722,
            1.29024877400001
          ],
          [
            103.768984003,
            1.29021871800006
          ],
          [
            103.769092638,
            1.29018695100005
          ],
          [
            103.769180418,
            1.29016145700007
          ],
          [
            103.769280206,
            1.29013555000005
          ],
          [
            103.769332608,
            1.29009369500005
          ],
          [
            103.769384974,
            1.29003578800006
          ],
          [
            103.769440486,
            1.29000182300007
          ],
          [
            103.76951683,
            1.28996548600001
          ],
          [
            103.769607918,
            1.28990493200007
          ],
          [
            103.769707454,
            1.28985664400006
          ],
          [
            103.769843622,
            1.28981430400005
          ],
          [
            103.769930081,
            1.28983947000006
          ],
          [
            103.77003782,
            1.28985009500001
          ],
          [
            103.770154095,
            1.28980559400002
          ],
          [
            103.770231386,
            1.28977096500006
          ],
          [
            103.770335883,
            1.28972400300006
          ],
          [
            103.770486909,
            1.28965665300006
          ],
          [
            103.77058777,
            1.28961614000001
          ],
          [
            103.770672457,
            1.28958523700003
          ],
          [
            103.770817097,
            1.28953339500003
          ],
          [
            103.770907296,
            1.28950294100003
          ],
          [
            103.771068526,
            1.28944908200002
          ],
          [
            103.771187147,
            1.28941010900008
          ],
          [
            103.77135023,
            1.28935611300004
          ],
          [
            103.77150264,
            1.28927029700003
          ],
          [
            103.771599267,
            1.28920360200005
          ],
          [
            103.771738488,
            1.28915125300006
          ],
          [
            103.771850994,
            1.28912272900004
          ],
          [
            103.771939488,
            1.28910539800005
          ],
          [
            103.772040453,
            1.28908761800006
          ],
          [
            103.772143499,
            1.28906719800006
          ],
          [
            103.772332741,
            1.28903159500003
          ],
          [
            103.772431214,
            1.28900746100004
          ],
          [
            103.772522132,
            1.28897572500004
          ],
          [
            103.772650213,
            1.28893125600007
          ],
          [
            103.772762685,
            1.28889028000003
          ],
          [
            103.772920851,
            1.28882924700002
          ],
          [
            103.773020411,
            1.28875403800004
          ],
          [
            103.773068783,
            1.28873742300005
          ],
          [
            103.773198051,
            1.28872881200003
          ],
          [
            103.77336388,
            1.28871759300007
          ],
          [
            103.773484356,
            1.28870702900002
          ],
          [
            103.773624235,
            1.28869511300007
          ],
          [
            103.773749717,
            1.28868464600003
          ],
          [
            103.773947277,
            1.28866951700007
          ],
          [
            103.774046199,
            1.28866049500005
          ],
          [
            103.774147445,
            1.28865126000005
          ],
          [
            103.774256751,
            1.28864048400004
          ],
          [
            103.774366127,
            1.28859874500005
          ],
          [
            103.774442072,
            1.28854980100005
          ],
          [
            103.774540986,
            1.28847684500004
          ],
          [
            103.774608783,
            1.28839867700002
          ],
          [
            103.774663049,
            1.28829198100004
          ],
          [
            103.77473136,
            1.28827122300004
          ],
          [
            103.774788203,
            1.28822231500004
          ],
          [
            103.774890143,
            1.28817446600003
          ],
          [
            103.774991421,
            1.28811878500006
          ],
          [
            103.775113816,
            1.28804982700006
          ],
          [
            103.775191268,
            1.28797165500004
          ],
          [
            103.775210315,
            1.28785432100005
          ],
          [
            103.775177864,
            1.28777340500005
          ],
          [
            103.775012055,
            1.28765375400008
          ],
          [
            103.774908752,
            1.28757356200002
          ],
          [
            103.774739109,
            1.28742184600003
          ],
          [
            103.774612251,
            1.28728731700005
          ],
          [
            103.774533701,
            1.28719751500005
          ],
          [
            103.774485833,
            1.28710719600004
          ],
          [
            103.774446805,
            1.28701964300005
          ],
          [
            103.774359627,
            1.28695680000004
          ],
          [
            103.774251424,
            1.28696970400006
          ],
          [
            103.77408235,
            1.28706959500004
          ],
          [
            103.774024333,
            1.28711078800006
          ],
          [
            103.773965542,
            1.28721574200006
          ],
          [
            103.773923223,
            1.28729129100003
          ],
          [
            103.773861849,
            1.28735335600005
          ],
          [
            103.773818064,
            1.28733897600005
          ],
          [
            103.773754454,
            1.28734406300004
          ],
          [
            103.773690576,
            1.28736965800004
          ],
          [
            103.773640917,
            1.28739506700004
          ],
          [
            103.773588215,
            1.28742154400004
          ],
          [
            103.773408381,
            1.28752915000007
          ],
          [
            103.773188808,
            1.28767141300006
          ],
          [
            103.773055075,
            1.28775230700005
          ],
          [
            103.772891846,
            1.28783445500005
          ],
          [
            103.772739802,
            1.28789191200003
          ],
          [
            103.772620036,
            1.28789056800003
          ],
          [
            103.772513169,
            1.28790817700001
          ],
          [
            103.772331163,
            1.28799096800002
          ],
          [
            103.772195839,
            1.28804807700003
          ],
          [
            103.772064043,
            1.28808232900007
          ],
          [
            103.771860764,
            1.28811389400006
          ],
          [
            103.771724648,
            1.28813502900004
          ],
          [
            103.771564794,
            1.28817022300006
          ],
          [
            103.771456016,
            1.28819417200003
          ],
          [
            103.771309938,
            1.28826252100004
          ],
          [
            103.771200345,
            1.28829621300002
          ],
          [
            103.771119203,
            1.28832892000002
          ],
          [
            103.771074696,
            1.28837924100003
          ],
          [
            103.771054491,
            1.28845588800003
          ],
          [
            103.771002953,
            1.28850590000007
          ],
          [
            103.770862186,
            1.28857824000005
          ],
          [
            103.770806601,
            1.28863566000006
          ],
          [
            103.770730929,
            1.28875481200003
          ],
          [
            103.770617366,
            1.28886245400001
          ],
          [
            103.770478373,
            1.28892049500006
          ],
          [
            103.770343569,
            1.28894464700005
          ],
          [
            103.770188309,
            1.28903566400003
          ],
          [
            103.770138947,
            1.28907709200009
          ],
          [
            103.770065601,
            1.28915599700003
          ],
          [
            103.769966318,
            1.28925789000005
          ],
          [
            103.769851849,
            1.28932816200005
          ],
          [
            103.769749471,
            1.28941081800002
          ],
          [
            103.769730273,
            1.28949209000008
          ],
          [
            103.76980333,
            1.28960247700008
          ],
          [
            103.769846435,
            1.28970486500002
          ],
          [
            103.769719832,
            1.28974833600005
          ],
          [
            103.769604873,
            1.28978633000003
          ],
          [
            103.769454387,
            1.28983448400003
          ],
          [
            103.769309479,
            1.28986786900003
          ],
          [
            103.769174296,
            1.28984872100005
          ],
          [
            103.769097382,
            1.28983540400001
          ],
          [
            103.768986265,
            1.28988695000005
          ],
          [
            103.768898844,
            1.28994247600002
          ],
          [
            103.768802065,
            1.29000850200003
          ],
          [
            103.76873525,
            1.29008669400001
          ],
          [
            103.768636544,
            1.29011693300003
          ],
          [
            103.768552372,
            1.29015404600005
          ],
          [
            103.768390707,
            1.29020640500004
          ],
          [
            103.768219581,
            1.29027956400006
          ],
          [
            103.768106877,
            1.290342257
          ],
          [
            103.76797891,
            1.29039805900002
          ],
          [
            103.767825113,
            1.29049315000002
          ],
          [
            103.767761696,
            1.29056383000004
          ],
          [
            103.767716032,
            1.29066009200004
          ],
          [
            103.767631894,
            1.29074645900004
          ],
          [
            103.767522087,
            1.29080430800002
          ],
          [
            103.767475869,
            1.29083497700002
          ],
          [
            103.767397789,
            1.29092874300006
          ]
        ]
      },
      "properties": {
        "OBJECTID": 231,
        "pcn_loop": "Southern Ridges Loop",
        "pcn": "West Coast Park",
        "descriptionHTML": "Themed as the \"Play Centre in the West\", West Coast Park is a large regional park located in the southwest of Singapore. A linear park comprising 50 hectares of park land, the park runs parallel to West Coast Highway. Standing at the centre core of Area 3 is the Adventure Play Area that caters to people of different age groups, from toddlers to young adults. This is the heart and most active zone of West Coast Park. If you like a quiet and peaceful environment, the eastern portion at Area 1 would be a good choice for park users to rest and relax. The western portion of the park has been transformed into a haven for park visitors who enjoy challenging and adventurous activities.",
        "address": "",
        "Shape__Length": 2196.6487548898813
      }
    },
    {
      "type": "Feature",
      "id": 249,
      "geometry": {
        "type": "LineString",
        "coordinates": [
          [
            103.750077219,
            1.32854112700006
          ],
          [
            103.750082598,
            1.32780313000005
          ],
          [
            103.750181834,
            1.32699156200005
          ],
          [
            103.750213837,
            1.32672983300004
          ],
          [
            103.750476174,
            1.32628855500006
          ],
          [
            103.751049455,
            1.32532102300006
          ],
          [
            103.751477883,
            1.32449575800007
          ],
          [
            103.751822602,
            1.32382739200004
          ],
          [
            103.751994595,
            1.32349247400003
          ],
          [
            103.752100216,
            1.32337438800005
          ],
          [
            103.752222062,
            1.32329064500003
          ],
          [
            103.752370652,
            1.32325774800006
          ],
          [
            103.752593537,
            1.32322186400005
          ],
          [
            103.752829492,
            1.32325588400004
          ],
          [
            103.753379388,
            1.32361024800003
          ],
          [
            103.754277929,
            1.32414367100005
          ],
          [
            103.754847492,
            1.32449630300004
          ],
          [
            103.755277058,
            1.32474873400003
          ],
          [
            103.755545363,
            1.32490472600006
          ],
          [
            103.755709223,
            1.32496225500005
          ],
          [
            103.755862696,
            1.32501807100005
          ],
          [
            103.756053947,
            1.32504601300008
          ],
          [
            103.75621619,
            1.32507261600006
          ],
          [
            103.756458109,
            1.32505799000006
          ],
          [
            103.756641305,
            1.32505102900006
          ],
          [
            103.756786312,
            1.32500646100005
          ],
          [
            103.756977022,
            1.32494784500006
          ],
          [
            103.757088887,
            1.32488944800002
          ],
          [
            103.757325879,
            1.32474695200005
          ],
          [
            103.75762175,
            1.32453806300003
          ],
          [
            103.757884587,
            1.32434019400005
          ],
          [
            103.758070499,
            1.32421804000006
          ],
          [
            103.758406066,
            1.32397840700002
          ],
          [
            103.758752364,
            1.32376594800007
          ],
          [
            103.75912087,
            1.32361042700006
          ],
          [
            103.759485088,
            1.32352118000006
          ],
          [
            103.759687169,
            1.32352118600004
          ],
          [
            103.760126838,
            1.32368582300006
          ],
          [
            103.760421504,
            1.32379414000007
          ],
          [
            103.760946559,
            1.32413525100003
          ],
          [
            103.761119898,
            1.32423346100007
          ],
          [
            103.761310073,
            1.32431989300006
          ],
          [
            103.761705252,
            1.32447058800006
          ],
          [
            103.761889227,
            1.32452229200003
          ],
          [
            103.762194785,
            1.32456212700004
          ],
          [
            103.762345285,
            1.32457514300006
          ],
          [
            103.762577569,
            1.32459028900006
          ],
          [
            103.762812934,
            1.32458885900007
          ],
          [
            103.762991242,
            1.32456302200007
          ],
          [
            103.763136741,
            1.32452569900004
          ],
          [
            103.763285094,
            1.32448550400005
          ],
          [
            103.76348052,
            1.32442521100006
          ],
          [
            103.764105136,
            1.32422731000003
          ],
          [
            103.764394887,
            1.32411225800009
          ],
          [
            103.765098136,
            1.32386103400005
          ],
          [
            103.765725783,
            1.32363995700007
          ],
          [
            103.766330606,
            1.32342174900001
          ],
          [
            103.766742856,
            1.32324660800004
          ],
          [
            103.767110888,
            1.32299824500006
          ],
          [
            103.767307742,
            1.32285611700008
          ],
          [
            103.767511729,
            1.32272834700006
          ],
          [
            103.767769922,
            1.32255607300004
          ],
          [
            103.768550216,
            1.32166597100006
          ],
          [
            103.76898815,
            1.32115488000004
          ],
          [
            103.770006666,
            1.32006091700004
          ],
          [
            103.770505937,
            1.31956705600005
          ],
          [
            103.770742735,
            1.31932586800002
          ],
          [
            103.77083708,
            1.31922879100005
          ],
          [
            103.770887487,
            1.31916610800004
          ]
        ]
      },
      "properties": {
        "OBJECTID": 249,
        "pcn_loop": "Southern Ridges Loop",
        "pcn": "Ulu Pandan Park Connector",
        "descriptionHTML": "Starting from Commonwealth Ave West, Ulu Pandan Park Connector runs through the Ghim Moh estates, Dover MRT station and the Holland Grove estates. Crossing Clementi Road, it links back to cut across the Clementi and Sunset estates, before leading you towards Ayer-Rajah Expressway (AYE). Thereafter, continue to follow the Ulu Pandan Park Connector up north and it will eventually lead you to the Pan Island Expressway (PIE), completing the 7.1KM walk.",
        "address": "Ulu Pandan Park Connector starts at Commonwealth Ave West and runs along the Sungei Ulu Pandan Canal before ending at Pan Island Expressway.",
        "Shape__Length": 3068.5653818920878
      }
    },
    {
      "type": "Feature",
      "id": 250,
      "geometry": {
        "type": "LineString",
        "coordinates": [
          [
            103.771625003,
            1.31861445100002
          ],
          [
            103.771769251,
            1.31849233500001
          ],
          [
            103.772044676,
            1.31828200100005
          ],
          [
            103.772362464,
            1.31804073500006
          ],
          [
            103.77278803,
            1.31773805600005
          ],
          [
            103.773545251,
            1.31719969400007
          ],
          [
            103.774112275,
            1.31679293100005
          ],
          [
            103.774726342,
            1.31637726500002
          ],
          [
            103.775332594,
            1.31594896800003
          ],
          [
            103.775911306,
            1.31556712500002
          ],
          [
            103.776503134,
            1.31514950200005
          ],
          [
            103.7769912,
            1.31480160800005
          ],
          [
            103.777222772,
            1.31461861800004
          ],
          [
            103.777391595,
            1.31449856500006
          ],
          [
            103.777678171,
            1.31429393000008
          ],
          [
            103.777965809,
            1.31400509400003
          ],
          [
            103.778195408,
            1.31375559800006
          ],
          [
            103.778503235,
            1.31345925000005
          ],
          [
            103.778672456,
            1.31330836000007
          ],
          [
            103.778790408,
            1.31322541400004
          ],
          [
            103.778894534,
            1.31317182800005
          ],
          [
            103.779035768,
            1.31309914300004
          ],
          [
            103.779291659,
            1.31301344200006
          ],
          [
            103.779785053,
            1.31289423200008
          ],
          [
            103.780728268,
            1.31266739600006
          ],
          [
            103.781647556,
            1.31244618200003
          ],
          [
            103.782447295,
            1.31211436500006
          ],
          [
            103.783193183,
            1.31181782300008
          ],
          [
            103.783729725,
            1.31160551700002
          ],
          [
            103.784197132,
            1.31142141100002
          ],
          [
            103.784717557,
            1.31121421800004
          ],
          [
            103.784806366,
            1.31117947500008
          ],
          [
            103.784905864,
            1.31109929500001
          ],
          [
            103.786456876,
            1.30985711600005
          ],
          [
            103.787654713,
            1.30891621200005
          ],
          [
            103.787794769,
            1.30882419400006
          ],
          [
            103.787923309,
            1.30875304600004
          ],
          [
            103.788128855,
            1.30863927200005
          ],
          [
            103.788589102,
            1.30843193600003
          ]
        ]
      },
      "properties": {
        "OBJECTID": 250,
        "pcn_loop": "Southern Ridges Loop",
        "pcn": "Ulu Pandan Park Connector",
        "descriptionHTML": "Starting from Commonwealth Ave West, Ulu Pandan Park Connector runs through the Ghim Moh estates, Dover MRT station and the Holland Grove estates. Crossing Clementi Road, it links back to cut across the Clementi and Sunset estates, before leading you towards Ayer-Rajah Expressway (AYE). Thereafter, continue to follow the Ulu Pandan Park Connector up north and it will eventually lead you to the Pan Island Expressway (PIE), completing the 7.1KM walk.",
        "address": "Ulu Pandan Park Connector starts at Commonwealth Ave West and runs along the Sungei Ulu Pandan Canal before ending at Pan Island Expressway.",
        "Shape__Length": 2231.969584840728
      }
    },
    {
      "type": "Feature",
      "id": 251,
      "geometry": {
        "type": "LineString",
        "coordinates": [
          [
            103.787988601,
            1.30826330500003
          ],
          [
            103.787980393,
            1.30829221800001
          ],
          [
            103.787918834,
            1.30833765100005
          ],
          [
            103.787834703,
            1.30837688900003
          ],
          [
            103.78771569,
            1.30841612600004
          ],
          [
            103.78753922,
            1.30854416800003
          ],
          [
            103.787241683,
            1.30878992500003
          ],
          [
            103.786917469,
            1.30905426900005
          ],
          [
            103.786367539,
            1.30951274000005
          ],
          [
            103.785062478,
            1.31056185400006
          ],
          [
            103.784666445,
            1.31088402200003
          ],
          [
            103.784477663,
            1.31102032300002
          ],
          [
            103.784165764,
            1.31114216600003
          ],
          [
            103.783872333,
            1.31125574800006
          ],
          [
            103.783310094,
            1.31148291200003
          ],
          [
            103.782998194,
            1.31160269000003
          ],
          [
            103.782680139,
            1.31172659700008
          ],
          [
            103.782557021,
            1.31177616100005
          ],
          [
            103.782362084,
            1.31185670000002
          ],
          [
            103.781676726,
            1.31213342700004
          ],
          [
            103.78143049,
            1.31220364100006
          ],
          [
            103.781288905,
            1.31223668100006
          ],
          [
            103.780558398,
            1.31239978500003
          ],
          [
            103.779907353,
            1.31256057600006
          ],
          [
            103.779629379,
            1.31262922900003
          ],
          [
            103.779405667,
            1.31268448000002
          ],
          [
            103.779082335,
            1.31276433400007
          ],
          [
            103.778908628,
            1.31283554700002
          ],
          [
            103.778755673,
            1.31289457100007
          ],
          [
            103.778560669,
            1.31303122800005
          ],
          [
            103.778377164,
            1.31318662500007
          ],
          [
            103.778116561,
            1.31343444800007
          ],
          [
            103.777898526,
            1.31368198000007
          ],
          [
            103.777648703,
            1.31395281000003
          ],
          [
            103.777517376,
            1.31406433000006
          ],
          [
            103.777258826,
            1.31425845600007
          ],
          [
            103.776866897,
            1.31451866700006
          ],
          [
            103.776723258,
            1.31461572900003
          ],
          [
            103.776587826,
            1.31470866200005
          ],
          [
            103.776368264,
            1.31486354900005
          ],
          [
            103.776089193,
            1.31505973900005
          ],
          [
            103.774665114,
            1.31606960500006
          ],
          [
            103.774067985,
            1.31648676700007
          ],
          [
            103.773684262,
            1.31675317300004
          ],
          [
            103.773417504,
            1.31694523400006
          ],
          [
            103.772678787,
            1.31747391500006
          ],
          [
            103.771923654,
            1.31801292200004
          ],
          [
            103.771712298,
            1.31816987400005
          ],
          [
            103.771641452,
            1.31822334700007
          ]
        ]
      },
      "properties": {
        "OBJECTID": 251,
        "pcn_loop": "Southern Ridges Loop",
        "pcn": "Ulu Pandan Park Connector",
        "descriptionHTML": "Starting from Commonwealth Ave West, Ulu Pandan Park Connector runs through the Ghim Moh estates, Dover MRT station and the Holland Grove estates. Crossing Clementi Road, it links back to cut across the Clementi and Sunset estates, before leading you towards Ayer-Rajah Expressway (AYE). Thereafter, continue to follow the Ulu Pandan Park Connector up north and it will eventually lead you to the Pan Island Expressway (PIE), completing the 7.1KM walk.",
        "address": "Ulu Pandan Park Connector starts at Commonwealth Ave West and runs along the Sungei Ulu Pandan Canal before ending at Pan Island Expressway.",
        "Shape__Length": 2162.5629324949086
      }
    },
    {
      "type": "Feature",
      "id": 259,
      "geometry": {
        "type": "LineString",
        "coordinates": [
          [
            103.762509504,
            1.30129737500004
          ],
          [
            103.762975804,
            1.30029134900001
          ],
          [
            103.763050567,
            1.30011930900003
          ],
          [
            103.763115128,
            1.29998507500005
          ],
          [
            103.763281554,
            1.29970033600006
          ],
          [
            103.763340993,
            1.29957016900005
          ],
          [
            103.763391873,
            1.29945962300007
          ],
          [
            103.763428009,
            1.29942325400002
          ],
          [
            103.763495221,
            1.29939446900004
          ]
        ]
      },
      "properties": {
        "OBJECTID": 259,
        "pcn_loop": "Southern Ridges Loop",
        "pcn": "West Coast Park Connector",
        "descriptionHTML": "Running through residential areas and schools, the West Coast Park Connector links Pandan Reservoir and Pandan Reservoir Fitness Corner with West Coast Park, and leads to Clementi Woods Park. Level and smooth, it is an ideal cycling route for amateur cyclists looking to travel from Pandan Gardens estate to the West Coast estate. Eagles have also been spotted soaring in the skies above this stretch. With its relatively flat terrain, the West Coast Park Connector is also suitable for leisure joggers seeking a comfortable run or amateur skaters looking to hone their skating skills.",
        "address": "Ulu Pandan Park Connector starts West Coast Park and runs along West Coast Road before ending at Pandan Gardens Park Connector",
        "Shape__Length": 240.98376672545442
      }
    },
    {
      "type": "Feature",
      "id": 260,
      "geometry": {
        "type": "LineString",
        "coordinates": [
          [
            103.75960032,
            1.30660213800008
          ],
          [
            103.759456803,
            1.30654676000007
          ],
          [
            103.759447888,
            1.30655094700006
          ],
          [
            103.759441056,
            1.30656150400006
          ]
        ]
      },
      "properties": {
        "OBJECTID": 260,
        "pcn_loop": "Southern Ridges Loop",
        "pcn": "West Coast Park Connector",
        "descriptionHTML": "Running through residential areas and schools, the West Coast Park Connector links Pandan Reservoir and Pandan Reservoir Fitness Corner with West Coast Park, and leads to Clementi Woods Park. Level and smooth, it is an ideal cycling route for amateur cyclists looking to travel from Pandan Gardens estate to the West Coast estate. Eagles have also been spotted soaring in the skies above this stretch. With its relatively flat terrain, the West Coast Park Connector is also suitable for leisure joggers seeking a comfortable run or amateur skaters looking to hone their skating skills.",
        "address": "Ulu Pandan Park Connector starts West Coast Park and runs along West Coast Road before ending at Pandan Gardens Park Connector",
        "Shape__Length": 19.621469283582513
      }
    },
    {
      "type": "Feature",
      "id": 261,
      "geometry": {
        "type": "LineString",
        "coordinates": [
          [
            103.758196244,
            1.30834236200008
          ],
          [
            103.758170572,
            1.30831918900004
          ],
          [
            103.758142637,
            1.30832576800003
          ],
          [
            103.758115891,
            1.30834311600005
          ],
          [
            103.758041593,
            1.30843882500005
          ],
          [
            103.757987505,
            1.30851419700003
          ],
          [
            103.757977316,
            1.30856816000005
          ],
          [
            103.757956618,
            1.30861165900006
          ]
        ]
      },
      "properties": {
        "OBJECTID": 261,
        "pcn_loop": "Southern Ridges Loop",
        "pcn": "West Coast Park Connector",
        "descriptionHTML": "Running through residential areas and schools, the West Coast Park Connector links Pandan Reservoir and Pandan Reservoir Fitness Corner with West Coast Park, and leads to Clementi Woods Park. Level and smooth, it is an ideal cycling route for amateur cyclists looking to travel from Pandan Gardens estate to the West Coast estate. Eagles have also been spotted soaring in the skies above this stretch. With its relatively flat terrain, the West Coast Park Connector is also suitable for leisure joggers seeking a comfortable run or amateur skaters looking to hone their skating skills.",
        "address": "Ulu Pandan Park Connector starts West Coast Park and runs along West Coast Road before ending at Pandan Gardens Park Connector",
        "Shape__Length": 45.89164824352823
      }
    },
    {
      "type": "Feature",
      "id": 262,
      "geometry": {
        "type": "LineString",
        "coordinates": [
          [
            103.756946702,
            1.31044107600007
          ],
          [
            103.756738118,
            1.31042540900005
          ],
          [
            103.756494386,
            1.31066097300003
          ],
          [
            103.756499732,
            1.31078480100008
          ]
        ]
      },
      "properties": {
        "OBJECTID": 262,
        "pcn_loop": "Southern Ridges Loop",
        "pcn": "West Coast Park Connector",
        "descriptionHTML": "Running through residential areas and schools, the West Coast Park Connector links Pandan Reservoir and Pandan Reservoir Fitness Corner with West Coast Park, and leads to Clementi Woods Park. Level and smooth, it is an ideal cycling route for amateur cyclists looking to travel from Pandan Gardens estate to the West Coast estate. Eagles have also been spotted soaring in the skies above this stretch. With its relatively flat terrain, the West Coast Park Connector is also suitable for leisure joggers seeking a comfortable run or amateur skaters looking to hone their skating skills.",
        "address": "Ulu Pandan Park Connector starts West Coast Park and runs along West Coast Road before ending at Pandan Gardens Park Connector",
        "Shape__Length": 74.82373941022195
      }
    },
    {
      "type": "Feature",
      "id": 263,
      "geometry": {
        "type": "LineString",
        "coordinates": [
          [
            103.753469612,
            1.31451697800003
          ],
          [
            103.753405314,
            1.31459139400003
          ]
        ]
      },
      "properties": {
        "OBJECTID": 263,
        "pcn_loop": "Southern Ridges Loop",
        "pcn": "West Coast Park Connector",
        "descriptionHTML": "Running through residential areas and schools, the West Coast Park Connector links Pandan Reservoir and Pandan Reservoir Fitness Corner with West Coast Park, and leads to Clementi Woods Park. Level and smooth, it is an ideal cycling route for amateur cyclists looking to travel from Pandan Gardens estate to the West Coast estate. Eagles have also been spotted soaring in the skies above this stretch. With its relatively flat terrain, the West Coast Park Connector is also suitable for leisure joggers seeking a comfortable run or amateur skaters looking to hone their skating skills.",
        "address": "Ulu Pandan Park Connector starts West Coast Park and runs along West Coast Road before ending at Pandan Gardens Park Connector",
        "Shape__Length": 10.94949847117159
      }
    },
    {
      "type": "Feature",
      "id": 264,
      "geometry": {
        "type": "LineString",
        "coordinates": [
          [
            103.753137157,
            1.31464818100005
          ],
          [
            103.752993134,
            1.31483836700003
          ]
        ]
      },
      "properties": {
        "OBJECTID": 264,
        "pcn_loop": "Southern Ridges Loop",
        "pcn": "West Coast Park Connector",
        "descriptionHTML": "Running through residential areas and schools, the West Coast Park Connector links Pandan Reservoir and Pandan Reservoir Fitness Corner with West Coast Park, and leads to Clementi Woods Park. Level and smooth, it is an ideal cycling route for amateur cyclists looking to travel from Pandan Gardens estate to the West Coast estate. Eagles have also been spotted soaring in the skies above this stretch. With its relatively flat terrain, the West Coast Park Connector is also suitable for leisure joggers seeking a comfortable run or amateur skaters looking to hone their skating skills.",
        "address": "Ulu Pandan Park Connector starts West Coast Park and runs along West Coast Road before ending at Pandan Gardens Park Connector",
        "Shape__Length": 26.56139767908034
      }
    },
    {
      "type": "Feature",
      "id": 265,
      "geometry": {
        "type": "LineString",
        "coordinates": [
          [
            103.752530328,
            1.31538575500003
          ],
          [
            103.752472929,
            1.31544664700005
          ]
        ]
      },
      "properties": {
        "OBJECTID": 265,
        "pcn_loop": "Southern Ridges Loop",
        "pcn": "West Coast Park Connector",
        "descriptionHTML": "Running through residential areas and schools, the West Coast Park Connector links Pandan Reservoir and Pandan Reservoir Fitness Corner with West Coast Park, and leads to Clementi Woods Park. Level and smooth, it is an ideal cycling route for amateur cyclists looking to travel from Pandan Gardens estate to the West Coast estate. Eagles have also been spotted soaring in the skies above this stretch. With its relatively flat terrain, the West Coast Park Connector is also suitable for leisure joggers seeking a comfortable run or amateur skaters looking to hone their skating skills.",
        "address": "Ulu Pandan Park Connector starts West Coast Park and runs along West Coast Road before ending at Pandan Gardens Park Connector",
        "Shape__Length": 9.316607374111436
      }
    },
    {
      "type": "Feature",
      "id": 266,
      "geometry": {
        "type": "LineString",
        "coordinates": [
          [
            103.751320801,
            1.31661281000002
          ],
          [
            103.751036094,
            1.31692278800005
          ]
        ]
      },
      "properties": {
        "OBJECTID": 266,
        "pcn_loop": "Southern Ridges Loop",
        "pcn": "West Coast Park Connector",
        "descriptionHTML": "Running through residential areas and schools, the West Coast Park Connector links Pandan Reservoir and Pandan Reservoir Fitness Corner with West Coast Park, and leads to Clementi Woods Park. Level and smooth, it is an ideal cycling route for amateur cyclists looking to travel from Pandan Gardens estate to the West Coast estate. Eagles have also been spotted soaring in the skies above this stretch. With its relatively flat terrain, the West Coast Park Connector is also suitable for leisure joggers seeking a comfortable run or amateur skaters looking to hone their skating skills.",
        "address": "Ulu Pandan Park Connector starts West Coast Park and runs along West Coast Road before ending at Pandan Gardens Park Connector",
        "Shape__Length": 46.859450627911656
      }
    },
    {
      "type": "Feature",
      "id": 267,
      "geometry": {
        "type": "LineString",
        "coordinates": [
          [
            103.750765718,
            1.31720383000005
          ],
          [
            103.7507017,
            1.31726267500004
          ]
        ]
      },
      "properties": {
        "OBJECTID": 267,
        "pcn_loop": "Southern Ridges Loop",
        "pcn": "West Coast Park Connector",
        "descriptionHTML": "Running through residential areas and schools, the West Coast Park Connector links Pandan Reservoir and Pandan Reservoir Fitness Corner with West Coast Park, and leads to Clementi Woods Park. Level and smooth, it is an ideal cycling route for amateur cyclists looking to travel from Pandan Gardens estate to the West Coast estate. Eagles have also been spotted soaring in the skies above this stretch. With its relatively flat terrain, the West Coast Park Connector is also suitable for leisure joggers seeking a comfortable run or amateur skaters looking to hone their skating skills.",
        "address": "Ulu Pandan Park Connector starts West Coast Park and runs along West Coast Road before ending at Pandan Gardens Park Connector",
        "Shape__Length": 9.68087261982957
      }
    }
  ]
}