{
  "type": "FeatureCollection",
  "features": [
    {
      "type": "Feature",
      "id": 149,
      "geometry": {
        "type": "LineString",
        "coordinates": [
          [
            103.766830316,
            1.38071696800006
          ],
          [
            103.767066732,
            1.38057053900006
          ],
          [
            103.767808916,
            1.38010958800004
          ],
          [
            103.767793876,
            1.38008149700006
          ],
          [
            103.767647885,
            1.37980881100004
          ],
          [
            103.76784596,
            1.37968260600006
          ],
          [
            103.767984871,
            1.37959587900002
          ],
          [
            103.768040178,
            1.37956351900004
          ],
          [
            103.768086856,
            1.37954194000002
          ],
          [
            103.768232225,
            1.37945477300001
          ],
          [
            103.768253282,
            1.37943307200004
          ],
          [
            103.7683243,
            1.37938234000006
          ],
          [
            103.768756613,
            1.37911359500004
          ],
          [
            103.769106803,
            1.37889503800004
          ],
          [
            103.769319396,
            1.37876756600002
          ],
          [
            103.769596823,
            1.37860004000004
          ],
          [
            103.769972837,
            1.37836511300002
          ],
          [
            103.77020631,
            1.37821652500002
          ],
          [
            103.770243721,
            1.37815797900004
          ],
          [
            103.770308565,
            1.37810245800004
          ],
          [
            103.770429794,
            1.37802599200005
          ],
          [
            103.770839937,
            1.37777138100008
          ],
          [
            103.771489727,
            1.37737004800004
          ],
          [
            103.771496469,
            1.37731883700007
          ],
          [
            103.771538794,
            1.37731633900006
          ],
          [
            103.771662159,
            1.37735056200005
          ],
          [
            103.771760334,
            1.37728753600005
          ],
          [
            103.771845164,
            1.37723691600008
          ],
          [
            103.771871896,
            1.37717194700002
          ],
          [
            103.771880179,
            1.37711086800004
          ],
          [
            103.771881882,
            1.37707853400001
          ],
          [
            103.771887692,
            1.37704136600006
          ],
          [
            103.771932538,
            1.37703863600006
          ],
          [
            103.772004592,
            1.37702319600004
          ],
          [
            103.772387413,
            1.37683647100005
          ],
          [
            103.77313215,
            1.37639589900004
          ],
          [
            103.773703172,
            1.37604115700004
          ],
          [
            103.774147285,
            1.37577376500002
          ],
          [
            103.77425466,
            1.37570255000003
          ],
          [
            103.774385084,
            1.37567413300007
          ],
          [
            103.774495133,
            1.37562768600004
          ],
          [
            103.774840403,
            1.37552167000007
          ],
          [
            103.775010365,
            1.37548718300008
          ],
          [
            103.77517319,
            1.37546106300004
          ],
          [
            103.775211705,
            1.37545480300003
          ],
          [
            103.775368517,
            1.37543996000005
          ],
          [
            103.775883604,
            1.37539404800002
          ],
          [
            103.775929458,
            1.37535661400006
          ],
          [
            103.775989828,
            1.37535135800005
          ],
          [
            103.776027112,
            1.37533863500004
          ],
          [
            103.776079634,
            1.37530602800007
          ],
          [
            103.776079281,
            1.37512080300007
          ],
          [
            103.776107089,
            1.37512112800003
          ],
          [
            103.776107153,
            1.37528877100003
          ],
          [
            103.77613362,
            1.37528868400005
          ],
          [
            103.776134153,
            1.37519804700001
          ],
          [
            103.776180228,
            1.37514630100003
          ],
          [
            103.776278239,
            1.37509829200007
          ]
        ]
      },
      "properties": {
        "OBJECTID": 149,
        "pcn_loop": "Western Adventure Loop",
        "pcn": "Pang Sua Park Connector",
        "descriptionHTML": "Starting from Zhenghua Nature Park, the Pang Sua Park Connector runs along Bukit Panjang and joins Bukit Panjang Park along the way. Passing Ten Mile Junction and Bukit Panjang Plaza along Jalan Teck Whye, it turns in towards the housing estates and Sungei Pang Sua. The park connector then continues along the canal, before connecting to Villa Verde Park. Pang Sua Park Connector forms part of the Western Adventure Loop, linking various park connectors, parks and nature reserves.",
        "address": "Pang Sua Park Connector starts at Bukit Panjang Rd. It runs along the Pang Sua canal and ends at Choa Chu Kang Way.",
        "Shape__Length": 1334.2458838963669
      }
    },
    {
      "type": "Feature",
      "id": 150,
      "geometry": {
        "type": "LineString",
        "coordinates": [
          [
            103.760890466,
            1.37976851200005
          ],
          [
            103.760841479,
            1.37973836400005
          ],
          [
            103.760730823,
            1.37966663100002
          ],
          [
            103.760428866,
            1.37949296000006
          ],
          [
            103.760327922,
            1.37944952100002
          ],
          [
            103.760179108,
            1.37935509100003
          ],
          [
            103.759801458,
            1.37919355300005
          ],
          [
            103.759747657,
            1.37931143400003
          ],
          [
            103.759693637,
            1.37942398900003
          ],
          [
            103.759638096,
            1.37953501300007
          ],
          [
            103.759577989,
            1.37965905400005
          ],
          [
            103.759542991,
            1.37973026200007
          ],
          [
            103.759507231,
            1.37979840900004
          ],
          [
            103.759414409,
            1.37997834400005
          ],
          [
            103.759311695,
            1.38018584500002
          ],
          [
            103.759245787,
            1.38031974300002
          ],
          [
            103.759195857,
            1.38041784600005
          ],
          [
            103.759173032,
            1.38046378800003
          ],
          [
            103.759133563,
            1.38053269900008
          ],
          [
            103.759117396,
            1.38054896900007
          ],
          [
            103.759105033,
            1.38056045400004
          ],
          [
            103.759089342,
            1.38057433200003
          ],
          [
            103.759075076,
            1.38058821000004
          ],
          [
            103.759051824,
            1.38060829400007
          ],
          [
            103.759032192,
            1.38062491200003
          ],
          [
            103.759014686,
            1.38063558600003
          ],
          [
            103.758990912,
            1.38064085000001
          ],
          [
            103.75897522,
            1.38064419900007
          ],
          [
            103.758957626,
            1.38064754800006
          ],
          [
            103.758946638,
            1.38065033100002
          ],
          [
            103.758928593,
            1.38065782000005
          ],
          [
            103.758755284,
            1.38068115600002
          ],
          [
            103.758655515,
            1.38070437700001
          ],
          [
            103.758504017,
            1.38076093900002
          ],
          [
            103.758345099,
            1.38083385400005
          ],
          [
            103.758234691,
            1.38089977500004
          ]
        ]
      },
      "properties": {
        "OBJECTID": 150,
        "pcn_loop": "Western Adventure Loop",
        "pcn": "Pang Sua Park Connector",
        "descriptionHTML": "Starting from Zhenghua Nature Park, the Pang Sua Park Connector runs along Bukit Panjang and joins Bukit Panjang Park along the way. Passing Ten Mile Junction and Bukit Panjang Plaza along Jalan Teck Whye, it turns in towards the housing estates and Sungei Pang Sua. The park connector then continues along the canal, before connecting to Villa Verde Park. Pang Sua Park Connector forms part of the Western Adventure Loop, linking various park connectors, parks and nature reserves.",
        "address": "Pang Sua Park Connector starts at Bukit Panjang Rd. It runs along the Pang Sua canal and ends at Choa Chu Kang Way.",
        "Shape__Length": 414.22845305633024
      }
    },
    {
      "type": "Feature",
      "id": 151,
      "geometry": {
        "type": "LineString",
        "coordinates": [
          [
            103.761527439,
            1.38005257400004
          ],
          [
            103.762067982,
            1.38025809200002
          ],
          [
            103.763234669,
            1.38079590000006
          ],
          [
            103.763280642,
            1.38081709300007
          ],
          [
            103.763724053,
            1.38104150500003
          ],
          [
            103.763744711,
            1.38105061500005
          ],
          [
            103.763938314,
            1.38112186600005
          ],
          [
            103.764136001,
            1.38118074000004
          ],
          [
            103.764337045,
            1.38122668900008
          ],
          [
            103.764412593,
            1.38123905900006
          ],
          [
            103.764496807,
            1.38125284400006
          ],
          [
            103.764540523,
            1.38126000200003
          ],
          [
            103.764745771,
            1.38128026400005
          ],
          [
            103.764951876,
            1.38128787100004
          ],
          [
            103.765054852,
            1.38128644000006
          ],
          [
            103.76515792,
            1.38128191100002
          ],
          [
            103.765226954,
            1.38127699900002
          ],
          [
            103.765260572,
            1.38127461000005
          ],
          [
            103.765363148,
            1.38126409900001
          ],
          [
            103.765465017,
            1.38124984000006
          ],
          [
            103.765567001,
            1.38123298300007
          ],
          [
            103.765668302,
            1.38121378000005
          ],
          [
            103.765771622,
            1.38119121500004
          ],
          [
            103.765868403,
            1.38116449000006
          ],
          [
            103.765966896,
            1.38113359300006
          ],
          [
            103.766064512,
            1.38110032700007
          ],
          [
            103.76616138,
            1.38106477600008
          ],
          [
            103.76625593,
            1.38102565000002
          ],
          [
            103.766351419,
            1.38098445300004
          ],
          [
            103.766444797,
            1.38094152300005
          ],
          [
            103.76653659,
            1.38089358300006
          ],
          [
            103.766626168,
            1.38084263800005
          ],
          [
            103.766714569,
            1.38078865800002
          ],
          [
            103.766830316,
            1.38071696800006
          ]
        ]
      },
      "properties": {
        "OBJECTID": 151,
        "pcn_loop": "Western Adventure Loop",
        "pcn": "Pang Sua Park Connector",
        "descriptionHTML": "Starting from Zhenghua Nature Park, the Pang Sua Park Connector runs along Bukit Panjang and joins Bukit Panjang Park along the way. Passing Ten Mile Junction and Bukit Panjang Plaza along Jalan Teck Whye, it turns in towards the housing estates and Sungei Pang Sua. The park connector then continues along the canal, before connecting to Villa Verde Park. Pang Sua Park Connector forms part of the Western Adventure Loop, linking various park connectors, parks and nature reserves.",
        "address": "Pang Sua Park Connector starts at Bukit Panjang Rd. It runs along the Pang Sua canal and ends at Choa Chu Kang Way.",
        "Shape__Length": 630.4527574023506
      }
    },
    {
      "type": "Feature",
      "id": 152,
      "geometry": {
        "type": "LineString",
        "coordinates": [
          [
            103.758234691,
            1.38089977500004
          ],
          [
            103.757591839,
            1.38006489500002
          ]
        ]
      },
      "properties": {
        "OBJECTID": 152,
        "pcn_loop": "Western Adventure Loop",
        "pcn": "Pang Sua Park Connector",
        "descriptionHTML": "Starting from Zhenghua Nature Park, the Pang Sua Park Connector runs along Bukit Panjang and joins Bukit Panjang Park along the way. Passing Ten Mile Junction and Bukit Panjang Plaza along Jalan Teck Whye, it turns in towards the housing estates and Sungei Pang Sua. The park connector then continues along the canal, before connecting to Villa Verde Park. Pang Sua Park Connector forms part of the Western Adventure Loop, linking various park connectors, parks and nature reserves.",
        "address": "Pang Sua Park Connector starts at Bukit Panjang Rd. It runs along the Pang Sua canal and ends at Choa Chu Kang Way.",
        "Shape__Length": 117.31870776509155
      }
    },
    {
      "type": "Feature",
      "id": 153,
      "geometry": {
        "type": "LineString",
        "coordinates": [
          [
            103.752541716,
            1.39352876700001
          ],
          [
            103.752825786,
            1.39162503400007
          ],
          [
            103.752953238,
            1.39077007900005
          ],
          [
            103.753038212,
            1.38988953200004
          ],
          [
            103.753103151,
            1.38920604100001
          ],
          [
            103.753254455,
            1.38816494500003
          ],
          [
            103.754155064,
            1.38649901100008
          ],
          [
            103.755401248,
            1.38438591100003
          ],
          [
            103.756057064,
            1.38351389200005
          ],
          [
            103.757963099,
            1.38116302300005
          ],
          [
            103.758234691,
            1.38089977500004
          ]
        ]
      },
      "properties": {
        "OBJECTID": 153,
        "pcn_loop": "Western Adventure Loop",
        "pcn": "Pang Sua Park Connector",
        "descriptionHTML": "Starting from Zhenghua Nature Park, the Pang Sua Park Connector runs along Bukit Panjang and joins Bukit Panjang Park along the way. Passing Ten Mile Junction and Bukit Panjang Plaza along Jalan Teck Whye, it turns in towards the housing estates and Sungei Pang Sua. The park connector then continues along the canal, before connecting to Villa Verde Park. Pang Sua Park Connector forms part of the Western Adventure Loop, linking various park connectors, parks and nature reserves.",
        "address": "Pang Sua Park Connector starts at Bukit Panjang Rd. It runs along the Pang Sua canal and ends at Choa Chu Kang Way.",
        "Shape__Length": 1587.2566422743457
      }
    },
    {
      "type": "Feature",
      "id": 154,
      "geometry": {
        "type": "LineString",
        "coordinates": [
          [
            103.746070913,
            1.40517785600001
          ],
          [
            103.746419792,
            1.40513397900003
          ],
          [
            103.748308662,
            1.40517725300004
          ],
          [
            103.748629147,
            1.40514921800003
          ],
          [
            103.750752708,
            1.40473332800002
          ],
          [
            103.751332343,
            1.40457374900007
          ],
          [
            103.751674431,
            1.40435243800005
          ],
          [
            103.752142851,
            1.40396787500003
          ],
          [
            103.752372106,
            1.40356716500004
          ],
          [
            103.75249388,
            1.40311376600005
          ],
          [
            103.752494748,
            1.40255163100003
          ],
          [
            103.752366207,
            1.40216034300004
          ],
          [
            103.75210835,
            1.40132207600004
          ],
          [
            103.751998282,
            1.40083568200004
          ],
          [
            103.751958012,
            1.40038760200001
          ],
          [
            103.751858086,
            1.39944214200005
          ],
          [
            103.751826883,
            1.39837317000007
          ],
          [
            103.751881829,
            1.39774933300002
          ],
          [
            103.752425189,
            1.39430968800001
          ],
          [
            103.752541716,
            1.39352876700001
          ]
        ]
      },
      "properties": {
        "OBJECTID": 154,
        "pcn_loop": "Western Adventure Loop",
        "pcn": "Pang Sua Park Connector",
        "descriptionHTML": "Starting from Zhenghua Nature Park, the Pang Sua Park Connector runs along Bukit Panjang and joins Bukit Panjang Park along the way. Passing Ten Mile Junction and Bukit Panjang Plaza along Jalan Teck Whye, it turns in towards the housing estates and Sungei Pang Sua. The park connector then continues along the canal, before connecting to Villa Verde Park. Pang Sua Park Connector forms part of the Western Adventure Loop, linking various park connectors, parks and nature reserves.",
        "address": "Pang Sua Park Connector starts at Bukit Panjang Rd. It runs along the Pang Sua canal and ends at Choa Chu Kang Way.",
        "Shape__Length": 1891.707436197441
      }
    },
    {
      "type": "Feature",
      "id": 155,
      "geometry": {
        "type": "LineString",
        "coordinates": [
          [
            103.705946791,
            1.33636466100005
          ],
          [
            103.705901307,
            1.33635348400002
          ],
          [
            103.705882195,
            1.33633809400005
          ],
          [
            103.705835735,
            1.33623463900004
          ],
          [
            103.705833687,
            1.33623007700003
          ],
          [
            103.70579595,
            1.33623991800006
          ],
          [
            103.705698472,
            1.33627460800005
          ],
          [
            103.705602779,
            1.33631348600003
          ],
          [
            103.705294079,
            1.33644285600007
          ],
          [
            103.705192082,
            1.33649051100002
          ],
          [
            103.705120332,
            1.33652383500003
          ],
          [
            103.705007117,
            1.33659294200004
          ],
          [
            103.704938269,
            1.33664186300006
          ],
          [
            103.704829043,
            1.33674443700004
          ],
          [
            103.704740358,
            1.33684298300004
          ],
          [
            103.704703753,
            1.33689209900005
          ],
          [
            103.704679199,
            1.33692504500005
          ],
          [
            103.704528968,
            1.33717763200003
          ],
          [
            103.704298777,
            1.33786525000004
          ],
          [
            103.704288473,
            1.33789603000002
          ],
          [
            103.704301546,
            1.33793334900003
          ],
          [
            103.704346364,
            1.33801769300003
          ]
        ]
      },
      "properties": {
        "OBJECTID": 155,
        "pcn_loop": "Western Adventure Loop",
        "pcn": "Jurong West Park Connector",
        "descriptionHTML": "Extending from Boon Lay Way (across Jurong Central Park) to Jurong West Street 93, the Jurong West Park Connector links nearby residents to Jurong Central Park, Boon Lay Bus Terminal, Boon Lay MRT station and Pioneer MRT station. Running through residential estates, it is great for joggers looking for a short run around the neighbourhood and is ideal for other outdoor activities such as cycling, strolling and dog-walking.",
        "address": "",
        "Shape__Length": 306.2107762674583
      }
    },
    {
      "type": "Feature",
      "id": 156,
      "geometry": {
        "type": "LineString",
        "coordinates": [
          [
            103.693801053,
            1.33693325500002
          ],
          [
            103.693273563,
            1.33761324100004
          ]
        ]
      },
      "properties": {
        "OBJECTID": 156,
        "pcn_loop": "Western Adventure Loop",
        "pcn": "Jurong West Park Connector",
        "descriptionHTML": "Extending from Boon Lay Way (across Jurong Central Park) to Jurong West Street 93, the Jurong West Park Connector links nearby residents to Jurong Central Park, Boon Lay Bus Terminal, Boon Lay MRT station and Pioneer MRT station. Running through residential estates, it is great for joggers looking for a short run around the neighbourhood and is ideal for other outdoor activities such as cycling, strolling and dog-walking.",
        "address": "",
        "Shape__Length": 95.81748025900737
      }
    },
    {
      "type": "Feature",
      "id": 157,
      "geometry": {
        "type": "LineString",
        "coordinates": [
          [
            103.698640768,
            1.33732119700004
          ],
          [
            103.698595,
            1.33734990800002
          ],
          [
            103.698534374,
            1.33737622500007
          ],
          [
            103.698442248,
            1.33738220200007
          ],
          [
            103.698294847,
            1.33738638100006
          ],
          [
            103.698171815,
            1.33739116000004
          ],
          [
            103.698035707,
            1.33738576900002
          ],
          [
            103.697919808,
            1.33736781700004
          ],
          [
            103.697715943,
            1.33736780500003
          ],
          [
            103.697583994,
            1.33739232400008
          ],
          [
            103.697538821,
            1.33741624900006
          ],
          [
            103.697478791,
            1.33742581800003
          ],
          [
            103.697444602,
            1.33744001500003
          ],
          [
            103.69742147,
            1.33744962300005
          ],
          [
            103.697285242,
            1.33744961500003
          ],
          [
            103.697157575,
            1.33744853100005
          ],
          [
            103.69706236,
            1.33742345000007
          ],
          [
            103.696961537,
            1.33742483600002
          ],
          [
            103.696865863,
            1.33744564300001
          ],
          [
            103.696607319,
            1.33740830100005
          ],
          [
            103.696456828,
            1.33740793400005
          ],
          [
            103.696352579,
            1.33738304300004
          ],
          [
            103.696283041,
            1.33734774500005
          ]
        ]
      },
      "properties": {
        "OBJECTID": 157,
        "pcn_loop": "Western Adventure Loop",
        "pcn": "Jurong West Park Connector",
        "descriptionHTML": "Extending from Boon Lay Way (across Jurong Central Park) to Jurong West Street 93, the Jurong West Park Connector links nearby residents to Jurong Central Park, Boon Lay Bus Terminal, Boon Lay MRT station and Pioneer MRT station. Running through residential estates, it is great for joggers looking for a short run around the neighbourhood and is ideal for other outdoor activities such as cycling, strolling and dog-walking.",
        "address": "",
        "Shape__Length": 267.8990676706853
      }
    },
    {
      "type": "Feature",
      "id": 158,
      "geometry": {
        "type": "LineString",
        "coordinates": [
          [
            103.695855202,
            1.33744569600002
          ],
          [
            103.695845586,
            1.33747932400005
          ],
          [
            103.695824784,
            1.33747872500003
          ],
          [
            103.695730875,
            1.33747931800001
          ],
          [
            103.695528696,
            1.33746729200005
          ],
          [
            103.69543828,
            1.33750698000006
          ],
          [
            103.695349046,
            1.33753662100003
          ],
          [
            103.695256643,
            1.33753185500007
          ],
          [
            103.695124034,
            1.33749842600003
          ],
          [
            103.69494335,
            1.33746940300004
          ],
          [
            103.694833989,
            1.33744606700002
          ],
          [
            103.69465628,
            1.33737846000002
          ],
          [
            103.694604572,
            1.33735991300005
          ],
          [
            103.694537411,
            1.33733239300005
          ],
          [
            103.69441973,
            1.33729828900004
          ],
          [
            103.694281246,
            1.33726597800006
          ],
          [
            103.693977893,
            1.33714584200005
          ],
          [
            103.693922738,
            1.33710851200003
          ],
          [
            103.693918698,
            1.33708948800006
          ],
          [
            103.693938917,
            1.33702048700009
          ]
        ]
      },
      "properties": {
        "OBJECTID": 158,
        "pcn_loop": "Western Adventure Loop",
        "pcn": "Jurong West Park Connector",
        "descriptionHTML": "Extending from Boon Lay Way (across Jurong Central Park) to Jurong West Street 93, the Jurong West Park Connector links nearby residents to Jurong Central Park, Boon Lay Bus Terminal, Boon Lay MRT station and Pioneer MRT station. Running through residential estates, it is great for joggers looking for a short run around the neighbourhood and is ideal for other outdoor activities such as cycling, strolling and dog-walking.",
        "address": "",
        "Shape__Length": 237.7551390603416
      }
    },
    {
      "type": "Feature",
      "id": 159,
      "geometry": {
        "type": "LineString",
        "coordinates": [
          [
            103.704274277,
            1.33843702300004
          ],
          [
            103.704300425,
            1.33849923700007
          ],
          [
            103.704258821,
            1.33852342200005
          ],
          [
            103.704089435,
            1.33845529100004
          ],
          [
            103.704086258,
            1.33845401300005
          ],
          [
            103.704072218,
            1.33849731900006
          ],
          [
            103.703922458,
            1.33895925500002
          ],
          [
            103.703898698,
            1.33901163700004
          ],
          [
            103.703877968,
            1.33905956700004
          ],
          [
            103.703764709,
            1.33944055100005
          ],
          [
            103.703738334,
            1.33952041000003
          ],
          [
            103.703735545,
            1.33952873600004
          ],
          [
            103.703705408,
            1.33972072900002
          ],
          [
            103.703689951,
            1.33979430600004
          ],
          [
            103.703678471,
            1.33987354400005
          ],
          [
            103.703665326,
            1.34001569000003
          ],
          [
            103.703620377,
            1.34044035700003
          ],
          [
            103.703603882,
            1.34049871600007
          ],
          [
            103.703592437,
            1.34053547000001
          ],
          [
            103.703556407,
            1.34058232500006
          ],
          [
            103.703469759,
            1.34063721000006
          ],
          [
            103.703409924,
            1.34064429100006
          ],
          [
            103.703342574,
            1.34064428800002
          ],
          [
            103.703014718,
            1.34056235700008
          ],
          [
            103.702742891,
            1.34053160000002
          ],
          [
            103.702699793,
            1.34052407800005
          ],
          [
            103.70236616,
            1.34043741800001
          ],
          [
            103.702022356,
            1.34039282600004
          ],
          [
            103.70190577,
            1.34037275200007
          ],
          [
            103.701706189,
            1.34032157200005
          ],
          [
            103.701202062,
            1.34024448000002
          ],
          [
            103.701079693,
            1.34026857400004
          ],
          [
            103.701052873,
            1.34026985200006
          ],
          [
            103.70104334,
            1.34038195000005
          ]
        ]
      },
      "properties": {
        "OBJECTID": 159,
        "pcn_loop": "Western Adventure Loop",
        "pcn": "Jurong West Park Connector",
        "descriptionHTML": "Extending from Boon Lay Way (across Jurong Central Park) to Jurong West Street 93, the Jurong West Park Connector links nearby residents to Jurong Central Park, Boon Lay Bus Terminal, Boon Lay MRT station and Pioneer MRT station. Running through residential estates, it is great for joggers looking for a short run around the neighbourhood and is ideal for other outdoor activities such as cycling, strolling and dog-walking.",
        "address": "",
        "Shape__Length": 577.3373368602362
      }
    },
    {
      "type": "Feature",
      "id": 160,
      "geometry": {
        "type": "LineString",
        "coordinates": [
          [
            103.697893241,
            1.33983164300003
          ],
          [
            103.698017692,
            1.33955402400006
          ],
          [
            103.698122664,
            1.33923481300006
          ],
          [
            103.698279535,
            1.33894279500004
          ],
          [
            103.698354486,
            1.33876745800006
          ],
          [
            103.698487842,
            1.33843833300005
          ],
          [
            103.698544301,
            1.33825907700004
          ],
          [
            103.69858908,
            1.33810235100003
          ],
          [
            103.698592976,
            1.33803770000003
          ],
          [
            103.698588113,
            1.33798970200006
          ],
          [
            103.698560074,
            1.33793840000004
          ]
        ]
      },
      "properties": {
        "OBJECTID": 160,
        "pcn_loop": "Western Adventure Loop",
        "pcn": "Jurong West Park Connector",
        "descriptionHTML": "Extending from Boon Lay Way (across Jurong Central Park) to Jurong West Street 93, the Jurong West Park Connector links nearby residents to Jurong Central Park, Boon Lay Bus Terminal, Boon Lay MRT station and Pioneer MRT station. Running through residential estates, it is great for joggers looking for a short run around the neighbourhood and is ideal for other outdoor activities such as cycling, strolling and dog-walking.",
        "address": "",
        "Shape__Length": 227.14109421586141
      }
    },
    {
      "type": "Feature",
      "id": 161,
      "geometry": {
        "type": "LineString",
        "coordinates": [
          [
            103.70083006,
            1.34038174100003
          ],
          [
            103.700828308,
            1.34038158500006
          ],
          [
            103.698257977,
            1.33991747900005
          ],
          [
            103.698087157,
            1.33988612500002
          ]
        ]
      },
      "properties": {
        "OBJECTID": 161,
        "pcn_loop": "Western Adventure Loop",
        "pcn": "Jurong West Park Connector",
        "descriptionHTML": "Extending from Boon Lay Way (across Jurong Central Park) to Jurong West Street 93, the Jurong West Park Connector links nearby residents to Jurong Central Park, Boon Lay Bus Terminal, Boon Lay MRT station and Pioneer MRT station. Running through residential estates, it is great for joggers looking for a short run around the neighbourhood and is ideal for other outdoor activities such as cycling, strolling and dog-walking.",
        "address": "",
        "Shape__Length": 310.2865820247279
      }
    },
    {
      "type": "Feature",
      "id": 167,
      "geometry": {
        "type": "LineString",
        "coordinates": [
          [
            103.761550389,
            1.38002624800003
          ],
          [
            103.76140632,
            1.38019149900003
          ],
          [
            103.76125225,
            1.38049968700006
          ],
          [
            103.761122907,
            1.38074662000003
          ],
          [
            103.760987859,
            1.38101078100005
          ],
          [
            103.760942207,
            1.38112563400006
          ],
          [
            103.760840257,
            1.38127628100006
          ],
          [
            103.760725753,
            1.38138270900002
          ],
          [
            103.760624184,
            1.38149756100006
          ],
          [
            103.760523376,
            1.38162198300004
          ],
          [
            103.760451097,
            1.38171692800006
          ],
          [
            103.760394035,
            1.38179885500006
          ],
          [
            103.76035295,
            1.38187236000005
          ],
          [
            103.760313186,
            1.38194562500007
          ],
          [
            103.760276313,
            1.38201356100006
          ],
          [
            103.760244374,
            1.38207240600002
          ],
          [
            103.760202874,
            1.38214886700007
          ],
          [
            103.760149806,
            1.38223385900005
          ],
          [
            103.760101303,
            1.38230564100007
          ],
          [
            103.760034541,
            1.38241187900007
          ],
          [
            103.759974625,
            1.38250203800003
          ],
          [
            103.759910145,
            1.38259908700008
          ],
          [
            103.759849905,
            1.38268638900007
          ],
          [
            103.759800586,
            1.38276619800006
          ],
          [
            103.759753495,
            1.38283477400007
          ],
          [
            103.75969888,
            1.38292245800003
          ],
          [
            103.759654805,
            1.38299321900006
          ],
          [
            103.759614521,
            1.38305789500003
          ],
          [
            103.759579446,
            1.38311420800006
          ],
          [
            103.759553824,
            1.38315534200006
          ],
          [
            103.759496348,
            1.38324762000001
          ],
          [
            103.759442139,
            1.38331748700005
          ],
          [
            103.759396965,
            1.38338304900003
          ],
          [
            103.75934656,
            1.38345626700004
          ],
          [
            103.759301386,
            1.38351847800004
          ],
          [
            103.759265456,
            1.38356410700004
          ],
          [
            103.759221974,
            1.38361925300006
          ],
          [
            103.759179178,
            1.38367352800003
          ],
          [
            103.759166444,
            1.38370541700005
          ],
          [
            103.759133447,
            1.38374879000001
          ],
          [
            103.759031441,
            1.38377423600001
          ],
          [
            103.758924723,
            1.38388712400007
          ],
          [
            103.758944319,
            1.38398243600005
          ],
          [
            103.758936189,
            1.38400420500005
          ],
          [
            103.758891492,
            1.38403483100006
          ],
          [
            103.758832053,
            1.38408125000005
          ],
          [
            103.758781649,
            1.38413054000007
          ],
          [
            103.758711273,
            1.38419897200003
          ],
          [
            103.758657065,
            1.38425256900006
          ],
          [
            103.758595724,
            1.38431142900002
          ],
          [
            103.758524873,
            1.38437124700004
          ],
          [
            103.758457351,
            1.38442723700006
          ],
          [
            103.758399416,
            1.38448237100004
          ],
          [
            103.758358162,
            1.38452221200003
          ],
          [
            103.758303108,
            1.38457537900008
          ],
          [
            103.758241944,
            1.38463444700006
          ],
          [
            103.758183931,
            1.38470144300003
          ],
          [
            103.75811403,
            1.38477609600005
          ],
          [
            103.758071235,
            1.38481677300008
          ],
          [
            103.758028439,
            1.38485409900006
          ],
          [
            103.75798608,
            1.38489234200005
          ],
          [
            103.757923664,
            1.38495348100003
          ],
          [
            103.757874019,
            1.38500210800005
          ],
          [
            103.757826791,
            1.38504836900006
          ],
          [
            103.757777887,
            1.38509627200004
          ],
          [
            103.757721734,
            1.38515127500006
          ],
          [
            103.757673232,
            1.38520582900003
          ],
          [
            103.757624254,
            1.38526038300005
          ],
          [
            103.757583313,
            1.38530962000003
          ],
          [
            103.757533906,
            1.38535896400002
          ],
          [
            103.757494438,
            1.38540442500005
          ],
          [
            103.757444509,
            1.38546376500005
          ],
          [
            103.757390776,
            1.38552836900003
          ],
          [
            103.757334665,
            1.38560206600004
          ],
          [
            103.75728854,
            1.38565518400003
          ],
          [
            103.757243842,
            1.38571404600002
          ],
          [
            103.757209128,
            1.38576668600006
          ],
          [
            103.757181072,
            1.38582219800003
          ],
          [
            103.757140135,
            1.38589777600003
          ],
          [
            103.757091675,
            1.38596145600007
          ],
          [
            103.757038416,
            1.38603323800005
          ],
          [
            103.756985634,
            1.38610789200004
          ],
          [
            103.756927146,
            1.38618206700005
          ],
          [
            103.756880015,
            1.38623657900006
          ],
          [
            103.756829189,
            1.38630313900005
          ],
          [
            103.756784491,
            1.38636343700006
          ],
          [
            103.756730281,
            1.38643330400004
          ],
          [
            103.756684156,
            1.38649599400004
          ],
          [
            103.756646305,
            1.38654557200003
          ],
          [
            103.75662348,
            1.38658404700004
          ],
          [
            103.756605219,
            1.38662338500006
          ],
          [
            103.756591239,
            1.38665726600004
          ],
          [
            103.75657897,
            1.38668396900004
          ],
          [
            103.756562082,
            1.38671572000003
          ]
        ]
      },
      "properties": {
        "OBJECTID": 167,
        "pcn_loop": "Western Adventure Loop",
        "pcn": "Bukit Panjang Park Connector",
        "descriptionHTML": "The 1.4 km Bukit Panjang Park Connector links Zhenghua Nature Park to Bukit Panjang Park via the heartlands of Bukit Panjang. Its lush greenery and proximity to well-established parks make it a great place for residents, nearby schools and the community to take part in recreational activities. Level and smooth, the park connector is a popular jogging and cycling route. A wide diversity of bird species such as the Olive-backed sunbird and the Black-naped oriole can also be spotted along the park connector, making it a favourite spot for nature lovers and avid photographers.",
        "address": "Bukit Panjang Park Connector starts at Saujana Rd. It runs along the estates of Bukit Panjang, passing by Bukit Panjang Ring Rd and Segar Rd before ending right at the entrance of Zhenghua Nature Park at BLK 476A.",
        "Shape__Length": 942.7981963983436
      }
    },
    {
      "type": "Feature",
      "id": 171,
      "geometry": {
        "type": "LineString",
        "coordinates": [
          [
            103.759706907,
            1.35164714300003
          ],
          [
            103.759609771,
            1.35163874200003
          ],
          [
            103.759554395,
            1.35161381900003
          ],
          [
            103.759203004,
            1.35155839000003
          ],
          [
            103.759128823,
            1.35155595500004
          ],
          [
            103.759044782,
            1.35154057300002
          ],
          [
            103.758553533,
            1.35145900800007
          ],
          [
            103.757405464,
            1.35129304700005
          ],
          [
            103.756781428,
            1.35123290900004
          ],
          [
            103.756684634,
            1.35123266100004
          ],
          [
            103.756549418,
            1.35122194300005
          ],
          [
            103.75640858,
            1.35120027600005
          ],
          [
            103.756382006,
            1.35120761700006
          ],
          [
            103.756223518,
            1.35119132100005
          ],
          [
            103.756024664,
            1.35116380600003
          ],
          [
            103.755673871,
            1.35113370000003
          ],
          [
            103.755653291,
            1.35114958700006
          ],
          [
            103.755624974,
            1.35135550700005
          ],
          [
            103.755615401,
            1.35171051900005
          ],
          [
            103.755608578,
            1.35188431000005
          ],
          [
            103.75560021,
            1.35215410400003
          ],
          [
            103.755593359,
            1.35225450800004
          ],
          [
            103.755574702,
            1.35235679300007
          ],
          [
            103.755540402,
            1.35244860100003
          ],
          [
            103.755487773,
            1.35255052800005
          ],
          [
            103.755341516,
            1.35273241400006
          ],
          [
            103.755239889,
            1.35283133000007
          ],
          [
            103.75512449,
            1.35294655200004
          ],
          [
            103.755053685,
            1.35305743000003
          ],
          [
            103.755017561,
            1.35315823200005
          ],
          [
            103.754996372,
            1.35330842500001
          ],
          [
            103.754993237,
            1.35337326600005
          ],
          [
            103.754974097,
            1.35354345700004
          ],
          [
            103.75496041,
            1.35363985500005
          ],
          [
            103.754960407,
            1.35373166200003
          ],
          [
            103.75497,
            1.35381890700005
          ],
          [
            103.754973213,
            1.35390244600005
          ],
          [
            103.754980716,
            1.35401794400001
          ],
          [
            103.754981143,
            1.35413749600002
          ],
          [
            103.754964952,
            1.35423201300006
          ],
          [
            103.754952789,
            1.35428250700005
          ],
          [
            103.754902614,
            1.35441715600006
          ],
          [
            103.754870685,
            1.35447989100003
          ],
          [
            103.754787064,
            1.35459770800004
          ],
          [
            103.754700404,
            1.35467574200003
          ],
          [
            103.754633508,
            1.35472776300004
          ],
          [
            103.754580296,
            1.35476448500004
          ],
          [
            103.754486035,
            1.35480885500005
          ],
          [
            103.754422181,
            1.35483792600008
          ],
          [
            103.754391774,
            1.35485169500004
          ],
          [
            103.754379611,
            1.35487005700003
          ],
          [
            103.754295993,
            1.35489147600003
          ],
          [
            103.754264067,
            1.35488229400004
          ],
          [
            103.754185011,
            1.35488994200004
          ],
          [
            103.754052742,
            1.35492972100007
          ],
          [
            103.753877904,
            1.35499551000003
          ],
          [
            103.753660496,
            1.35507047900005
          ],
          [
            103.75358296,
            1.35510873000004
          ],
          [
            103.753494779,
            1.35515769100005
          ],
          [
            103.753394436,
            1.35524643500002
          ],
          [
            103.753301693,
            1.35536119100003
          ],
          [
            103.753213509,
            1.35552797200006
          ],
          [
            103.753184618,
            1.35567180300006
          ],
          [
            103.753180054,
            1.35578503300008
          ],
          [
            103.753186132,
            1.35587071900004
          ],
          [
            103.753205893,
            1.35597017800005
          ],
          [
            103.753259099,
            1.35612778300003
          ],
          [
            103.753374632,
            1.35646135500002
          ],
          [
            103.753405035,
            1.35656540400002
          ],
          [
            103.753426943,
            1.35668914900002
          ],
          [
            103.753429985,
            1.35674608500006
          ],
          [
            103.753418708,
            1.35686836900005
          ],
          [
            103.753401981,
            1.35697547700005
          ],
          [
            103.753379174,
            1.35703821200002
          ],
          [
            103.753310755,
            1.35717133000003
          ],
          [
            103.753231696,
            1.35726466500007
          ],
          [
            103.753172402,
            1.35733504900002
          ],
          [
            103.752967152,
            1.35753395900002
          ],
          [
            103.752865289,
            1.35761964300002
          ],
          [
            103.75274518,
            1.35774051900005
          ],
          [
            103.752580982,
            1.35784915200003
          ],
          [
            103.752409184,
            1.35794248300004
          ],
          [
            103.752158329,
            1.35801898100005
          ],
          [
            103.75197589,
            1.35805875800003
          ],
          [
            103.751764566,
            1.35807252300003
          ],
          [
            103.751682467,
            1.35811077300001
          ],
          [
            103.751601889,
            1.35814749300005
          ],
          [
            103.751577563,
            1.35816432400002
          ]
        ]
      },
      "properties": {
        "OBJECTID": 171,
        "pcn_loop": "Western Adventure Loop",
        "pcn": "Bukit Batok East Park Connector",
        "descriptionHTML": "Linking Bukit Batok Town Park (Little Guilin) to the Hillview Park Connector, the Bukit Batok East Park Connector is ideal for joggers looking for a short and comfortable run. Those looking for a challenge can continue on the Hillview Park Connector all the way to Bukit Batok Nature Park to escape the busy roads and enjoy the fresh air of the nature sanctuary.",
        "address": "Bukit Batok Park Connector starts at Bukit Batok East Ave 2. It runs along Bukit Batok East Ave 5 before ending at Bukit Gombak MRT.",
        "Shape__Length": 1499.4852366048144
      }
    },
    {
      "type": "Feature",
      "id": 172,
      "geometry": {
        "type": "LineString",
        "coordinates": [
          [
            103.760130832,
            1.35173286800006
          ],
          [
            103.75974674,
            1.35165383900005
          ],
          [
            103.759719495,
            1.35164823300005
          ],
          [
            103.759706907,
            1.35164714300003
          ]
        ]
      },
      "properties": {
        "OBJECTID": 172,
        "pcn_loop": "Western Adventure Loop",
        "pcn": "Bukit Batok East Park Connector",
        "descriptionHTML": "Linking Bukit Batok Town Park (Little Guilin) to the Hillview Park Connector, the Bukit Batok East Park Connector is ideal for joggers looking for a short and comfortable run. Those looking for a challenge can continue on the Hillview Park Connector all the way to Bukit Batok Nature Park to escape the busy roads and enjoy the fresh air of the nature sanctuary.",
        "address": "Bukit Batok Park Connector starts at Bukit Batok East Ave 2. It runs along Bukit Batok East Ave 5 before ending at Bukit Gombak MRT.",
        "Shape__Length": 48.156110177194996
      }
    },
    {
      "type": "Feature",
      "id": 173,
      "geometry": {
        "type": "LineString",
        "coordinates": [
          [
            103.746362912,
            1.36000064200004
          ],
          [
            103.746513568,
            1.35987578100003
          ],
          [
            103.74669081,
            1.35970632600004
          ],
          [
            103.746847373,
            1.35959633000005
          ],
          [
            103.74698621,
            1.35956363300004
          ],
          [
            103.747195939,
            1.35959634300001
          ],
          [
            103.74752087,
            1.35966176100005
          ],
          [
            103.747804448,
            1.35966177100005
          ],
          [
            103.748339112,
            1.35967665500003
          ],
          [
            103.748501256,
            1.35959923100007
          ],
          [
            103.748767446,
            1.35931693700007
          ],
          [
            103.748873797,
            1.35907612800003
          ],
          [
            103.748929932,
            1.35877585600002
          ],
          [
            103.748932891,
            1.35863017900005
          ],
          [
            103.748977237,
            1.35756584500006
          ],
          [
            103.749000886,
            1.35707530100007
          ],
          [
            103.74901567,
            1.35665610800003
          ],
          [
            103.749015671,
            1.35661745900006
          ]
        ]
      },
      "properties": {
        "OBJECTID": 173,
        "pcn_loop": "Western Adventure Loop",
        "pcn": "Bukit Batok West Park Connector",
        "descriptionHTML": "The Bukit Batok West Park Connector links the Choa Chu Kang Park Connector and the Bukit Batok East Park Connector to the Bukit Batok Park Connector, and passes through the heartlands of the Bukit Gombak estate. It also serves as a link to the Western Adventure Loop. Through this park connector, avid cyclists can safely commute by bicycle to Bukit Gombak or Bukit Batok MRT Station.",
        "address": "Bukit Batok Park Connector starts at Bukit Batok West Ave 2, in front of Blk 315, runs along Bukit Batok St 31 before ending at Bukit Batok West Ave 5, right before Bukit Gombak MRT.  ",
        "Shape__Length": 604.9670404257877
      }
    },
    {
      "type": "Feature",
      "id": 174,
      "geometry": {
        "type": "LineString",
        "coordinates": [
          [
            103.749015671,
            1.35661745900006
          ],
          [
            103.749178138,
            1.35662638300005
          ],
          [
            103.74918996,
            1.35640638200004
          ],
          [
            103.749337657,
            1.35640638700005
          ],
          [
            103.749470585,
            1.35641233700004
          ],
          [
            103.749636005,
            1.35642126300007
          ],
          [
            103.749845733,
            1.35646586500007
          ],
          [
            103.750087954,
            1.35655803600002
          ],
          [
            103.750220878,
            1.35663236600003
          ],
          [
            103.750424694,
            1.35679291500003
          ],
          [
            103.750687586,
            1.35706644000003
          ],
          [
            103.75095343,
            1.35736969600003
          ],
          [
            103.751174967,
            1.35760754400007
          ],
          [
            103.751361059,
            1.35781566100008
          ],
          [
            103.75143786,
            1.35787215000005
          ],
          [
            103.75149103,
            1.35788404400006
          ],
          [
            103.751526477,
            1.35788999000005
          ],
          [
            103.751523522,
            1.35791972000003
          ],
          [
            103.751455581,
            1.35793755700006
          ],
          [
            103.751577563,
            1.35816432400002
          ]
        ]
      },
      "properties": {
        "OBJECTID": 174,
        "pcn_loop": "Western Adventure Loop",
        "pcn": "Bukit Batok West Park Connector",
        "descriptionHTML": "The Bukit Batok West Park Connector links the Choa Chu Kang Park Connector and the Bukit Batok East Park Connector to the Bukit Batok Park Connector, and passes through the heartlands of the Bukit Gombak estate. It also serves as a link to the Western Adventure Loop. Through this park connector, avid cyclists can safely commute by bicycle to Bukit Gombak or Bukit Batok MRT Station.",
        "address": "Bukit Batok Park Connector starts at Bukit Batok West Ave 2, in front of Blk 315, runs along Bukit Batok St 31 before ending at Bukit Batok West Ave 5, right before Bukit Gombak MRT.  ",
        "Shape__Length": 405.8088764306076
      }
    },
    {
      "type": "Feature",
      "id": 175,
      "geometry": {
        "type": "LineString",
        "coordinates": [
          [
            103.766830338,
            1.38071695400003
          ],
          [
            103.766880276,
            1.38078841300007
          ],
          [
            103.766932775,
            1.38087624300003
          ],
          [
            103.766942723,
            1.38090663000002
          ],
          [
            103.766922576,
            1.38096363100003
          ],
          [
            103.766942177,
            1.38101062000003
          ],
          [
            103.767004104,
            1.38105372000007
          ],
          [
            103.767057791,
            1.38108734000001
          ],
          [
            103.767081313,
            1.38112949400005
          ],
          [
            103.76708782,
            1.38121556400006
          ],
          [
            103.767083276,
            1.38130707800002
          ],
          [
            103.767091245,
            1.38139385700004
          ],
          [
            103.767124146,
            1.38146371900006
          ],
          [
            103.767136826,
            1.38153719600008
          ],
          [
            103.767134698,
            1.38164670500003
          ],
          [
            103.767138613,
            1.38176433900002
          ],
          [
            103.767128783,
            1.38185659000003
          ],
          [
            103.767102197,
            1.38189636200002
          ],
          [
            103.767125403,
            1.38191799100003
          ],
          [
            103.767132754,
            1.38195535400006
          ],
          [
            103.767118666,
            1.38202365700004
          ],
          [
            103.767087777,
            1.38204807600004
          ],
          [
            103.766993864,
            1.38206581000002
          ],
          [
            103.766977355,
            1.38209296200007
          ],
          [
            103.766983484,
            1.38213725900004
          ],
          [
            103.766981926,
            1.38217697500005
          ],
          [
            103.767035782,
            1.38229426000004
          ],
          [
            103.767069183,
            1.38236700200001
          ],
          [
            103.766961986,
            1.38243264700004
          ],
          [
            103.766885121,
            1.38248030600005
          ],
          [
            103.766830776,
            1.38251408400003
          ],
          [
            103.76684016,
            1.38252987100003
          ],
          [
            103.767509205,
            1.38365536100002
          ],
          [
            103.767560443,
            1.38374314200007
          ],
          [
            103.768170237,
            1.38476753400004
          ],
          [
            103.768828046,
            1.38580530300004
          ],
          [
            103.768877751,
            1.38588633300004
          ],
          [
            103.769495351,
            1.38689926900001
          ],
          [
            103.76976817,
            1.38732832300001
          ],
          [
            103.769982648,
            1.38767970300005
          ],
          [
            103.770578704,
            1.38864881800004
          ],
          [
            103.770671977,
            1.38880098500005
          ],
          [
            103.770765924,
            1.38896585400003
          ],
          [
            103.770759778,
            1.39021568600002
          ],
          [
            103.770780319,
            1.39021499800003
          ],
          [
            103.771386745,
            1.39019469600002
          ],
          [
            103.772240103,
            1.39014784800002
          ],
          [
            103.77269829,
            1.39010675300006
          ],
          [
            103.773106044,
            1.39001802700006
          ],
          [
            103.773276645,
            1.38995884800004
          ],
          [
            103.773494051,
            1.38984678100007
          ],
          [
            103.773736208,
            1.38966318400003
          ],
          [
            103.773757925,
            1.38961360800005
          ],
          [
            103.773867088,
            1.38874845500004
          ]
        ]
      },
      "properties": {
        "OBJECTID": 175,
        "pcn_loop": "Western Adventure Loop",
        "pcn": "Bukit Panjang Park Connector",
        "descriptionHTML": "The 1.4 km Bukit Panjang Park Connector links Zhenghua Nature Park to Bukit Panjang Park via the heartlands of Bukit Panjang. Its lush greenery and proximity to well-established parks make it a great place for residents, nearby schools and the community to take part in recreational activities. Level and smooth, the park connector is a popular jogging and cycling route. A wide diversity of bird species such as the Olive-backed sunbird and the Black-naped oriole can also be spotted along the park connector, making it a favourite spot for nature lovers and avid photographers.",
        "address": "Bukit Panjang Park Connector starts at Saujana Rd. It runs along the estates of Bukit Panjang, passing by Bukit Panjang Ring Rd and Segar Rd before ending right at the entrance of Zhenghua Nature Park at BLK 476A.",
        "Shape__Length": 1670.8363589209605
      }
    },
    {
      "type": "Feature",
      "id": 176,
      "geometry": {
        "type": "LineString",
        "coordinates": [
          [
            103.765784765,
            1.34740215300007
          ],
          [
            103.7657444,
            1.34740734300004
          ],
          [
            103.765620735,
            1.34749942900004
          ],
          [
            103.765376206,
            1.34767892400002
          ],
          [
            103.765298853,
            1.34773092900002
          ],
          [
            103.765190636,
            1.34779843000006
          ],
          [
            103.765075296,
            1.34785626600007
          ],
          [
            103.764953311,
            1.34789254400005
          ],
          [
            103.764894302,
            1.34790047900003
          ],
          [
            103.76482243,
            1.34790839200002
          ],
          [
            103.764764607,
            1.34790760400006
          ],
          [
            103.764684503,
            1.34790109400006
          ],
          [
            103.76459975,
            1.34788209300007
          ],
          [
            103.764453335,
            1.34782855900006
          ],
          [
            103.764391937,
            1.34779741200004
          ],
          [
            103.764322327,
            1.34775302900004
          ],
          [
            103.764148012,
            1.34763547500006
          ],
          [
            103.76403623,
            1.34754391400004
          ],
          [
            103.763921761,
            1.34744221700003
          ],
          [
            103.763772152,
            1.34730261000003
          ],
          [
            103.763612461,
            1.34715397600008
          ],
          [
            103.763548555,
            1.34710261200008
          ],
          [
            103.763501807,
            1.34707734000006
          ],
          [
            103.763374241,
            1.34702672700007
          ],
          [
            103.76326794,
            1.34700272100003
          ],
          [
            103.763189808,
            1.34699090400006
          ],
          [
            103.763068876,
            1.34697412800006
          ],
          [
            103.762946155,
            1.34695478900006
          ],
          [
            103.762836798,
            1.34693291200005
          ],
          [
            103.762694374,
            1.34690208000005
          ],
          [
            103.762652275,
            1.34689297200003
          ],
          [
            103.762589532,
            1.34688698200007
          ],
          [
            103.762532407,
            1.34688896400007
          ],
          [
            103.762424659,
            1.34690483200007
          ],
          [
            103.762306345,
            1.34692639500002
          ],
          [
            103.762213087,
            1.34694965500006
          ],
          [
            103.762137629,
            1.34697106200002
          ],
          [
            103.762069672,
            1.34699317000007
          ],
          [
            103.761978929,
            1.34702558000003
          ],
          [
            103.761893871,
            1.34705963900007
          ],
          [
            103.761780185,
            1.34710723500007
          ],
          [
            103.761723396,
            1.34716702200006
          ],
          [
            103.761252731,
            1.34744569200007
          ],
          [
            103.761132536,
            1.34753030100006
          ],
          [
            103.761116904,
            1.34751005400005
          ],
          [
            103.760962793,
            1.34763353200003
          ],
          [
            103.760963019,
            1.34784711600002
          ],
          [
            103.760977865,
            1.34788485700005
          ]
        ]
      },
      "properties": {
        "OBJECTID": 176,
        "pcn_loop": "Western Adventure Loop",
        "pcn": "Bukit Batok Nature Park",
        "descriptionHTML": "Developed on an abandoned quarry site in 1988, Bukit Batok Nature Park features stunning views and crystal clear waters. Serene and tranquil, it is an ideal place for a peaceful nature walk. Take a leisurely stroll on the meandering footpaths that run through the secondary forest and admire the beauty of the lush greenery. Alternatively, go for a run on the park’s undulating terrain for an invigorating workout or hike through the forest and enjoy the serene ambience of the surroundings.",
        "address": "",
        "Shape__Length": 638.7230309228003
      }
    },
    {
      "type": "Feature",
      "id": 177,
      "geometry": {
        "type": "LineString",
        "coordinates": [
          [
            103.745571322,
            1.34378540800003
          ],
          [
            103.745811306,
            1.34412019200005
          ],
          [
            103.746109046,
            1.34448066500004
          ],
          [
            103.746979601,
            1.34558335200007
          ],
          [
            103.746989379,
            1.34572610700008
          ],
          [
            103.747140991,
            1.34595255100003
          ],
          [
            103.747282828,
            1.34600178100004
          ],
          [
            103.748877214,
            1.34819884300002
          ],
          [
            103.748547063,
            1.34845911200006
          ],
          [
            103.748227915,
            1.34873876500007
          ],
          [
            103.748018816,
            1.34902119000003
          ],
          [
            103.747853734,
            1.34935899500004
          ],
          [
            103.747751922,
            1.34985463300007
          ],
          [
            103.747773915,
            1.350355813
          ],
          [
            103.747845434,
            1.35065763100005
          ],
          [
            103.748244322,
            1.35163508300007
          ],
          [
            103.748266317,
            1.35204211900003
          ],
          [
            103.748282809,
            1.35249899600006
          ],
          [
            103.748258038,
            1.35278142700001
          ],
          [
            103.748153479,
            1.35318015200005
          ],
          [
            103.747988395,
            1.35354287800004
          ],
          [
            103.747754534,
            1.35382253400007
          ],
          [
            103.747471145,
            1.35432924000001
          ],
          [
            103.747245522,
            1.35502700700004
          ],
          [
            103.747193232,
            1.35552264600004
          ],
          [
            103.747162932,
            1.35656653800004
          ],
          [
            103.749015671,
            1.35661745900006
          ]
        ]
      },
      "properties": {
        "OBJECTID": 177,
        "pcn_loop": "Western Adventure Loop",
        "pcn": "Bukit Batok Park Connector",
        "descriptionHTML": "The Bukit Batok Park Connector links the Bukit Batok West Park Connector to the Ulu Pandan Park Connector and the Jurong Park Connector, and passes major landmarks in the Bukit Batok area such as Bukit Batok Civil Service Club, Bukit Batok Community Centre and West Mall shopping centre. Visitors travelling along the park connector can stop by to enjoy the facilities at the Bukit Batok Civil Service Club or grab some refreshments at West Mall Shopping Centre.",
        "address": "The Bukit Batok Park Connector links the Bukit Batok West Park Connector to the Ulu Pandan Park Connector and the Jurong Park Connector.\n\n\n ",
        "Shape__Length": 1842.026284947018
      }
    },
    {
      "type": "Feature",
      "id": 178,
      "geometry": {
        "type": "LineString",
        "coordinates": [
          [
            103.767769956,
            1.36296917300006
          ],
          [
            103.767812528,
            1.36295292300001
          ],
          [
            103.767992352,
            1.36288428600005
          ],
          [
            103.7681649,
            1.36284184400006
          ],
          [
            103.768360454,
            1.36281098000006
          ],
          [
            103.768475485,
            1.36279940700006
          ],
          [
            103.768582849,
            1.36278011600006
          ],
          [
            103.768671039,
            1.36278397900003
          ],
          [
            103.768755396,
            1.36276854600003
          ],
          [
            103.769000799,
            1.36267980000002
          ],
          [
            103.768996864,
            1.36277923000006
          ],
          [
            103.768999817,
            1.36294380100001
          ],
          [
            103.769017568,
            1.36304028600006
          ],
          [
            103.769070826,
            1.36312962500006
          ],
          [
            103.769131187,
            1.36320109800005
          ],
          [
            103.769227056,
            1.36327971800005
          ],
          [
            103.769301621,
            1.36333332300005
          ],
          [
            103.76935133,
            1.36338335400007
          ],
          [
            103.769367175,
            1.36342891900005
          ],
          [
            103.769380577,
            1.36342931400003
          ],
          [
            103.769451051,
            1.36343138700004
          ],
          [
            103.769552244,
            1.36343827100006
          ],
          [
            103.769594308,
            1.36341695500005
          ],
          [
            103.769711053,
            1.36334912600004
          ],
          [
            103.769764155,
            1.36333970500003
          ],
          [
            103.770084242,
            1.36354101100005
          ],
          [
            103.770219399,
            1.36357493000002
          ],
          [
            103.770393916,
            1.36344259100001
          ],
          [
            103.770420367,
            1.36342253300005
          ],
          [
            103.770471897,
            1.36345884800005
          ],
          [
            103.770592757,
            1.36346949400007
          ],
          [
            103.77070019,
            1.36346003900007
          ],
          [
            103.770832495,
            1.36353692000006
          ],
          [
            103.771033452,
            1.36368933100004
          ],
          [
            103.771141229,
            1.36368554600007
          ],
          [
            103.771207955,
            1.36361839800003
          ],
          [
            103.771425871,
            1.36374502600006
          ],
          [
            103.771553121,
            1.36390895100005
          ],
          [
            103.771723221,
            1.36392393500006
          ],
          [
            103.771917927,
            1.36395849300004
          ],
          [
            103.772117061,
            1.36392316200003
          ],
          [
            103.772279455,
            1.36387006600006
          ],
          [
            103.772325465,
            1.36382689000004
          ],
          [
            103.772371574,
            1.36369940800005
          ],
          [
            103.772739663,
            1.36344004200003
          ],
          [
            103.772976123,
            1.36335343600006
          ],
          [
            103.773026607,
            1.36339137900005
          ],
          [
            103.773217695,
            1.36353499600006
          ],
          [
            103.773359076,
            1.36363891300004
          ],
          [
            103.773801595,
            1.36356040100002
          ],
          [
            103.774100473,
            1.36349647700007
          ],
          [
            103.77439591,
            1.36352250000004
          ],
          [
            103.77457203,
            1.36350245200002
          ],
          [
            103.774628258,
            1.36354565500006
          ],
          [
            103.774663109,
            1.36364261100004
          ],
          [
            103.774749674,
            1.36369943000005
          ],
          [
            103.77481878,
            1.36366262600005
          ],
          [
            103.774878726,
            1.36368713800005
          ],
          [
            103.774948456,
            1.36374419400004
          ],
          [
            103.774991751,
            1.36376189700006
          ],
          [
            103.775025191,
            1.36370827200005
          ],
          [
            103.775110685,
            1.36362551000001
          ],
          [
            103.775327917,
            1.36355494800006
          ],
          [
            103.775401119,
            1.36350731200001
          ],
          [
            103.775428316,
            1.36352132600006
          ],
          [
            103.775466962,
            1.36364182500006
          ],
          [
            103.775508555,
            1.36374097900006
          ],
          [
            103.775497039,
            1.36395411000007
          ],
          [
            103.775477701,
            1.36428991900003
          ],
          [
            103.775486766,
            1.364313716
          ],
          [
            103.775556782,
            1.36429770900002
          ],
          [
            103.776229797,
            1.36414384000005
          ],
          [
            103.776354193,
            1.36409791600005
          ],
          [
            103.776473148,
            1.36403916700004
          ],
          [
            103.776585346,
            1.36396822900003
          ],
          [
            103.776743673,
            1.36383454800005
          ],
          [
            103.776849465,
            1.36371651700004
          ],
          [
            103.776942426,
            1.36358795600006
          ],
          [
            103.776966106,
            1.36355011900002
          ],
          [
            103.777058576,
            1.36341929800003
          ],
          [
            103.777115519,
            1.36334362400002
          ],
          [
            103.777181695,
            1.36323746100005
          ],
          [
            103.77723648,
            1.36312490400007
          ],
          [
            103.777277626,
            1.36301174500004
          ],
          [
            103.777310208,
            1.36286611900005
          ],
          [
            103.77732117,
            1.36278432500006
          ],
          [
            103.777322235,
            1.36277157900003
          ],
          [
            103.777328576,
            1.36260733300002
          ],
          [
            103.77732656,
            1.36256963700003
          ],
          [
            103.777345483,
            1.36256948300006
          ],
          [
            103.777361795,
            1.36256935000005
          ],
          [
            103.777419272,
            1.36256888000001
          ],
          [
            103.777801651,
            1.36243638800004
          ],
          [
            103.77798095,
            1.36244901100002
          ],
          [
            103.778287427,
            1.36252022900003
          ],
          [
            103.778416662,
            1.36258366900005
          ],
          [
            103.778612448,
            1.36261136700006
          ],
          [
            103.778780605,
            1.36258153200004
          ],
          [
            103.778914668,
            1.36259571700002
          ],
          [
            103.779453474,
            1.36258856200004
          ],
          [
            103.779484432,
            1.36258707600006
          ]
        ]
      },
      "properties": {
        "OBJECTID": 178,
        "pcn_loop": "Western Adventure Loop",
        "pcn": "Dairy Farm Nature Park",
        "descriptionHTML": "Set in a rustic environment with multiple trails for hiking and biking, the 75-hectare Dairy Farm Nature Park offers a host of recreational activities and amenities such as a nature trail and former quarry. The park is known for the Wallace Education Centre which features a permanent exhibition on the renowned English naturalist Alfred Russel Wallace to honour his contributions to natural science. Arriving on 18 April 1854, Wallace used Singapore as a base to study the natural history of the Malay Archipelago for eight years. A contemporary of Charles Darwin, Wallace is the other “father” behind the theory of evolution.",
        "address": "",
        "Shape__Length": 1666.932743791889
      }
    },
    {
      "type": "Feature",
      "id": 179,
      "geometry": {
        "type": "LineString",
        "coordinates": [
          [
            103.779484432,
            1.36258707600006
          ],
          [
            103.779385949,
            1.36283810200008
          ],
          [
            103.779333786,
            1.36287832000004
          ],
          [
            103.779067566,
            1.36320638700004
          ],
          [
            103.77901299,
            1.36328665700005
          ],
          [
            103.778920623,
            1.36366266200002
          ],
          [
            103.778870241,
            1.36385277700004
          ],
          [
            103.778857643,
            1.36400487000002
          ],
          [
            103.778798863,
            1.36427948100003
          ],
          [
            103.778702304,
            1.36446114400007
          ],
          [
            103.778630933,
            1.36465125900002
          ],
          [
            103.778601542,
            1.36482025100003
          ],
          [
            103.778492389,
            1.36497656500007
          ],
          [
            103.778449883,
            1.36511373500002
          ],
          [
            103.778425838,
            1.36519309300008
          ]
        ]
      },
      "properties": {
        "OBJECTID": 179,
        "pcn_loop": "Western Adventure Loop",
        "pcn": "Dairy Farm Nature Park",
        "descriptionHTML": "Set in a rustic environment with multiple trails for hiking and biking, the 75-hectare Dairy Farm Nature Park offers a host of recreational activities and amenities such as a nature trail and former quarry. The park is known for the Wallace Education Centre which features a permanent exhibition on the renowned English naturalist Alfred Russel Wallace to honour his contributions to natural science. Arriving on 18 April 1854, Wallace used Singapore as a base to study the natural history of the Malay Archipelago for eight years. A contemporary of Charles Darwin, Wallace is the other “father” behind the theory of evolution.",
        "address": "",
        "Shape__Length": 319.5506147243577
      }
    },
    {
      "type": "Feature",
      "id": 180,
      "geometry": {
        "type": "LineString",
        "coordinates": [
          [
            103.70630119,
            1.33630255400003
          ],
          [
            103.706279378,
            1.33624406400003
          ],
          [
            103.706224922,
            1.33609803700005
          ],
          [
            103.706211565,
            1.33606221900004
          ],
          [
            103.706241431,
            1.33603856000001
          ],
          [
            103.706288805,
            1.33600103000002
          ],
          [
            103.706326018,
            1.33597543600007
          ],
          [
            103.706373464,
            1.33594424800002
          ],
          [
            103.706403103,
            1.33592772000003
          ],
          [
            103.706442838,
            1.33591463600004
          ],
          [
            103.706479971,
            1.33591092300003
          ],
          [
            103.706513466,
            1.33591440600003
          ],
          [
            103.706545899,
            1.33592433100007
          ],
          [
            103.706575211,
            1.33593786600004
          ],
          [
            103.706600902,
            1.33594735400003
          ],
          [
            103.706633807,
            1.33595491500006
          ],
          [
            103.706661479,
            1.33595739200007
          ],
          [
            103.706698792,
            1.33595534100004
          ],
          [
            103.706725588,
            1.33594998000006
          ],
          [
            103.706752436,
            1.33594110100005
          ],
          [
            103.706783644,
            1.33592497400002
          ],
          [
            103.706828455,
            1.33591204700002
          ],
          [
            103.706880477,
            1.33590065600004
          ],
          [
            103.706935801,
            1.33589486300002
          ],
          [
            103.706966798,
            1.33589437300004
          ],
          [
            103.70701438,
            1.33589900200008
          ],
          [
            103.707037106,
            1.33590589300006
          ],
          [
            103.707066074,
            1.33591695100005
          ],
          [
            103.707092848,
            1.33592859500004
          ],
          [
            103.707126384,
            1.33595053700003
          ],
          [
            103.707146761,
            1.33596585500003
          ],
          [
            103.707164853,
            1.33597434700004
          ],
          [
            103.707191618,
            1.33598447900005
          ],
          [
            103.707223875,
            1.33599370700006
          ],
          [
            103.707255809,
            1.33599984700003
          ],
          [
            103.707291761,
            1.33600336200004
          ],
          [
            103.707322674,
            1.33600359300003
          ],
          [
            103.707341206,
            1.33600316300005
          ],
          [
            103.707353911,
            1.33600286800002
          ],
          [
            103.707377949,
            1.33599753300007
          ],
          [
            103.707399566,
            1.33599284000007
          ],
          [
            103.707417692,
            1.33598521600003
          ],
          [
            103.70745231,
            1.33596942100008
          ],
          [
            103.707482539,
            1.33595439300005
          ],
          [
            103.707512009,
            1.33593517100007
          ],
          [
            103.707538506,
            1.33591282500003
          ],
          [
            103.707568225,
            1.33588107100006
          ],
          [
            103.707589516,
            1.33585167000006
          ],
          [
            103.707609485,
            1.33581570700005
          ],
          [
            103.707624321,
            1.33577897000004
          ],
          [
            103.70763432,
            1.33574165700003
          ],
          [
            103.707639802,
            1.33570423000003
          ],
          [
            103.707640854,
            1.33567531900007
          ],
          [
            103.70763629,
            1.33563907500006
          ],
          [
            103.707628125,
            1.33560345100004
          ],
          [
            103.707616271,
            1.33556368100003
          ],
          [
            103.707599515,
            1.33551577100007
          ],
          [
            103.707581191,
            1.33546520400005
          ],
          [
            103.707560291,
            1.33541187300004
          ],
          [
            103.707536936,
            1.33535520400005
          ],
          [
            103.707501822,
            1.33527551200006
          ],
          [
            103.707472391,
            1.33521648000003
          ],
          [
            103.707439207,
            1.33515776000007
          ],
          [
            103.70738692,
            1.33507713400006
          ],
          [
            103.707351746,
            1.33502993200006
          ],
          [
            103.707307558,
            1.33497796800003
          ],
          [
            103.707238427,
            1.33490924200004
          ],
          [
            103.707181853,
            1.33486200800006
          ],
          [
            103.70708304,
            1.33478584200002
          ],
          [
            103.707031455,
            1.33474631900002
          ]
        ]
      },
      "properties": {
        "OBJECTID": 180,
        "pcn_loop": "Western Adventure Loop",
        "pcn": "Jurong Central Park",
        "descriptionHTML": "As the first park in Singapore to have life-sized board game features, Jurong Central Park offers families countless hours of fun and excitement. Using greenery, sculpted terrains, various play equipment and a dice tower, the park recreates favourite childhood board games to add a new dimension to the game play experience. With the life-sized Snakes and Ladders playground and Ludo Garden, the park allows visitors to revisit their childhood and relive their favourite memories. Nature lovers can also explore and discover the various types of aquatic plants, wildlife species and dragonflies that thrive in the ponds located in the park.",
        "address": "",
        "Shape__Length": 345.14145768079965
      }
    },
    {
      "type": "Feature",
      "id": 181,
      "geometry": {
        "type": "LineString",
        "coordinates": [
          [
            103.709919439,
            1.33794716300004
          ],
          [
            103.709919444,
            1.33794719000001
          ],
          [
            103.710134192,
            1.33791625300006
          ],
          [
            103.711889455,
            1.33775293000003
          ],
          [
            103.712560861,
            1.33769113100004
          ],
          [
            103.713049814,
            1.33765568800003
          ],
          [
            103.713524303,
            1.33765571100003
          ],
          [
            103.714009279,
            1.33772738500005
          ],
          [
            103.714366791,
            1.33783535000003
          ],
          [
            103.714856661,
            1.33806396800003
          ],
          [
            103.715370551,
            1.33844299600003
          ],
          [
            103.716386277,
            1.33930641300002
          ],
          [
            103.716401064,
            1.33931975800004
          ]
        ]
      },
      "properties": {
        "OBJECTID": 181,
        "pcn_loop": "Western Adventure Loop",
        "pcn": "Jurong Park Connector",
        "descriptionHTML": "Starting from Pan-Island Expressway (PIE), near the Jurong West Street 42 estates, the Jurong Park Connector stretches across the expressway to Ayer-Rajah Expressway (AYE) and Toh Guan Road. Visitors can opt to take the route leading to Jurong East Central, which links to Ulu Pandan Park Connector near Toh Guan Road, or head towards Yuan Ching Road to reach the AYE. Cycle, jog or take a leisurely stroll along the linear pathway and enjoy the beauty of the lush greenery and the breath-taking scenery of the surroundings. Take in the aroma of freshly baked biscuits from the Khong Guan Factory as you pass the row of factories between Jalan Boon Lay and Enterprise Road.",
        "address": "Jurong Park Connector starts from Pan-Island Expressway (PIE), near the Jurong West Street 42 estates. It stretches from PIE all the way to Ayer-Rajah Expressway (AYE) and Toh Guan Road.",
        "Shape__Length": 780.8997369815326
      }
    },
    {
      "type": "Feature",
      "id": 182,
      "geometry": {
        "type": "LineString",
        "coordinates": [
          [
            103.716561212,
            1.33941439300003
          ],
          [
            103.716519633,
            1.33951134500005
          ],
          [
            103.716509647,
            1.33953168300007
          ],
          [
            103.716445826,
            1.33966308700002
          ],
          [
            103.716501237,
            1.33971166900004
          ],
          [
            103.716812194,
            1.33997728400004
          ],
          [
            103.717408433,
            1.34045970100004
          ],
          [
            103.718639423,
            1.34148914100006
          ],
          [
            103.719032544,
            1.34185283100004
          ],
          [
            103.719626498,
            1.34231470200007
          ],
          [
            103.719807273,
            1.34244610100005
          ],
          [
            103.720138588,
            1.34254874200003
          ],
          [
            103.720532286,
            1.34265930700002
          ],
          [
            103.720912558,
            1.34276604400004
          ],
          [
            103.721284441,
            1.34278785800005
          ],
          [
            103.72126866,
            1.34250293500001
          ]
        ]
      },
      "properties": {
        "OBJECTID": 182,
        "pcn_loop": "Western Adventure Loop",
        "pcn": "Jurong Park Connector",
        "descriptionHTML": "Starting from Pan-Island Expressway (PIE), near the Jurong West Street 42 estates, the Jurong Park Connector stretches across the expressway to Ayer-Rajah Expressway (AYE) and Toh Guan Road. Visitors can opt to take the route leading to Jurong East Central, which links to Ulu Pandan Park Connector near Toh Guan Road, or head towards Yuan Ching Road to reach the AYE. Cycle, jog or take a leisurely stroll along the linear pathway and enjoy the beauty of the lush greenery and the breath-taking scenery of the surroundings. Take in the aroma of freshly baked biscuits from the Khong Guan Factory as you pass the row of factories between Jalan Boon Lay and Enterprise Road.",
        "address": "Jurong Park Connector starts from Pan-Island Expressway (PIE), near the Jurong West Street 42 estates. It stretches from PIE all the way to Ayer-Rajah Expressway (AYE) and Toh Guan Road.",
        "Shape__Length": 717.9285763091684
      }
    },
    {
      "type": "Feature",
      "id": 183,
      "geometry": {
        "type": "LineString",
        "coordinates": [
          [
            103.72783074,
            1.34445822200007
          ],
          [
            103.727851602,
            1.34451198200003
          ],
          [
            103.727908574,
            1.34470357800007
          ],
          [
            103.727917832,
            1.34519298000003
          ],
          [
            103.727908533,
            1.34565809800006
          ],
          [
            103.727921466,
            1.34703103900005
          ],
          [
            103.72789171,
            1.34845254600004
          ],
          [
            103.727884245,
            1.34940146300004
          ],
          [
            103.727886086,
            1.34974703200004
          ],
          [
            103.727854359,
            1.34985879800007
          ]
        ]
      },
      "properties": {
        "OBJECTID": 183,
        "pcn_loop": "Western Adventure Loop",
        "pcn": "Jurong Park Connector",
        "descriptionHTML": "Starting from Pan-Island Expressway (PIE), near the Jurong West Street 42 estates, the Jurong Park Connector stretches across the expressway to Ayer-Rajah Expressway (AYE) and Toh Guan Road. Visitors can opt to take the route leading to Jurong East Central, which links to Ulu Pandan Park Connector near Toh Guan Road, or head towards Yuan Ching Road to reach the AYE. Cycle, jog or take a leisurely stroll along the linear pathway and enjoy the beauty of the lush greenery and the breath-taking scenery of the surroundings. Take in the aroma of freshly baked biscuits from the Khong Guan Factory as you pass the row of factories between Jalan Boon Lay and Enterprise Road.",
        "address": "Jurong Park Connector starts from Pan-Island Expressway (PIE), near the Jurong West Street 42 estates. It stretches from PIE all the way to Ayer-Rajah Expressway (AYE) and Toh Guan Road.",
        "Shape__Length": 603.2697795259118
      }
    },
    {
      "type": "Feature",
      "id": 184,
      "geometry": {
        "type": "LineString",
        "coordinates": [
          [
            103.744806754,
            1.34263454800004
          ],
          [
            103.74481068,
            1.34263977300002
          ],
          [
            103.744842112,
            1.34266373100008
          ],
          [
            103.744910456,
            1.34270404300002
          ],
          [
            103.744956277,
            1.34272993800003
          ],
          [
            103.744970812,
            1.34273815100006
          ],
          [
            103.745072486,
            1.34279644800005
          ],
          [
            103.745087362,
            1.34280865600004
          ],
          [
            103.745165007,
            1.34290661400006
          ],
          [
            103.745173075,
            1.34291591000004
          ],
          [
            103.745247173,
            1.34297046700005
          ],
          [
            103.7452647,
            1.34298372800003
          ],
          [
            103.745279763,
            1.34299359000004
          ],
          [
            103.745287143,
            1.34299621500002
          ],
          [
            103.74529185,
            1.34299782800001
          ],
          [
            103.745386698,
            1.34299617100002
          ],
          [
            103.745425577,
            1.34298522200003
          ],
          [
            103.745439824,
            1.34298111900006
          ],
          [
            103.745515952,
            1.34295331500004
          ],
          [
            103.745590426,
            1.34292407800007
          ],
          [
            103.745609303,
            1.34291666600007
          ],
          [
            103.745761455,
            1.34283141400003
          ],
          [
            103.746023894,
            1.34268260400007
          ],
          [
            103.746285952,
            1.34253254000002
          ],
          [
            103.746500253,
            1.34241023200002
          ],
          [
            103.746763475,
            1.34226198000005
          ],
          [
            103.74704983,
            1.34209947000007
          ],
          [
            103.747312841,
            1.34195078100003
          ],
          [
            103.747504312,
            1.34184171000004
          ],
          [
            103.747701379,
            1.34172992500003
          ],
          [
            103.747716145,
            1.34172154900005
          ],
          [
            103.747747329,
            1.34170345700006
          ],
          [
            103.747781426,
            1.34168401100004
          ],
          [
            103.747815256,
            1.34166397900003
          ],
          [
            103.747846621,
            1.34164319300003
          ],
          [
            103.747878329,
            1.34162088600006
          ],
          [
            103.747909449,
            1.34159770900004
          ],
          [
            103.747955572,
            1.34155977600005
          ],
          [
            103.747970102,
            1.34154782700005
          ],
          [
            103.748066733,
            1.34146072700002
          ],
          [
            103.748125186,
            1.34140394500003
          ],
          [
            103.748177596,
            1.34134412500004
          ],
          [
            103.748219993,
            1.34127198900006
          ],
          [
            103.748250929,
            1.34122293100005
          ],
          [
            103.748343509,
            1.34104677700002
          ],
          [
            103.74842312,
            1.34079672200004
          ],
          [
            103.748425293,
            1.34079046000005
          ],
          [
            103.748435012,
            1.34076245100004
          ]
        ]
      },
      "properties": {
        "OBJECTID": 184,
        "pcn_loop": "Western Adventure Loop",
        "pcn": "Jurong Park Connector",
        "descriptionHTML": "Starting from Pan-Island Expressway (PIE), near the Jurong West Street 42 estates, the Jurong Park Connector stretches across the expressway to Ayer-Rajah Expressway (AYE) and Toh Guan Road. Visitors can opt to take the route leading to Jurong East Central, which links to Ulu Pandan Park Connector near Toh Guan Road, or head towards Yuan Ching Road to reach the AYE. Cycle, jog or take a leisurely stroll along the linear pathway and enjoy the beauty of the lush greenery and the breath-taking scenery of the surroundings. Take in the aroma of freshly baked biscuits from the Khong Guan Factory as you pass the row of factories between Jalan Boon Lay and Enterprise Road.",
        "address": "Jurong Park Connector starts from Pan-Island Expressway (PIE), near the Jurong West Street 42 estates. It stretches from PIE all the way to Ayer-Rajah Expressway (AYE) and Toh Guan Road.",
        "Shape__Length": 512.7593282560625
      }
    },
    {
      "type": "Feature",
      "id": 185,
      "geometry": {
        "type": "LineString",
        "coordinates": [
          [
            103.744806754,
            1.34263454800004
          ],
          [
            103.744745868,
            1.34268141100006
          ],
          [
            103.745268061,
            1.34336235300004
          ],
          [
            103.745301563,
            1.34340908900002
          ]
        ]
      },
      "properties": {
        "OBJECTID": 185,
        "pcn_loop": "Western Adventure Loop",
        "pcn": "Jurong Park Connector",
        "descriptionHTML": "Starting from Pan-Island Expressway (PIE), near the Jurong West Street 42 estates, the Jurong Park Connector stretches across the expressway to Ayer-Rajah Expressway (AYE) and Toh Guan Road. Visitors can opt to take the route leading to Jurong East Central, which links to Ulu Pandan Park Connector near Toh Guan Road, or head towards Yuan Ching Road to reach the AYE. Cycle, jog or take a leisurely stroll along the linear pathway and enjoy the beauty of the lush greenery and the breath-taking scenery of the surroundings. Take in the aroma of freshly baked biscuits from the Khong Guan Factory as you pass the row of factories between Jalan Boon Lay and Enterprise Road.",
        "address": "Jurong Park Connector starts from Pan-Island Expressway (PIE), near the Jurong West Street 42 estates. It stretches from PIE all the way to Ayer-Rajah Expressway (AYE) and Toh Guan Road.",
        "Shape__Length": 110.49810180296001
      }
    },
    {
      "type": "Feature",
      "id": 186,
      "geometry": {
        "type": "LineString",
        "coordinates": [
          [
            103.729874286,
            1.34326433800003
          ],
          [
            103.729919056,
            1.34325650800002
          ],
          [
            103.730061808,
            1.34320639700006
          ],
          [
            103.730157927,
            1.34316156100005
          ],
          [
            103.730246435,
            1.34309849300008
          ],
          [
            103.73036364,
            1.34297969100004
          ],
          [
            103.730412004,
            1.34291724600007
          ],
          [
            103.730487159,
            1.34278664800006
          ],
          [
            103.73052196,
            1.34265319100006
          ],
          [
            103.730551674,
            1.34247453700005
          ],
          [
            103.730588999,
            1.34226501900004
          ],
          [
            103.730622773,
            1.34211258500006
          ],
          [
            103.730658314,
            1.34195206400005
          ],
          [
            103.730694916,
            1.34179401100005
          ],
          [
            103.730747367,
            1.34156757600005
          ],
          [
            103.730774805,
            1.34147683300007
          ],
          [
            103.730780731,
            1.34145763500004
          ],
          [
            103.730786966,
            1.34143744300006
          ],
          [
            103.730823153,
            1.34132023500008
          ],
          [
            103.730874246,
            1.34115225900005
          ],
          [
            103.730908987,
            1.34103904100005
          ],
          [
            103.73097834,
            1.34085604500007
          ],
          [
            103.731033436,
            1.34071074800004
          ],
          [
            103.731071849,
            1.34060876000007
          ],
          [
            103.73107672,
            1.34060136800003
          ],
          [
            103.731088608,
            1.34058332800003
          ],
          [
            103.731109053,
            1.34055266000007
          ],
          [
            103.731216621,
            1.34039130100005
          ],
          [
            103.731366237,
            1.34019889100004
          ],
          [
            103.73145558,
            1.34010538000005
          ],
          [
            103.7315771,
            1.33998658400003
          ],
          [
            103.731684125,
            1.33994282600002
          ],
          [
            103.731713019,
            1.33992115400001
          ],
          [
            103.731772961,
            1.33987619600003
          ],
          [
            103.731888095,
            1.33979003200005
          ],
          [
            103.731996528,
            1.33969058100007
          ],
          [
            103.732070988,
            1.33960509200006
          ],
          [
            103.732078708,
            1.33959128300006
          ],
          [
            103.732108298,
            1.33953834600004
          ],
          [
            103.732130773,
            1.33948361600004
          ],
          [
            103.732158265,
            1.33940028400001
          ],
          [
            103.732198336,
            1.33929383200005
          ],
          [
            103.732262986,
            1.33912213600007
          ],
          [
            103.732340086,
            1.33891734500002
          ],
          [
            103.732417419,
            1.33869012000002
          ],
          [
            103.732548833,
            1.33844459400006
          ],
          [
            103.732561604,
            1.33842461600004
          ],
          [
            103.732593463,
            1.33837477800005
          ],
          [
            103.732619883,
            1.33833344900007
          ],
          [
            103.732707518,
            1.33821316700004
          ],
          [
            103.732739124,
            1.33817041500003
          ],
          [
            103.732803861,
            1.33808285000004
          ],
          [
            103.732815783,
            1.33806666600004
          ],
          [
            103.7328833,
            1.33797505100004
          ],
          [
            103.732948943,
            1.33788637100002
          ],
          [
            103.733058428,
            1.33773606300002
          ],
          [
            103.733069403,
            1.33772254300004
          ],
          [
            103.733081537,
            1.33771311800006
          ],
          [
            103.733096627,
            1.33770653000004
          ],
          [
            103.733119468,
            1.33770402300006
          ],
          [
            103.733131623,
            1.33770634200003
          ],
          [
            103.733197615,
            1.33775921700003
          ],
          [
            103.733242204,
            1.33778902200004
          ],
          [
            103.73331713,
            1.33784099900004
          ],
          [
            103.733384111,
            1.33788725900006
          ],
          [
            103.73342525,
            1.33791793700005
          ],
          [
            103.733450977,
            1.33793755600004
          ],
          [
            103.73347581,
            1.33796311900005
          ],
          [
            103.733560592,
            1.33805161800005
          ],
          [
            103.733607251,
            1.33811213000007
          ],
          [
            103.733660974,
            1.33820361500004
          ],
          [
            103.73369334,
            1.33827674000002
          ],
          [
            103.733697599,
            1.33829011100006
          ],
          [
            103.733726171,
            1.33837984500001
          ],
          [
            103.733751022,
            1.33851072100002
          ],
          [
            103.733755209,
            1.33861823500007
          ],
          [
            103.733750033,
            1.33875535400006
          ],
          [
            103.733751095,
            1.33889406900006
          ],
          [
            103.733758764,
            1.33905946100003
          ],
          [
            103.73376202,
            1.33910115600002
          ],
          [
            103.733760667,
            1.33910275000006
          ],
          [
            103.733759693,
            1.33911032300006
          ],
          [
            103.733767249,
            1.33923406000002
          ],
          [
            103.733769214,
            1.33923481300006
          ],
          [
            103.733800494,
            1.33943299400005
          ],
          [
            103.733817255,
            1.33943077600003
          ],
          [
            103.733822416,
            1.33943334600003
          ],
          [
            103.733863063,
            1.33942495200006
          ],
          [
            103.733866319,
            1.33942133800002
          ],
          [
            103.733909562,
            1.33941373500006
          ],
          [
            103.733931107,
            1.33940958300002
          ],
          [
            103.733941181,
            1.33940780700003
          ],
          [
            103.733947854,
            1.33940557200002
          ],
          [
            103.73395564,
            1.33944687000008
          ],
          [
            103.733902395,
            1.33945686600002
          ],
          [
            103.733907112,
            1.33948242000002
          ],
          [
            103.733920795,
            1.33954702700003
          ],
          [
            103.733942631,
            1.33954152900003
          ],
          [
            103.733927792,
            1.33947400500005
          ],
          [
            103.734257929,
            1.33940692400005
          ],
          [
            103.734243384,
            1.33933901900002
          ],
          [
            103.734266389,
            1.33933426500006
          ],
          [
            103.734279522,
            1.33940830700003
          ],
          [
            103.734291943,
            1.33945379800002
          ],
          [
            103.734298811,
            1.33951875000003
          ],
          [
            103.734312698,
            1.33957769000005
          ],
          [
            103.734320018,
            1.33960875600007
          ],
          [
            103.734341227,
            1.33967600500006
          ],
          [
            103.734345572,
            1.33969031700002
          ],
          [
            103.734367523,
            1.33976262000003
          ],
          [
            103.734398753,
            1.33985772800002
          ],
          [
            103.734403411,
            1.33987215900003
          ],
          [
            103.734436259,
            1.33996091500006
          ],
          [
            103.734440084,
            1.33997125200006
          ],
          [
            103.734441629,
            1.33997542500004
          ],
          [
            103.734444476,
            1.33997755000007
          ],
          [
            103.734448241,
            1.33997809000006
          ],
          [
            103.734468165,
            1.33997829600002
          ],
          [
            103.734507167,
            1.33997802000006
          ],
          [
            103.734553299,
            1.33997769400002
          ],
          [
            103.734619203,
            1.33997722900004
          ],
          [
            103.734671685,
            1.33997685800006
          ],
          [
            103.734671922,
            1.33997685600001
          ],
          [
            103.734731233,
            1.33997649300005
          ],
          [
            103.734770766,
            1.33997625000006
          ],
          [
            103.734868936,
            1.33997564800006
          ],
          [
            103.734935492,
            1.33997518300003
          ],
          [
            103.734987437,
            1.33997482000005
          ],
          [
            103.735060621,
            1.33997489600006
          ],
          [
            103.735090342,
            1.33997492700007
          ],
          [
            103.735146161,
            1.33997451300005
          ],
          [
            103.735211397,
            1.33997403000007
          ],
          [
            103.735323847,
            1.33997363300005
          ],
          [
            103.735351257,
            1.33997446200004
          ],
          [
            103.735357264,
            1.33997569600006
          ],
          [
            103.735381781,
            1.33998533500005
          ],
          [
            103.73538768,
            1.33998912100003
          ],
          [
            103.73539686,
            1.33999796000006
          ],
          [
            103.735408793,
            1.34000964300003
          ],
          [
            103.735425604,
            1.34003114900002
          ],
          [
            103.735471978,
            1.34009040600005
          ],
          [
            103.735519426,
            1.34015103600007
          ],
          [
            103.735544875,
            1.34018409300005
          ],
          [
            103.735551353,
            1.34018883700004
          ],
          [
            103.735562549,
            1.34019269700001
          ],
          [
            103.735578352,
            1.34019334500005
          ],
          [
            103.735607466,
            1.34018776400007
          ],
          [
            103.735609817,
            1.34018731300005
          ],
          [
            103.735631621,
            1.34017912700006
          ],
          [
            103.73564168,
            1.34017328400006
          ],
          [
            103.735649517,
            1.34016873400003
          ],
          [
            103.735664741,
            1.34015669000005
          ],
          [
            103.73568127,
            1.34014131300004
          ],
          [
            103.73569227,
            1.34013141600003
          ],
          [
            103.73569301,
            1.34013072800001
          ],
          [
            103.735757287,
            1.34007092500001
          ],
          [
            103.735774264,
            1.34005682600002
          ],
          [
            103.735774831,
            1.34005638800005
          ],
          [
            103.735814384,
            1.34002624800006
          ],
          [
            103.735896318,
            1.33996383400006
          ],
          [
            103.735937151,
            1.33993275400008
          ],
          [
            103.735965966,
            1.33991082100005
          ],
          [
            103.736088921,
            1.33981800300005
          ],
          [
            103.736195073,
            1.33973990500003
          ],
          [
            103.736269094,
            1.33968642200006
          ],
          [
            103.736373758,
            1.33961091100002
          ],
          [
            103.736386218,
            1.33960113300003
          ],
          [
            103.736386551,
            1.33960087800006
          ],
          [
            103.736435426,
            1.33956384700003
          ],
          [
            103.73649617,
            1.33951544300003
          ],
          [
            103.736529862,
            1.33948673400005
          ],
          [
            103.736553155,
            1.33947003200007
          ],
          [
            103.736658939,
            1.33939642300004
          ],
          [
            103.736720469,
            1.33935471800004
          ],
          [
            103.736737859,
            1.33934200700003
          ],
          [
            103.736766947,
            1.33932070600003
          ],
          [
            103.736814152,
            1.33928613900002
          ],
          [
            103.736898233,
            1.33921578000008
          ],
          [
            103.736911678,
            1.33920402000007
          ],
          [
            103.736947569,
            1.33917645100008
          ],
          [
            103.73698324,
            1.33914904900006
          ],
          [
            103.737013818,
            1.33912556100004
          ],
          [
            103.737035068,
            1.33910923600005
          ],
          [
            103.737108151,
            1.33905346200003
          ],
          [
            103.737126733,
            1.33903992600007
          ],
          [
            103.737211448,
            1.33897823800003
          ],
          [
            103.737261687,
            1.33894076200004
          ],
          [
            103.737290784,
            1.33891906000003
          ],
          [
            103.737327971,
            1.33889015800003
          ],
          [
            103.737368532,
            1.33885863200004
          ],
          [
            103.737392135,
            1.33884028800003
          ],
          [
            103.737434933,
            1.33880776000005
          ],
          [
            103.737486268,
            1.33876874200007
          ],
          [
            103.737499877,
            1.33875657100003
          ],
          [
            103.737565901,
            1.33869752400005
          ],
          [
            103.737593647,
            1.33867293800006
          ],
          [
            103.73760398,
            1.33866360400004
          ],
          [
            103.737646456,
            1.33863103900006
          ],
          [
            103.737646578,
            1.33863094600002
          ],
          [
            103.737719884,
            1.33857608400006
          ],
          [
            103.737769719,
            1.33853870100005
          ],
          [
            103.737780053,
            1.33853096400003
          ],
          [
            103.737800821,
            1.33851564700006
          ],
          [
            103.737816452,
            1.33850411800004
          ],
          [
            103.737852087,
            1.33847896700006
          ],
          [
            103.737861323,
            1.33847018300003
          ],
          [
            103.737881376,
            1.33845406700005
          ],
          [
            103.737918852,
            1.33842420800005
          ],
          [
            103.737969718,
            1.33838336900003
          ],
          [
            103.738049878,
            1.33831941300003
          ],
          [
            103.738131869,
            1.33825386500007
          ],
          [
            103.738218675,
            1.33818464300003
          ],
          [
            103.73824679,
            1.33816220900006
          ],
          [
            103.738288996,
            1.33812823800002
          ],
          [
            103.73829967,
            1.33811984900008
          ],
          [
            103.738335027,
            1.33809200200005
          ],
          [
            103.738392408,
            1.33804666900006
          ],
          [
            103.738466146,
            1.33798789400004
          ],
          [
            103.738568758,
            1.33790693800006
          ],
          [
            103.738655082,
            1.33783862400003
          ],
          [
            103.738732366,
            1.33777799100005
          ],
          [
            103.738777042,
            1.33774256200006
          ],
          [
            103.738828874,
            1.33770152000005
          ],
          [
            103.738840228,
            1.33769310900004
          ],
          [
            103.73886126,
            1.33767628800007
          ],
          [
            103.738884484,
            1.33765834800004
          ],
          [
            103.738918449,
            1.337632244
          ],
          [
            103.738969585,
            1.33759179800005
          ],
          [
            103.738994169,
            1.33757213800004
          ],
          [
            103.739039442,
            1.33753624200006
          ],
          [
            103.73913396,
            1.33746135300004
          ],
          [
            103.739214315,
            1.33739761900005
          ],
          [
            103.73926329,
            1.33735827300007
          ],
          [
            103.739290276,
            1.33733713500003
          ],
          [
            103.739340862,
            1.33729656500002
          ],
          [
            103.739438374,
            1.33721856100005
          ],
          [
            103.739536364,
            1.33714035900004
          ],
          [
            103.739551295,
            1.33712875300007
          ],
          [
            103.739573733,
            1.33711640600006
          ],
          [
            103.739594711,
            1.33711129900006
          ],
          [
            103.739612579,
            1.33711200300008
          ],
          [
            103.739660625,
            1.33712026000004
          ],
          [
            103.739730049,
            1.33713211500003
          ],
          [
            103.739747479,
            1.33714034100006
          ],
          [
            103.739847789,
            1.33715473400001
          ],
          [
            103.739920482,
            1.33717299300002
          ],
          [
            103.740087904,
            1.33721136700007
          ],
          [
            103.740313486,
            1.33713269400005
          ],
          [
            103.740331482,
            1.33712707500008
          ],
          [
            103.74055125,
            1.33735198600003
          ],
          [
            103.740854338,
            1.33740296300004
          ],
          [
            103.740883599,
            1.33740658800002
          ],
          [
            103.740908983,
            1.33740973200002
          ],
          [
            103.740936988,
            1.33741750600006
          ],
          [
            103.740957107,
            1.33742577500004
          ],
          [
            103.74098474,
            1.33744743700003
          ],
          [
            103.74101415,
            1.33748471600006
          ],
          [
            103.74102674,
            1.337493175
          ],
          [
            103.741059188,
            1.33749975900001
          ],
          [
            103.74108293,
            1.33750785700005
          ],
          [
            103.741131294,
            1.33754073300002
          ],
          [
            103.741147538,
            1.33755805900006
          ],
          [
            103.741159182,
            1.33757111900008
          ],
          [
            103.741218676,
            1.33764301300003
          ],
          [
            103.741264607,
            1.33771134000005
          ],
          [
            103.741337478,
            1.33785474100005
          ],
          [
            103.741370581,
            1.33791937100005
          ],
          [
            103.741457345,
            1.33805612300006
          ],
          [
            103.741464543,
            1.33806710900006
          ],
          [
            103.741527677,
            1.33816346600003
          ],
          [
            103.741565326,
            1.33821747600006
          ],
          [
            103.74162306,
            1.33829492200005
          ],
          [
            103.741666688,
            1.33835345600004
          ],
          [
            103.741685299,
            1.33837295900003
          ],
          [
            103.741698478,
            1.33838737200004
          ],
          [
            103.741734638,
            1.33844501600004
          ],
          [
            103.741738055,
            1.33844960900006
          ],
          [
            103.741761939,
            1.33848171700003
          ],
          [
            103.741775381,
            1.33849980700005
          ],
          [
            103.741796146,
            1.33852790900004
          ],
          [
            103.741802191,
            1.33853615300005
          ],
          [
            103.741877331,
            1.33863798600004
          ],
          [
            103.741887246,
            1.33864698600006
          ],
          [
            103.741894951,
            1.33865702200008
          ],
          [
            103.741898011,
            1.33866295900004
          ],
          [
            103.741902063,
            1.33867118900001
          ],
          [
            103.741959577,
            1.33874900500007
          ],
          [
            103.74199106,
            1.33879114300004
          ],
          [
            103.742023705,
            1.33883483600006
          ],
          [
            103.742026989,
            1.33884180900001
          ],
          [
            103.742029891,
            1.33884589300004
          ],
          [
            103.742072477,
            1.33890633200003
          ],
          [
            103.742075931,
            1.33891803000008
          ],
          [
            103.74207303,
            1.33893215400001
          ],
          [
            103.742070743,
            1.33894328600007
          ],
          [
            103.742060821,
            1.33898047200005
          ],
          [
            103.742054621,
            1.33900144900002
          ],
          [
            103.74204911,
            1.33902096400004
          ],
          [
            103.742081597,
            1.33906548700002
          ],
          [
            103.742071099,
            1.33910519300001
          ],
          [
            103.742179685,
            1.33924956600002
          ],
          [
            103.742217878,
            1.33925063600003
          ],
          [
            103.74226025,
            1.33926883300006
          ],
          [
            103.742274569,
            1.33928935400007
          ],
          [
            103.74237585,
            1.33937153900008
          ],
          [
            103.742445575,
            1.33942533900007
          ],
          [
            103.742455112,
            1.33943844300006
          ],
          [
            103.742458958,
            1.33945556700007
          ],
          [
            103.742471263,
            1.33948279100002
          ],
          [
            103.742502945,
            1.33953785500005
          ],
          [
            103.74253942,
            1.33957488200001
          ],
          [
            103.742583454,
            1.33961176000004
          ],
          [
            103.742589404,
            1.33962210300006
          ],
          [
            103.742593693,
            1.33964044600003
          ],
          [
            103.742615349,
            1.33968501400006
          ],
          [
            103.742641134,
            1.33972538600005
          ],
          [
            103.742672665,
            1.33975903700002
          ],
          [
            103.742678253,
            1.33976391600004
          ],
          [
            103.74271767,
            1.33979537200001
          ],
          [
            103.742729121,
            1.33981166100006
          ],
          [
            103.742853433,
            1.33997922800007
          ],
          [
            103.742990698,
            1.34016460400005
          ],
          [
            103.74312674,
            1.34034811700008
          ],
          [
            103.743253222,
            1.34051883800003
          ],
          [
            103.743273444,
            1.34055134300007
          ],
          [
            103.743306828,
            1.34067305000002
          ],
          [
            103.743311874,
            1.34069278100002
          ],
          [
            103.743386534,
            1.34071077700002
          ],
          [
            103.743345181,
            1.34078579600005
          ],
          [
            103.743453677,
            1.34093348800007
          ],
          [
            103.74354525,
            1.34097754200005
          ],
          [
            103.743575401,
            1.34099901700006
          ],
          [
            103.743609821,
            1.34102674000007
          ],
          [
            103.743645693,
            1.34105903500004
          ],
          [
            103.743653391,
            1.34106596500003
          ],
          [
            103.74366747,
            1.34108091700006
          ],
          [
            103.743720863,
            1.34115419000005
          ],
          [
            103.743791473,
            1.34124996000002
          ],
          [
            103.743807034,
            1.34127187300003
          ],
          [
            103.743823147,
            1.34130116100003
          ],
          [
            103.743834435,
            1.34133026100006
          ],
          [
            103.743845171,
            1.34135384600006
          ],
          [
            103.743847895,
            1.34135821400003
          ],
          [
            103.743872378,
            1.34138276900006
          ],
          [
            103.743909585,
            1.34141042900007
          ],
          [
            103.743921408,
            1.34142663300002
          ],
          [
            103.743934799,
            1.34144352900006
          ],
          [
            103.743949803,
            1.34146270900005
          ],
          [
            103.743958236,
            1.34147773500006
          ],
          [
            103.743968296,
            1.34150703600006
          ],
          [
            103.743977373,
            1.34153223200001
          ],
          [
            103.743992476,
            1.34155277600005
          ],
          [
            103.744013176,
            1.34156837200004
          ],
          [
            103.744042101,
            1.34159023200003
          ],
          [
            103.744061014,
            1.34161241600002
          ],
          [
            103.744091402,
            1.34165960400003
          ],
          [
            103.744105568,
            1.34170195700005
          ],
          [
            103.744115037,
            1.34172128400008
          ],
          [
            103.744133563,
            1.34174162900008
          ],
          [
            103.744160384,
            1.34175890800003
          ],
          [
            103.744188035,
            1.34178351600003
          ],
          [
            103.744191192,
            1.34178954200008
          ],
          [
            103.744203637,
            1.34181328900006
          ],
          [
            103.744238402,
            1.34188869100006
          ],
          [
            103.744329442,
            1.34199444700006
          ],
          [
            103.744343481,
            1.34202850900005
          ],
          [
            103.744371328,
            1.34206370700002
          ],
          [
            103.744378974,
            1.34207522400005
          ],
          [
            103.744408969,
            1.34211189900002
          ],
          [
            103.74445339,
            1.34215635600004
          ],
          [
            103.744482441,
            1.34218344400005
          ],
          [
            103.744499536,
            1.34221627500005
          ],
          [
            103.744515451,
            1.34225379200006
          ],
          [
            103.744547887,
            1.34229794300005
          ],
          [
            103.744566584,
            1.34231157900007
          ],
          [
            103.744590162,
            1.34233045100005
          ],
          [
            103.744616197,
            1.34236716000004
          ],
          [
            103.744635174,
            1.34240022800001
          ],
          [
            103.744647775,
            1.34243339000006
          ],
          [
            103.744657867,
            1.34245398500002
          ],
          [
            103.74467119,
            1.34246870400005
          ],
          [
            103.744690539,
            1.34248407000007
          ],
          [
            103.744727159,
            1.34251852200004
          ],
          [
            103.744742502,
            1.34254235600003
          ],
          [
            103.744749554,
            1.34255274800006
          ],
          [
            103.744800575,
            1.34262632700006
          ],
          [
            103.744806754,
            1.34263454800004
          ]
        ]
      },
      "properties": {
        "OBJECTID": 186,
        "pcn_loop": "Western Adventure Loop",
        "pcn": "Jurong Park Connector",
        "descriptionHTML": "Starting from Pan-Island Expressway (PIE), near the Jurong West Street 42 estates, the Jurong Park Connector stretches across the expressway to Ayer-Rajah Expressway (AYE) and Toh Guan Road. Visitors can opt to take the route leading to Jurong East Central, which links to Ulu Pandan Park Connector near Toh Guan Road, or head towards Yuan Ching Road to reach the AYE. Cycle, jog or take a leisurely stroll along the linear pathway and enjoy the beauty of the lush greenery and the breath-taking scenery of the surroundings. Take in the aroma of freshly baked biscuits from the Khong Guan Factory as you pass the row of factories between Jalan Boon Lay and Enterprise Road.",
        "address": "Jurong Park Connector starts from Pan-Island Expressway (PIE), near the Jurong West Street 42 estates. It stretches from PIE all the way to Ayer-Rajah Expressway (AYE) and Toh Guan Road.",
        "Shape__Length": 2755.0428964670064
      }
    },
    {
      "type": "Feature",
      "id": 187,
      "geometry": {
        "type": "LineString",
        "coordinates": [
          [
            103.729871929,
            1.34326470700004
          ],
          [
            103.729883002,
            1.34331444700007
          ],
          [
            103.729912829,
            1.34341554900003
          ],
          [
            103.729932002,
            1.34348042900006
          ],
          [
            103.729944203,
            1.34352152400002
          ],
          [
            103.72995232,
            1.34354883000003
          ],
          [
            103.729964036,
            1.34358770800002
          ],
          [
            103.729978222,
            1.34363535800003
          ],
          [
            103.729989635,
            1.34367329600003
          ],
          [
            103.730000506,
            1.34370954800004
          ],
          [
            103.730014864,
            1.34375756300005
          ],
          [
            103.730028448,
            1.34380285900006
          ],
          [
            103.730038782,
            1.34383653600002
          ],
          [
            103.73004451,
            1.34385585500006
          ],
          [
            103.730050746,
            1.34387758100007
          ],
          [
            103.730059268,
            1.34390667700006
          ],
          [
            103.730068068,
            1.34393607000005
          ],
          [
            103.730073003,
            1.34395214300002
          ],
          [
            103.730079041,
            1.34397334800001
          ],
          [
            103.730086676,
            1.34399821200003
          ],
          [
            103.730090272,
            1.34401648800002
          ]
        ]
      },
      "properties": {
        "OBJECTID": 187,
        "pcn_loop": "Western Adventure Loop",
        "pcn": "Jurong Park Connector",
        "descriptionHTML": "Starting from Pan-Island Expressway (PIE), near the Jurong West Street 42 estates, the Jurong Park Connector stretches across the expressway to Ayer-Rajah Expressway (AYE) and Toh Guan Road. Visitors can opt to take the route leading to Jurong East Central, which links to Ulu Pandan Park Connector near Toh Guan Road, or head towards Yuan Ching Road to reach the AYE. Cycle, jog or take a leisurely stroll along the linear pathway and enjoy the beauty of the lush greenery and the breath-taking scenery of the surroundings. Take in the aroma of freshly baked biscuits from the Khong Guan Factory as you pass the row of factories between Jalan Boon Lay and Enterprise Road.",
        "address": "Jurong Park Connector starts from Pan-Island Expressway (PIE), near the Jurong West Street 42 estates. It stretches from PIE all the way to Ayer-Rajah Expressway (AYE) and Toh Guan Road.",
        "Shape__Length": 87.19034409516617
      }
    },
    {
      "type": "Feature",
      "id": 188,
      "geometry": {
        "type": "LineString",
        "coordinates": [
          [
            103.70690971,
            1.33310163600003
          ],
          [
            103.706891928,
            1.33304482000006
          ],
          [
            103.70687325,
            1.33302600900003
          ],
          [
            103.706831608,
            1.33294602800003
          ],
          [
            103.706817495,
            1.33291051200007
          ],
          [
            103.70678221,
            1.33283592600002
          ],
          [
            103.706768097,
            1.33280040900007
          ],
          [
            103.706731049,
            1.33269385900007
          ],
          [
            103.706679889,
            1.33255356800003
          ],
          [
            103.70665872,
            1.33248608600008
          ],
          [
            103.706600502,
            1.33234401900006
          ],
          [
            103.70655287,
            1.33220550300006
          ],
          [
            103.706409974,
            1.33180949100005
          ],
          [
            103.706342935,
            1.33163901100004
          ],
          [
            103.706291775,
            1.33150404600002
          ],
          [
            103.706265312,
            1.33143301300003
          ],
          [
            103.706207095,
            1.33127851500005
          ],
          [
            103.706044794,
            1.33081857200005
          ],
          [
            103.705840152,
            1.33025030400007
          ],
          [
            103.705773116,
            1.33003897900004
          ],
          [
            103.705720193,
            1.32988093000006
          ],
          [
            103.705697258,
            1.32982232700004
          ],
          [
            103.705654919,
            1.32968914000003
          ],
          [
            103.705630221,
            1.32961810600006
          ],
          [
            103.705617873,
            1.32957903800002
          ],
          [
            103.705593174,
            1.32951510700001
          ],
          [
            103.705566713,
            1.32942098800004
          ],
          [
            103.70553143,
            1.32931798900006
          ],
          [
            103.705512025,
            1.32926116300008
          ],
          [
            103.705485563,
            1.32918125000003
          ],
          [
            103.705432641,
            1.32900011500004
          ],
          [
            103.70540265,
            1.32891842600004
          ],
          [
            103.705383244,
            1.32886337600006
          ],
          [
            103.705355018,
            1.32877991200007
          ],
          [
            103.705296803,
            1.32860232800004
          ],
          [
            103.705289747,
            1.32855260500002
          ],
          [
            103.705266815,
            1.32844072800003
          ],
          [
            103.705216796,
            1.32810262000002
          ],
          [
            103.705243351,
            1.32793086600002
          ],
          [
            103.705290755,
            1.32790033400004
          ],
          [
            103.705291574,
            1.32786606800005
          ]
        ]
      },
      "properties": {
        "OBJECTID": 188,
        "pcn_loop": "Western Adventure Loop",
        "pcn": "Jurong Park Connector",
        "descriptionHTML": "Starting from Pan-Island Expressway (PIE), near the Jurong West Street 42 estates, the Jurong Park Connector stretches across the expressway to Ayer-Rajah Expressway (AYE) and Toh Guan Road. Visitors can opt to take the route leading to Jurong East Central, which links to Ulu Pandan Park Connector near Toh Guan Road, or head towards Yuan Ching Road to reach the AYE. Cycle, jog or take a leisurely stroll along the linear pathway and enjoy the beauty of the lush greenery and the breath-taking scenery of the surroundings. Take in the aroma of freshly baked biscuits from the Khong Guan Factory as you pass the row of factories between Jalan Boon Lay and Enterprise Road.",
        "address": "Jurong Park Connector starts from Pan-Island Expressway (PIE), near the Jurong West Street 42 estates. It stretches from PIE all the way to Ayer-Rajah Expressway (AYE) and Toh Guan Road.",
        "Shape__Length": 618.5950579615105
      }
    },
    {
      "type": "Feature",
      "id": 189,
      "geometry": {
        "type": "LineString",
        "coordinates": [
          [
            103.707275944,
            1.33442945900004
          ],
          [
            103.706858514,
            1.33327262400008
          ],
          [
            103.706839089,
            1.33321879200003
          ]
        ]
      },
      "properties": {
        "OBJECTID": 189,
        "pcn_loop": "Western Adventure Loop",
        "pcn": "Jurong Park Connector",
        "descriptionHTML": "Starting from Pan-Island Expressway (PIE), near the Jurong West Street 42 estates, the Jurong Park Connector stretches across the expressway to Ayer-Rajah Expressway (AYE) and Toh Guan Road. Visitors can opt to take the route leading to Jurong East Central, which links to Ulu Pandan Park Connector near Toh Guan Road, or head towards Yuan Ching Road to reach the AYE. Cycle, jog or take a leisurely stroll along the linear pathway and enjoy the beauty of the lush greenery and the breath-taking scenery of the surroundings. Take in the aroma of freshly baked biscuits from the Khong Guan Factory as you pass the row of factories between Jalan Boon Lay and Enterprise Road.",
        "address": "Jurong Park Connector starts from Pan-Island Expressway (PIE), near the Jurong West Street 42 estates. It stretches from PIE all the way to Ayer-Rajah Expressway (AYE) and Toh Guan Road.",
        "Shape__Length": 143.31066890833426
      }
    },
    {
      "type": "Feature",
      "id": 190,
      "geometry": {
        "type": "LineString",
        "coordinates": [
          [
            103.707275944,
            1.33442945900004
          ],
          [
            103.70730839,
            1.33450293300006
          ],
          [
            103.707352607,
            1.33458046100003
          ],
          [
            103.707399105,
            1.33464794100005
          ],
          [
            103.707470994,
            1.33473121400005
          ],
          [
            103.707593176,
            1.33497032500002
          ],
          [
            103.707722747,
            1.33522218200005
          ],
          [
            103.708678234,
            1.33796644800004
          ],
          [
            103.708740774,
            1.33807713000004
          ],
          [
            103.70878567,
            1.33811332000003
          ],
          [
            103.708897098,
            1.33813474400006
          ],
          [
            103.7089875,
            1.33812910000006
          ],
          [
            103.709570983,
            1.33804481400005
          ]
        ]
      },
      "properties": {
        "OBJECTID": 190,
        "pcn_loop": "Western Adventure Loop",
        "pcn": "Jurong Park Connector",
        "descriptionHTML": "Starting from Pan-Island Expressway (PIE), near the Jurong West Street 42 estates, the Jurong Park Connector stretches across the expressway to Ayer-Rajah Expressway (AYE) and Toh Guan Road. Visitors can opt to take the route leading to Jurong East Central, which links to Ulu Pandan Park Connector near Toh Guan Road, or head towards Yuan Ching Road to reach the AYE. Cycle, jog or take a leisurely stroll along the linear pathway and enjoy the beauty of the lush greenery and the breath-taking scenery of the surroundings. Take in the aroma of freshly baked biscuits from the Khong Guan Factory as you pass the row of factories between Jalan Boon Lay and Enterprise Road.",
        "address": "Jurong Park Connector starts from Pan-Island Expressway (PIE), near the Jurong West Street 42 estates. It stretches from PIE all the way to Ayer-Rajah Expressway (AYE) and Toh Guan Road.",
        "Shape__Length": 534.1598933062709
      }
    },
    {
      "type": "Feature",
      "id": 191,
      "geometry": {
        "type": "LineString",
        "coordinates": [
          [
            103.707189446,
            1.33453952400002
          ],
          [
            103.707232058,
            1.33448374900008
          ],
          [
            103.707275944,
            1.33442945900004
          ]
        ]
      },
      "properties": {
        "OBJECTID": 191,
        "pcn_loop": "Western Adventure Loop",
        "pcn": "Jurong Park Connector",
        "descriptionHTML": "Starting from Pan-Island Expressway (PIE), near the Jurong West Street 42 estates, the Jurong Park Connector stretches across the expressway to Ayer-Rajah Expressway (AYE) and Toh Guan Road. Visitors can opt to take the route leading to Jurong East Central, which links to Ulu Pandan Park Connector near Toh Guan Road, or head towards Yuan Ching Road to reach the AYE. Cycle, jog or take a leisurely stroll along the linear pathway and enjoy the beauty of the lush greenery and the breath-taking scenery of the surroundings. Take in the aroma of freshly baked biscuits from the Khong Guan Factory as you pass the row of factories between Jalan Boon Lay and Enterprise Road.",
        "address": "Jurong Park Connector starts from Pan-Island Expressway (PIE), near the Jurong West Street 42 estates. It stretches from PIE all the way to Ayer-Rajah Expressway (AYE) and Toh Guan Road.",
        "Shape__Length": 15.587299478856028
      }
    },
    {
      "type": "Feature",
      "id": 192,
      "geometry": {
        "type": "LineString",
        "coordinates": [
          [
            103.707189446,
            1.33453952400002
          ],
          [
            103.707275944,
            1.33442945900004
          ]
        ]
      },
      "properties": {
        "OBJECTID": 192,
        "pcn_loop": "Western Adventure Loop",
        "pcn": "Jurong Park Connector",
        "descriptionHTML": "Starting from Pan-Island Expressway (PIE), near the Jurong West Street 42 estates, the Jurong Park Connector stretches across the expressway to Ayer-Rajah Expressway (AYE) and Toh Guan Road. Visitors can opt to take the route leading to Jurong East Central, which links to Ulu Pandan Park Connector near Toh Guan Road, or head towards Yuan Ching Road to reach the AYE. Cycle, jog or take a leisurely stroll along the linear pathway and enjoy the beauty of the lush greenery and the breath-taking scenery of the surroundings. Take in the aroma of freshly baked biscuits from the Khong Guan Factory as you pass the row of factories between Jalan Boon Lay and Enterprise Road.",
        "address": "Jurong Park Connector starts from Pan-Island Expressway (PIE), near the Jurong West Street 42 estates. It stretches from PIE all the way to Ayer-Rajah Expressway (AYE) and Toh Guan Road.",
        "Shape__Length": 15.585834844125706
      }
    },
    {
      "type": "Feature",
      "id": 193,
      "geometry": {
        "type": "LineString",
        "coordinates": [
          [
            103.707031455,
            1.33474631900002
          ],
          [
            103.707099186,
            1.33465766600006
          ],
          [
            103.707189446,
            1.33453952400002
          ]
        ]
      },
      "properties": {
        "OBJECTID": 193,
        "pcn_loop": "Western Adventure Loop",
        "pcn": "Jurong Park Connector",
        "descriptionHTML": "Starting from Pan-Island Expressway (PIE), near the Jurong West Street 42 estates, the Jurong Park Connector stretches across the expressway to Ayer-Rajah Expressway (AYE) and Toh Guan Road. Visitors can opt to take the route leading to Jurong East Central, which links to Ulu Pandan Park Connector near Toh Guan Road, or head towards Yuan Ching Road to reach the AYE. Cycle, jog or take a leisurely stroll along the linear pathway and enjoy the beauty of the lush greenery and the breath-taking scenery of the surroundings. Take in the aroma of freshly baked biscuits from the Khong Guan Factory as you pass the row of factories between Jalan Boon Lay and Enterprise Road.",
        "address": "Jurong Park Connector starts from Pan-Island Expressway (PIE), near the Jurong West Street 42 estates. It stretches from PIE all the way to Ayer-Rajah Expressway (AYE) and Toh Guan Road.",
        "Shape__Length": 28.974849132722614
      }
    },
    {
      "type": "Feature",
      "id": 194,
      "geometry": {
        "type": "LineString",
        "coordinates": [
          [
            103.716589394,
            1.33943104600006
          ],
          [
            103.716715216,
            1.33953221900004
          ],
          [
            103.717013335,
            1.33977917100001
          ],
          [
            103.718333689,
            1.34085045600006
          ],
          [
            103.719854492,
            1.34213109500006
          ],
          [
            103.720229651,
            1.34226736900007
          ],
          [
            103.720516609,
            1.34235309000008
          ],
          [
            103.721000788,
            1.34247274900001
          ],
          [
            103.72122841,
            1.34247700800005
          ],
          [
            103.72126866,
            1.34250293500001
          ]
        ]
      },
      "properties": {
        "OBJECTID": 194,
        "pcn_loop": "Western Adventure Loop",
        "pcn": "Jurong Park Connector",
        "descriptionHTML": "Starting from Pan-Island Expressway (PIE), near the Jurong West Street 42 estates, the Jurong Park Connector stretches across the expressway to Ayer-Rajah Expressway (AYE) and Toh Guan Road. Visitors can opt to take the route leading to Jurong East Central, which links to Ulu Pandan Park Connector near Toh Guan Road, or head towards Yuan Ching Road to reach the AYE. Cycle, jog or take a leisurely stroll along the linear pathway and enjoy the beauty of the lush greenery and the breath-taking scenery of the surroundings. Take in the aroma of freshly baked biscuits from the Khong Guan Factory as you pass the row of factories between Jalan Boon Lay and Enterprise Road.",
        "address": "Jurong Park Connector starts from Pan-Island Expressway (PIE), near the Jurong West Street 42 estates. It stretches from PIE all the way to Ayer-Rajah Expressway (AYE) and Toh Guan Road.",
        "Shape__Length": 635.685988830053
      }
    },
    {
      "type": "Feature",
      "id": 195,
      "geometry": {
        "type": "LineString",
        "coordinates": [
          [
            103.767769956,
            1.36296917300006
          ],
          [
            103.76781297,
            1.36327717000006
          ],
          [
            103.767712706,
            1.36338545800004
          ],
          [
            103.767473055,
            1.36340760200005
          ],
          [
            103.767262771,
            1.36264955400003
          ],
          [
            103.767033598,
            1.36180217700006
          ],
          [
            103.766964456,
            1.36175613900002
          ],
          [
            103.766943518,
            1.36178633200006
          ],
          [
            103.766917954,
            1.36181535800006
          ],
          [
            103.766852678,
            1.36185646800005
          ],
          [
            103.766781615,
            1.36188132400003
          ],
          [
            103.766778224,
            1.36189785900006
          ],
          [
            103.766635444,
            1.36195520500007
          ],
          [
            103.766469365,
            1.36200734400006
          ],
          [
            103.766384985,
            1.36202100700006
          ],
          [
            103.766221563,
            1.36202817600001
          ],
          [
            103.766101376,
            1.36203576500002
          ],
          [
            103.765909243,
            1.36207383900007
          ],
          [
            103.765641317,
            1.36213093400005
          ],
          [
            103.765304045,
            1.36220706200002
          ],
          [
            103.764985687,
            1.36222291500007
          ],
          [
            103.764897639,
            1.36218810200005
          ],
          [
            103.764783604,
            1.36209642100005
          ],
          [
            103.76473594,
            1.36191689100003
          ],
          [
            103.764590078,
            1.36141318100003
          ],
          [
            103.764492999,
            1.36109357300006
          ],
          [
            103.764488052,
            1.36102144100005
          ],
          [
            103.764447886,
            1.36099702500007
          ],
          [
            103.764436386,
            1.36089235000001
          ],
          [
            103.764435797,
            1.36085978300002
          ],
          [
            103.764444939,
            1.36083831700006
          ],
          [
            103.7644326,
            1.36083197800003
          ],
          [
            103.764412053,
            1.36082032800005
          ],
          [
            103.764330633,
            1.36053389100004
          ],
          [
            103.764170703,
            1.36000123400003
          ],
          [
            103.7640221,
            1.35950845800005
          ],
          [
            103.763953304,
            1.35931960500006
          ],
          [
            103.763816844,
            1.35904848500008
          ],
          [
            103.763829215,
            1.35900876600004
          ],
          [
            103.763769767,
            1.35900718900007
          ],
          [
            103.763709281,
            1.35891166800008
          ],
          [
            103.763723362,
            1.35884396600005
          ],
          [
            103.763653247,
            1.35881861400003
          ],
          [
            103.763346542,
            1.35840764800003
          ],
          [
            103.76326583,
            1.35830156200006
          ],
          [
            103.763087315,
            1.35806454000004
          ],
          [
            103.76299331,
            1.35794602800006
          ],
          [
            103.762913547,
            1.35783325200003
          ],
          [
            103.762711623,
            1.35754543800003
          ],
          [
            103.762683757,
            1.35750925800003
          ],
          [
            103.762601147,
            1.35735825300002
          ],
          [
            103.76249575,
            1.35712792300005
          ],
          [
            103.762421689,
            1.35691097400008
          ],
          [
            103.762360923,
            1.35666439800001
          ],
          [
            103.76233054,
            1.35653346500004
          ],
          [
            103.762225147,
            1.35612919500005
          ],
          [
            103.762198562,
            1.35605273600003
          ],
          [
            103.762190017,
            1.35600495100003
          ],
          [
            103.762091267,
            1.35575550700002
          ],
          [
            103.762035244,
            1.35564655400002
          ],
          [
            103.761959282,
            1.35550892800006
          ],
          [
            103.761890915,
            1.35540093100002
          ],
          [
            103.761826346,
            1.35530153500002
          ],
          [
            103.761743735,
            1.35519258100003
          ],
          [
            103.76166967,
            1.35509891900005
          ],
          [
            103.761584211,
            1.35499856700005
          ],
          [
            103.761449374,
            1.35486476300002
          ],
          [
            103.761282252,
            1.35470993200005
          ],
          [
            103.761224328,
            1.35466310000003
          ],
          [
            103.761180648,
            1.35462869300004
          ],
          [
            103.761021121,
            1.35452260400007
          ],
          [
            103.760842603,
            1.35440504600006
          ],
          [
            103.760775183,
            1.35436012600006
          ],
          [
            103.760685925,
            1.35429131200002
          ],
          [
            103.760611859,
            1.35422536500004
          ],
          [
            103.760548239,
            1.35417471000005
          ],
          [
            103.760457081,
            1.35407244600004
          ],
          [
            103.760387764,
            1.35398643000002
          ],
          [
            103.760330792,
            1.35390232500002
          ],
          [
            103.760277618,
            1.35381631000007
          ],
          [
            103.760226342,
            1.35372838200004
          ],
          [
            103.760174119,
            1.35361751800003
          ],
          [
            103.760131391,
            1.35351143200006
          ],
          [
            103.760091512,
            1.35340821400005
          ],
          [
            103.760057331,
            1.35328110300003
          ],
          [
            103.760022204,
            1.35302019200002
          ],
          [
            103.760007962,
            1.35295233700003
          ],
          [
            103.760029813,
            1.35260063500005
          ],
          [
            103.760076358,
            1.35206830300006
          ],
          [
            103.760082825,
            1.35202326300003
          ],
          [
            103.760100034,
            1.35191228100007
          ],
          [
            103.760130832,
            1.35173286800006
          ]
        ]
      },
      "properties": {
        "OBJECTID": 195,
        "pcn_loop": "Western Adventure Loop",
        "pcn": "Hillview Park Connector",
        "descriptionHTML": "Running through an array of condominiums lining Hillview Avenue, the Hillview Park Connector extends from Bukit Batok Nature Park to Dairy Farm Nature Reserve. Fitness enthusiasts jogging on the park connector to Bukit Timah Road can drop by the Rail Mall for a breather after their workout. The Hillview Park Connector forms part of the Western Adventure Loop, linking visitors to various park connectors, parks and nature reserves.",
        "address": "Hillview Park Connector starts at Dairy Farm Rd, right at the exit of the Dairy Farm Carpark. It runs along Hillview Rd & Hillview Ave, before ending at Bukit Batok East Ave 2, at the entrance of Bukit Batok Nature Park.",
        "Shape__Length": 1856.8625974257766
      }
    },
    {
      "type": "Feature",
      "id": 196,
      "geometry": {
        "type": "LineString",
        "coordinates": [
          [
            103.760130832,
            1.35173286800006
          ],
          [
            103.760136796,
            1.35171157100007
          ],
          [
            103.760194486,
            1.35153586500006
          ],
          [
            103.760234721,
            1.35142584100003
          ],
          [
            103.760267998,
            1.35134701700003
          ],
          [
            103.760332005,
            1.35121245900006
          ],
          [
            103.760368457,
            1.35113970100002
          ],
          [
            103.760502288,
            1.35086889900003
          ],
          [
            103.760575018,
            1.35072170100006
          ],
          [
            103.760745942,
            1.35036143700005
          ],
          [
            103.760783646,
            1.35025288900004
          ],
          [
            103.760799659,
            1.35021643200002
          ],
          [
            103.760857881,
            1.35004691500005
          ],
          [
            103.760900268,
            1.34985863700007
          ],
          [
            103.760917546,
            1.34976112900006
          ],
          [
            103.760931776,
            1.34965572300007
          ],
          [
            103.760946156,
            1.34944920700002
          ],
          [
            103.760953956,
            1.34936909400006
          ],
          [
            103.760984892,
            1.34921922600006
          ],
          [
            103.760996826,
            1.34905233400003
          ],
          [
            103.760976951,
            1.34893348500003
          ],
          [
            103.760965598,
            1.34887106900004
          ],
          [
            103.760955584,
            1.34877224500002
          ],
          [
            103.760955654,
            1.34792600200007
          ],
          [
            103.760977865,
            1.34788485700005
          ]
        ]
      },
      "properties": {
        "OBJECTID": 196,
        "pcn_loop": "Western Adventure Loop",
        "pcn": "Hillview Park Connector",
        "descriptionHTML": "Running through an array of condominiums lining Hillview Avenue, the Hillview Park Connector extends from Bukit Batok Nature Park to Dairy Farm Nature Reserve. Fitness enthusiasts jogging on the park connector to Bukit Timah Road can drop by the Rail Mall for a breather after their workout. The Hillview Park Connector forms part of the Western Adventure Loop, linking visitors to various park connectors, parks and nature reserves.",
        "address": "Hillview Park Connector starts at Dairy Farm Rd, right at the exit of the Dairy Farm Carpark. It runs along Hillview Rd & Hillview Ave, before ending at Bukit Batok East Ave 2, at the entrance of Bukit Batok Nature Park.",
        "Shape__Length": 447.79876817784464
      }
    },
    {
      "type": "Feature",
      "id": 197,
      "geometry": {
        "type": "LineString",
        "coordinates": [
          [
            103.776289748,
            1.34762430300003
          ],
          [
            103.776174143,
            1.34747771000001
          ],
          [
            103.776233181,
            1.34744223100005
          ],
          [
            103.776202285,
            1.34740048800005
          ],
          [
            103.776181416,
            1.34737866300003
          ],
          [
            103.776166907,
            1.34736317200003
          ],
          [
            103.776166961,
            1.34736309500004
          ],
          [
            103.776154403,
            1.34732754400006
          ],
          [
            103.776096286,
            1.34715943400005
          ],
          [
            103.776095253,
            1.34715953800003
          ],
          [
            103.776090686,
            1.34714702300004
          ],
          [
            103.776091421,
            1.34714620100004
          ],
          [
            103.776009455,
            1.34691138500007
          ],
          [
            103.775991016,
            1.34685418700001
          ],
          [
            103.775985653,
            1.34684311200004
          ],
          [
            103.775982806,
            1.34682793000007
          ],
          [
            103.775965802,
            1.34678772600008
          ],
          [
            103.775956754,
            1.34676852200004
          ],
          [
            103.775922288,
            1.34669214300004
          ],
          [
            103.775868724,
            1.34657495000004
          ],
          [
            103.775832961,
            1.34649938600006
          ],
          [
            103.775816918,
            1.34646839100002
          ],
          [
            103.775803002,
            1.34643107300007
          ],
          [
            103.775781177,
            1.34637845100002
          ],
          [
            103.775774938,
            1.34636377500003
          ],
          [
            103.775761243,
            1.34633868600003
          ],
          [
            103.775747676,
            1.34630495500005
          ],
          [
            103.775732797,
            1.34626839500004
          ],
          [
            103.775682121,
            1.34610802900004
          ],
          [
            103.775683059,
            1.34608803700006
          ],
          [
            103.775684286,
            1.34608174500004
          ],
          [
            103.775682775,
            1.34607133800006
          ],
          [
            103.775666048,
            1.34599975000002
          ],
          [
            103.775650235,
            1.34594042500004
          ],
          [
            103.775644326,
            1.34592654800001
          ],
          [
            103.775636862,
            1.34591841500002
          ],
          [
            103.775606891,
            1.34588790700008
          ],
          [
            103.775538405,
            1.34571486400005
          ],
          [
            103.775540032,
            1.34569195100004
          ],
          [
            103.775547634,
            1.34565324400006
          ],
          [
            103.775533781,
            1.34561863600004
          ],
          [
            103.775527559,
            1.34560869200006
          ],
          [
            103.775347938,
            1.34530399800002
          ],
          [
            103.775276752,
            1.34525458600007
          ],
          [
            103.775253925,
            1.34523950400007
          ],
          [
            103.77525003,
            1.34522673500004
          ],
          [
            103.775258855,
            1.34514824000007
          ],
          [
            103.775195969,
            1.34499676300005
          ],
          [
            103.77515536,
            1.34496666600007
          ],
          [
            103.775109292,
            1.34493381900006
          ],
          [
            103.775081472,
            1.34492157800003
          ],
          [
            103.775046061,
            1.34491500300005
          ],
          [
            103.775019532,
            1.34491669400006
          ],
          [
            103.774984109,
            1.34492405700007
          ],
          [
            103.774820957,
            1.34502150200005
          ],
          [
            103.774662187,
            1.34511189800002
          ],
          [
            103.774564764,
            1.34516749800001
          ],
          [
            103.774349566,
            1.34526478000004
          ],
          [
            103.774298647,
            1.34528816700002
          ],
          [
            103.773944535,
            1.34549095000005
          ],
          [
            103.773777266,
            1.34558718700004
          ],
          [
            103.773611412,
            1.34568272900003
          ],
          [
            103.773578741,
            1.34571843800006
          ],
          [
            103.773397244,
            1.34581263800004
          ],
          [
            103.77331084,
            1.34586134800002
          ],
          [
            103.773187512,
            1.34592594600002
          ],
          [
            103.773022112,
            1.34601459400006
          ],
          [
            103.772818788,
            1.34612365700002
          ],
          [
            103.772788838,
            1.34614025700006
          ],
          [
            103.772731439,
            1.34617705400007
          ],
          [
            103.772664031,
            1.34622489300005
          ],
          [
            103.772608523,
            1.34626298200004
          ],
          [
            103.772553236,
            1.34630073900005
          ],
          [
            103.772502973,
            1.34633438200006
          ],
          [
            103.772458231,
            1.34636682600006
          ],
          [
            103.772418445,
            1.34639838700001
          ],
          [
            103.772385272,
            1.34642437700005
          ],
          [
            103.77230178,
            1.34649480000007
          ],
          [
            103.77226866,
            1.34652306800007
          ],
          [
            103.772212347,
            1.346572609
          ],
          [
            103.772161605,
            1.34661773000003
          ],
          [
            103.772093543,
            1.34668645700003
          ],
          [
            103.772024258,
            1.34675693100006
          ],
          [
            103.771985823,
            1.34680887500002
          ],
          [
            103.771964411,
            1.34683919100006
          ],
          [
            103.77190802,
            1.34691626800002
          ],
          [
            103.771861197,
            1.34698189400006
          ],
          [
            103.771816915,
            1.34704642300005
          ],
          [
            103.771783553,
            1.34709574900006
          ],
          [
            103.771736067,
            1.34716511600004
          ],
          [
            103.771634852,
            1.34731472600002
          ],
          [
            103.771626056,
            1.34733560200002
          ],
          [
            103.771613208,
            1.34732763800003
          ],
          [
            103.771608622,
            1.34733896500006
          ],
          [
            103.771562825,
            1.347451592
          ],
          [
            103.771559384,
            1.34745613400002
          ],
          [
            103.771498017,
            1.34756410200002
          ],
          [
            103.771492614,
            1.34757212500005
          ],
          [
            103.771267719,
            1.34793734600002
          ],
          [
            103.771264744,
            1.34794721200005
          ],
          [
            103.771252722,
            1.34796767600005
          ],
          [
            103.771238628,
            1.34799172900005
          ],
          [
            103.771230025,
            1.34799999900003
          ],
          [
            103.771144233,
            1.34813853600001
          ],
          [
            103.771103662,
            1.34819756800005
          ],
          [
            103.77109568,
            1.34819201900005
          ],
          [
            103.771086503,
            1.34820347100003
          ],
          [
            103.770993756,
            1.34833712200003
          ],
          [
            103.770967848,
            1.34837064400007
          ],
          [
            103.770978063,
            1.34837771600006
          ],
          [
            103.770974127,
            1.34838336300004
          ],
          [
            103.770946886,
            1.34842558200006
          ],
          [
            103.770936556,
            1.34841938400006
          ],
          [
            103.770924167,
            1.34841184000003
          ],
          [
            103.770920489,
            1.34841625000008
          ],
          [
            103.770905903,
            1.34843209200006
          ],
          [
            103.770893311,
            1.34844561600005
          ],
          [
            103.770885629,
            1.34843882800005
          ],
          [
            103.770880624,
            1.34844395600004
          ],
          [
            103.770832558,
            1.34849579700004
          ],
          [
            103.770788805,
            1.34854271700003
          ],
          [
            103.770785243,
            1.34854083300006
          ],
          [
            103.770776001,
            1.34855121900004
          ],
          [
            103.770766956,
            1.34856192100005
          ],
          [
            103.770763181,
            1.34857458500005
          ],
          [
            103.770746639,
            1.34859884800004
          ],
          [
            103.770737743,
            1.34861234200003
          ],
          [
            103.770722495,
            1.34863658600006
          ],
          [
            103.770709942,
            1.34866692200007
          ],
          [
            103.770694306,
            1.34868139100007
          ],
          [
            103.77068218,
            1.34869796900006
          ],
          [
            103.770653328,
            1.34874071700005
          ],
          [
            103.770594308,
            1.34882886600007
          ],
          [
            103.770561644,
            1.34888040100003
          ],
          [
            103.77055065,
            1.34889777200004
          ],
          [
            103.770557261,
            1.34890966200002
          ],
          [
            103.770480905,
            1.34907678200006
          ],
          [
            103.770470455,
            1.34910181200008
          ],
          [
            103.770459313,
            1.34912942900006
          ],
          [
            103.770447876,
            1.34912468200002
          ],
          [
            103.77029716,
            1.34908241000005
          ],
          [
            103.770288971,
            1.34907716900005
          ],
          [
            103.770260702,
            1.34906483800006
          ],
          [
            103.770236497,
            1.34905307900003
          ],
          [
            103.770235662,
            1.34905502200007
          ],
          [
            103.770227806,
            1.34905190000005
          ],
          [
            103.770208845,
            1.34904497300004
          ],
          [
            103.770108757,
            1.34900035100002
          ],
          [
            103.770097886,
            1.34898629100007
          ],
          [
            103.770085322,
            1.34897386500007
          ],
          [
            103.770065842,
            1.34898184000002
          ],
          [
            103.770041123,
            1.34899726800006
          ],
          [
            103.770022016,
            1.34901019200003
          ],
          [
            103.769961841,
            1.34904209700004
          ],
          [
            103.769960249,
            1.34903702400005
          ],
          [
            103.769953509,
            1.34900987200005
          ],
          [
            103.769948802,
            1.34899111000003
          ],
          [
            103.769945707,
            1.34898351000003
          ],
          [
            103.769932436,
            1.34895431300003
          ],
          [
            103.769915198,
            1.34892284400007
          ],
          [
            103.769902784,
            1.34890508200004
          ],
          [
            103.769896299,
            1.34889670100006
          ],
          [
            103.769890265,
            1.34889162200006
          ],
          [
            103.769877193,
            1.34888160300005
          ],
          [
            103.769868171,
            1.34888007100005
          ],
          [
            103.769849996,
            1.34887956100004
          ],
          [
            103.769793713,
            1.34886078200003
          ],
          [
            103.76977479,
            1.34885095200001
          ],
          [
            103.769725727,
            1.34883909700005
          ],
          [
            103.769685746,
            1.34882146500006
          ],
          [
            103.769635202,
            1.34879729100004
          ],
          [
            103.769576188,
            1.34876707900003
          ],
          [
            103.769493831,
            1.34872483000004
          ],
          [
            103.76944429,
            1.34869955600004
          ],
          [
            103.769400446,
            1.34867723500002
          ],
          [
            103.769330795,
            1.34864157800008
          ],
          [
            103.769322624,
            1.34863655000005
          ],
          [
            103.769281077,
            1.34861105800007
          ],
          [
            103.769246725,
            1.34859000400008
          ],
          [
            103.76920171,
            1.34856196500002
          ],
          [
            103.769146634,
            1.34852781600005
          ],
          [
            103.769101323,
            1.34850004500003
          ],
          [
            103.769066312,
            1.34847818600001
          ],
          [
            103.769030403,
            1.34845607800003
          ],
          [
            103.768990907,
            1.34843236700005
          ],
          [
            103.768972023,
            1.34842219800004
          ],
          [
            103.76893369,
            1.34840122200006
          ],
          [
            103.768875161,
            1.34836956100002
          ],
          [
            103.768818557,
            1.34833889100001
          ],
          [
            103.768759076,
            1.34830717600004
          ],
          [
            103.768700732,
            1.34827583000003
          ],
          [
            103.768633056,
            1.34823949900005
          ],
          [
            103.768568272,
            1.34821967500006
          ],
          [
            103.768506109,
            1.34818714800002
          ],
          [
            103.768435252,
            1.34815037400004
          ],
          [
            103.768370412,
            1.34811615100005
          ],
          [
            103.768327728,
            1.34809381800005
          ],
          [
            103.768306628,
            1.34807855300004
          ],
          [
            103.768252485,
            1.34803854100004
          ],
          [
            103.768227923,
            1.34802580500003
          ],
          [
            103.768172675,
            1.34799737800005
          ],
          [
            103.768096151,
            1.34795767100007
          ],
          [
            103.768060821,
            1.34793886400007
          ],
          [
            103.768039381,
            1.34792850500002
          ],
          [
            103.767958658,
            1.34789029900002
          ],
          [
            103.767876743,
            1.34784166800005
          ],
          [
            103.76781741,
            1.34780825700005
          ],
          [
            103.767804822,
            1.34780095200006
          ],
          [
            103.767788463,
            1.34779144100001
          ],
          [
            103.767717183,
            1.34774948400007
          ],
          [
            103.767600235,
            1.34768188700002
          ],
          [
            103.767538043,
            1.34764685600003
          ],
          [
            103.767516089,
            1.34763527400003
          ],
          [
            103.767444822,
            1.34759961000002
          ],
          [
            103.767370911,
            1.34756358200002
          ],
          [
            103.767325006,
            1.34754230800006
          ],
          [
            103.767292992,
            1.34752788100007
          ],
          [
            103.767252196,
            1.34751052000007
          ],
          [
            103.767211627,
            1.34749361400003
          ],
          [
            103.767158485,
            1.34747390800003
          ],
          [
            103.76712451,
            1.34746223600007
          ],
          [
            103.76711508,
            1.34745848000006
          ],
          [
            103.767097729,
            1.34745402800007
          ],
          [
            103.767008726,
            1.34743130100004
          ],
          [
            103.766957248,
            1.34741873600006
          ],
          [
            103.766933835,
            1.34741296800008
          ],
          [
            103.766883064,
            1.34740535500004
          ],
          [
            103.766847377,
            1.34739953000009
          ],
          [
            103.766828002,
            1.34739809400003
          ],
          [
            103.766795325,
            1.34739614700004
          ],
          [
            103.766762423,
            1.34739487800004
          ],
          [
            103.766741771,
            1.34739469400007
          ],
          [
            103.766708876,
            1.34739548500006
          ],
          [
            103.766663447,
            1.34739647100001
          ],
          [
            103.766572882,
            1.34739827200003
          ],
          [
            103.766522521,
            1.34739920800006
          ],
          [
            103.766479005,
            1.34739981400002
          ],
          [
            103.766459238,
            1.34740014200002
          ],
          [
            103.766440237,
            1.34740090800005
          ],
          [
            103.766417455,
            1.34740229400005
          ],
          [
            103.766392401,
            1.34738245600005
          ],
          [
            103.766293584,
            1.34738442400004
          ],
          [
            103.766220168,
            1.34738635200006
          ],
          [
            103.766169827,
            1.34738772800004
          ],
          [
            103.766118771,
            1.34738846900006
          ],
          [
            103.766078689,
            1.34738888100002
          ],
          [
            103.766048024,
            1.34738923600003
          ],
          [
            103.766033672,
            1.34738943000003
          ],
          [
            103.766024228,
            1.34739298600005
          ],
          [
            103.766004932,
            1.34739493000006
          ],
          [
            103.765970868,
            1.34739690400005
          ],
          [
            103.765906041,
            1.34740016900002
          ],
          [
            103.765853545,
            1.34740284400004
          ],
          [
            103.765822825,
            1.34740322100003
          ],
          [
            103.765799363,
            1.34740195500006
          ],
          [
            103.765784765,
            1.34740215300007
          ]
        ]
      },
      "properties": {
        "OBJECTID": 197,
        "pcn_loop": "Western Adventure Loop",
        "pcn": "Bukit Timah Park Connector",
        "descriptionHTML": "The Bukit Timah Park Connector links Bukit Timah Nature Reserve to Bukit Batok Nature Park. Nature lovers can look forward to a day of discovery as they explore the many trails and sights at Bukit Timah Nature Reserve, before heading along the Bukit Timah park connector to Bukit Batok Nature Park. The route also takes you past the Old Bukit Timah Fire Station. Upon reaching Bukit Batok Nature Reserve, you can take a break and enjoy the spectacular views of the Quarry.",
        "address": "Bukit Timah Park Connector starts at Hindhede Drive.  It runs along Upper Bukit Timah Rd and Old Jurong Rd before ending right at Bukit Batok Nature Park.\n\n",
        "Shape__Length": 1652.8598955306327
      }
    },
    {
      "type": "Feature",
      "id": 198,
      "geometry": {
        "type": "LineString",
        "coordinates": [
          [
            103.751577563,
            1.35816432400002
          ],
          [
            103.751606446,
            1.35825919200004
          ],
          [
            103.751685493,
            1.35854838900001
          ],
          [
            103.751702208,
            1.35879780000005
          ],
          [
            103.751708277,
            1.35917727100002
          ],
          [
            103.751706746,
            1.35950012800004
          ],
          [
            103.751674785,
            1.36050694900007
          ],
          [
            103.751641303,
            1.36155355400007
          ],
          [
            103.751508065,
            1.36482779200002
          ],
          [
            103.751459849,
            1.36482734200006
          ],
          [
            103.751429685,
            1.36526473000004
          ],
          [
            103.751482973,
            1.36526946400004
          ],
          [
            103.751466167,
            1.36550549800006
          ],
          [
            103.751437598,
            1.36569235100005
          ],
          [
            103.751380465,
            1.36593190500001
          ],
          [
            103.751256681,
            1.36631998200005
          ],
          [
            103.75112814,
            1.36659786200004
          ],
          [
            103.750899626,
            1.36701468200005
          ],
          [
            103.750647312,
            1.36737400800008
          ],
          [
            103.750490212,
            1.36754648200002
          ],
          [
            103.750318831,
            1.36772374800006
          ],
          [
            103.750033196,
            1.36798724900005
          ],
          [
            103.749547618,
            1.36841843400003
          ],
          [
            103.749285788,
            1.36861965200006
          ],
          [
            103.748802888,
            1.36903709800003
          ],
          [
            103.748747843,
            1.36909874400005
          ],
          [
            103.748433643,
            1.36941973800004
          ],
          [
            103.747881417,
            1.36990841300006
          ],
          [
            103.74716257,
            1.37054560600007
          ],
          [
            103.745962902,
            1.37166189300006
          ],
          [
            103.745724871,
            1.37192539600004
          ],
          [
            103.745678033,
            1.37195883800006
          ],
          [
            103.74558828,
            1.37194662700005
          ],
          [
            103.745496101,
            1.37197347900007
          ],
          [
            103.745168623,
            1.37209065300004
          ],
          [
            103.744923621,
            1.37215167800002
          ],
          [
            103.744775648,
            1.37222247200004
          ],
          [
            103.743815048,
            1.37243727800005
          ],
          [
            103.743778661,
            1.37245192400008
          ],
          [
            103.743727717,
            1.37254957800007
          ],
          [
            103.743703459,
            1.37256422500007
          ],
          [
            103.743502124,
            1.37253736300005
          ],
          [
            103.743019398,
            1.37263011700002
          ],
          [
            103.742429939,
            1.37276192900002
          ],
          [
            103.741811372,
            1.37287420800004
          ],
          [
            103.74163429,
            1.37293035300006
          ],
          [
            103.741462061,
            1.37298405600006
          ],
          [
            103.741360179,
            1.37300846700003
          ],
          [
            103.741192801,
            1.37304996300001
          ],
          [
            103.741088494,
            1.37307681400006
          ],
          [
            103.740887155,
            1.37313539900005
          ],
          [
            103.740387446,
            1.37332580800005
          ],
          [
            103.740101204,
            1.37342833400004
          ],
          [
            103.739730061,
            1.37357724400004
          ],
          [
            103.739506889,
            1.37366268300001
          ],
          [
            103.739324956,
            1.37372615100003
          ],
          [
            103.739099359,
            1.37380914900006
          ],
          [
            103.738973218,
            1.37386773700007
          ],
          [
            103.738754897,
            1.37398979700003
          ],
          [
            103.738553556,
            1.37410209300002
          ],
          [
            103.738289145,
            1.37425588800004
          ],
          [
            103.737869481,
            1.37452442300002
          ],
          [
            103.737423132,
            1.37484178400007
          ],
          [
            103.735951907,
            1.37600661500004
          ],
          [
            103.735932842,
            1.37606253400002
          ],
          [
            103.735938247,
            1.37611633700004
          ],
          [
            103.735943615,
            1.37631251300007
          ],
          [
            103.735987628,
            1.37638366700001
          ],
          [
            103.736056338,
            1.37643560400005
          ],
          [
            103.7362296,
            1.37651652000005
          ],
          [
            103.736290243,
            1.37653605300005
          ],
          [
            103.736416378,
            1.37662150700002
          ],
          [
            103.73652068,
            1.37673137300004
          ],
          [
            103.736629835,
            1.37682415000005
          ],
          [
            103.736743842,
            1.37690227800005
          ],
          [
            103.736899086,
            1.37699994000008
          ],
          [
            103.737008242,
            1.37706097800001
          ],
          [
            103.737073737,
            1.37704877400005
          ],
          [
            103.737110119,
            1.37714398900003
          ],
          [
            103.737253235,
            1.37723188400003
          ],
          [
            103.737333285,
            1.37721724000004
          ],
          [
            103.737362391,
            1.37727583400005
          ],
          [
            103.737410905,
            1.37731245600003
          ],
          [
            103.737461844,
            1.37733687200005
          ],
          [
            103.737493377,
            1.37737593600002
          ],
          [
            103.737522485,
            1.37739546700004
          ],
          [
            103.737544317,
            1.37740523400003
          ],
          [
            103.737595256,
            1.37744918000005
          ],
          [
            103.737634066,
            1.37747359600007
          ],
          [
            103.737675302,
            1.37752730800003
          ],
          [
            103.73770441,
            1.37754928200007
          ],
          [
            103.737735944,
            1.37757125500001
          ],
          [
            103.737779607,
            1.37759322900007
          ],
          [
            103.737801437,
            1.37761764400004
          ],
          [
            103.737822837,
            1.37766683200004
          ],
          [
            103.737874207,
            1.37766647500006
          ],
          [
            103.737913019,
            1.37768112400005
          ],
          [
            103.737932425,
            1.377683567
          ],
          [
            103.738041579,
            1.37777634400003
          ],
          [
            103.738196063,
            1.37778307100006
          ],
          [
            103.738179845,
            1.37783005900006
          ],
          [
            103.738191972,
            1.37786423900006
          ],
          [
            103.738211376,
            1.37789597800003
          ],
          [
            103.73824291,
            1.37793015900006
          ],
          [
            103.738269592,
            1.37794969000004
          ],
          [
            103.73829385,
            1.37795457400006
          ],
          [
            103.73843939,
            1.37804735200007
          ],
          [
            103.738960911,
            1.37839648900006
          ],
          [
            103.739007,
            1.37841114000002
          ],
          [
            103.73905794,
            1.37841846600003
          ],
          [
            103.739099179,
            1.37841114400004
          ],
          [
            103.73913071,
            1.37850391700005
          ],
          [
            103.739324764,
            1.37863575900008
          ],
          [
            103.739162231,
            1.37884327000006
          ],
          [
            103.738563037,
            1.37972458200005
          ],
          [
            103.738323098,
            1.38004585600004
          ],
          [
            103.738257375,
            1.38018354900004
          ],
          [
            103.738235542,
            1.38022749200008
          ],
          [
            103.73823554,
            1.38027143700003
          ],
          [
            103.738252519,
            1.38031294200003
          ],
          [
            103.738286476,
            1.38036909400005
          ],
          [
            103.738499934,
            1.38057662000004
          ],
          [
            103.7390263,
            1.38109177100005
          ],
          [
            103.740076609,
            1.38210986700006
          ],
          [
            103.741156026,
            1.38316458400004
          ],
          [
            103.741306417,
            1.38330130700007
          ],
          [
            103.741502897,
            1.38346976900004
          ],
          [
            103.741604777,
            1.38351860100004
          ],
          [
            103.741679975,
            1.38353081100006
          ],
          [
            103.741854627,
            1.38356255500001
          ],
          [
            103.741983191,
            1.38358697500007
          ],
          [
            103.742371308,
            1.38363581700003
          ],
          [
            103.742434378,
            1.38364314400006
          ],
          [
            103.742492593,
            1.38372371100006
          ],
          [
            103.742691504,
            1.38375301600007
          ],
          [
            103.742781259,
            1.38368954300007
          ],
          [
            103.742824922,
            1.38369686900006
          ],
          [
            103.74287101,
            1.38371396100006
          ],
          [
            103.743040811,
            1.38375547000003
          ],
          [
            103.743246997,
            1.38383604300004
          ],
          [
            103.743390114,
            1.38389952500005
          ],
          [
            103.743625409,
            1.38396545100004
          ],
          [
            103.744277929,
            1.38417055100007
          ],
          [
            103.744467137,
            1.38417055800005
          ],
          [
            103.744588422,
            1.38422183200003
          ],
          [
            103.744716984,
            1.38430484400004
          ],
          [
            103.745447126,
            1.38453436100002
          ],
          [
            103.745941974,
            1.38468574400001
          ],
          [
            103.746184548,
            1.38472969800005
          ],
          [
            103.746225785,
            1.38473702400006
          ],
          [
            103.746483717,
            1.38491060700003
          ],
          [
            103.746295237,
            1.38530619200003
          ],
          [
            103.746227402,
            1.38558195600006
          ],
          [
            103.746209301,
            1.38589681800005
          ],
          [
            103.746206475,
            1.38628682300004
          ],
          [
            103.746218216,
            1.38668257900002
          ],
          [
            103.746221906,
            1.38701004300003
          ],
          [
            103.746224825,
            1.38723094300002
          ],
          [
            103.746236781,
            1.38732327500002
          ],
          [
            103.746140543,
            1.38775860000003
          ],
          [
            103.74610035,
            1.38794040900006
          ],
          [
            103.746055007,
            1.38814551900003
          ],
          [
            103.746010527,
            1.38834672000007
          ],
          [
            103.745985346,
            1.38852360800008
          ],
          [
            103.74599125,
            1.38868747600002
          ],
          [
            103.746027053,
            1.38876255300005
          ]
        ]
      },
      "properties": {
        "OBJECTID": 198,
        "pcn_loop": "Western Adventure Loop",
        "pcn": "Chua Chu Kang Park Connector",
        "descriptionHTML": "The 5.4 km Choa Chu Kang Park Connector links Choa Chu Kang Park to Bukit Batok Town Park near Bukit Gombak MRT station via the heartlands of Choa Chu Kang neighbourhood. Designed for cycling, jogging and other outdoor activities such as strolling, dog-walking and skating, it is a popular route for recreational activities for nearby residents to. Nature lovers can look forward to the 1 km scenic stretch along Brickland Road, which is decorated with lush greenery and bright and colourful flowering plants that bloom all year round.",
        "address": "Choa Chu Kang Park Connector starts at Choa Chu Kang Drive.  It runs along Choa Chu Kang Ave 4, Ave 1, Ave 3, Brickland Rd and ends at Bukit Batok West Ave 5.",
        "Shape__Length": 5285.9752909448935
      }
    },
    {
      "type": "Feature",
      "id": 199,
      "geometry": {
        "type": "LineString",
        "coordinates": [
          [
            103.744905776,
            1.39215697100002
          ],
          [
            103.74499551,
            1.39218924300007
          ],
          [
            103.745022443,
            1.392303968
          ],
          [
            103.745219648,
            1.39226062000005
          ],
          [
            103.745342226,
            1.39230612300003
          ],
          [
            103.745352051,
            1.39229626900004
          ],
          [
            103.745364629,
            1.39228802100006
          ],
          [
            103.745367671,
            1.39228602500002
          ],
          [
            103.745385351,
            1.39227506400004
          ],
          [
            103.745401464,
            1.39226955400005
          ],
          [
            103.745421148,
            1.39226215100006
          ],
          [
            103.745440504,
            1.39225627000008
          ],
          [
            103.745448995,
            1.39225369100005
          ],
          [
            103.745559421,
            1.39222703000008
          ],
          [
            103.745579837,
            1.39222055600004
          ],
          [
            103.745596412,
            1.39221341400003
          ],
          [
            103.745640264,
            1.39219503700002
          ],
          [
            103.745648345,
            1.39219311200002
          ],
          [
            103.745672345,
            1.39218907500003
          ],
          [
            103.745692319,
            1.39218692800005
          ],
          [
            103.745710191,
            1.39218664000002
          ],
          [
            103.745727305,
            1.39218386600005
          ],
          [
            103.745735489,
            1.39218253800003
          ],
          [
            103.745883257,
            1.39214744300005
          ],
          [
            103.745896143,
            1.39214464800005
          ],
          [
            103.745914347,
            1.39214060900002
          ],
          [
            103.745932718,
            1.39213664300007
          ],
          [
            103.746032549,
            1.39211557400007
          ],
          [
            103.74604332,
            1.39211175900004
          ],
          [
            103.746055133,
            1.39210468500003
          ],
          [
            103.746064609,
            1.39209491300004
          ],
          [
            103.746181643,
            1.39207508400005
          ],
          [
            103.746213011,
            1.39208370500005
          ],
          [
            103.746240572,
            1.39208067200002
          ],
          [
            103.746294657,
            1.39207253500006
          ],
          [
            103.746439683,
            1.39205376200005
          ],
          [
            103.746524462,
            1.39204658700003
          ],
          [
            103.74656779,
            1.39204215700004
          ],
          [
            103.746593841,
            1.39203219000006
          ],
          [
            103.746602684,
            1.39202542900005
          ],
          [
            103.746767018,
            1.39201708000007
          ],
          [
            103.746773769,
            1.39202056300009
          ],
          [
            103.746780461,
            1.39202408100004
          ],
          [
            103.746794028,
            1.39203086700007
          ],
          [
            103.74681047,
            1.39203488000003
          ],
          [
            103.746818395,
            1.39203624300006
          ],
          [
            103.746831542,
            1.39203550800003
          ],
          [
            103.746923641,
            1.39203036400006
          ],
          [
            103.746933533,
            1.39202995500005
          ],
          [
            103.747048454,
            1.39203131300006
          ],
          [
            103.747149816,
            1.39203496500005
          ],
          [
            103.747176466,
            1.39203687300005
          ],
          [
            103.747191158,
            1.39203772300003
          ],
          [
            103.747233657,
            1.39204092700003
          ],
          [
            103.747369891,
            1.39205280500003
          ],
          [
            103.747623413,
            1.39208380000002
          ],
          [
            103.748060537,
            1.39214162900004
          ],
          [
            103.748092272,
            1.39214916000003
          ],
          [
            103.748119295,
            1.39215934900005
          ],
          [
            103.748143239,
            1.39216865600001
          ],
          [
            103.748158258,
            1.39217208100007
          ],
          [
            103.748168788,
            1.39217736300002
          ],
          [
            103.748208563,
            1.39216862500008
          ],
          [
            103.748426735,
            1.39219752600007
          ],
          [
            103.74844562,
            1.39220191400005
          ],
          [
            103.748449751,
            1.39220276300005
          ],
          [
            103.748457903,
            1.39220343800002
          ],
          [
            103.748490705,
            1.39220115200003
          ],
          [
            103.748515078,
            1.39220337800003
          ],
          [
            103.748773891,
            1.39223756400002
          ],
          [
            103.748899096,
            1.39225370200006
          ],
          [
            103.749020812,
            1.39227311000008
          ],
          [
            103.749200289,
            1.39230994800004
          ],
          [
            103.749321801,
            1.39234188700005
          ],
          [
            103.749406774,
            1.39236914300005
          ],
          [
            103.74944846,
            1.39238208400006
          ],
          [
            103.749463786,
            1.39238098200002
          ],
          [
            103.749481567,
            1.39237783000003
          ],
          [
            103.749549701,
            1.39240231900003
          ],
          [
            103.749602739,
            1.39242438800005
          ],
          [
            103.74968954,
            1.39246081500004
          ],
          [
            103.749719342,
            1.39247345500007
          ],
          [
            103.749943899,
            1.39256863600002
          ],
          [
            103.750060742,
            1.39261403900002
          ],
          [
            103.7501154,
            1.39263289700005
          ],
          [
            103.750190349,
            1.39265611700006
          ],
          [
            103.750290496,
            1.39268770000007
          ],
          [
            103.750375886,
            1.39271152400004
          ],
          [
            103.750438744,
            1.39272610500006
          ],
          [
            103.750444718,
            1.39272752800001
          ],
          [
            103.750486606,
            1.39255341900001
          ],
          [
            103.750525936,
            1.39256255500004
          ],
          [
            103.750547039,
            1.39257831900005
          ],
          [
            103.750558288,
            1.39258655700007
          ],
          [
            103.750597654,
            1.39261162900005
          ],
          [
            103.750619694,
            1.39261935900004
          ],
          [
            103.750657642,
            1.39262656900007
          ],
          [
            103.750687381,
            1.39263180500006
          ],
          [
            103.750712104,
            1.39263590600006
          ],
          [
            103.750752242,
            1.39264180600002
          ],
          [
            103.750810319,
            1.39264998300006
          ],
          [
            103.75083259,
            1.39265117700006
          ],
          [
            103.750859518,
            1.39264982100002
          ],
          [
            103.750884693,
            1.39264444900004
          ],
          [
            103.750897415,
            1.39264159900005
          ],
          [
            103.75091155,
            1.39264170700004
          ],
          [
            103.750922247,
            1.39265215600006
          ],
          [
            103.751029833,
            1.39266093200006
          ],
          [
            103.751045442,
            1.39265174500003
          ],
          [
            103.751099028,
            1.39267970800007
          ],
          [
            103.751112439,
            1.39268241100006
          ],
          [
            103.751128864,
            1.39268632700003
          ],
          [
            103.751137728,
            1.39268744900005
          ],
          [
            103.751252525,
            1.39269879100004
          ],
          [
            103.751335854,
            1.39270710100003
          ],
          [
            103.751388986,
            1.39270441700005
          ],
          [
            103.751413567,
            1.39270294000004
          ],
          [
            103.751429796,
            1.39270791200005
          ],
          [
            103.751454221,
            1.39271816000007
          ],
          [
            103.751482566,
            1.39272718600006
          ],
          [
            103.751496048,
            1.39273038600004
          ],
          [
            103.751547844,
            1.39274448000003
          ],
          [
            103.751617392,
            1.39276773600005
          ],
          [
            103.751661056,
            1.39278607700003
          ],
          [
            103.751672379,
            1.39279038800003
          ],
          [
            103.751685964,
            1.39279388700004
          ],
          [
            103.75171647,
            1.39279913600006
          ],
          [
            103.751731363,
            1.39280347200003
          ],
          [
            103.751740813,
            1.39281201300002
          ],
          [
            103.751758026,
            1.39283173000006
          ],
          [
            103.751779859,
            1.39285191600003
          ],
          [
            103.751812348,
            1.39287563600003
          ],
          [
            103.751856331,
            1.39291046200003
          ],
          [
            103.751898441,
            1.39294750900006
          ],
          [
            103.751919566,
            1.39296891200007
          ],
          [
            103.751942746,
            1.39299398600001
          ],
          [
            103.751948846,
            1.39299906800005
          ],
          [
            103.751955508,
            1.39300412900006
          ],
          [
            103.751971588,
            1.39301269900006
          ],
          [
            103.751997548,
            1.39302653600003
          ],
          [
            103.752006251,
            1.39303169000003
          ],
          [
            103.752019844,
            1.39304061600006
          ],
          [
            103.752031441,
            1.39304849800004
          ],
          [
            103.752051455,
            1.39307680900003
          ],
          [
            103.752102777,
            1.39312472800004
          ],
          [
            103.752142647,
            1.39315008500006
          ],
          [
            103.752179837,
            1.39321076600004
          ],
          [
            103.75228039,
            1.39350730900002
          ],
          [
            103.752541716,
            1.39352876700001
          ]
        ]
      },
      "properties": {
        "OBJECTID": 199,
        "pcn_loop": "Western Adventure Loop",
        "pcn": "Chua Chu Kang North Park Connector",
        "descriptionHTML": "Running along road reserves, the Choa Chu Kang North Park Connector links the Choa Chu Kang Park Connector to the Pang Sua Park Connector.",
        "address": "Choa Chu Kang North Park Connector starts at Choa Chu Kang Dr, in front of Limbang Park, runs along Choa Chu Kang St 51 before ending at Choa Chu Kang Way behind Kranji Secondary School.  It also runs along Choa Chu Kang North 5, before ending at Pang Sua Park Connector at Verde View.",
        "Shape__Length": 942.2844769311919
      }
    },
    {
      "type": "Feature",
      "id": 200,
      "geometry": {
        "type": "LineString",
        "coordinates": [
          [
            103.744905776,
            1.39215697100002
          ],
          [
            103.744910454,
            1.39211500700003
          ],
          [
            103.744902115,
            1.39205254800003
          ],
          [
            103.74488616,
            1.39194483800003
          ],
          [
            103.744863977,
            1.39178208400005
          ],
          [
            103.744883936,
            1.39151337700002
          ],
          [
            103.744889817,
            1.39142268100005
          ],
          [
            103.744899507,
            1.39133017500007
          ],
          [
            103.744916576,
            1.39119697900002
          ],
          [
            103.744928152,
            1.39112013900006
          ],
          [
            103.744931357,
            1.39109979800003
          ],
          [
            103.744945549,
            1.39103313600003
          ],
          [
            103.744998423,
            1.39082615900002
          ],
          [
            103.745026887,
            1.39073956100004
          ],
          [
            103.745029811,
            1.39072941100004
          ],
          [
            103.74503686,
            1.39070729600006
          ],
          [
            103.745063381,
            1.39062127500005
          ],
          [
            103.745086952,
            1.39054302800003
          ],
          [
            103.745096481,
            1.39051139300005
          ],
          [
            103.745127234,
            1.39040612200005
          ],
          [
            103.745134199,
            1.39038227300005
          ],
          [
            103.74518027,
            1.39022446700004
          ],
          [
            103.745189049,
            1.39018627200006
          ],
          [
            103.745195238,
            1.39014806500006
          ],
          [
            103.745198824,
            1.39009232900002
          ],
          [
            103.745197099,
            1.39004419100007
          ],
          [
            103.745191469,
            1.38999905100008
          ],
          [
            103.745184678,
            1.38996916600006
          ],
          [
            103.745172465,
            1.38993154300004
          ],
          [
            103.745220078,
            1.38991229000004
          ],
          [
            103.745262935,
            1.38988864500004
          ],
          [
            103.745293984,
            1.38986787200002
          ],
          [
            103.745302611,
            1.38985959800005
          ],
          [
            103.745310023,
            1.38984665000003
          ],
          [
            103.745314472,
            1.38981725700004
          ],
          [
            103.745591957,
            1.38991631600003
          ],
          [
            103.745601542,
            1.38990401900001
          ],
          [
            103.745620846,
            1.38983227500007
          ],
          [
            103.745870627,
            1.38905903700004
          ],
          [
            103.74588374,
            1.38900635800007
          ],
          [
            103.745911795,
            1.38889374200004
          ],
          [
            103.745979859,
            1.38880671900006
          ],
          [
            103.746027053,
            1.38876255300005
          ]
        ]
      },
      "properties": {
        "OBJECTID": 200,
        "pcn_loop": "Western Adventure Loop",
        "pcn": "Chua Chu Kang North Park Connector",
        "descriptionHTML": "Running along road reserves, the Choa Chu Kang North Park Connector links the Choa Chu Kang Park Connector to the Pang Sua Park Connector.",
        "address": "Choa Chu Kang North Park Connector starts at Choa Chu Kang Dr, in front of Limbang Park, runs along Choa Chu Kang St 51 before ending at Choa Chu Kang Way behind Kranji Secondary School.  It also runs along Choa Chu Kang North 5, before ending at Pang Sua Park Connector at Verde View.",
        "Shape__Length": 446.4060415489739
      }
    },
    {
      "type": "Feature",
      "id": 201,
      "geometry": {
        "type": "LineString",
        "coordinates": [
          [
            103.740428814,
            1.38963942800006
          ],
          [
            103.740700797,
            1.38967747700002
          ],
          [
            103.741803568,
            1.38990930200003
          ],
          [
            103.741820832,
            1.38991870500007
          ],
          [
            103.741845374,
            1.38992957900005
          ],
          [
            103.74186787,
            1.38994426600004
          ],
          [
            103.741883763,
            1.38995903600004
          ],
          [
            103.741897066,
            1.38997620300006
          ],
          [
            103.741907429,
            1.38999531300004
          ],
          [
            103.741914577,
            1.39001586200005
          ],
          [
            103.741917177,
            1.39002810400008
          ],
          [
            103.741927027,
            1.39012116200007
          ],
          [
            103.741937745,
            1.39021770400006
          ],
          [
            103.741943847,
            1.39027137900005
          ],
          [
            103.741951973,
            1.39034713500006
          ],
          [
            103.741962209,
            1.39044393600005
          ],
          [
            103.741968808,
            1.39050633900008
          ],
          [
            103.741977478,
            1.39061625000005
          ],
          [
            103.741987668,
            1.39073850300004
          ],
          [
            103.742006335,
            1.39084288900004
          ],
          [
            103.742022373,
            1.39093205800003
          ],
          [
            103.742040453,
            1.39102306700005
          ],
          [
            103.74206043,
            1.39111139100003
          ],
          [
            103.742067164,
            1.39113936500008
          ],
          [
            103.74209308,
            1.39123446400003
          ],
          [
            103.742114727,
            1.39131320400002
          ],
          [
            103.742129529,
            1.39136821400006
          ],
          [
            103.742165894,
            1.39148602300002
          ],
          [
            103.742190471,
            1.39156432000005
          ],
          [
            103.742207816,
            1.39162274500007
          ],
          [
            103.742253447,
            1.39177017700007
          ],
          [
            103.742272376,
            1.39183133400006
          ],
          [
            103.742295338,
            1.39190552500003
          ],
          [
            103.742314089,
            1.39196666000003
          ],
          [
            103.742531351,
            1.39267119600002
          ],
          [
            103.742516532,
            1.39271656900007
          ],
          [
            103.742604528,
            1.39276292500005
          ],
          [
            103.742764332,
            1.39267676800004
          ],
          [
            103.742792885,
            1.39265872500003
          ],
          [
            103.742806253,
            1.39265991700005
          ],
          [
            103.742822288,
            1.39266520700005
          ],
          [
            103.742874512,
            1.39267181200007
          ],
          [
            103.742891021,
            1.39267077000004
          ],
          [
            103.74292828,
            1.39266459600001
          ],
          [
            103.743228916,
            1.39259081500005
          ],
          [
            103.743451402,
            1.39253576600003
          ],
          [
            103.743811963,
            1.39244629200004
          ],
          [
            103.743896479,
            1.39242519000004
          ],
          [
            103.744448946,
            1.39228727700002
          ],
          [
            103.744473621,
            1.39228111800002
          ],
          [
            103.744719735,
            1.39222785500003
          ],
          [
            103.744742047,
            1.39222404600002
          ],
          [
            103.744788608,
            1.39221566400004
          ],
          [
            103.744843951,
            1.39219259400004
          ],
          [
            103.744875042,
            1.39217457600005
          ],
          [
            103.744905776,
            1.39215697100002
          ]
        ]
      },
      "properties": {
        "OBJECTID": 201,
        "pcn_loop": "Western Adventure Loop",
        "pcn": "Chua Chu Kang North Park Connector",
        "descriptionHTML": "Running along road reserves, the Choa Chu Kang North Park Connector links the Choa Chu Kang Park Connector to the Pang Sua Park Connector.",
        "address": "Choa Chu Kang North Park Connector starts at Choa Chu Kang Dr, in front of Limbang Park, runs along Choa Chu Kang St 51 before ending at Choa Chu Kang Way behind Kranji Secondary School.  It also runs along Choa Chu Kang North 5, before ending at Pang Sua Park Connector at Verde View.",
        "Shape__Length": 761.8328060521155
      }
    },
    {
      "type": "Feature",
      "id": 219,
      "geometry": {
        "type": "LineString",
        "coordinates": [
          [
            103.746027053,
            1.38876255300005
          ],
          [
            103.746070042,
            1.38876755500007
          ],
          [
            103.746167602,
            1.38869720000002
          ],
          [
            103.746316413,
            1.38877404000004
          ],
          [
            103.746512317,
            1.38879663900001
          ],
          [
            103.746618506,
            1.38878953800002
          ],
          [
            103.746718511,
            1.38880785200007
          ],
          [
            103.746957806,
            1.38885167400002
          ],
          [
            103.747420311,
            1.38893637200004
          ],
          [
            103.74743792,
            1.38883894800005
          ],
          [
            103.747513874,
            1.38876693700007
          ],
          [
            103.747606647,
            1.38872564500001
          ],
          [
            103.747660712,
            1.38865244300006
          ],
          [
            103.747625914,
            1.38853813200007
          ],
          [
            103.74760535,
            1.38834800000006
          ],
          [
            103.747639983,
            1.38822146300004
          ],
          [
            103.747729846,
            1.38813022500006
          ],
          [
            103.747799108,
            1.38801656300007
          ],
          [
            103.747811583,
            1.38795277300005
          ],
          [
            103.747798626,
            1.38786583500006
          ],
          [
            103.747813441,
            1.38781890700005
          ],
          [
            103.747809096,
            1.38779435000003
          ],
          [
            103.747563765,
            1.38755986300002
          ],
          [
            103.747349858,
            1.38727299300007
          ],
          [
            103.747233678,
            1.38695277400007
          ],
          [
            103.746726882,
            1.38684400500005
          ],
          [
            103.746823414,
            1.38629350800004
          ],
          [
            103.74685365,
            1.38605275700007
          ],
          [
            103.746814533,
            1.38591798300007
          ],
          [
            103.746793183,
            1.38581501500005
          ],
          [
            103.746783439,
            1.38568494400005
          ],
          [
            103.746656006,
            1.38508234500006
          ],
          [
            103.746619521,
            1.38492609500003
          ],
          [
            103.746555933,
            1.38486815300008
          ],
          [
            103.746483717,
            1.38491060700003
          ]
        ]
      },
      "properties": {
        "OBJECTID": 219,
        "pcn_loop": "Western Adventure Loop",
        "pcn": "Chua Chu Kang Park",
        "descriptionHTML": "Located in the north-western part of Singapore, Choa Chu Kang Park is brimming with recreational activities for the whole family. With four different areas, a small skate plaza, a wide range of fitness stations for the young and old, lawns and event spaces, there’s something for everyone.",
        "address": "",
        "Shape__Length": 718.8014150089963
      }
    },
    {
      "type": "Feature",
      "id": 232,
      "geometry": {
        "type": "LineString",
        "coordinates": [
          [
            103.70630119,
            1.33630255400003
          ],
          [
            103.706353239,
            1.33632706500003
          ],
          [
            103.706476792,
            1.33638524800006
          ],
          [
            103.706574193,
            1.33643111500003
          ],
          [
            103.706636335,
            1.33646037800001
          ],
          [
            103.706690197,
            1.33648574200004
          ],
          [
            103.706660053,
            1.33654597000004
          ],
          [
            103.706641736,
            1.33660426400007
          ],
          [
            103.706637578,
            1.33662172000004
          ],
          [
            103.706632043,
            1.33667349200003
          ],
          [
            103.706633567,
            1.33672133400005
          ],
          [
            103.706640321,
            1.33676384600005
          ],
          [
            103.706653957,
            1.33681047000006
          ],
          [
            103.706678847,
            1.33686129900001
          ],
          [
            103.706686691,
            1.33687731800006
          ],
          [
            103.706730115,
            1.33693354700004
          ],
          [
            103.706774352,
            1.33697176900006
          ],
          [
            103.706784833,
            1.33698082500006
          ],
          [
            103.706817167,
            1.33699966400007
          ],
          [
            103.706761385,
            1.33712508400004
          ],
          [
            103.706752365,
            1.33718088500007
          ],
          [
            103.706756246,
            1.33722473200004
          ],
          [
            103.706769814,
            1.33726742500004
          ],
          [
            103.706793928,
            1.33730799400007
          ],
          [
            103.706852976,
            1.33735975600007
          ],
          [
            103.706960548,
            1.33743433200005
          ],
          [
            103.707069842,
            1.33756647000007
          ],
          [
            103.707147241,
            1.33772640400002
          ],
          [
            103.707199751,
            1.33790465300008
          ],
          [
            103.707218555,
            1.33802160200001
          ],
          [
            103.70722419,
            1.33816259600007
          ],
          [
            103.707216384,
            1.33827231500004
          ],
          [
            103.707194259,
            1.33838764500007
          ],
          [
            103.707185544,
            1.33850137200005
          ],
          [
            103.707198156,
            1.33858271000003
          ],
          [
            103.707211315,
            1.33863537500002
          ],
          [
            103.707231849,
            1.33867560700003
          ],
          [
            103.70726147,
            1.33871851400005
          ],
          [
            103.707301542,
            1.33876125500006
          ],
          [
            103.707351567,
            1.33880227800006
          ],
          [
            103.707430835,
            1.33884447300005
          ],
          [
            103.707551807,
            1.33888726000003
          ],
          [
            103.70761369,
            1.33892185300005
          ],
          [
            103.70768485,
            1.33897886400007
          ],
          [
            103.707752889,
            1.33906069900006
          ],
          [
            103.707803864,
            1.33916076600001
          ],
          [
            103.707821526,
            1.33921866300005
          ],
          [
            103.707866523,
            1.33932761200003
          ],
          [
            103.707907184,
            1.33937488600003
          ],
          [
            103.708003277,
            1.33944675600001
          ],
          [
            103.708078716,
            1.33948063200005
          ],
          [
            103.708185561,
            1.33950373300007
          ],
          [
            103.708229544,
            1.33950462500007
          ],
          [
            103.708416707,
            1.33958192800002
          ],
          [
            103.708447583,
            1.33959468100004
          ],
          [
            103.708554894,
            1.33963900300006
          ],
          [
            103.708643676,
            1.33967567200005
          ],
          [
            103.708735381,
            1.33971419600005
          ],
          [
            103.708871655,
            1.33977129600003
          ],
          [
            103.708955287,
            1.33980151000003
          ],
          [
            103.709006136,
            1.33980740500005
          ],
          [
            103.709026852,
            1.33980980700005
          ],
          [
            103.709089896,
            1.33978687000007
          ],
          [
            103.709157268,
            1.33971505400005
          ],
          [
            103.709205758,
            1.33964992600005
          ],
          [
            103.70923207,
            1.33952939100003
          ],
          [
            103.709243061,
            1.33947093000006
          ],
          [
            103.709257201,
            1.33939570800003
          ],
          [
            103.709284048,
            1.33925290600007
          ],
          [
            103.709297147,
            1.33918322800002
          ],
          [
            103.709330757,
            1.33900444100004
          ],
          [
            103.709326196,
            1.33893815900007
          ],
          [
            103.709312379,
            1.33886830600005
          ],
          [
            103.709279069,
            1.33879709600005
          ],
          [
            103.709234232,
            1.33873424300001
          ],
          [
            103.709128515,
            1.33865037500004
          ],
          [
            103.709111296,
            1.33863073000003
          ],
          [
            103.709038446,
            1.33857821900006
          ],
          [
            103.708969649,
            1.33855071700002
          ],
          [
            103.708853711,
            1.33854174300005
          ],
          [
            103.708757523,
            1.33853389800003
          ],
          [
            103.708673746,
            1.33850850700002
          ],
          [
            103.708641468,
            1.33848826600006
          ],
          [
            103.708613423,
            1.33846426500003
          ],
          [
            103.708584487,
            1.33842647700003
          ],
          [
            103.708526231,
            1.33833628600006
          ],
          [
            103.708464642,
            1.33826441200006
          ],
          [
            103.708390106,
            1.33819799900004
          ],
          [
            103.708315805,
            1.33813354000005
          ],
          [
            103.70827001,
            1.33807879200002
          ],
          [
            103.708212154,
            1.33797812400006
          ],
          [
            103.708193459,
            1.33792911900003
          ],
          [
            103.708180362,
            1.33788165200002
          ],
          [
            103.708167589,
            1.33779032400002
          ],
          [
            103.708167506,
            1.33773465800004
          ],
          [
            103.708173263,
            1.33767870100008
          ],
          [
            103.708178326,
            1.33763270400003
          ],
          [
            103.708177988,
            1.33757360100004
          ],
          [
            103.708156506,
            1.33746316100006
          ],
          [
            103.708136685,
            1.33741244500005
          ],
          [
            103.708105086,
            1.33735516300004
          ],
          [
            103.708086883,
            1.33731918800003
          ],
          [
            103.708000977,
            1.33724235500006
          ],
          [
            103.707963647,
            1.33721358900004
          ],
          [
            103.707921938,
            1.33717325500003
          ],
          [
            103.707873861,
            1.33711038300003
          ],
          [
            103.707847382,
            1.33706275600003
          ],
          [
            103.7078142,
            1.33696901000008
          ],
          [
            103.707804699,
            1.33691443400005
          ],
          [
            103.707803413,
            1.33682356400004
          ],
          [
            103.707811027,
            1.33677043600005
          ],
          [
            103.707813657,
            1.33668790500008
          ],
          [
            103.707785854,
            1.33661638900003
          ],
          [
            103.707735947,
            1.33656284200003
          ],
          [
            103.707666651,
            1.33653026900004
          ],
          [
            103.707624523,
            1.33651566700007
          ],
          [
            103.707554653,
            1.33648206400005
          ],
          [
            103.707495831,
            1.33644287700002
          ],
          [
            103.707447961,
            1.33639970500007
          ],
          [
            103.707397994,
            1.33638179500002
          ],
          [
            103.707366334,
            1.33637855500006
          ],
          [
            103.707336732,
            1.33638004100004
          ],
          [
            103.707309248,
            1.336388406
          ],
          [
            103.707309251,
            1.33632917700004
          ],
          [
            103.707309254,
            1.33627060100002
          ],
          [
            103.70730926,
            1.33615000400004
          ],
          [
            103.707309263,
            1.33609142800002
          ],
          [
            103.707309268,
            1.33600349300001
          ]
        ]
      },
      "properties": {
        "OBJECTID": 232,
        "pcn_loop": "Western Adventure Loop",
        "pcn": "Jurong Central Park",
        "descriptionHTML": "As the first park in Singapore to have life-sized board game features, Jurong Central Park offers families countless hours of fun and excitement. Using greenery, sculpted terrains, various play equipment and a dice tower, the park recreates favourite childhood board games to add a new dimension to the game play experience. With the life-sized Snakes and Ladders playground and Ludo Garden, the park allows visitors to revisit their childhood and relive their favourite memories. Nature lovers can also explore and discover the various types of aquatic plants, wildlife species and dragonflies that thrive in the ponds located in the park.",
        "address": "",
        "Shape__Length": 1121.473235270588
      }
    },
    {
      "type": "Feature",
      "id": 233,
      "geometry": {
        "type": "LineString",
        "coordinates": [
          [
            103.706690197,
            1.33648574200004
          ],
          [
            103.706710106,
            1.33645943700002
          ],
          [
            103.706726019,
            1.33644262200006
          ],
          [
            103.706747193,
            1.33642132600006
          ],
          [
            103.706790128,
            1.33638732300004
          ],
          [
            103.706819629,
            1.33637146700005
          ],
          [
            103.70685275,
            1.33635366600003
          ],
          [
            103.706888614,
            1.33634099900007
          ],
          [
            103.706938869,
            1.33633009400007
          ],
          [
            103.706986795,
            1.33632656400005
          ],
          [
            103.707042848,
            1.33633072300005
          ],
          [
            103.707085441,
            1.33634001000007
          ],
          [
            103.707134759,
            1.33636034800002
          ],
          [
            103.707160832,
            1.33637110100005
          ],
          [
            103.707208729,
            1.33640210700002
          ],
          [
            103.707238896,
            1.33643013800002
          ],
          [
            103.707277662,
            1.33640245700002
          ],
          [
            103.707309248,
            1.336388406
          ]
        ]
      },
      "properties": {
        "OBJECTID": 233,
        "pcn_loop": "Western Adventure Loop",
        "pcn": "Jurong Central Park",
        "descriptionHTML": "As the first park in Singapore to have life-sized board game features, Jurong Central Park offers families countless hours of fun and excitement. Using greenery, sculpted terrains, various play equipment and a dice tower, the park recreates favourite childhood board games to add a new dimension to the game play experience. With the life-sized Snakes and Ladders playground and Ludo Garden, the park allows visitors to revisit their childhood and relive their favourite memories. Nature lovers can also explore and discover the various types of aquatic plants, wildlife species and dragonflies that thrive in the ponds located in the park.",
        "address": "",
        "Shape__Length": 79.191240614692
      }
    },
    {
      "type": "Feature",
      "id": 234,
      "geometry": {
        "type": "LineString",
        "coordinates": [
          [
            103.707238896,
            1.33643013800002
          ],
          [
            103.707262795,
            1.33645693200004
          ],
          [
            103.707281983,
            1.33648080700005
          ],
          [
            103.707291288,
            1.33649660600002
          ],
          [
            103.707308264,
            1.33652543100004
          ],
          [
            103.707318624,
            1.33654953100005
          ],
          [
            103.707328969,
            1.33657869000007
          ],
          [
            103.70733537,
            1.33659987100003
          ],
          [
            103.707339522,
            1.33662987200005
          ],
          [
            103.70734364,
            1.33665963700003
          ],
          [
            103.707345163,
            1.33668461000002
          ],
          [
            103.707344066,
            1.33672215200005
          ],
          [
            103.707339633,
            1.33674954000003
          ],
          [
            103.70733712,
            1.33676506100004
          ],
          [
            103.707331281,
            1.33678610000003
          ],
          [
            103.707322634,
            1.33681057700005
          ],
          [
            103.70731311,
            1.33683159300005
          ],
          [
            103.707302294,
            1.33685546200008
          ],
          [
            103.707296579,
            1.33686807200006
          ],
          [
            103.707273304,
            1.33690155800002
          ],
          [
            103.707264187,
            1.33691467500005
          ],
          [
            103.707234306,
            1.33694686900002
          ],
          [
            103.707217312,
            1.33696107200006
          ],
          [
            103.707199336,
            1.33697609700004
          ],
          [
            103.707168332,
            1.33699648800006
          ],
          [
            103.707135011,
            1.33701231800006
          ],
          [
            103.707112971,
            1.33702278800005
          ],
          [
            103.70708075,
            1.33703176900002
          ],
          [
            103.70705374,
            1.33703929800002
          ],
          [
            103.707028536,
            1.33704242600004
          ],
          [
            103.706989308,
            1.33704408500007
          ],
          [
            103.706961909,
            1.33704348400004
          ],
          [
            103.706928571,
            1.33703898500005
          ],
          [
            103.70690728,
            1.33703492300002
          ],
          [
            103.706880542,
            1.33702726700005
          ],
          [
            103.70685602,
            1.33701807900006
          ],
          [
            103.706835729,
            1.33701047800002
          ],
          [
            103.706817167,
            1.33699966400007
          ]
        ]
      },
      "properties": {
        "OBJECTID": 234,
        "pcn_loop": "Western Adventure Loop",
        "pcn": "Jurong Central Park",
        "descriptionHTML": "As the first park in Singapore to have life-sized board game features, Jurong Central Park offers families countless hours of fun and excitement. Using greenery, sculpted terrains, various play equipment and a dice tower, the park recreates favourite childhood board games to add a new dimension to the game play experience. With the life-sized Snakes and Ladders playground and Ludo Garden, the park allows visitors to revisit their childhood and relive their favourite memories. Nature lovers can also explore and discover the various types of aquatic plants, wildlife species and dragonflies that thrive in the ponds located in the park.",
        "address": "",
        "Shape__Length": 114.18440042256013
      }
    },
    {
      "type": "Feature",
      "id": 235,
      "geometry": {
        "type": "LineString",
        "coordinates": [
          [
            103.773867088,
            1.38874845500004
          ],
          [
            103.774218959,
            1.38866232400006
          ],
          [
            103.774272579,
            1.38823769100004
          ],
          [
            103.774326093,
            1.38785343200005
          ],
          [
            103.774318308,
            1.38755539700001
          ],
          [
            103.774368835,
            1.38726218200003
          ],
          [
            103.774410552,
            1.38685684900002
          ],
          [
            103.774432045,
            1.38654813100004
          ],
          [
            103.774472102,
            1.38617363100001
          ],
          [
            103.774506386,
            1.38588507400004
          ],
          [
            103.77455574,
            1.38556751900007
          ],
          [
            103.774605293,
            1.38520884900004
          ],
          [
            103.774637136,
            1.38483048100006
          ],
          [
            103.774683212,
            1.38454245200006
          ],
          [
            103.774723682,
            1.38422841500005
          ],
          [
            103.774805636,
            1.38414757600002
          ],
          [
            103.774887771,
            1.38400619000004
          ],
          [
            103.77493846,
            1.38384373400003
          ],
          [
            103.77497316,
            1.38372625600004
          ],
          [
            103.77496865,
            1.38350282300007
          ],
          [
            103.774960226,
            1.38333111600001
          ],
          [
            103.775038406,
            1.38300005800006
          ],
          [
            103.77513989,
            1.38237566500003
          ],
          [
            103.775155235,
            1.38218363600005
          ],
          [
            103.775180622,
            1.38186596200006
          ],
          [
            103.775205748,
            1.38163095600003
          ],
          [
            103.775189064,
            1.38148779500004
          ],
          [
            103.775101847,
            1.38125211100003
          ],
          [
            103.775102869,
            1.38099923800006
          ],
          [
            103.775188501,
            1.38070755300003
          ],
          [
            103.775395277,
            1.38054224900002
          ],
          [
            103.775435466,
            1.38046856500005
          ],
          [
            103.775412362,
            1.38028980500007
          ],
          [
            103.775431719,
            1.38006149200003
          ],
          [
            103.775544783,
            1.37974370500006
          ],
          [
            103.77559542,
            1.37960613600004
          ],
          [
            103.775671038,
            1.37936022700006
          ],
          [
            103.775733377,
            1.37909539400004
          ],
          [
            103.775776871,
            1.37882805800006
          ],
          [
            103.775789456,
            1.37857760300005
          ],
          [
            103.77577037,
            1.37842193500006
          ],
          [
            103.7757536,
            1.37841678100005
          ],
          [
            103.775776927,
            1.37838804900002
          ],
          [
            103.775828511,
            1.37831762400004
          ],
          [
            103.775907201,
            1.37816742700003
          ],
          [
            103.77595958,
            1.377988134
          ],
          [
            103.775973315,
            1.37779847900002
          ],
          [
            103.776055579,
            1.37760200100007
          ],
          [
            103.776062171,
            1.37759106500005
          ],
          [
            103.77605614,
            1.37750490100006
          ],
          [
            103.77606771,
            1.37734063200003
          ],
          [
            103.776141301,
            1.37716355900006
          ],
          [
            103.776192893,
            1.37707082900005
          ],
          [
            103.77624799,
            1.37694988800007
          ],
          [
            103.776293767,
            1.37684127300003
          ],
          [
            103.7763231,
            1.37675805900005
          ],
          [
            103.776353717,
            1.37664469400005
          ],
          [
            103.776366523,
            1.37658704600006
          ],
          [
            103.77636082,
            1.37627706400001
          ],
          [
            103.77637062,
            1.37605415100006
          ],
          [
            103.776378025,
            1.37594750100004
          ],
          [
            103.776373233,
            1.37590672300008
          ],
          [
            103.776332197,
            1.37587679100005
          ],
          [
            103.776261147,
            1.37583179500006
          ],
          [
            103.77614687,
            1.37569235800003
          ],
          [
            103.776150955,
            1.37560026300003
          ],
          [
            103.776157247,
            1.37551536000006
          ],
          [
            103.776196318,
            1.37534825800002
          ],
          [
            103.776247993,
            1.37530851600007
          ],
          [
            103.776309363,
            1.37527541600004
          ],
          [
            103.776390182,
            1.37523182700004
          ],
          [
            103.776389841,
            1.37521777600005
          ],
          [
            103.776379976,
            1.37520220800007
          ],
          [
            103.776287923,
            1.37514936400003
          ],
          [
            103.776274092,
            1.37512523300006
          ],
          [
            103.776278239,
            1.37509829200007
          ],
          [
            103.776424289,
            1.37506028700005
          ],
          [
            103.776444271,
            1.37505165000004
          ],
          [
            103.776486194,
            1.37500031100006
          ],
          [
            103.776537244,
            1.37488216400004
          ],
          [
            103.776560012,
            1.37481540200002
          ],
          [
            103.776599397,
            1.37477272400002
          ],
          [
            103.776655249,
            1.37476071400004
          ],
          [
            103.776789595,
            1.37477725600007
          ],
          [
            103.776885767,
            1.37477557500004
          ],
          [
            103.776946093,
            1.37474109000004
          ],
          [
            103.777002167,
            1.37466736200003
          ],
          [
            103.777075831,
            1.37448683000001
          ],
          [
            103.77713172,
            1.37432963100002
          ],
          [
            103.777141373,
            1.37417503100005
          ],
          [
            103.777159483,
            1.37405733400002
          ],
          [
            103.777234197,
            1.37392642500004
          ],
          [
            103.77725832,
            1.37383978300004
          ],
          [
            103.777299223,
            1.37375826400005
          ],
          [
            103.777309707,
            1.37365189300006
          ],
          [
            103.777297663,
            1.37357467400005
          ],
          [
            103.777306753,
            1.37350156600008
          ],
          [
            103.777405883,
            1.37315914000003
          ],
          [
            103.777386412,
            1.37300148400006
          ],
          [
            103.777315681,
            1.37286429700004
          ],
          [
            103.777292535,
            1.37271469900002
          ],
          [
            103.777361346,
            1.37246764800004
          ],
          [
            103.777429261,
            1.37233649800003
          ],
          [
            103.777581766,
            1.37198958300008
          ],
          [
            103.777643478,
            1.37185836200006
          ],
          [
            103.777692587,
            1.37169405200007
          ],
          [
            103.777747274,
            1.37158041300006
          ],
          [
            103.777764946,
            1.37143373800005
          ],
          [
            103.777777068,
            1.37133113300007
          ],
          [
            103.777801177,
            1.37112706400004
          ],
          [
            103.777848791,
            1.37092367300004
          ],
          [
            103.777932338,
            1.37066751600002
          ],
          [
            103.777816852,
            1.37049888100005
          ],
          [
            103.777750846,
            1.37040249700004
          ],
          [
            103.777768974,
            1.37011850000005
          ],
          [
            103.777778807,
            1.36996445000006
          ],
          [
            103.777789767,
            1.36979274700002
          ],
          [
            103.777840064,
            1.36965691500005
          ],
          [
            103.777857391,
            1.36956157000003
          ],
          [
            103.777852667,
            1.36938995400004
          ],
          [
            103.777818911,
            1.36927101100002
          ],
          [
            103.777807188,
            1.36914790000002
          ],
          [
            103.777824737,
            1.36899081200004
          ],
          [
            103.777867256,
            1.36882260500005
          ],
          [
            103.777886732,
            1.36865241300007
          ],
          [
            103.777883066,
            1.36848623300004
          ],
          [
            103.777869842,
            1.36838296800004
          ],
          [
            103.777889009,
            1.36824380900003
          ],
          [
            103.777898952,
            1.36806814000004
          ],
          [
            103.777896926,
            1.36796983200003
          ],
          [
            103.777889027,
            1.36786539400002
          ],
          [
            103.777868014,
            1.36772612700003
          ],
          [
            103.777845825,
            1.36761957300007
          ],
          [
            103.777849829,
            1.36749780400004
          ],
          [
            103.777871412,
            1.36742844700006
          ],
          [
            103.777912276,
            1.36736086900003
          ],
          [
            103.77798413,
            1.36725895200005
          ],
          [
            103.777994055,
            1.36719887100002
          ],
          [
            103.777972784,
            1.36711129000003
          ],
          [
            103.778021043,
            1.36696294300003
          ],
          [
            103.778088309,
            1.36679824600002
          ],
          [
            103.778115726,
            1.36673727000004
          ],
          [
            103.778139346,
            1.36648637800005
          ],
          [
            103.778142305,
            1.36636036900005
          ],
          [
            103.778138607,
            1.36621939100007
          ],
          [
            103.778111544,
            1.36614562000006
          ],
          [
            103.778172642,
            1.36600099400004
          ],
          [
            103.778248023,
            1.36595760900001
          ],
          [
            103.778425838,
            1.36519309300008
          ]
        ]
      },
      "properties": {
        "OBJECTID": 235,
        "pcn_loop": "Western Adventure Loop",
        "pcn": "Zhenghua Nature Park",
        "descriptionHTML": "Zhenghua Nature Park is located in Bukit Panjang. Skirting the Central Catchment Nature Reserve, the nature park serves as a green buffer for the reserve. The 13.5 hectare linear Zhenghua Nature Park was completed in 2002 and stretches for about 2.5 km along the BKE, linking the Bukit Panjang Park Connector to Bukit Timah Nature Reserve. A 3.8 hectare extension was opened in November 2015, bringing the total area of Zhenghua Nature Park to 17.3 hectares.",
        "address": "",
        "Shape__Length": 2842.6857074028853
      }
    },
    {
      "type": "Feature",
      "id": 252,
      "geometry": {
        "type": "LineString",
        "coordinates": [
          [
            103.727847958,
            1.35004792300002
          ],
          [
            103.727905772,
            1.35036524800006
          ],
          [
            103.727907799,
            1.35069793000002
          ],
          [
            103.727897524,
            1.35238598300002
          ],
          [
            103.727895467,
            1.35274946900005
          ],
          [
            103.727899544,
            1.35286036300004
          ],
          [
            103.727897494,
            1.35306366800006
          ],
          [
            103.727899532,
            1.35312938400006
          ],
          [
            103.727873965,
            1.35324401300005
          ],
          [
            103.727828245,
            1.35331072800005
          ],
          [
            103.727085334,
            1.35369489300007
          ]
        ]
      },
      "properties": {
        "OBJECTID": 252,
        "pcn_loop": "Western Adventure Loop",
        "pcn": "Jurong Park Connector",
        "descriptionHTML": "Starting from Pan-Island Expressway (PIE), near the Jurong West Street 42 estates, the Jurong Park Connector stretches across the expressway to Ayer-Rajah Expressway (AYE) and Toh Guan Road. Visitors can opt to take the route leading to Jurong East Central, which links to Ulu Pandan Park Connector near Toh Guan Road, or head towards Yuan Ching Road to reach the AYE. Cycle, jog or take a leisurely stroll along the linear pathway and enjoy the beauty of the lush greenery and the breath-taking scenery of the surroundings. Take in the aroma of freshly baked biscuits from the Khong Guan Factory as you pass the row of factories between Jalan Boon Lay and Enterprise Road.",
        "address": "Jurong Park Connector starts from Pan-Island Expressway (PIE), near the Jurong West Street 42 estates. It stretches from PIE all the way to Ayer-Rajah Expressway (AYE) and Toh Guan Road.",
        "Shape__Length": 458.9124761997821
      }
    },
    {
      "type": "Feature",
      "id": 255,
      "geometry": {
        "type": "LineString",
        "coordinates": [
          [
            103.778944889,
            1.36552131800004
          ],
          [
            103.77890795,
            1.36548149000003
          ],
          [
            103.778819077,
            1.36543104200007
          ],
          [
            103.778704563,
            1.36540585800002
          ],
          [
            103.77849088,
            1.36536568200007
          ],
          [
            103.778432924,
            1.36534920800005
          ],
          [
            103.778104823,
            1.36525163900005
          ],
          [
            103.777681936,
            1.36515929400001
          ],
          [
            103.776966797,
            1.36504633800006
          ],
          [
            103.776388598,
            1.36498124000002
          ],
          [
            103.77583988,
            1.36494246300003
          ],
          [
            103.775774163,
            1.36495406100004
          ],
          [
            103.775734319,
            1.36497739600001
          ],
          [
            103.775666441,
            1.36504068400006
          ],
          [
            103.775535347,
            1.36491195300005
          ],
          [
            103.775361566,
            1.36489937200002
          ],
          [
            103.775240875,
            1.36502751300002
          ],
          [
            103.77530982,
            1.36509810200004
          ],
          [
            103.775333593,
            1.36518065500008
          ],
          [
            103.775332398,
            1.36542591600005
          ],
          [
            103.775305053,
            1.36562212600006
          ],
          [
            103.775297917,
            1.36573698000005
          ],
          [
            103.775295537,
            1.36584465600002
          ],
          [
            103.775332384,
            1.36601095700007
          ],
          [
            103.775335946,
            1.36620357700002
          ],
          [
            103.775338318,
            1.36638901900005
          ],
          [
            103.775307408,
            1.36652660400005
          ],
          [
            103.775307404,
            1.36667495800002
          ],
          [
            103.775307398,
            1.36693098700005
          ],
          [
            103.775291944,
            1.36699798600004
          ],
          [
            103.77520457,
            1.36705301800004
          ],
          [
            103.775186733,
            1.36729708300004
          ],
          [
            103.775185541,
            1.36742246600005
          ],
          [
            103.7751513,
            1.36764068800006
          ],
          [
            103.775147018,
            1.36778521400005
          ],
          [
            103.775145114,
            1.36784264100003
          ],
          [
            103.775185051,
            1.36803023700001
          ],
          [
            103.775158416,
            1.36834608600003
          ],
          [
            103.775120353,
            1.36875527200004
          ],
          [
            103.775093734,
            1.36894907100003
          ],
          [
            103.775036673,
            1.36902946700007
          ],
          [
            103.77495869,
            1.36909455000005
          ],
          [
            103.774808434,
            1.36911368800003
          ],
          [
            103.77443945,
            1.36911176500005
          ],
          [
            103.774052399,
            1.36909500600005
          ],
          [
            103.773753551,
            1.36908722200008
          ],
          [
            103.773590457,
            1.36907142500007
          ],
          [
            103.772964382,
            1.36898993300002
          ],
          [
            103.772662296,
            1.36893740400006
          ],
          [
            103.772449279,
            1.36876272500005
          ],
          [
            103.772052725,
            1.36844255800003
          ],
          [
            103.771967139,
            1.36836933600005
          ],
          [
            103.771678995,
            1.36813387700004
          ],
          [
            103.771569158,
            1.36804199100004
          ],
          [
            103.771370966,
            1.36782197000003
          ],
          [
            103.771255185,
            1.36772248500005
          ],
          [
            103.771125977,
            1.36758035100008
          ],
          [
            103.771019986,
            1.36746375700005
          ],
          [
            103.77085429,
            1.36728148300004
          ],
          [
            103.770750482,
            1.36716729000003
          ],
          [
            103.770463667,
            1.36694426500002
          ],
          [
            103.770224463,
            1.36676847300004
          ],
          [
            103.770211445,
            1.36669787500005
          ],
          [
            103.770207417,
            1.36668657000006
          ],
          [
            103.77016337,
            1.36666696000003
          ],
          [
            103.770095639,
            1.36664934200007
          ],
          [
            103.769991356,
            1.36659111800003
          ],
          [
            103.76971509,
            1.36640456700007
          ],
          [
            103.76906377,
            1.36596387100002
          ],
          [
            103.768787353,
            1.36577684100006
          ],
          [
            103.768665085,
            1.36572737800003
          ],
          [
            103.768562198,
            1.36567878100005
          ],
          [
            103.768373905,
            1.36560412000005
          ],
          [
            103.768147097,
            1.36553807300005
          ],
          [
            103.768070067,
            1.36553089300003
          ],
          [
            103.768007762,
            1.36552919600006
          ],
          [
            103.767838866,
            1.36554873500005
          ],
          [
            103.767586488,
            1.36560266400006
          ],
          [
            103.767417839,
            1.36565873900002
          ],
          [
            103.767309749,
            1.36570889600006
          ],
          [
            103.767261198,
            1.36573754100004
          ]
        ]
      },
      "properties": {
        "OBJECTID": 255,
        "pcn_loop": "Western Adventure Loop",
        "pcn": "Dairy Farm Park Connector",
        "descriptionHTML": "Starting at Zhenghua Nature Park and weaving through the Dairy Farm estate towards Hillview MRT station, Dairy Farm Park Connector takes visitors on a scenic ride along the waterway. Visitors can also use this park connector to connect to nearby nature areas such as Zhenghua Nature Park and Dairy Farm Nature Park , or they may choose to stop by Chestnut Close Park, which offers attractive rain gardens, play equipment, and a spacious deck overlooking the waterway",
        "address": "Dairy Farm Park Connector starts at Zhenghua Nature Park and ends at Dairy Farm Road, across from Hillview MRT station.",
        "Shape__Length": 1904.754743197252
      }
    },
    {
      "type": "Feature",
      "id": 256,
      "geometry": {
        "type": "LineString",
        "coordinates": [
          [
            103.767261198,
            1.36573754100004
          ],
          [
            103.767295415,
            1.36567151700007
          ],
          [
            103.767439898,
            1.36545377000004
          ],
          [
            103.767559395,
            1.36527532700006
          ],
          [
            103.76762576,
            1.36516520200008
          ],
          [
            103.767679224,
            1.36506715700004
          ],
          [
            103.767715473,
            1.36498717100006
          ],
          [
            103.767772879,
            1.36484674000008
          ],
          [
            103.767839001,
            1.36465512200004
          ],
          [
            103.76789028,
            1.36444827400004
          ],
          [
            103.767959816,
            1.36413038900002
          ],
          [
            103.767940883,
            1.36405486200004
          ],
          [
            103.767907093,
            1.36389610700007
          ],
          [
            103.767911775,
            1.36378510100006
          ],
          [
            103.767933175,
            1.36370326800005
          ],
          [
            103.767950294,
            1.36366450400002
          ]
        ]
      },
      "properties": {
        "OBJECTID": 256,
        "pcn_loop": "Western Adventure Loop",
        "pcn": "Dairy Farm Park Connector",
        "descriptionHTML": "Starting at Zhenghua Nature Park and weaving through the Dairy Farm estate towards Hillview MRT station, Dairy Farm Park Connector takes visitors on a scenic ride along the waterway. Visitors can also use this park connector to connect to nearby nature areas such as Zhenghua Nature Park and Dairy Farm Nature Park , or they may choose to stop by Chestnut Close Park, which offers attractive rain gardens, play equipment, and a spacious deck overlooking the waterway",
        "address": "Dairy Farm Park Connector starts at Zhenghua Nature Park and ends at Dairy Farm Road, across from Hillview MRT station.",
        "Shape__Length": 250.4938389492643
      }
    },
    {
      "type": "Feature",
      "id": 257,
      "geometry": {
        "type": "LineString",
        "coordinates": [
          [
            103.766861666,
            1.36632638000003
          ],
          [
            103.767261198,
            1.36573754100004
          ]
        ]
      },
      "properties": {
        "OBJECTID": 257,
        "pcn_loop": "Western Adventure Loop",
        "pcn": "Dairy Farm Park Connector",
        "descriptionHTML": "Starting at Zhenghua Nature Park and weaving through the Dairy Farm estate towards Hillview MRT station, Dairy Farm Park Connector takes visitors on a scenic ride along the waterway. Visitors can also use this park connector to connect to nearby nature areas such as Zhenghua Nature Park and Dairy Farm Nature Park , or they may choose to stop by Chestnut Close Park, which offers attractive rain gardens, play equipment, and a spacious deck overlooking the waterway",
        "address": "Dairy Farm Park Connector starts at Zhenghua Nature Park and ends at Dairy Farm Road, across from Hillview MRT station.",
        "Shape__Length": 79.22901147582103
      }
    },
    {
      "type": "Feature",
      "id": 280,
      "geometry": {
        "type": "LineString",
        "coordinates": [
          [
            103.70630119,
            1.33630255400003
          ],
          [
            103.706295237,
            1.33630787100002
          ],
          [
            103.706071458,
            1.33639529700003
          ],
          [
            103.705946791,
            1.33636466100005
          ]
        ]
      },
      "properties": {
        "OBJECTID": 280,
        "pcn_loop": "Western Adventure Loop",
        "pcn": "Jurong West Park Connector",
        "descriptionHTML": "Extending from Boon Lay Way (across Jurong Central Park) to Jurong West Street 93, the Jurong West Park Connector links nearby residents to Jurong Central Park, Boon Lay Bus Terminal, Boon Lay MRT station and Pioneer MRT station. Running through residential estates, it is great for joggers looking for a short run around the neighbourhood and is ideal for other outdoor activities such as cycling, strolling and dog-walking.",
        "address": "",
        "Shape__Length": 41.92515573465517
      }
    },
    {
      "type": "Feature",
      "id": 281,
      "geometry": {
        "type": "LineString",
        "coordinates": [
          [
            103.693938917,
            1.33702048700009
          ],
          [
            103.693801053,
            1.33693325500002
          ]
        ]
      },
      "properties": {
        "OBJECTID": 281,
        "pcn_loop": "Western Adventure Loop",
        "pcn": "Jurong West Park Connector",
        "descriptionHTML": "Extending from Boon Lay Way (across Jurong Central Park) to Jurong West Street 93, the Jurong West Park Connector links nearby residents to Jurong Central Park, Boon Lay Bus Terminal, Boon Lay MRT station and Pioneer MRT station. Running through residential estates, it is great for joggers looking for a short run around the neighbourhood and is ideal for other outdoor activities such as cycling, strolling and dog-walking.",
        "address": "",
        "Shape__Length": 18.16250045250049
      }
    },
    {
      "type": "Feature",
      "id": 282,
      "geometry": {
        "type": "LineString",
        "coordinates": [
          [
            103.696283041,
            1.33734774500005
          ],
          [
            103.696209932,
            1.33741294500003
          ],
          [
            103.696146333,
            1.33744285100004
          ],
          [
            103.695855202,
            1.33744569600002
          ]
        ]
      },
      "properties": {
        "OBJECTID": 282,
        "pcn_loop": "Western Adventure Loop",
        "pcn": "Jurong West Park Connector",
        "descriptionHTML": "Extending from Boon Lay Way (across Jurong Central Park) to Jurong West Street 93, the Jurong West Park Connector links nearby residents to Jurong Central Park, Boon Lay Bus Terminal, Boon Lay MRT station and Pioneer MRT station. Running through residential estates, it is great for joggers looking for a short run around the neighbourhood and is ideal for other outdoor activities such as cycling, strolling and dog-walking.",
        "address": "",
        "Shape__Length": 51.140024538460196
      }
    },
    {
      "type": "Feature",
      "id": 283,
      "geometry": {
        "type": "LineString",
        "coordinates": [
          [
            103.698560074,
            1.33793840000004
          ],
          [
            103.698669581,
            1.33781279000004
          ],
          [
            103.698694608,
            1.33746919400006
          ],
          [
            103.698669559,
            1.33738258700003
          ],
          [
            103.698640768,
            1.33732119700004
          ]
        ]
      },
      "properties": {
        "OBJECTID": 283,
        "pcn_loop": "Western Adventure Loop",
        "pcn": "Jurong West Park Connector",
        "descriptionHTML": "Extending from Boon Lay Way (across Jurong Central Park) to Jurong West Street 93, the Jurong West Park Connector links nearby residents to Jurong Central Park, Boon Lay Bus Terminal, Boon Lay MRT station and Pioneer MRT station. Running through residential estates, it is great for joggers looking for a short run around the neighbourhood and is ideal for other outdoor activities such as cycling, strolling and dog-walking.",
        "address": "",
        "Shape__Length": 74.50260317170155
      }
    },
    {
      "type": "Feature",
      "id": 284,
      "geometry": {
        "type": "LineString",
        "coordinates": [
          [
            103.704346364,
            1.33801769300003
          ],
          [
            103.704358197,
            1.33803996200003
          ],
          [
            103.704444329,
            1.33818601800004
          ],
          [
            103.704363434,
            1.33837960100005
          ],
          [
            103.704285431,
            1.33843079000007
          ],
          [
            103.704274277,
            1.33843702300004
          ]
        ]
      },
      "properties": {
        "OBJECTID": 284,
        "pcn_loop": "Western Adventure Loop",
        "pcn": "Jurong West Park Connector",
        "descriptionHTML": "Extending from Boon Lay Way (across Jurong Central Park) to Jurong West Street 93, the Jurong West Park Connector links nearby residents to Jurong Central Park, Boon Lay Bus Terminal, Boon Lay MRT station and Pioneer MRT station. Running through residential estates, it is great for joggers looking for a short run around the neighbourhood and is ideal for other outdoor activities such as cycling, strolling and dog-walking.",
        "address": "",
        "Shape__Length": 56.85735957603157
      }
    },
    {
      "type": "Feature",
      "id": 285,
      "geometry": {
        "type": "LineString",
        "coordinates": [
          [
            103.698087157,
            1.33988612500002
          ],
          [
            103.697893241,
            1.33983164300003
          ]
        ]
      },
      "properties": {
        "OBJECTID": 285,
        "pcn_loop": "Western Adventure Loop",
        "pcn": "Jurong West Park Connector",
        "descriptionHTML": "Extending from Boon Lay Way (across Jurong Central Park) to Jurong West Street 93, the Jurong West Park Connector links nearby residents to Jurong Central Park, Boon Lay Bus Terminal, Boon Lay MRT station and Pioneer MRT station. Running through residential estates, it is great for joggers looking for a short run around the neighbourhood and is ideal for other outdoor activities such as cycling, strolling and dog-walking.",
        "address": "",
        "Shape__Length": 22.422886705958366
      }
    },
    {
      "type": "Feature",
      "id": 286,
      "geometry": {
        "type": "LineString",
        "coordinates": [
          [
            103.70104334,
            1.34038195000005
          ],
          [
            103.70104176,
            1.34040053900004
          ],
          [
            103.70083006,
            1.34038174100003
          ]
        ]
      },
      "properties": {
        "OBJECTID": 286,
        "pcn_loop": "Western Adventure Loop",
        "pcn": "Jurong West Park Connector",
        "descriptionHTML": "Extending from Boon Lay Way (across Jurong Central Park) to Jurong West Street 93, the Jurong West Park Connector links nearby residents to Jurong Central Park, Boon Lay Bus Terminal, Boon Lay MRT station and Pioneer MRT station. Running through residential estates, it is great for joggers looking for a short run around the neighbourhood and is ideal for other outdoor activities such as cycling, strolling and dog-walking.",
        "address": "",
        "Shape__Length": 25.736454143002916
      }
    },
    {
      "type": "Feature",
      "id": 287,
      "geometry": {
        "type": "LineString",
        "coordinates": [
          [
            103.705296456,
            1.32766178500004
          ],
          [
            103.70520571,
            1.32759179100003
          ],
          [
            103.705177555,
            1.32755058100003
          ],
          [
            103.705158096,
            1.32745701200002
          ],
          [
            103.705144632,
            1.32739822600006
          ],
          [
            103.705135658,
            1.32735300600005
          ],
          [
            103.705122199,
            1.32727613300006
          ],
          [
            103.705113229,
            1.32721734700005
          ],
          [
            103.705100358,
            1.32716303600005
          ],
          [
            103.705081756,
            1.32706383600003
          ],
          [
            103.705072854,
            1.32698220600002
          ],
          [
            103.705056731,
            1.32692258000003
          ],
          [
            103.705043276,
            1.32683666100008
          ],
          [
            103.705037347,
            1.32681473200006
          ],
          [
            103.705035542,
            1.32679300100004
          ],
          [
            103.705013106,
            1.32668447200006
          ],
          [
            103.705010042,
            1.32664758000004
          ],
          [
            103.705001069,
            1.32659783900004
          ],
          [
            103.70496518,
            1.32638078900003
          ],
          [
            103.704952112,
            1.32633539700002
          ],
          [
            103.704848935,
            1.32575205500006
          ],
          [
            103.704830991,
            1.32564804800006
          ],
          [
            103.704822026,
            1.32558021800002
          ],
          [
            103.704795107,
            1.32543551300006
          ],
          [
            103.704790623,
            1.32540385900006
          ],
          [
            103.704759222,
            1.32522749900004
          ],
          [
            103.70473679,
            1.32510540500004
          ],
          [
            103.70472333,
            1.32503757400002
          ],
          [
            103.704718846,
            1.32500592000002
          ],
          [
            103.70471106,
            1.32497453900003
          ],
          [
            103.704705381,
            1.32495165500006
          ],
          [
            103.704696022,
            1.32488874400002
          ],
          [
            103.704624248,
            1.32447724000001
          ],
          [
            103.704620153,
            1.32444971000006
          ],
          [
            103.704611184,
            1.32439092400005
          ],
          [
            103.704602213,
            1.32433666000002
          ],
          [
            103.704591778,
            1.32429197000005
          ],
          [
            103.704584262,
            1.32425978500003
          ],
          [
            103.704566322,
            1.32414673400006
          ],
          [
            103.704552861,
            1.32407890400004
          ],
          [
            103.704485571,
            1.32370357500002
          ],
          [
            103.704476741,
            1.32364421900006
          ],
          [
            103.704472117,
            1.32361313400003
          ],
          [
            103.704458662,
            1.32352721600004
          ],
          [
            103.704421937,
            1.32325177900003
          ],
          [
            103.704365494,
            1.32291259700002
          ],
          [
            103.704333742,
            1.32277763400004
          ],
          [
            103.704314341,
            1.32262846500005
          ],
          [
            103.704300234,
            1.32248462400003
          ],
          [
            103.704293181,
            1.32237985100005
          ],
          [
            103.704279068,
            1.32233723200005
          ],
          [
            103.70427907,
            1.32231059500002
          ],
          [
            103.704261209,
            1.32225239800004
          ]
        ]
      },
      "properties": {
        "OBJECTID": 287,
        "pcn_loop": "Western Adventure Loop",
        "pcn": "Jurong Park Connector",
        "descriptionHTML": "Starting from Pan-Island Expressway (PIE), near the Jurong West Street 42 estates, the Jurong Park Connector stretches across the expressway to Ayer-Rajah Expressway (AYE) and Toh Guan Road. Visitors can opt to take the route leading to Jurong East Central, which links to Ulu Pandan Park Connector near Toh Guan Road, or head towards Yuan Ching Road to reach the AYE. Cycle, jog or take a leisurely stroll along the linear pathway and enjoy the beauty of the lush greenery and the breath-taking scenery of the surroundings. Take in the aroma of freshly baked biscuits from the Khong Guan Factory as you pass the row of factories between Jalan Boon Lay and Enterprise Road.",
        "address": "Jurong Park Connector starts from Pan-Island Expressway (PIE), near the Jurong West Street 42 estates. It stretches from PIE all the way to Ayer-Rajah Expressway (AYE) and Toh Guan Road.",
        "Shape__Length": 617.5575217547478
      }
    },
    {
      "type": "Feature",
      "id": 288,
      "geometry": {
        "type": "LineString",
        "coordinates": [
          [
            103.705291574,
            1.32786606800005
          ],
          [
            103.705296456,
            1.32766178500004
          ]
        ]
      },
      "properties": {
        "OBJECTID": 288,
        "pcn_loop": "Western Adventure Loop",
        "pcn": "Jurong Park Connector",
        "descriptionHTML": "Starting from Pan-Island Expressway (PIE), near the Jurong West Street 42 estates, the Jurong Park Connector stretches across the expressway to Ayer-Rajah Expressway (AYE) and Toh Guan Road. Visitors can opt to take the route leading to Jurong East Central, which links to Ulu Pandan Park Connector near Toh Guan Road, or head towards Yuan Ching Road to reach the AYE. Cycle, jog or take a leisurely stroll along the linear pathway and enjoy the beauty of the lush greenery and the breath-taking scenery of the surroundings. Take in the aroma of freshly baked biscuits from the Khong Guan Factory as you pass the row of factories between Jalan Boon Lay and Enterprise Road.",
        "address": "Jurong Park Connector starts from Pan-Island Expressway (PIE), near the Jurong West Street 42 estates. It stretches from PIE all the way to Ayer-Rajah Expressway (AYE) and Toh Guan Road.",
        "Shape__Length": 22.75327830522822
      }
    },
    {
      "type": "Feature",
      "id": 289,
      "geometry": {
        "type": "LineString",
        "coordinates": [
          [
            103.706839089,
            1.33321879200003
          ],
          [
            103.706844303,
            1.33321014300003
          ],
          [
            103.706868891,
            1.33320023700002
          ],
          [
            103.70689281,
            1.33318985500005
          ],
          [
            103.706879776,
            1.33312130600008
          ],
          [
            103.706900635,
            1.33310943100004
          ],
          [
            103.70690971,
            1.33310163600003
          ]
        ]
      },
      "properties": {
        "OBJECTID": 289,
        "pcn_loop": "Western Adventure Loop",
        "pcn": "Jurong Park Connector",
        "descriptionHTML": "Starting from Pan-Island Expressway (PIE), near the Jurong West Street 42 estates, the Jurong Park Connector stretches across the expressway to Ayer-Rajah Expressway (AYE) and Toh Guan Road. Visitors can opt to take the route leading to Jurong East Central, which links to Ulu Pandan Park Connector near Toh Guan Road, or head towards Yuan Ching Road to reach the AYE. Cycle, jog or take a leisurely stroll along the linear pathway and enjoy the beauty of the lush greenery and the breath-taking scenery of the surroundings. Take in the aroma of freshly baked biscuits from the Khong Guan Factory as you pass the row of factories between Jalan Boon Lay and Enterprise Road.",
        "address": "Jurong Park Connector starts from Pan-Island Expressway (PIE), near the Jurong West Street 42 estates. It stretches from PIE all the way to Ayer-Rajah Expressway (AYE) and Toh Guan Road.",
        "Shape__Length": 18.75182610728067
      }
    },
    {
      "type": "Feature",
      "id": 290,
      "geometry": {
        "type": "LineString",
        "coordinates": [
          [
            103.716401064,
            1.33931975800004
          ],
          [
            103.716589394,
            1.33943104600006
          ]
        ]
      },
      "properties": {
        "OBJECTID": 290,
        "pcn_loop": "Western Adventure Loop",
        "pcn": "Jurong Park Connector",
        "descriptionHTML": "Starting from Pan-Island Expressway (PIE), near the Jurong West Street 42 estates, the Jurong Park Connector stretches across the expressway to Ayer-Rajah Expressway (AYE) and Toh Guan Road. Visitors can opt to take the route leading to Jurong East Central, which links to Ulu Pandan Park Connector near Toh Guan Road, or head towards Yuan Ching Road to reach the AYE. Cycle, jog or take a leisurely stroll along the linear pathway and enjoy the beauty of the lush greenery and the breath-taking scenery of the surroundings. Take in the aroma of freshly baked biscuits from the Khong Guan Factory as you pass the row of factories between Jalan Boon Lay and Enterprise Road.",
        "address": "Jurong Park Connector starts from Pan-Island Expressway (PIE), near the Jurong West Street 42 estates. It stretches from PIE all the way to Ayer-Rajah Expressway (AYE) and Toh Guan Road.",
        "Shape__Length": 24.35327985443131
      }
    },
    {
      "type": "Feature",
      "id": 291,
      "geometry": {
        "type": "LineString",
        "coordinates": [
          [
            103.709570983,
            1.33804481400005
          ],
          [
            103.709610501,
            1.33803689700006
          ],
          [
            103.709550456,
            1.33760532700007
          ],
          [
            103.709473322,
            1.33726816400001
          ],
          [
            103.709287248,
            1.33648168200004
          ],
          [
            103.709563985,
            1.33642714100006
          ],
          [
            103.709650948,
            1.33647053900006
          ],
          [
            103.709618183,
            1.33656640400006
          ],
          [
            103.709738455,
            1.33717604700007
          ],
          [
            103.70981213,
            1.33759148800005
          ],
          [
            103.70985919,
            1.33786714100006
          ],
          [
            103.70987345,
            1.33795041100006
          ],
          [
            103.709917536,
            1.33794716300004
          ]
        ]
      },
      "properties": {
        "OBJECTID": 291,
        "pcn_loop": "Western Adventure Loop",
        "pcn": "Jurong Park Connector",
        "descriptionHTML": "Starting from Pan-Island Expressway (PIE), near the Jurong West Street 42 estates, the Jurong Park Connector stretches across the expressway to Ayer-Rajah Expressway (AYE) and Toh Guan Road. Visitors can opt to take the route leading to Jurong East Central, which links to Ulu Pandan Park Connector near Toh Guan Road, or head towards Yuan Ching Road to reach the AYE. Cycle, jog or take a leisurely stroll along the linear pathway and enjoy the beauty of the lush greenery and the breath-taking scenery of the surroundings. Take in the aroma of freshly baked biscuits from the Khong Guan Factory as you pass the row of factories between Jalan Boon Lay and Enterprise Road.",
        "address": "Jurong Park Connector starts from Pan-Island Expressway (PIE), near the Jurong West Street 42 estates. It stretches from PIE all the way to Ayer-Rajah Expressway (AYE) and Toh Guan Road.",
        "Shape__Length": 396.6449816599842
      }
    }
  ]
}